# vtk DataFile Version 3.0
Points with complex vector field
ASCII
DATASET POLYDATA
POINTS 2400 double
-1.5 -1 0
-1.5 -0.948718 0
-1.5 -0.897436 0
-1.5 -0.846154 0
-1.5 -0.794872 0
-1.5 -0.74359 0
-1.5 -0.692308 0
-1.5 -0.641026 0
-1.5 -0.589744 0
-1.5 -0.538462 0
-1.5 -0.487179 0
-1.5 -0.435897 0
-1.5 -0.384615 0
-1.5 -0.333333 0
-1.5 -0.282051 0
-1.5 -0.230769 0
-1.5 -0.179487 0
-1.5 -0.128205 0
-1.5 -0.076923 0
-1.5 -0.025641 0
-1.5 0.025641 0
-1.5 0.076923 0
-1.5 0.128205 0
-1.5 0.179487 0
-1.5 0.230769 0
-1.5 0.282051 0
-1.5 0.333333 0
-1.5 0.384615 0
-1.5 0.435897 0
-1.5 0.48718 0
-1.5 0.538462 0
-1.5 0.589744 0
-1.5 0.641026 0
-1.5 0.692308 0
-1.5 0.74359 0
-1.5 0.794872 0
-1.5 0.846154 0
-1.5 0.897436 0
-1.5 0.948718 0
-1.5 1 0
-1.44915 -1 0
-1.44915 -0.948718 0
-1.44915 -0.897436 0
-1.44915 -0.846154 0
-1.44915 -0.794872 0
-1.44915 -0.74359 0
-1.44915 -0.692308 0
-1.44915 -0.641026 0
-1.44915 -0.589744 0
-1.44915 -0.538462 0
-1.44915 -0.487179 0
-1.44915 -0.435897 0
-1.44915 -0.384615 0
-1.44915 -0.333333 0
-1.44915 -0.282051 0
-1.44915 -0.230769 0
-1.44915 -0.179487 0
-1.44915 -0.128205 0
-1.44915 -0.076923 0
-1.44915 -0.025641 0
-1.44915 0.025641 0
-1.44915 0.076923 0
-1.44915 0.128205 0
-1.44915 0.179487 0
-1.44915 0.230769 0
-1.44915 0.282051 0
-1.44915 0.333333 0
-1.44915 0.384615 0
-1.44915 0.435897 0
-1.44915 0.48718 0
-1.44915 0.538462 0
-1.44915 0.589744 0
-1.44915 0.641026 0
-1.44915 0.692308 0
-1.44915 0.74359 0
-1.44915 0.794872 0
-1.44915 0.846154 0
-1.44915 0.897436 0
-1.44915 0.948718 0
-1.44915 1 0
-1.3983 -1 0
-1.3983 -0.948718 0
-1.3983 -0.897436 0
-1.3983 -0.846154 0
-1.3983 -0.794872 0
-1.3983 -0.74359 0
-1.3983 -0.692308 0
-1.3983 -0.641026 0
-1.3983 -0.589744 0
-1.3983 -0.538462 0
-1.3983 -0.487179 0
-1.3983 -0.435897 0
-1.3983 -0.384615 0
-1.3983 -0.333333 0
-1.3983 -0.282051 0
-1.3983 -0.230769 0
-1.3983 -0.179487 0
-1.3983 -0.128205 0
-1.3983 -0.076923 0
-1.3983 -0.025641 0
-1.3983 0.025641 0
-1.3983 0.076923 0
-1.3983 0.128205 0
-1.3983 0.179487 0
-1.3983 0.230769 0
-1.3983 0.282051 0
-1.3983 0.333333 0
-1.3983 0.384615 0
-1.3983 0.435897 0
-1.3983 0.48718 0
-1.3983 0.538462 0
-1.3983 0.589744 0
-1.3983 0.641026 0
-1.3983 0.692308 0
-1.3983 0.74359 0
-1.3983 0.794872 0
-1.3983 0.846154 0
-1.3983 0.897436 0
-1.3983 0.948718 0
-1.3983 1 0
-1.34746 -1 0
-1.34746 -0.948718 0
-1.34746 -0.897436 0
-1.34746 -0.846154 0
-1.34746 -0.794872 0
-1.34746 -0.74359 0
-1.34746 -0.692308 0
-1.34746 -0.641026 0
-1.34746 -0.589744 0
-1.34746 -0.538462 0
-1.34746 -0.487179 0
-1.34746 -0.435897 0
-1.34746 -0.384615 0
-1.34746 -0.333333 0
-1.34746 -0.282051 0
-1.34746 -0.230769 0
-1.34746 -0.179487 0
-1.34746 -0.128205 0
-1.34746 -0.076923 0
-1.34746 -0.025641 0
-1.34746 0.025641 0
-1.34746 0.076923 0
-1.34746 0.128205 0
-1.34746 0.179487 0
-1.34746 0.230769 0
-1.34746 0.282051 0
-1.34746 0.333333 0
-1.34746 0.384615 0
-1.34746 0.435897 0
-1.34746 0.48718 0
-1.34746 0.538462 0
-1.34746 0.589744 0
-1.34746 0.641026 0
-1.34746 0.692308 0
-1.34746 0.74359 0
-1.34746 0.794872 0
-1.34746 0.846154 0
-1.34746 0.897436 0
-1.34746 0.948718 0
-1.34746 1 0
-1.29661 -1 0
-1.29661 -0.948718 0
-1.29661 -0.897436 0
-1.29661 -0.846154 0
-1.29661 -0.794872 0
-1.29661 -0.74359 0
-1.29661 -0.692308 0
-1.29661 -0.641026 0
-1.29661 -0.589744 0
-1.29661 -0.538462 0
-1.29661 -0.487179 0
-1.29661 -0.435897 0
-1.29661 -0.384615 0
-1.29661 -0.333333 0
-1.29661 -0.282051 0
-1.29661 -0.230769 0
-1.29661 -0.179487 0
-1.29661 -0.128205 0
-1.29661 -0.076923 0
-1.29661 -0.025641 0
-1.29661 0.025641 0
-1.29661 0.076923 0
-1.29661 0.128205 0
-1.29661 0.179487 0
-1.29661 0.230769 0
-1.29661 0.282051 0
-1.29661 0.333333 0
-1.29661 0.384615 0
-1.29661 0.435897 0
-1.29661 0.48718 0
-1.29661 0.538462 0
-1.29661 0.589744 0
-1.29661 0.641026 0
-1.29661 0.692308 0
-1.29661 0.74359 0
-1.29661 0.794872 0
-1.29661 0.846154 0
-1.29661 0.897436 0
-1.29661 0.948718 0
-1.29661 1 0
-1.24576 -1 0
-1.24576 -0.948718 0
-1.24576 -0.897436 0
-1.24576 -0.846154 0
-1.24576 -0.794872 0
-1.24576 -0.74359 0
-1.24576 -0.692308 0
-1.24576 -0.641026 0
-1.24576 -0.589744 0
-1.24576 -0.538462 0
-1.24576 -0.487179 0
-1.24576 -0.435897 0
-1.24576 -0.384615 0
-1.24576 -0.333333 0
-1.24576 -0.282051 0
-1.24576 -0.230769 0
-1.24576 -0.179487 0
-1.24576 -0.128205 0
-1.24576 -0.076923 0
-1.24576 -0.025641 0
-1.24576 0.025641 0
-1.24576 0.076923 0
-1.24576 0.128205 0
-1.24576 0.179487 0
-1.24576 0.230769 0
-1.24576 0.282051 0
-1.24576 0.333333 0
-1.24576 0.384615 0
-1.24576 0.435897 0
-1.24576 0.48718 0
-1.24576 0.538462 0
-1.24576 0.589744 0
-1.24576 0.641026 0
-1.24576 0.692308 0
-1.24576 0.74359 0
-1.24576 0.794872 0
-1.24576 0.846154 0
-1.24576 0.897436 0
-1.24576 0.948718 0
-1.24576 1 0
-1.19491 -1 0
-1.19491 -0.948718 0
-1.19491 -0.897436 0
-1.19491 -0.846154 0
-1.19491 -0.794872 0
-1.19491 -0.74359 0
-1.19491 -0.692308 0
-1.19491 -0.641026 0
-1.19491 -0.589744 0
-1.19491 -0.538462 0
-1.19491 -0.487179 0
-1.19491 -0.435897 0
-1.19491 -0.384615 0
-1.19491 -0.333333 0
-1.19491 -0.282051 0
-1.19491 -0.230769 0
-1.19491 -0.179487 0
-1.19491 -0.128205 0
-1.19491 -0.076923 0
-1.19491 -0.025641 0
-1.19491 0.025641 0
-1.19491 0.076923 0
-1.19491 0.128205 0
-1.19491 0.179487 0
-1.19491 0.230769 0
-1.19491 0.282051 0
-1.19491 0.333333 0
-1.19491 0.384615 0
-1.19491 0.435897 0
-1.19491 0.48718 0
-1.19491 0.538462 0
-1.19491 0.589744 0
-1.19491 0.641026 0
-1.19491 0.692308 0
-1.19491 0.74359 0
-1.19491 0.794872 0
-1.19491 0.846154 0
-1.19491 0.897436 0
-1.19491 0.948718 0
-1.19491 1 0
-1.14407 -1 0
-1.14407 -0.948718 0
-1.14407 -0.897436 0
-1.14407 -0.846154 0
-1.14407 -0.794872 0
-1.14407 -0.74359 0
-1.14407 -0.692308 0
-1.14407 -0.641026 0
-1.14407 -0.589744 0
-1.14407 -0.538462 0
-1.14407 -0.487179 0
-1.14407 -0.435897 0
-1.14407 -0.384615 0
-1.14407 -0.333333 0
-1.14407 -0.282051 0
-1.14407 -0.230769 0
-1.14407 -0.179487 0
-1.14407 -0.128205 0
-1.14407 -0.076923 0
-1.14407 -0.025641 0
-1.14407 0.025641 0
-1.14407 0.076923 0
-1.14407 0.128205 0
-1.14407 0.179487 0
-1.14407 0.230769 0
-1.14407 0.282051 0
-1.14407 0.333333 0
-1.14407 0.384615 0
-1.14407 0.435897 0
-1.14407 0.48718 0
-1.14407 0.538462 0
-1.14407 0.589744 0
-1.14407 0.641026 0
-1.14407 0.692308 0
-1.14407 0.74359 0
-1.14407 0.794872 0
-1.14407 0.846154 0
-1.14407 0.897436 0
-1.14407 0.948718 0
-1.14407 1 0
-1.09322 -1 0
-1.09322 -0.948718 0
-1.09322 -0.897436 0
-1.09322 -0.846154 0
-1.09322 -0.794872 0
-1.09322 -0.74359 0
-1.09322 -0.692308 0
-1.09322 -0.641026 0
-1.09322 -0.589744 0
-1.09322 -0.538462 0
-1.09322 -0.487179 0
-1.09322 -0.435897 0
-1.09322 -0.384615 0
-1.09322 -0.333333 0
-1.09322 -0.282051 0
-1.09322 -0.230769 0
-1.09322 -0.179487 0
-1.09322 -0.128205 0
-1.09322 -0.076923 0
-1.09322 -0.025641 0
-1.09322 0.025641 0
-1.09322 0.076923 0
-1.09322 0.128205 0
-1.09322 0.179487 0
-1.09322 0.230769 0
-1.09322 0.282051 0
-1.09322 0.333333 0
-1.09322 0.384615 0
-1.09322 0.435897 0
-1.09322 0.48718 0
-1.09322 0.538462 0
-1.09322 0.589744 0
-1.09322 0.641026 0
-1.09322 0.692308 0
-1.09322 0.74359 0
-1.09322 0.794872 0
-1.09322 0.846154 0
-1.09322 0.897436 0
-1.09322 0.948718 0
-1.09322 1 0
-1.04237 -1 0
-1.04237 -0.948718 0
-1.04237 -0.897436 0
-1.04237 -0.846154 0
-1.04237 -0.794872 0
-1.04237 -0.74359 0
-1.04237 -0.692308 0
-1.04237 -0.641026 0
-1.04237 -0.589744 0
-1.04237 -0.538462 0
-1.04237 -0.487179 0
-1.04237 -0.435897 0
-1.04237 -0.384615 0
-1.04237 -0.333333 0
-1.04237 -0.282051 0
-1.04237 -0.230769 0
-1.04237 -0.179487 0
-1.04237 -0.128205 0
-1.04237 -0.076923 0
-1.04237 -0.025641 0
-1.04237 0.025641 0
-1.04237 0.076923 0
-1.04237 0.128205 0
-1.04237 0.179487 0
-1.04237 0.230769 0
-1.04237 0.282051 0
-1.04237 0.333333 0
-1.04237 0.384615 0
-1.04237 0.435897 0
-1.04237 0.48718 0
-1.04237 0.538462 0
-1.04237 0.589744 0
-1.04237 0.641026 0
-1.04237 0.692308 0
-1.04237 0.74359 0
-1.04237 0.794872 0
-1.04237 0.846154 0
-1.04237 0.897436 0
-1.04237 0.948718 0
-1.04237 1 0
-0.991525 -1 0
-0.991525 -0.948718 0
-0.991525 -0.897436 0
-0.991525 -0.846154 0
-0.991525 -0.794872 0
-0.991525 -0.74359 0
-0.991525 -0.692308 0
-0.991525 -0.641026 0
-0.991525 -0.589744 0
-0.991525 -0.538462 0
-0.991525 -0.487179 0
-0.991525 -0.435897 0
-0.991525 -0.384615 0
-0.991525 -0.333333 0
-0.991525 -0.282051 0
-0.991525 -0.230769 0
-0.991525 -0.179487 0
-0.991525 -0.128205 0
-0.991525 -0.076923 0
-0.991525 -0.025641 0
-0.991525 0.025641 0
-0.991525 0.076923 0
-0.991525 0.128205 0
-0.991525 0.179487 0
-0.991525 0.230769 0
-0.991525 0.282051 0
-0.991525 0.333333 0
-0.991525 0.384615 0
-0.991525 0.435897 0
-0.991525 0.48718 0
-0.991525 0.538462 0
-0.991525 0.589744 0
-0.991525 0.641026 0
-0.991525 0.692308 0
-0.991525 0.74359 0
-0.991525 0.794872 0
-0.991525 0.846154 0
-0.991525 0.897436 0
-0.991525 0.948718 0
-0.991525 1 0
-0.940678 -1 0
-0.940678 -0.948718 0
-0.940678 -0.897436 0
-0.940678 -0.846154 0
-0.940678 -0.794872 0
-0.940678 -0.74359 0
-0.940678 -0.692308 0
-0.940678 -0.641026 0
-0.940678 -0.589744 0
-0.940678 -0.538462 0
-0.940678 -0.487179 0
-0.940678 -0.435897 0
-0.940678 -0.384615 0
-0.940678 -0.333333 0
-0.940678 -0.282051 0
-0.940678 -0.230769 0
-0.940678 -0.179487 0
-0.940678 -0.128205 0
-0.940678 -0.076923 0
-0.940678 -0.025641 0
-0.940678 0.025641 0
-0.940678 0.076923 0
-0.940678 0.128205 0
-0.940678 0.179487 0
-0.940678 0.230769 0
-0.940678 0.282051 0
-0.940678 0.333333 0
-0.940678 0.384615 0
-0.940678 0.435897 0
-0.940678 0.48718 0
-0.940678 0.538462 0
-0.940678 0.589744 0
-0.940678 0.641026 0
-0.940678 0.692308 0
-0.940678 0.74359 0
-0.940678 0.794872 0
-0.940678 0.846154 0
-0.940678 0.897436 0
-0.940678 0.948718 0
-0.940678 1 0
-0.889831 -1 0
-0.889831 -0.948718 0
-0.889831 -0.897436 0
-0.889831 -0.846154 0
-0.889831 -0.794872 0
-0.889831 -0.74359 0
-0.889831 -0.692308 0
-0.889831 -0.641026 0
-0.889831 -0.589744 0
-0.889831 -0.538462 0
-0.889831 -0.487179 0
-0.889831 -0.435897 0
-0.889831 -0.384615 0
-0.889831 -0.333333 0
-0.889831 -0.282051 0
-0.889831 -0.230769 0
-0.889831 -0.179487 0
-0.889831 -0.128205 0
-0.889831 -0.076923 0
-0.889831 -0.025641 0
-0.889831 0.025641 0
-0.889831 0.076923 0
-0.889831 0.128205 0
-0.889831 0.179487 0
-0.889831 0.230769 0
-0.889831 0.282051 0
-0.889831 0.333333 0
-0.889831 0.384615 0
-0.889831 0.435897 0
-0.889831 0.48718 0
-0.889831 0.538462 0
-0.889831 0.589744 0
-0.889831 0.641026 0
-0.889831 0.692308 0
-0.889831 0.74359 0
-0.889831 0.794872 0
-0.889831 0.846154 0
-0.889831 0.897436 0
-0.889831 0.948718 0
-0.889831 1 0
-0.838983 -1 0
-0.838983 -0.948718 0
-0.838983 -0.897436 0
-0.838983 -0.846154 0
-0.838983 -0.794872 0
-0.838983 -0.74359 0
-0.838983 -0.692308 0
-0.838983 -0.641026 0
-0.838983 -0.589744 0
-0.838983 -0.538462 0
-0.838983 -0.487179 0
-0.838983 -0.435897 0
-0.838983 -0.384615 0
-0.838983 -0.333333 0
-0.838983 -0.282051 0
-0.838983 -0.230769 0
-0.838983 -0.179487 0
-0.838983 -0.128205 0
-0.838983 -0.076923 0
-0.838983 -0.025641 0
-0.838983 0.025641 0
-0.838983 0.076923 0
-0.838983 0.128205 0
-0.838983 0.179487 0
-0.838983 0.230769 0
-0.838983 0.282051 0
-0.838983 0.333333 0
-0.838983 0.384615 0
-0.838983 0.435897 0
-0.838983 0.48718 0
-0.838983 0.538462 0
-0.838983 0.589744 0
-0.838983 0.641026 0
-0.838983 0.692308 0
-0.838983 0.74359 0
-0.838983 0.794872 0
-0.838983 0.846154 0
-0.838983 0.897436 0
-0.838983 0.948718 0
-0.838983 1 0
-0.788136 -1 0
-0.788136 -0.948718 0
-0.788136 -0.897436 0
-0.788136 -0.846154 0
-0.788136 -0.794872 0
-0.788136 -0.74359 0
-0.788136 -0.692308 0
-0.788136 -0.641026 0
-0.788136 -0.589744 0
-0.788136 -0.538462 0
-0.788136 -0.487179 0
-0.788136 -0.435897 0
-0.788136 -0.384615 0
-0.788136 -0.333333 0
-0.788136 -0.282051 0
-0.788136 -0.230769 0
-0.788136 -0.179487 0
-0.788136 -0.128205 0
-0.788136 -0.076923 0
-0.788136 -0.025641 0
-0.788136 0.025641 0
-0.788136 0.076923 0
-0.788136 0.128205 0
-0.788136 0.179487 0
-0.788136 0.230769 0
-0.788136 0.282051 0
-0.788136 0.333333 0
-0.788136 0.384615 0
-0.788136 0.435897 0
-0.788136 0.48718 0
-0.788136 0.538462 0
-0.788136 0.589744 0
-0.788136 0.641026 0
-0.788136 0.692308 0
-0.788136 0.74359 0
-0.788136 0.794872 0
-0.788136 0.846154 0
-0.788136 0.897436 0
-0.788136 0.948718 0
-0.788136 1 0
-0.737288 -1 0
-0.737288 -0.948718 0
-0.737288 -0.897436 0
-0.737288 -0.846154 0
-0.737288 -0.794872 0
-0.737288 -0.74359 0
-0.737288 -0.692308 0
-0.737288 -0.641026 0
-0.737288 -0.589744 0
-0.737288 -0.538462 0
-0.737288 -0.487179 0
-0.737288 -0.435897 0
-0.737288 -0.384615 0
-0.737288 -0.333333 0
-0.737288 -0.282051 0
-0.737288 -0.230769 0
-0.737288 -0.179487 0
-0.737288 -0.128205 0
-0.737288 -0.076923 0
-0.737288 -0.025641 0
-0.737288 0.025641 0
-0.737288 0.076923 0
-0.737288 0.128205 0
-0.737288 0.179487 0
-0.737288 0.230769 0
-0.737288 0.282051 0
-0.737288 0.333333 0
-0.737288 0.384615 0
-0.737288 0.435897 0
-0.737288 0.48718 0
-0.737288 0.538462 0
-0.737288 0.589744 0
-0.737288 0.641026 0
-0.737288 0.692308 0
-0.737288 0.74359 0
-0.737288 0.794872 0
-0.737288 0.846154 0
-0.737288 0.897436 0
-0.737288 0.948718 0
-0.737288 1 0
-0.686441 -1 0
-0.686441 -0.948718 0
-0.686441 -0.897436 0
-0.686441 -0.846154 0
-0.686441 -0.794872 0
-0.686441 -0.74359 0
-0.686441 -0.692308 0
-0.686441 -0.641026 0
-0.686441 -0.589744 0
-0.686441 -0.538462 0
-0.686441 -0.487179 0
-0.686441 -0.435897 0
-0.686441 -0.384615 0
-0.686441 -0.333333 0
-0.686441 -0.282051 0
-0.686441 -0.230769 0
-0.686441 -0.179487 0
-0.686441 -0.128205 0
-0.686441 -0.076923 0
-0.686441 -0.025641 0
-0.686441 0.025641 0
-0.686441 0.076923 0
-0.686441 0.128205 0
-0.686441 0.179487 0
-0.686441 0.230769 0
-0.686441 0.282051 0
-0.686441 0.333333 0
-0.686441 0.384615 0
-0.686441 0.435897 0
-0.686441 0.48718 0
-0.686441 0.538462 0
-0.686441 0.589744 0
-0.686441 0.641026 0
-0.686441 0.692308 0
-0.686441 0.74359 0
-0.686441 0.794872 0
-0.686441 0.846154 0
-0.686441 0.897436 0
-0.686441 0.948718 0
-0.686441 1 0
-0.635593 -1 0
-0.635593 -0.948718 0
-0.635593 -0.897436 0
-0.635593 -0.846154 0
-0.635593 -0.794872 0
-0.635593 -0.74359 0
-0.635593 -0.692308 0
-0.635593 -0.641026 0
-0.635593 -0.589744 0
-0.635593 -0.538462 0
-0.635593 -0.487179 0
-0.635593 -0.435897 0
-0.635593 -0.384615 0
-0.635593 -0.333333 0
-0.635593 -0.282051 0
-0.635593 -0.230769 0
-0.635593 -0.179487 0
-0.635593 -0.128205 0
-0.635593 -0.076923 0
-0.635593 -0.025641 0
-0.635593 0.025641 0
-0.635593 0.076923 0
-0.635593 0.128205 0
-0.635593 0.179487 0
-0.635593 0.230769 0
-0.635593 0.282051 0
-0.635593 0.333333 0
-0.635593 0.384615 0
-0.635593 0.435897 0
-0.635593 0.48718 0
-0.635593 0.538462 0
-0.635593 0.589744 0
-0.635593 0.641026 0
-0.635593 0.692308 0
-0.635593 0.74359 0
-0.635593 0.794872 0
-0.635593 0.846154 0
-0.635593 0.897436 0
-0.635593 0.948718 0
-0.635593 1 0
-0.584746 -1 0
-0.584746 -0.948718 0
-0.584746 -0.897436 0
-0.584746 -0.846154 0
-0.584746 -0.794872 0
-0.584746 -0.74359 0
-0.584746 -0.692308 0
-0.584746 -0.641026 0
-0.584746 -0.589744 0
-0.584746 -0.538462 0
-0.584746 -0.487179 0
-0.584746 -0.435897 0
-0.584746 -0.384615 0
-0.584746 -0.333333 0
-0.584746 -0.282051 0
-0.584746 -0.230769 0
-0.584746 -0.179487 0
-0.584746 -0.128205 0
-0.584746 -0.076923 0
-0.584746 -0.025641 0
-0.584746 0.025641 0
-0.584746 0.076923 0
-0.584746 0.128205 0
-0.584746 0.179487 0
-0.584746 0.230769 0
-0.584746 0.282051 0
-0.584746 0.333333 0
-0.584746 0.384615 0
-0.584746 0.435897 0
-0.584746 0.48718 0
-0.584746 0.538462 0
-0.584746 0.589744 0
-0.584746 0.641026 0
-0.584746 0.692308 0
-0.584746 0.74359 0
-0.584746 0.794872 0
-0.584746 0.846154 0
-0.584746 0.897436 0
-0.584746 0.948718 0
-0.584746 1 0
-0.533898 -1 0
-0.533898 -0.948718 0
-0.533898 -0.897436 0
-0.533898 -0.846154 0
-0.533898 -0.794872 0
-0.533898 -0.74359 0
-0.533898 -0.692308 0
-0.533898 -0.641026 0
-0.533898 -0.589744 0
-0.533898 -0.538462 0
-0.533898 -0.487179 0
-0.533898 -0.435897 0
-0.533898 -0.384615 0
-0.533898 -0.333333 0
-0.533898 -0.282051 0
-0.533898 -0.230769 0
-0.533898 -0.179487 0
-0.533898 -0.128205 0
-0.533898 -0.076923 0
-0.533898 -0.025641 0
-0.533898 0.025641 0
-0.533898 0.076923 0
-0.533898 0.128205 0
-0.533898 0.179487 0
-0.533898 0.230769 0
-0.533898 0.282051 0
-0.533898 0.333333 0
-0.533898 0.384615 0
-0.533898 0.435897 0
-0.533898 0.48718 0
-0.533898 0.538462 0
-0.533898 0.589744 0
-0.533898 0.641026 0
-0.533898 0.692308 0
-0.533898 0.74359 0
-0.533898 0.794872 0
-0.533898 0.846154 0
-0.533898 0.897436 0
-0.533898 0.948718 0
-0.533898 1 0
-0.483051 -1 0
-0.483051 -0.948718 0
-0.483051 -0.897436 0
-0.483051 -0.846154 0
-0.483051 -0.794872 0
-0.483051 -0.74359 0
-0.483051 -0.692308 0
-0.483051 -0.641026 0
-0.483051 -0.589744 0
-0.483051 -0.538462 0
-0.483051 -0.487179 0
-0.483051 -0.435897 0
-0.483051 -0.384615 0
-0.483051 -0.333333 0
-0.483051 -0.282051 0
-0.483051 -0.230769 0
-0.483051 -0.179487 0
-0.483051 -0.128205 0
-0.483051 -0.076923 0
-0.483051 -0.025641 0
-0.483051 0.025641 0
-0.483051 0.076923 0
-0.483051 0.128205 0
-0.483051 0.179487 0
-0.483051 0.230769 0
-0.483051 0.282051 0
-0.483051 0.333333 0
-0.483051 0.384615 0
-0.483051 0.435897 0
-0.483051 0.48718 0
-0.483051 0.538462 0
-0.483051 0.589744 0
-0.483051 0.641026 0
-0.483051 0.692308 0
-0.483051 0.74359 0
-0.483051 0.794872 0
-0.483051 0.846154 0
-0.483051 0.897436 0
-0.483051 0.948718 0
-0.483051 1 0
-0.432203 -1 0
-0.432203 -0.948718 0
-0.432203 -0.897436 0
-0.432203 -0.846154 0
-0.432203 -0.794872 0
-0.432203 -0.74359 0
-0.432203 -0.692308 0
-0.432203 -0.641026 0
-0.432203 -0.589744 0
-0.432203 -0.538462 0
-0.432203 -0.487179 0
-0.432203 -0.435897 0
-0.432203 -0.384615 0
-0.432203 -0.333333 0
-0.432203 -0.282051 0
-0.432203 -0.230769 0
-0.432203 -0.179487 0
-0.432203 -0.128205 0
-0.432203 -0.076923 0
-0.432203 -0.025641 0
-0.432203 0.025641 0
-0.432203 0.076923 0
-0.432203 0.128205 0
-0.432203 0.179487 0
-0.432203 0.230769 0
-0.432203 0.282051 0
-0.432203 0.333333 0
-0.432203 0.384615 0
-0.432203 0.435897 0
-0.432203 0.48718 0
-0.432203 0.538462 0
-0.432203 0.589744 0
-0.432203 0.641026 0
-0.432203 0.692308 0
-0.432203 0.74359 0
-0.432203 0.794872 0
-0.432203 0.846154 0
-0.432203 0.897436 0
-0.432203 0.948718 0
-0.432203 1 0
-0.381356 -1 0
-0.381356 -0.948718 0
-0.381356 -0.897436 0
-0.381356 -0.846154 0
-0.381356 -0.794872 0
-0.381356 -0.74359 0
-0.381356 -0.692308 0
-0.381356 -0.641026 0
-0.381356 -0.589744 0
-0.381356 -0.538462 0
-0.381356 -0.487179 0
-0.381356 -0.435897 0
-0.381356 -0.384615 0
-0.381356 -0.333333 0
-0.381356 -0.282051 0
-0.381356 -0.230769 0
-0.381356 -0.179487 0
-0.381356 -0.128205 0
-0.381356 -0.076923 0
-0.381356 -0.025641 0
-0.381356 0.025641 0
-0.381356 0.076923 0
-0.381356 0.128205 0
-0.381356 0.179487 0
-0.381356 0.230769 0
-0.381356 0.282051 0
-0.381356 0.333333 0
-0.381356 0.384615 0
-0.381356 0.435897 0
-0.381356 0.48718 0
-0.381356 0.538462 0
-0.381356 0.589744 0
-0.381356 0.641026 0
-0.381356 0.692308 0
-0.381356 0.74359 0
-0.381356 0.794872 0
-0.381356 0.846154 0
-0.381356 0.897436 0
-0.381356 0.948718 0
-0.381356 1 0
-0.330508 -1 0
-0.330508 -0.948718 0
-0.330508 -0.897436 0
-0.330508 -0.846154 0
-0.330508 -0.794872 0
-0.330508 -0.74359 0
-0.330508 -0.692308 0
-0.330508 -0.641026 0
-0.330508 -0.589744 0
-0.330508 -0.538462 0
-0.330508 -0.487179 0
-0.330508 -0.435897 0
-0.330508 -0.384615 0
-0.330508 -0.333333 0
-0.330508 -0.282051 0
-0.330508 -0.230769 0
-0.330508 -0.179487 0
-0.330508 -0.128205 0
-0.330508 -0.076923 0
-0.330508 -0.025641 0
-0.330508 0.025641 0
-0.330508 0.076923 0
-0.330508 0.128205 0
-0.330508 0.179487 0
-0.330508 0.230769 0
-0.330508 0.282051 0
-0.330508 0.333333 0
-0.330508 0.384615 0
-0.330508 0.435897 0
-0.330508 0.48718 0
-0.330508 0.538462 0
-0.330508 0.589744 0
-0.330508 0.641026 0
-0.330508 0.692308 0
-0.330508 0.74359 0
-0.330508 0.794872 0
-0.330508 0.846154 0
-0.330508 0.897436 0
-0.330508 0.948718 0
-0.330508 1 0
-0.279661 -1 0
-0.279661 -0.948718 0
-0.279661 -0.897436 0
-0.279661 -0.846154 0
-0.279661 -0.794872 0
-0.279661 -0.74359 0
-0.279661 -0.692308 0
-0.279661 -0.641026 0
-0.279661 -0.589744 0
-0.279661 -0.538462 0
-0.279661 -0.487179 0
-0.279661 -0.435897 0
-0.279661 -0.384615 0
-0.279661 -0.333333 0
-0.279661 -0.282051 0
-0.279661 -0.230769 0
-0.279661 -0.179487 0
-0.279661 -0.128205 0
-0.279661 -0.076923 0
-0.279661 -0.025641 0
-0.279661 0.025641 0
-0.279661 0.076923 0
-0.279661 0.128205 0
-0.279661 0.179487 0
-0.279661 0.230769 0
-0.279661 0.282051 0
-0.279661 0.333333 0
-0.279661 0.384615 0
-0.279661 0.435897 0
-0.279661 0.48718 0
-0.279661 0.538462 0
-0.279661 0.589744 0
-0.279661 0.641026 0
-0.279661 0.692308 0
-0.279661 0.74359 0
-0.279661 0.794872 0
-0.279661 0.846154 0
-0.279661 0.897436 0
-0.279661 0.948718 0
-0.279661 1 0
-0.228814 -1 0
-0.228814 -0.948718 0
-0.228814 -0.897436 0
-0.228814 -0.846154 0
-0.228814 -0.794872 0
-0.228814 -0.74359 0
-0.228814 -0.692308 0
-0.228814 -0.641026 0
-0.228814 -0.589744 0
-0.228814 -0.538462 0
-0.228814 -0.487179 0
-0.228814 -0.435897 0
-0.228814 -0.384615 0
-0.228814 -0.333333 0
-0.228814 -0.282051 0
-0.228814 -0.230769 0
-0.228814 -0.179487 0
-0.228814 -0.128205 0
-0.228814 -0.076923 0
-0.228814 -0.025641 0
-0.228814 0.025641 0
-0.228814 0.076923 0
-0.228814 0.128205 0
-0.228814 0.179487 0
-0.228814 0.230769 0
-0.228814 0.282051 0
-0.228814 0.333333 0
-0.228814 0.384615 0
-0.228814 0.435897 0
-0.228814 0.48718 0
-0.228814 0.538462 0
-0.228814 0.589744 0
-0.228814 0.641026 0
-0.228814 0.692308 0
-0.228814 0.74359 0
-0.228814 0.794872 0
-0.228814 0.846154 0
-0.228814 0.897436 0
-0.228814 0.948718 0
-0.228814 1 0
-0.177966 -1 0
-0.177966 -0.948718 0
-0.177966 -0.897436 0
-0.177966 -0.846154 0
-0.177966 -0.794872 0
-0.177966 -0.74359 0
-0.177966 -0.692308 0
-0.177966 -0.641026 0
-0.177966 -0.589744 0
-0.177966 -0.538462 0
-0.177966 -0.487179 0
-0.177966 -0.435897 0
-0.177966 -0.384615 0
-0.177966 -0.333333 0
-0.177966 -0.282051 0
-0.177966 -0.230769 0
-0.177966 -0.179487 0
-0.177966 -0.128205 0
-0.177966 -0.076923 0
-0.177966 -0.025641 0
-0.177966 0.025641 0
-0.177966 0.076923 0
-0.177966 0.128205 0
-0.177966 0.179487 0
-0.177966 0.230769 0
-0.177966 0.282051 0
-0.177966 0.333333 0
-0.177966 0.384615 0
-0.177966 0.435897 0
-0.177966 0.48718 0
-0.177966 0.538462 0
-0.177966 0.589744 0
-0.177966 0.641026 0
-0.177966 0.692308 0
-0.177966 0.74359 0
-0.177966 0.794872 0
-0.177966 0.846154 0
-0.177966 0.897436 0
-0.177966 0.948718 0
-0.177966 1 0
-0.127119 -1 0
-0.127119 -0.948718 0
-0.127119 -0.897436 0
-0.127119 -0.846154 0
-0.127119 -0.794872 0
-0.127119 -0.74359 0
-0.127119 -0.692308 0
-0.127119 -0.641026 0
-0.127119 -0.589744 0
-0.127119 -0.538462 0
-0.127119 -0.487179 0
-0.127119 -0.435897 0
-0.127119 -0.384615 0
-0.127119 -0.333333 0
-0.127119 -0.282051 0
-0.127119 -0.230769 0
-0.127119 -0.179487 0
-0.127119 -0.128205 0
-0.127119 -0.076923 0
-0.127119 -0.025641 0
-0.127119 0.025641 0
-0.127119 0.076923 0
-0.127119 0.128205 0
-0.127119 0.179487 0
-0.127119 0.230769 0
-0.127119 0.282051 0
-0.127119 0.333333 0
-0.127119 0.384615 0
-0.127119 0.435897 0
-0.127119 0.48718 0
-0.127119 0.538462 0
-0.127119 0.589744 0
-0.127119 0.641026 0
-0.127119 0.692308 0
-0.127119 0.74359 0
-0.127119 0.794872 0
-0.127119 0.846154 0
-0.127119 0.897436 0
-0.127119 0.948718 0
-0.127119 1 0
-0.076271 -1 0
-0.076271 -0.948718 0
-0.076271 -0.897436 0
-0.076271 -0.846154 0
-0.076271 -0.794872 0
-0.076271 -0.74359 0
-0.076271 -0.692308 0
-0.076271 -0.641026 0
-0.076271 -0.589744 0
-0.076271 -0.538462 0
-0.076271 -0.487179 0
-0.076271 -0.435897 0
-0.076271 -0.384615 0
-0.076271 -0.333333 0
-0.076271 -0.282051 0
-0.076271 -0.230769 0
-0.076271 -0.179487 0
-0.076271 -0.128205 0
-0.076271 -0.076923 0
-0.076271 -0.025641 0
-0.076271 0.025641 0
-0.076271 0.076923 0
-0.076271 0.128205 0
-0.076271 0.179487 0
-0.076271 0.230769 0
-0.076271 0.282051 0
-0.076271 0.333333 0
-0.076271 0.384615 0
-0.076271 0.435897 0
-0.076271 0.48718 0
-0.076271 0.538462 0
-0.076271 0.589744 0
-0.076271 0.641026 0
-0.076271 0.692308 0
-0.076271 0.74359 0
-0.076271 0.794872 0
-0.076271 0.846154 0
-0.076271 0.897436 0
-0.076271 0.948718 0
-0.076271 1 0
-0.025424 -1 0
-0.025424 -0.948718 0
-0.025424 -0.897436 0
-0.025424 -0.846154 0
-0.025424 -0.794872 0
-0.025424 -0.74359 0
-0.025424 -0.692308 0
-0.025424 -0.641026 0
-0.025424 -0.589744 0
-0.025424 -0.538462 0
-0.025424 -0.487179 0
-0.025424 -0.435897 0
-0.025424 -0.384615 0
-0.025424 -0.333333 0
-0.025424 -0.282051 0
-0.025424 -0.230769 0
-0.025424 -0.179487 0
-0.025424 -0.128205 0
-0.025424 -0.076923 0
-0.025424 -0.025641 0
-0.025424 0.025641 0
-0.025424 0.076923 0
-0.025424 0.128205 0
-0.025424 0.179487 0
-0.025424 0.230769 0
-0.025424 0.282051 0
-0.025424 0.333333 0
-0.025424 0.384615 0
-0.025424 0.435897 0
-0.025424 0.48718 0
-0.025424 0.538462 0
-0.025424 0.589744 0
-0.025424 0.641026 0
-0.025424 0.692308 0
-0.025424 0.74359 0
-0.025424 0.794872 0
-0.025424 0.846154 0
-0.025424 0.897436 0
-0.025424 0.948718 0
-0.025424 1 0
0.025424 -1 0
0.025424 -0.948718 0
0.025424 -0.897436 0
0.025424 -0.846154 0
0.025424 -0.794872 0
0.025424 -0.74359 0
0.025424 -0.692308 0
0.025424 -0.641026 0
0.025424 -0.589744 0
0.025424 -0.538462 0
0.025424 -0.487179 0
0.025424 -0.435897 0
0.025424 -0.384615 0
0.025424 -0.333333 0
0.025424 -0.282051 0
0.025424 -0.230769 0
0.025424 -0.179487 0
0.025424 -0.128205 0
0.025424 -0.076923 0
0.025424 -0.025641 0
0.025424 0.025641 0
0.025424 0.076923 0
0.025424 0.128205 0
0.025424 0.179487 0
0.025424 0.230769 0
0.025424 0.282051 0
0.025424 0.333333 0
0.025424 0.384615 0
0.025424 0.435897 0
0.025424 0.48718 0
0.025424 0.538462 0
0.025424 0.589744 0
0.025424 0.641026 0
0.025424 0.692308 0
0.025424 0.74359 0
0.025424 0.794872 0
0.025424 0.846154 0
0.025424 0.897436 0
0.025424 0.948718 0
0.025424 1 0
0.076271 -1 0
0.076271 -0.948718 0
0.076271 -0.897436 0
0.076271 -0.846154 0
0.076271 -0.794872 0
0.076271 -0.74359 0
0.076271 -0.692308 0
0.076271 -0.641026 0
0.076271 -0.589744 0
0.076271 -0.538462 0
0.076271 -0.487179 0
0.076271 -0.435897 0
0.076271 -0.384615 0
0.076271 -0.333333 0
0.076271 -0.282051 0
0.076271 -0.230769 0
0.076271 -0.179487 0
0.076271 -0.128205 0
0.076271 -0.076923 0
0.076271 -0.025641 0
0.076271 0.025641 0
0.076271 0.076923 0
0.076271 0.128205 0
0.076271 0.179487 0
0.076271 0.230769 0
0.076271 0.282051 0
0.076271 0.333333 0
0.076271 0.384615 0
0.076271 0.435897 0
0.076271 0.48718 0
0.076271 0.538462 0
0.076271 0.589744 0
0.076271 0.641026 0
0.076271 0.692308 0
0.076271 0.74359 0
0.076271 0.794872 0
0.076271 0.846154 0
0.076271 0.897436 0
0.076271 0.948718 0
0.076271 1 0
0.127119 -1 0
0.127119 -0.948718 0
0.127119 -0.897436 0
0.127119 -0.846154 0
0.127119 -0.794872 0
0.127119 -0.74359 0
0.127119 -0.692308 0
0.127119 -0.641026 0
0.127119 -0.589744 0
0.127119 -0.538462 0
0.127119 -0.487179 0
0.127119 -0.435897 0
0.127119 -0.384615 0
0.127119 -0.333333 0
0.127119 -0.282051 0
0.127119 -0.230769 0
0.127119 -0.179487 0
0.127119 -0.128205 0
0.127119 -0.076923 0
0.127119 -0.025641 0
0.127119 0.025641 0
0.127119 0.076923 0
0.127119 0.128205 0
0.127119 0.179487 0
0.127119 0.230769 0
0.127119 0.282051 0
0.127119 0.333333 0
0.127119 0.384615 0
0.127119 0.435897 0
0.127119 0.48718 0
0.127119 0.538462 0
0.127119 0.589744 0
0.127119 0.641026 0
0.127119 0.692308 0
0.127119 0.74359 0
0.127119 0.794872 0
0.127119 0.846154 0
0.127119 0.897436 0
0.127119 0.948718 0
0.127119 1 0
0.177966 -1 0
0.177966 -0.948718 0
0.177966 -0.897436 0
0.177966 -0.846154 0
0.177966 -0.794872 0
0.177966 -0.74359 0
0.177966 -0.692308 0
0.177966 -0.641026 0
0.177966 -0.589744 0
0.177966 -0.538462 0
0.177966 -0.487179 0
0.177966 -0.435897 0
0.177966 -0.384615 0
0.177966 -0.333333 0
0.177966 -0.282051 0
0.177966 -0.230769 0
0.177966 -0.179487 0
0.177966 -0.128205 0
0.177966 -0.076923 0
0.177966 -0.025641 0
0.177966 0.025641 0
0.177966 0.076923 0
0.177966 0.128205 0
0.177966 0.179487 0
0.177966 0.230769 0
0.177966 0.282051 0
0.177966 0.333333 0
0.177966 0.384615 0
0.177966 0.435897 0
0.177966 0.48718 0
0.177966 0.538462 0
0.177966 0.589744 0
0.177966 0.641026 0
0.177966 0.692308 0
0.177966 0.74359 0
0.177966 0.794872 0
0.177966 0.846154 0
0.177966 0.897436 0
0.177966 0.948718 0
0.177966 1 0
0.228814 -1 0
0.228814 -0.948718 0
0.228814 -0.897436 0
0.228814 -0.846154 0
0.228814 -0.794872 0
0.228814 -0.74359 0
0.228814 -0.692308 0
0.228814 -0.641026 0
0.228814 -0.589744 0
0.228814 -0.538462 0
0.228814 -0.487179 0
0.228814 -0.435897 0
0.228814 -0.384615 0
0.228814 -0.333333 0
0.228814 -0.282051 0
0.228814 -0.230769 0
0.228814 -0.179487 0
0.228814 -0.128205 0
0.228814 -0.076923 0
0.228814 -0.025641 0
0.228814 0.025641 0
0.228814 0.076923 0
0.228814 0.128205 0
0.228814 0.179487 0
0.228814 0.230769 0
0.228814 0.282051 0
0.228814 0.333333 0
0.228814 0.384615 0
0.228814 0.435897 0
0.228814 0.48718 0
0.228814 0.538462 0
0.228814 0.589744 0
0.228814 0.641026 0
0.228814 0.692308 0
0.228814 0.74359 0
0.228814 0.794872 0
0.228814 0.846154 0
0.228814 0.897436 0
0.228814 0.948718 0
0.228814 1 0
0.279661 -1 0
0.279661 -0.948718 0
0.279661 -0.897436 0
0.279661 -0.846154 0
0.279661 -0.794872 0
0.279661 -0.74359 0
0.279661 -0.692308 0
0.279661 -0.641026 0
0.279661 -0.589744 0
0.279661 -0.538462 0
0.279661 -0.487179 0
0.279661 -0.435897 0
0.279661 -0.384615 0
0.279661 -0.333333 0
0.279661 -0.282051 0
0.279661 -0.230769 0
0.279661 -0.179487 0
0.279661 -0.128205 0
0.279661 -0.076923 0
0.279661 -0.025641 0
0.279661 0.025641 0
0.279661 0.076923 0
0.279661 0.128205 0
0.279661 0.179487 0
0.279661 0.230769 0
0.279661 0.282051 0
0.279661 0.333333 0
0.279661 0.384615 0
0.279661 0.435897 0
0.279661 0.48718 0
0.279661 0.538462 0
0.279661 0.589744 0
0.279661 0.641026 0
0.279661 0.692308 0
0.279661 0.74359 0
0.279661 0.794872 0
0.279661 0.846154 0
0.279661 0.897436 0
0.279661 0.948718 0
0.279661 1 0
0.330508 -1 0
0.330508 -0.948718 0
0.330508 -0.897436 0
0.330508 -0.846154 0
0.330508 -0.794872 0
0.330508 -0.74359 0
0.330508 -0.692308 0
0.330508 -0.641026 0
0.330508 -0.589744 0
0.330508 -0.538462 0
0.330508 -0.487179 0
0.330508 -0.435897 0
0.330508 -0.384615 0
0.330508 -0.333333 0
0.330508 -0.282051 0
0.330508 -0.230769 0
0.330508 -0.179487 0
0.330508 -0.128205 0
0.330508 -0.076923 0
0.330508 -0.025641 0
0.330508 0.025641 0
0.330508 0.076923 0
0.330508 0.128205 0
0.330508 0.179487 0
0.330508 0.230769 0
0.330508 0.282051 0
0.330508 0.333333 0
0.330508 0.384615 0
0.330508 0.435897 0
0.330508 0.48718 0
0.330508 0.538462 0
0.330508 0.589744 0
0.330508 0.641026 0
0.330508 0.692308 0
0.330508 0.74359 0
0.330508 0.794872 0
0.330508 0.846154 0
0.330508 0.897436 0
0.330508 0.948718 0
0.330508 1 0
0.381356 -1 0
0.381356 -0.948718 0
0.381356 -0.897436 0
0.381356 -0.846154 0
0.381356 -0.794872 0
0.381356 -0.74359 0
0.381356 -0.692308 0
0.381356 -0.641026 0
0.381356 -0.589744 0
0.381356 -0.538462 0
0.381356 -0.487179 0
0.381356 -0.435897 0
0.381356 -0.384615 0
0.381356 -0.333333 0
0.381356 -0.282051 0
0.381356 -0.230769 0
0.381356 -0.179487 0
0.381356 -0.128205 0
0.381356 -0.076923 0
0.381356 -0.025641 0
0.381356 0.025641 0
0.381356 0.076923 0
0.381356 0.128205 0
0.381356 0.179487 0
0.381356 0.230769 0
0.381356 0.282051 0
0.381356 0.333333 0
0.381356 0.384615 0
0.381356 0.435897 0
0.381356 0.48718 0
0.381356 0.538462 0
0.381356 0.589744 0
0.381356 0.641026 0
0.381356 0.692308 0
0.381356 0.74359 0
0.381356 0.794872 0
0.381356 0.846154 0
0.381356 0.897436 0
0.381356 0.948718 0
0.381356 1 0
0.432203 -1 0
0.432203 -0.948718 0
0.432203 -0.897436 0
0.432203 -0.846154 0
0.432203 -0.794872 0
0.432203 -0.74359 0
0.432203 -0.692308 0
0.432203 -0.641026 0
0.432203 -0.589744 0
0.432203 -0.538462 0
0.432203 -0.487179 0
0.432203 -0.435897 0
0.432203 -0.384615 0
0.432203 -0.333333 0
0.432203 -0.282051 0
0.432203 -0.230769 0
0.432203 -0.179487 0
0.432203 -0.128205 0
0.432203 -0.076923 0
0.432203 -0.025641 0
0.432203 0.025641 0
0.432203 0.076923 0
0.432203 0.128205 0
0.432203 0.179487 0
0.432203 0.230769 0
0.432203 0.282051 0
0.432203 0.333333 0
0.432203 0.384615 0
0.432203 0.435897 0
0.432203 0.48718 0
0.432203 0.538462 0
0.432203 0.589744 0
0.432203 0.641026 0
0.432203 0.692308 0
0.432203 0.74359 0
0.432203 0.794872 0
0.432203 0.846154 0
0.432203 0.897436 0
0.432203 0.948718 0
0.432203 1 0
0.483051 -1 0
0.483051 -0.948718 0
0.483051 -0.897436 0
0.483051 -0.846154 0
0.483051 -0.794872 0
0.483051 -0.74359 0
0.483051 -0.692308 0
0.483051 -0.641026 0
0.483051 -0.589744 0
0.483051 -0.538462 0
0.483051 -0.487179 0
0.483051 -0.435897 0
0.483051 -0.384615 0
0.483051 -0.333333 0
0.483051 -0.282051 0
0.483051 -0.230769 0
0.483051 -0.179487 0
0.483051 -0.128205 0
0.483051 -0.076923 0
0.483051 -0.025641 0
0.483051 0.025641 0
0.483051 0.076923 0
0.483051 0.128205 0
0.483051 0.179487 0
0.483051 0.230769 0
0.483051 0.282051 0
0.483051 0.333333 0
0.483051 0.384615 0
0.483051 0.435897 0
0.483051 0.48718 0
0.483051 0.538462 0
0.483051 0.589744 0
0.483051 0.641026 0
0.483051 0.692308 0
0.483051 0.74359 0
0.483051 0.794872 0
0.483051 0.846154 0
0.483051 0.897436 0
0.483051 0.948718 0
0.483051 1 0
0.533898 -1 0
0.533898 -0.948718 0
0.533898 -0.897436 0
0.533898 -0.846154 0
0.533898 -0.794872 0
0.533898 -0.74359 0
0.533898 -0.692308 0
0.533898 -0.641026 0
0.533898 -0.589744 0
0.533898 -0.538462 0
0.533898 -0.487179 0
0.533898 -0.435897 0
0.533898 -0.384615 0
0.533898 -0.333333 0
0.533898 -0.282051 0
0.533898 -0.230769 0
0.533898 -0.179487 0
0.533898 -0.128205 0
0.533898 -0.076923 0
0.533898 -0.025641 0
0.533898 0.025641 0
0.533898 0.076923 0
0.533898 0.128205 0
0.533898 0.179487 0
0.533898 0.230769 0
0.533898 0.282051 0
0.533898 0.333333 0
0.533898 0.384615 0
0.533898 0.435897 0
0.533898 0.48718 0
0.533898 0.538462 0
0.533898 0.589744 0
0.533898 0.641026 0
0.533898 0.692308 0
0.533898 0.74359 0
0.533898 0.794872 0
0.533898 0.846154 0
0.533898 0.897436 0
0.533898 0.948718 0
0.533898 1 0
0.584746 -1 0
0.584746 -0.948718 0
0.584746 -0.897436 0
0.584746 -0.846154 0
0.584746 -0.794872 0
0.584746 -0.74359 0
0.584746 -0.692308 0
0.584746 -0.641026 0
0.584746 -0.589744 0
0.584746 -0.538462 0
0.584746 -0.487179 0
0.584746 -0.435897 0
0.584746 -0.384615 0
0.584746 -0.333333 0
0.584746 -0.282051 0
0.584746 -0.230769 0
0.584746 -0.179487 0
0.584746 -0.128205 0
0.584746 -0.076923 0
0.584746 -0.025641 0
0.584746 0.025641 0
0.584746 0.076923 0
0.584746 0.128205 0
0.584746 0.179487 0
0.584746 0.230769 0
0.584746 0.282051 0
0.584746 0.333333 0
0.584746 0.384615 0
0.584746 0.435897 0
0.584746 0.48718 0
0.584746 0.538462 0
0.584746 0.589744 0
0.584746 0.641026 0
0.584746 0.692308 0
0.584746 0.74359 0
0.584746 0.794872 0
0.584746 0.846154 0
0.584746 0.897436 0
0.584746 0.948718 0
0.584746 1 0
0.635593 -1 0
0.635593 -0.948718 0
0.635593 -0.897436 0
0.635593 -0.846154 0
0.635593 -0.794872 0
0.635593 -0.74359 0
0.635593 -0.692308 0
0.635593 -0.641026 0
0.635593 -0.589744 0
0.635593 -0.538462 0
0.635593 -0.487179 0
0.635593 -0.435897 0
0.635593 -0.384615 0
0.635593 -0.333333 0
0.635593 -0.282051 0
0.635593 -0.230769 0
0.635593 -0.179487 0
0.635593 -0.128205 0
0.635593 -0.076923 0
0.635593 -0.025641 0
0.635593 0.025641 0
0.635593 0.076923 0
0.635593 0.128205 0
0.635593 0.179487 0
0.635593 0.230769 0
0.635593 0.282051 0
0.635593 0.333333 0
0.635593 0.384615 0
0.635593 0.435897 0
0.635593 0.48718 0
0.635593 0.538462 0
0.635593 0.589744 0
0.635593 0.641026 0
0.635593 0.692308 0
0.635593 0.74359 0
0.635593 0.794872 0
0.635593 0.846154 0
0.635593 0.897436 0
0.635593 0.948718 0
0.635593 1 0
0.686441 -1 0
0.686441 -0.948718 0
0.686441 -0.897436 0
0.686441 -0.846154 0
0.686441 -0.794872 0
0.686441 -0.74359 0
0.686441 -0.692308 0
0.686441 -0.641026 0
0.686441 -0.589744 0
0.686441 -0.538462 0
0.686441 -0.487179 0
0.686441 -0.435897 0
0.686441 -0.384615 0
0.686441 -0.333333 0
0.686441 -0.282051 0
0.686441 -0.230769 0
0.686441 -0.179487 0
0.686441 -0.128205 0
0.686441 -0.076923 0
0.686441 -0.025641 0
0.686441 0.025641 0
0.686441 0.076923 0
0.686441 0.128205 0
0.686441 0.179487 0
0.686441 0.230769 0
0.686441 0.282051 0
0.686441 0.333333 0
0.686441 0.384615 0
0.686441 0.435897 0
0.686441 0.48718 0
0.686441 0.538462 0
0.686441 0.589744 0
0.686441 0.641026 0
0.686441 0.692308 0
0.686441 0.74359 0
0.686441 0.794872 0
0.686441 0.846154 0
0.686441 0.897436 0
0.686441 0.948718 0
0.686441 1 0
0.737288 -1 0
0.737288 -0.948718 0
0.737288 -0.897436 0
0.737288 -0.846154 0
0.737288 -0.794872 0
0.737288 -0.74359 0
0.737288 -0.692308 0
0.737288 -0.641026 0
0.737288 -0.589744 0
0.737288 -0.538462 0
0.737288 -0.487179 0
0.737288 -0.435897 0
0.737288 -0.384615 0
0.737288 -0.333333 0
0.737288 -0.282051 0
0.737288 -0.230769 0
0.737288 -0.179487 0
0.737288 -0.128205 0
0.737288 -0.076923 0
0.737288 -0.025641 0
0.737288 0.025641 0
0.737288 0.076923 0
0.737288 0.128205 0
0.737288 0.179487 0
0.737288 0.230769 0
0.737288 0.282051 0
0.737288 0.333333 0
0.737288 0.384615 0
0.737288 0.435897 0
0.737288 0.48718 0
0.737288 0.538462 0
0.737288 0.589744 0
0.737288 0.641026 0
0.737288 0.692308 0
0.737288 0.74359 0
0.737288 0.794872 0
0.737288 0.846154 0
0.737288 0.897436 0
0.737288 0.948718 0
0.737288 1 0
0.788136 -1 0
0.788136 -0.948718 0
0.788136 -0.897436 0
0.788136 -0.846154 0
0.788136 -0.794872 0
0.788136 -0.74359 0
0.788136 -0.692308 0
0.788136 -0.641026 0
0.788136 -0.589744 0
0.788136 -0.538462 0
0.788136 -0.487179 0
0.788136 -0.435897 0
0.788136 -0.384615 0
0.788136 -0.333333 0
0.788136 -0.282051 0
0.788136 -0.230769 0
0.788136 -0.179487 0
0.788136 -0.128205 0
0.788136 -0.076923 0
0.788136 -0.025641 0
0.788136 0.025641 0
0.788136 0.076923 0
0.788136 0.128205 0
0.788136 0.179487 0
0.788136 0.230769 0
0.788136 0.282051 0
0.788136 0.333333 0
0.788136 0.384615 0
0.788136 0.435897 0
0.788136 0.48718 0
0.788136 0.538462 0
0.788136 0.589744 0
0.788136 0.641026 0
0.788136 0.692308 0
0.788136 0.74359 0
0.788136 0.794872 0
0.788136 0.846154 0
0.788136 0.897436 0
0.788136 0.948718 0
0.788136 1 0
0.838983 -1 0
0.838983 -0.948718 0
0.838983 -0.897436 0
0.838983 -0.846154 0
0.838983 -0.794872 0
0.838983 -0.74359 0
0.838983 -0.692308 0
0.838983 -0.641026 0
0.838983 -0.589744 0
0.838983 -0.538462 0
0.838983 -0.487179 0
0.838983 -0.435897 0
0.838983 -0.384615 0
0.838983 -0.333333 0
0.838983 -0.282051 0
0.838983 -0.230769 0
0.838983 -0.179487 0
0.838983 -0.128205 0
0.838983 -0.076923 0
0.838983 -0.025641 0
0.838983 0.025641 0
0.838983 0.076923 0
0.838983 0.128205 0
0.838983 0.179487 0
0.838983 0.230769 0
0.838983 0.282051 0
0.838983 0.333333 0
0.838983 0.384615 0
0.838983 0.435897 0
0.838983 0.48718 0
0.838983 0.538462 0
0.838983 0.589744 0
0.838983 0.641026 0
0.838983 0.692308 0
0.838983 0.74359 0
0.838983 0.794872 0
0.838983 0.846154 0
0.838983 0.897436 0
0.838983 0.948718 0
0.838983 1 0
0.88983 -1 0
0.88983 -0.948718 0
0.88983 -0.897436 0
0.88983 -0.846154 0
0.88983 -0.794872 0
0.88983 -0.74359 0
0.88983 -0.692308 0
0.88983 -0.641026 0
0.88983 -0.589744 0
0.88983 -0.538462 0
0.88983 -0.487179 0
0.88983 -0.435897 0
0.88983 -0.384615 0
0.88983 -0.333333 0
0.88983 -0.282051 0
0.88983 -0.230769 0
0.88983 -0.179487 0
0.88983 -0.128205 0
0.88983 -0.076923 0
0.88983 -0.025641 0
0.88983 0.025641 0
0.88983 0.076923 0
0.88983 0.128205 0
0.88983 0.179487 0
0.88983 0.230769 0
0.88983 0.282051 0
0.88983 0.333333 0
0.88983 0.384615 0
0.88983 0.435897 0
0.88983 0.48718 0
0.88983 0.538462 0
0.88983 0.589744 0
0.88983 0.641026 0
0.88983 0.692308 0
0.88983 0.74359 0
0.88983 0.794872 0
0.88983 0.846154 0
0.88983 0.897436 0
0.88983 0.948718 0
0.88983 1 0
0.940678 -1 0
0.940678 -0.948718 0
0.940678 -0.897436 0
0.940678 -0.846154 0
0.940678 -0.794872 0
0.940678 -0.74359 0
0.940678 -0.692308 0
0.940678 -0.641026 0
0.940678 -0.589744 0
0.940678 -0.538462 0
0.940678 -0.487179 0
0.940678 -0.435897 0
0.940678 -0.384615 0
0.940678 -0.333333 0
0.940678 -0.282051 0
0.940678 -0.230769 0
0.940678 -0.179487 0
0.940678 -0.128205 0
0.940678 -0.076923 0
0.940678 -0.025641 0
0.940678 0.025641 0
0.940678 0.076923 0
0.940678 0.128205 0
0.940678 0.179487 0
0.940678 0.230769 0
0.940678 0.282051 0
0.940678 0.333333 0
0.940678 0.384615 0
0.940678 0.435897 0
0.940678 0.48718 0
0.940678 0.538462 0
0.940678 0.589744 0
0.940678 0.641026 0
0.940678 0.692308 0
0.940678 0.74359 0
0.940678 0.794872 0
0.940678 0.846154 0
0.940678 0.897436 0
0.940678 0.948718 0
0.940678 1 0
0.991525 -1 0
0.991525 -0.948718 0
0.991525 -0.897436 0
0.991525 -0.846154 0
0.991525 -0.794872 0
0.991525 -0.74359 0
0.991525 -0.692308 0
0.991525 -0.641026 0
0.991525 -0.589744 0
0.991525 -0.538462 0
0.991525 -0.487179 0
0.991525 -0.435897 0
0.991525 -0.384615 0
0.991525 -0.333333 0
0.991525 -0.282051 0
0.991525 -0.230769 0
0.991525 -0.179487 0
0.991525 -0.128205 0
0.991525 -0.076923 0
0.991525 -0.025641 0
0.991525 0.025641 0
0.991525 0.076923 0
0.991525 0.128205 0
0.991525 0.179487 0
0.991525 0.230769 0
0.991525 0.282051 0
0.991525 0.333333 0
0.991525 0.384615 0
0.991525 0.435897 0
0.991525 0.48718 0
0.991525 0.538462 0
0.991525 0.589744 0
0.991525 0.641026 0
0.991525 0.692308 0
0.991525 0.74359 0
0.991525 0.794872 0
0.991525 0.846154 0
0.991525 0.897436 0
0.991525 0.948718 0
0.991525 1 0
1.04237 -1 0
1.04237 -0.948718 0
1.04237 -0.897436 0
1.04237 -0.846154 0
1.04237 -0.794872 0
1.04237 -0.74359 0
1.04237 -0.692308 0
1.04237 -0.641026 0
1.04237 -0.589744 0
1.04237 -0.538462 0
1.04237 -0.487179 0
1.04237 -0.435897 0
1.04237 -0.384615 0
1.04237 -0.333333 0
1.04237 -0.282051 0
1.04237 -0.230769 0
1.04237 -0.179487 0
1.04237 -0.128205 0
1.04237 -0.076923 0
1.04237 -0.025641 0
1.04237 0.025641 0
1.04237 0.076923 0
1.04237 0.128205 0
1.04237 0.179487 0
1.04237 0.230769 0
1.04237 0.282051 0
1.04237 0.333333 0
1.04237 0.384615 0
1.04237 0.435897 0
1.04237 0.48718 0
1.04237 0.538462 0
1.04237 0.589744 0
1.04237 0.641026 0
1.04237 0.692308 0
1.04237 0.74359 0
1.04237 0.794872 0
1.04237 0.846154 0
1.04237 0.897436 0
1.04237 0.948718 0
1.04237 1 0
1.09322 -1 0
1.09322 -0.948718 0
1.09322 -0.897436 0
1.09322 -0.846154 0
1.09322 -0.794872 0
1.09322 -0.74359 0
1.09322 -0.692308 0
1.09322 -0.641026 0
1.09322 -0.589744 0
1.09322 -0.538462 0
1.09322 -0.487179 0
1.09322 -0.435897 0
1.09322 -0.384615 0
1.09322 -0.333333 0
1.09322 -0.282051 0
1.09322 -0.230769 0
1.09322 -0.179487 0
1.09322 -0.128205 0
1.09322 -0.076923 0
1.09322 -0.025641 0
1.09322 0.025641 0
1.09322 0.076923 0
1.09322 0.128205 0
1.09322 0.179487 0
1.09322 0.230769 0
1.09322 0.282051 0
1.09322 0.333333 0
1.09322 0.384615 0
1.09322 0.435897 0
1.09322 0.48718 0
1.09322 0.538462 0
1.09322 0.589744 0
1.09322 0.641026 0
1.09322 0.692308 0
1.09322 0.74359 0
1.09322 0.794872 0
1.09322 0.846154 0
1.09322 0.897436 0
1.09322 0.948718 0
1.09322 1 0
1.14407 -1 0
1.14407 -0.948718 0
1.14407 -0.897436 0
1.14407 -0.846154 0
1.14407 -0.794872 0
1.14407 -0.74359 0
1.14407 -0.692308 0
1.14407 -0.641026 0
1.14407 -0.589744 0
1.14407 -0.538462 0
1.14407 -0.487179 0
1.14407 -0.435897 0
1.14407 -0.384615 0
1.14407 -0.333333 0
1.14407 -0.282051 0
1.14407 -0.230769 0
1.14407 -0.179487 0
1.14407 -0.128205 0
1.14407 -0.076923 0
1.14407 -0.025641 0
1.14407 0.025641 0
1.14407 0.076923 0
1.14407 0.128205 0
1.14407 0.179487 0
1.14407 0.230769 0
1.14407 0.282051 0
1.14407 0.333333 0
1.14407 0.384615 0
1.14407 0.435897 0
1.14407 0.48718 0
1.14407 0.538462 0
1.14407 0.589744 0
1.14407 0.641026 0
1.14407 0.692308 0
1.14407 0.74359 0
1.14407 0.794872 0
1.14407 0.846154 0
1.14407 0.897436 0
1.14407 0.948718 0
1.14407 1 0
1.19491 -1 0
1.19491 -0.948718 0
1.19491 -0.897436 0
1.19491 -0.846154 0
1.19491 -0.794872 0
1.19491 -0.74359 0
1.19491 -0.692308 0
1.19491 -0.641026 0
1.19491 -0.589744 0
1.19491 -0.538462 0
1.19491 -0.487179 0
1.19491 -0.435897 0
1.19491 -0.384615 0
1.19491 -0.333333 0
1.19491 -0.282051 0
1.19491 -0.230769 0
1.19491 -0.179487 0
1.19491 -0.128205 0
1.19491 -0.076923 0
1.19491 -0.025641 0
1.19491 0.025641 0
1.19491 0.076923 0
1.19491 0.128205 0
1.19491 0.179487 0
1.19491 0.230769 0
1.19491 0.282051 0
1.19491 0.333333 0
1.19491 0.384615 0
1.19491 0.435897 0
1.19491 0.48718 0
1.19491 0.538462 0
1.19491 0.589744 0
1.19491 0.641026 0
1.19491 0.692308 0
1.19491 0.74359 0
1.19491 0.794872 0
1.19491 0.846154 0
1.19491 0.897436 0
1.19491 0.948718 0
1.19491 1 0
1.24576 -1 0
1.24576 -0.948718 0
1.24576 -0.897436 0
1.24576 -0.846154 0
1.24576 -0.794872 0
1.24576 -0.74359 0
1.24576 -0.692308 0
1.24576 -0.641026 0
1.24576 -0.589744 0
1.24576 -0.538462 0
1.24576 -0.487179 0
1.24576 -0.435897 0
1.24576 -0.384615 0
1.24576 -0.333333 0
1.24576 -0.282051 0
1.24576 -0.230769 0
1.24576 -0.179487 0
1.24576 -0.128205 0
1.24576 -0.076923 0
1.24576 -0.025641 0
1.24576 0.025641 0
1.24576 0.076923 0
1.24576 0.128205 0
1.24576 0.179487 0
1.24576 0.230769 0
1.24576 0.282051 0
1.24576 0.333333 0
1.24576 0.384615 0
1.24576 0.435897 0
1.24576 0.48718 0
1.24576 0.538462 0
1.24576 0.589744 0
1.24576 0.641026 0
1.24576 0.692308 0
1.24576 0.74359 0
1.24576 0.794872 0
1.24576 0.846154 0
1.24576 0.897436 0
1.24576 0.948718 0
1.24576 1 0
1.29661 -1 0
1.29661 -0.948718 0
1.29661 -0.897436 0
1.29661 -0.846154 0
1.29661 -0.794872 0
1.29661 -0.74359 0
1.29661 -0.692308 0
1.29661 -0.641026 0
1.29661 -0.589744 0
1.29661 -0.538462 0
1.29661 -0.487179 0
1.29661 -0.435897 0
1.29661 -0.384615 0
1.29661 -0.333333 0
1.29661 -0.282051 0
1.29661 -0.230769 0
1.29661 -0.179487 0
1.29661 -0.128205 0
1.29661 -0.076923 0
1.29661 -0.025641 0
1.29661 0.025641 0
1.29661 0.076923 0
1.29661 0.128205 0
1.29661 0.179487 0
1.29661 0.230769 0
1.29661 0.282051 0
1.29661 0.333333 0
1.29661 0.384615 0
1.29661 0.435897 0
1.29661 0.48718 0
1.29661 0.538462 0
1.29661 0.589744 0
1.29661 0.641026 0
1.29661 0.692308 0
1.29661 0.74359 0
1.29661 0.794872 0
1.29661 0.846154 0
1.29661 0.897436 0
1.29661 0.948718 0
1.29661 1 0
1.34746 -1 0
1.34746 -0.948718 0
1.34746 -0.897436 0
1.34746 -0.846154 0
1.34746 -0.794872 0
1.34746 -0.74359 0
1.34746 -0.692308 0
1.34746 -0.641026 0
1.34746 -0.589744 0
1.34746 -0.538462 0
1.34746 -0.487179 0
1.34746 -0.435897 0
1.34746 -0.384615 0
1.34746 -0.333333 0
1.34746 -0.282051 0
1.34746 -0.230769 0
1.34746 -0.179487 0
1.34746 -0.128205 0
1.34746 -0.076923 0
1.34746 -0.025641 0
1.34746 0.025641 0
1.34746 0.076923 0
1.34746 0.128205 0
1.34746 0.179487 0
1.34746 0.230769 0
1.34746 0.282051 0
1.34746 0.333333 0
1.34746 0.384615 0
1.34746 0.435897 0
1.34746 0.48718 0
1.34746 0.538462 0
1.34746 0.589744 0
1.34746 0.641026 0
1.34746 0.692308 0
1.34746 0.74359 0
1.34746 0.794872 0
1.34746 0.846154 0
1.34746 0.897436 0
1.34746 0.948718 0
1.34746 1 0
1.3983 -1 0
1.3983 -0.948718 0
1.3983 -0.897436 0
1.3983 -0.846154 0
1.3983 -0.794872 0
1.3983 -0.74359 0
1.3983 -0.692308 0
1.3983 -0.641026 0
1.3983 -0.589744 0
1.3983 -0.538462 0
1.3983 -0.487179 0
1.3983 -0.435897 0
1.3983 -0.384615 0
1.3983 -0.333333 0
1.3983 -0.282051 0
1.3983 -0.230769 0
1.3983 -0.179487 0
1.3983 -0.128205 0
1.3983 -0.076923 0
1.3983 -0.025641 0
1.3983 0.025641 0
1.3983 0.076923 0
1.3983 0.128205 0
1.3983 0.179487 0
1.3983 0.230769 0
1.3983 0.282051 0
1.3983 0.333333 0
1.3983 0.384615 0
1.3983 0.435897 0
1.3983 0.48718 0
1.3983 0.538462 0
1.3983 0.589744 0
1.3983 0.641026 0
1.3983 0.692308 0
1.3983 0.74359 0
1.3983 0.794872 0
1.3983 0.846154 0
1.3983 0.897436 0
1.3983 0.948718 0
1.3983 1 0
1.44915 -1 0
1.44915 -0.948718 0
1.44915 -0.897436 0
1.44915 -0.846154 0
1.44915 -0.794872 0
1.44915 -0.74359 0
1.44915 -0.692308 0
1.44915 -0.641026 0
1.44915 -0.589744 0
1.44915 -0.538462 0
1.44915 -0.487179 0
1.44915 -0.435897 0
1.44915 -0.384615 0
1.44915 -0.333333 0
1.44915 -0.282051 0
1.44915 -0.230769 0
1.44915 -0.179487 0
1.44915 -0.128205 0
1.44915 -0.076923 0
1.44915 -0.025641 0
1.44915 0.025641 0
1.44915 0.076923 0
1.44915 0.128205 0
1.44915 0.179487 0
1.44915 0.230769 0
1.44915 0.282051 0
1.44915 0.333333 0
1.44915 0.384615 0
1.44915 0.435897 0
1.44915 0.48718 0
1.44915 0.538462 0
1.44915 0.589744 0
1.44915 0.641026 0
1.44915 0.692308 0
1.44915 0.74359 0
1.44915 0.794872 0
1.44915 0.846154 0
1.44915 0.897436 0
1.44915 0.948718 0
1.44915 1 0
1.5 -1 0
1.5 -0.948718 0
1.5 -0.897436 0
1.5 -0.846154 0
1.5 -0.794872 0
1.5 -0.74359 0
1.5 -0.692308 0
1.5 -0.641026 0
1.5 -0.589744 0
1.5 -0.538462 0
1.5 -0.487179 0
1.5 -0.435897 0
1.5 -0.384615 0
1.5 -0.333333 0
1.5 -0.282051 0
1.5 -0.230769 0
1.5 -0.179487 0
1.5 -0.128205 0
1.5 -0.076923 0
1.5 -0.025641 0
1.5 0.025641 0
1.5 0.076923 0
1.5 0.128205 0
1.5 0.179487 0
1.5 0.230769 0
1.5 0.282051 0
1.5 0.333333 0
1.5 0.384615 0
1.5 0.435897 0
1.5 0.48718 0
1.5 0.538462 0
1.5 0.589744 0
1.5 0.641026 0
1.5 0.692308 0
1.5 0.74359 0
1.5 0.794872 0
1.5 0.846154 0
1.5 0.897436 0
1.5 0.948718 0
1.5 1 0
POINT_DATA 2400
VECTORS real_part double
-0.00123081 0.625459 2.54631e-08
0.0134692 0.602477 2.65882e-08
0.0352222 0.575045 2.59906e-08
0.0618042 0.54519 2.38385e-08
0.0904015 0.515664 2.04056e-08
0.118051 0.489563 1.60328e-08
0.142053 0.469915 1.10887e-08
0.160292 0.459288 5.93404e-09
0.171439 0.459467 8.92652e-10
0.175018 0.471256 -3.76848e-09
0.17134 0.494391 -7.85016e-09
0.161353 0.527581 -1.12227e-08
0.146419 0.568653 -1.38216e-08
0.128076 0.61477 -1.56364e-08
0.107818 0.662695 -1.66985e-08
0.086906 0.709064 -1.70667e-08
0.0662542 0.750648 -1.6815e-08
0.0463703 0.784584 -1.60219e-08
0.0273691 0.808563 -1.47636e-08
0.00904009 0.820967 -1.311e-08
-0.0090401 0.820967 -1.1124e-08
-0.0273691 0.808563 -8.86356e-09
-0.0463703 0.784584 -6.38503e-09
-0.0662542 0.750648 -3.74744e-09
-0.086906 0.709064 -1.01613e-09
-0.107818 0.662695 1.73489e-09
-0.128076 0.61477 4.42266e-09
-0.146419 0.568653 6.95742e-09
-0.161353 0.527581 9.24713e-09
-0.17134 0.494391 1.12041e-08
-0.175018 0.471256 1.27521e-08
-0.171439 0.459467 1.38342e-08
-0.160292 0.459288 1.44183e-08
-0.142053 0.469915 1.45001e-08
-0.118051 0.489563 1.41023e-08
-0.0904015 0.515664 1.32709e-08
-0.0618042 0.545191 1.20664e-08
-0.0352222 0.575045 1.05551e-08
-0.0134692 0.602477 8.79942e-09
0.00123081 0.625459 6.85042e-09
0.0144597 0.229434 2.6208e-08
0.0329458 0.217324 2.43713e-08
0.0567488 0.203779 2.08614e-08
0.0828669 0.191528 1.60351e-08
0.108066 0.183741 1.03163e-08
0.129374 0.183566 4.1484e-09
0.144481 0.193696 -2.04842e-09
0.151994 0.215998 -7.91099e-09
0.151538 0.251277 -1.31556e-08
0.143691 0.299169 -1.75885e-08
0.129803 0.358185 -2.11059e-08
0.111727 0.425856 -2.36841e-08
0.0915226 0.498985 -2.53646e-08
0.0711713 0.573921 -2.62343e-08
0.0523359 0.646856 -2.64065e-08
0.036193 0.714091 -2.60027e-08
0.0233427 0.772261 -2.51375e-08
0.0137975 0.818511 -2.39088e-08
0.00703892 0.850614 -2.23919e-08
0.00213057 0.867051 -2.06383e-08
-0.00213058 0.867051 -1.86786e-08
-0.00703892 0.850614 -1.65282e-08
-0.0137975 0.818511 -1.41948e-08
-0.0233427 0.772261 -1.16868e-08
-0.036193 0.714091 -9.02074e-09
-0.0523359 0.646856 -6.22737e-09
-0.0711713 0.573921 -3.35519e-09
-0.0915226 0.498985 -4.70596e-10
-0.111727 0.425856 2.34515e-09
-0.129803 0.358184 5.00203e-09
-0.143691 0.299169 7.40935e-09
-0.151538 0.251277 9.48519e-09
-0.151994 0.215998 1.11647e-08
-0.144481 0.193696 1.24065e-08
-0.129374 0.183566 1.31948e-08
-0.108066 0.183741 1.35381e-08
-0.0828669 0.191528 1.34626e-08
-0.0567488 0.203779 1.3003e-08
-0.0329458 0.217324 1.21923e-08
-0.0144597 0.229434 1.10531e-08
0.0199217 -0.221888 2.22442e-08
0.0398244 -0.221615 1.74868e-08
0.0626388 -0.220116 1.14221e-08
0.0848298 -0.214239 4.56394e-09
0.103072 -0.200742 -2.56457e-09
0.114747 -0.176792 -9.48176e-09
0.118277 -0.140373 -1.57867e-08
0.113271 -0.0905708 -2.11841e-08
0.100483 -0.0277003 -2.54951e-08
0.0816055 0.0467312 -2.86538e-08
0.0589638 0.130196 -3.06935e-08
0.0351602 0.219405 -3.17246e-08
0.0127242 0.310637 -3.1909e-08
-0.00618175 0.400043 -3.14341e-08
-0.0199768 0.483925 -3.04889e-08
-0.0277841 0.558955 -2.92441e-08
-0.0294639 0.622309 -2.78385e-08
-0.0255694 0.67174 -2.6371e-08
-0.0172433 0.70559 -2.4898e-08
-0.00607405 0.722781 -2.34361e-08
0.00607405 0.722781 -2.1969e-08
0.0172433 0.70559 -2.04568e-08
0.0255694 0.67174 -1.88469e-08
0.0294639 0.622309 -1.70861e-08
0.0277841 0.558955 -1.51309e-08
0.0199767 0.483925 -1.29567e-08
0.00618174 0.400043 -1.05642e-08
-0.0127242 0.310637 -7.98188e-09
-0.0351602 0.219405 -5.26487e-09
-0.0589642 0.130194 -2.48992e-09
-0.0816055 0.0467312 2.52814e-10
-0.100483 -0.0277003 2.87032e-09
-0.113271 -0.0905708 5.27719e-09
-0.118277 -0.140373 7.40461e-09
-0.114747 -0.176792 9.20594e-09
-0.103072 -0.200742 1.06574e-08
-0.0848298 -0.214239 1.17535e-08
-0.0626388 -0.220116 1.2498e-08
-0.0398244 -0.221615 1.28925e-08
-0.0199217 -0.221888 1.29249e-08
0.0149939 -0.615008 1.41273e-08
0.0343821 -0.604496 7.02174e-09
0.0538431 -0.590872 -7.34271e-10
0.0696211 -0.570865 -8.53304e-09
0.0786579 -0.541506 -1.58286e-08
0.0790318 -0.5006 -2.21824e-08
0.0701758 -0.44706 -2.72913e-08
0.0528674 -0.381068 -3.09977e-08
0.0290221 -0.304044 -3.32833e-08
0.00134635 -0.218462 -3.42494e-08
-0.0270773 -0.127542 -3.40881e-08
-0.053201 -0.0348946 -3.30496e-08
-0.0743681 0.055848 -3.14086e-08
-0.0885696 0.14133 -2.94345e-08
-0.0945907 0.218694 -2.73672e-08
-0.0920521 0.285689 -2.53998e-08
-0.0813637 0.340688 -2.36685e-08
-0.0636178 0.382616 -2.22499e-08
-0.0404471 0.410834 -2.1163e-08
-0.0138693 0.425012 -2.03769e-08
0.0138693 0.425012 -1.98208e-08
0.0404471 0.410834 -1.93961e-08
0.0636178 0.382616 -1.89898e-08
0.0813637 0.340688 -1.84879e-08
0.0920521 0.285689 -1.77876e-08
0.0945907 0.218694 -1.68079e-08
0.0885696 0.14133 -1.54982e-08
0.0743681 0.055848 -1.38426e-08
0.053201 -0.0348947 -1.18605e-08
0.0270768 -0.127544 -9.60351e-09
-0.00134635 -0.218463 -7.1474e-09
-0.0290221 -0.304044 -4.58157e-09
-0.0528674 -0.381068 -1.99712e-09
-0.0701758 -0.44706 5.24496e-10
-0.0790318 -0.5006 2.91959e-09
-0.0786579 -0.541506 5.14542e-09
-0.069621 -0.570865 7.17713e-09
-0.0538431 -0.590872 8.99869e-09
-0.0343821 -0.604496 1.05896e-08
-0.0149939 -0.615008 1.19103e-08
0.00265976 -0.850783 3.14152e-09
0.0203265 -0.83517 -5.27971e-09
0.0350486 -0.8155 -1.34822e-08
0.0432044 -0.788681 -2.08528e-08
0.0423572 -0.752315 -2.69147e-08
0.0315752 -0.705096 -3.13591e-08
0.0114803 -0.647018 -3.40549e-08
-0.015947 -0.579372 -3.50382e-08
-0.0477469 -0.504546 -3.44866e-08
-0.0804556 -0.42568 -3.26825e-08
-0.110593 -0.346247 -2.99718e-08
-0.135082 -0.269635 -2.67228e-08
-0.151557 -0.198766 -2.32897e-08
-0.158533 -0.135859 -1.99843e-08
-0.155438 -0.0823049 -1.70558e-08
-0.142544 -0.0386919 -1.46808e-08
-0.120826 -0.00494699 -1.29604e-08
-0.0917885 0.0194414 -1.19243e-08
-0.057306 0.0351638 -1.15395e-08
-0.0194778 0.0428433 -1.17216e-08
0.0194778 0.0428433 -1.23475e-08
0.057306 0.0351638 -1.3269e-08
0.0917885 0.0194414 -1.43255e-08
0.120826 -0.00494702 -1.5357e-08
0.142544 -0.0386919 -1.62152e-08
0.155438 -0.0823049 -1.67748e-08
0.158533 -0.135859 -1.69415e-08
0.151557 -0.198766 -1.66583e-08
0.135082 -0.269635 -1.59081e-08
0.110592 -0.346249 -1.47113e-08
0.0804556 -0.42568 -1.312e-08
0.0477468 -0.504546 -1.12081e-08
0.015947 -0.579372 -9.05775e-09
-0.0114803 -0.647018 -6.74748e-09
-0.0315752 -0.705096 -4.34096e-09
-0.0423572 -0.752315 -1.88177e-09
-0.0432044 -0.788681 6.05135e-10
-0.0350486 -0.8155 3.1042e-09
-0.0203265 -0.83517 5.59364e-09
-0.00265975 -0.850783 8.02648e-09
-0.0117961 -0.869561 -8.93421e-09
0.00370708 -0.855555 -1.73337e-08
0.0133153 -0.837376 -2.45551e-08
0.0139112 -0.812375 -3.00826e-08
0.00400134 -0.77896 -3.36033e-08
-0.0161428 -0.73687 -3.50164e-08
-0.0446454 -0.687219 -3.44186e-08
-0.0784251 -0.632309 -3.2071e-08
-0.113735 -0.575257 -2.83524e-08
-0.146738 -0.519511 -2.37089e-08
-0.174016 -0.468346 -1.86037e-08
-0.19294 -0.424418 -1.34737e-08
-0.201879 -0.389436 -8.69639e-09
-0.200226 -0.364005 -4.56811e-09
-0.188283 -0.347639 -1.29464e-09
-0.167057 -0.338937 1.00875e-09
-0.138019 -0.335885 2.30942e-09
-0.102883 -0.336221 2.64481e-09
-0.063432 -0.337828 2.10784e-09
-0.0214254 -0.339073 8.32216e-10
0.0214254 -0.339073 -1.02095e-09
0.063432 -0.337828 -3.27484e-09
0.102883 -0.336221 -5.747e-09
0.138019 -0.335885 -8.25843e-09
0.167057 -0.338937 -1.06421e-08
0.188283 -0.347639 -1.2751e-08
0.200226 -0.364005 -1.4466e-08
0.201879 -0.389436 -1.57024e-08
0.19294 -0.424418 -1.64132e-08
0.174015 -0.468347 -1.65899e-08
0.146738 -0.519511 -1.62583e-08
0.113735 -0.575257 -1.54695e-08
0.0784251 -0.632309 -1.42871e-08
0.0446454 -0.687219 -1.27736e-08
0.0161428 -0.73687 -1.09773e-08
-0.00400134 -0.77896 -8.92423e-09
-0.0139112 -0.812375 -6.61777e-09
-0.0133153 -0.837376 -4.04778e-09
-0.00370707 -0.855555 -1.2086e-09
0.0117961 -0.869561 1.8764e-09
-0.0222183 -0.666562 -2.01428e-08
-0.00875644 -0.660612 -2.70899e-08
-0.00385824 -0.650865 -3.19589e-08
-0.00977737 -0.635326 -3.44334e-08
-0.0267993 -0.613362 -3.44468e-08
-0.0533299 -0.585814 -3.21625e-08
-0.086293 -0.554856 -2.79314e-08
-0.12173 -0.523614 -2.22359e-08
-0.155475 -0.495638 -1.56269e-08
-0.18378 -0.474316 -8.66294e-09
-0.20379 -0.462327 -1.85911e-09
-0.213805 -0.461226 4.35157e-09
-0.213329 -0.471196 9.64172e-09
-0.202917 -0.491017 1.37972e-08
-0.18389 -0.518226 1.67123e-08
-0.15799 -0.549444 1.83754e-08
-0.127044 -0.580807 1.88494e-08
-0.0927108 -0.608453 1.82502e-08
-0.0563256 -0.628999 1.67276e-08
-0.0188823 -0.639937 1.44489e-08
0.0188823 -0.639937 1.15884e-08
0.0563256 -0.628999 8.31952e-09
0.0927108 -0.608453 4.81143e-09
0.127044 -0.580807 1.22594e-09
0.15799 -0.549444 -2.2852e-09
0.18389 -0.518227 -5.58424e-09
0.202917 -0.491017 -8.5528e-09
0.213329 -0.471196 -1.10979e-08
0.213805 -0.461226 -1.31574e-08
0.203789 -0.462327 -1.47026e-08
0.18378 -0.474316 -1.57367e-08
0.155475 -0.495638 -1.62883e-08
0.12173 -0.523614 -1.63995e-08
0.086293 -0.554856 -1.61107e-08
0.0533299 -0.585814 -1.54456e-08
0.0267992 -0.613362 -1.43996e-08
0.00977737 -0.635326 -1.29363e-08
0.00385824 -0.650865 -1.09959e-08
0.00875645 -0.660612 -8.51438e-09
0.0222183 -0.666562 -5.45427e-09
-0.0232334 -0.293439 -2.868e-08
-0.0115016 -0.299962 -3.28835e-08
-0.0105467 -0.303094 -3.43215e-08
-0.021435 -0.301646 -3.29634e-08
-0.0430547 -0.296014 -2.90448e-08
-0.0724715 -0.288111 -2.30146e-08
-0.10557 -0.28102 -1.54666e-08
-0.137835 -0.278443 -7.06326e-09
-0.165114 -0.284048 1.53776e-09
-0.184236 -0.300837 9.74527e-09
-0.193385 -0.330608 1.70799e-08
-0.192198 -0.373619 2.31989e-08
-0.181615 -0.42847 2.79036e-08
-0.163516 -0.492212 3.11274e-08
-0.140271 -0.560651 3.29139e-08
-0.114256 -0.628798 3.33864e-08
-0.0874572 -0.691392 3.27168e-08
-0.0612 -0.74344 3.10971e-08
-0.0360515 -0.780713 2.87178e-08
-0.0118887 -0.800152 2.57537e-08
0.0118888 -0.800152 2.23582e-08
0.0360515 -0.780713 1.86638e-08
0.0612 -0.74344 1.47867e-08
0.0874572 -0.691392 1.0833e-08
0.114256 -0.628798 6.90329e-09
0.140271 -0.560651 3.09445e-09
0.163516 -0.492212 -5.02909e-10
0.181615 -0.42847 -3.80975e-09
0.192198 -0.373619 -6.76561e-09
0.193385 -0.330607 -9.33451e-09
0.184236 -0.300837 -1.15068e-08
0.165114 -0.284048 -1.32958e-08
0.137835 -0.278443 -1.47269e-08
0.10557 -0.28102 -1.58221e-08
0.0724714 -0.288111 -1.65812e-08
0.0430547 -0.296014 -1.69662e-08
0.021435 -0.301646 -1.68931e-08
0.0105467 -0.303094 -1.6236e-08
0.0115016 -0.299962 -1.48474e-08
0.0232334 -0.293439 -1.25927e-08
-0.0117206 0.154458 -3.31866e-08
-0.00165699 0.13436 -3.37075e-08
-0.00399612 0.117667 -3.11213e-08
-0.0183516 0.104666 -2.57392e-08
-0.0421132 0.0939298 -1.81158e-08
-0.0710895 0.0825877 -8.96614e-09
-0.100379 0.0668641 9.26094e-10
-0.125292 0.0427664 1.07965e-08
-0.142139 0.00680592 1.99745e-08
-0.148776 -0.0433692 2.79366e-08
-0.144811 -0.108526 3.43362e-08
-0.131498 -0.187628 3.90077e-08
-0.111351 -0.277884 4.19513e-08
-0.0875839 -0.375005 4.32994e-08
-0.0634995 -0.473629 4.32751e-08
-0.0419164 -0.567853 4.2148e-08
-0.024739 -0.651775 4.01934e-08
-0.0127181 -0.720013 3.76604e-08
-0.00542327 -0.768139 3.47513e-08
-0.00141616 -0.793015 3.16134e-08
0.00141616 -0.793015 2.83416e-08
0.00542327 -0.768139 2.49891e-08
0.0127181 -0.720013 2.1583e-08
0.024739 -0.651775 1.81403e-08
0.0419164 -0.567853 1.4681e-08
0.0634995 -0.473629 1.12354e-08
0.0875839 -0.375005 7.84476e-09
0.111351 -0.277884 4.5563e-09
0.131498 -0.187628 1.41371e-09
0.144811 -0.108524 -1.55269e-09
0.148776 -0.0433692 -4.33246e-09
0.142139 0.00680591 -6.9355e-09
0.125292 0.0427664 -9.38344e-09
0.100379 0.0668641 -1.1693e-08
0.0710895 0.0825876 -1.38538e-08
0.0421132 0.0939298 -1.5806e-08
0.0183515 0.104666 -1.74244e-08
0.00399612 0.117667 -1.85162e-08
0.00165699 0.13436 -1.88378e-08
0.0117206 0.154458 -1.81313e-08
0.0122645 0.561921 -3.29463e-08
0.020101 0.530938 -2.93553e-08
0.0145938 0.504095 -2.27531e-08
-0.00223109 0.480725 -1.38055e-08
-0.0262628 0.458432 -3.35849e-09
-0.0522306 0.433563 7.67096e-09
-0.0747712 0.401911 1.84002e-08
-0.0894259 0.35949 2.80698e-08
-0.0933907 0.303269 3.6108e-08
-0.0859061 0.231726 4.21655e-08
-0.0682522 0.145154 4.61201e-08
-0.043393 0.0457103 4.80549e-08
-0.0153625 -0.0628182 4.8217e-08
0.0114709 -0.175413 4.69619e-08
0.0331316 -0.286341 4.46951e-08
0.0466428 -0.389702 4.18171e-08
0.0504326 -0.479914 3.86783e-08
0.044503 -0.552119 3.55486e-08
0.0303638 -0.602469 3.26028e-08
0.0107596 -0.628318 2.99218e-08
-0.0107596 -0.628318 2.75061e-08
-0.0303639 -0.602469 2.52987e-08
-0.0445031 -0.552119 2.32121e-08
-0.0504326 -0.479914 2.11538e-08
-0.0466428 -0.389702 1.90472e-08
-0.0331316 -0.286341 1.68435e-08
-0.0114709 -0.175412 1.45254e-08
0.0153625 -0.0628182 1.21001e-08
0.043393 0.0457104 9.58681e-09
0.0682526 0.145156 7.00199e-09
0.0859061 0.231726 4.34649e-09
0.0933907 0.303269 1.60022e-09
0.0894259 0.35949 -1.27223e-09
0.0747712 0.401911 -4.30438e-09
0.0522306 0.433563 -7.501e-09
0.0262627 0.458432 -1.08073e-08
0.00223107 0.480725 -1.4082e-08
-0.0145938 0.504095 -1.70841e-08
-0.020101 0.530938 -1.94812e-08
-0.0122645 0.561921 -2.08838e-08
0.0453385 0.823049 -2.79658e-08
0.0495799 0.787213 -2.04201e-08
0.0402941 0.757022 -1.04294e-08
0.0212368 0.730842 1.02114e-09
-0.00208151 0.705417 1.2869e-08
-0.0235766 0.676531 2.40989e-08
-0.0377953 0.639833 3.38492e-08
-0.0409142 0.591647 4.14891e-08
-0.0313658 0.52964 4.66603e-08
-0.0100096 0.453236 4.92828e-08
0.0201358 0.363728 4.95293e-08
0.0545051 0.264107 4.77732e-08
0.087809 0.158646 4.45214e-08
0.114895 0.0523687 4.03407e-08
0.131517 -0.0495151 3.57873e-08
0.134894 -0.142099 3.13482e-08
0.124033 -0.221139 2.73984e-08
0.0997723 -0.283249 2.4178e-08
0.0646119 -0.325964 2.17889e-08
0.0223571 -0.347705 2.02083e-08
-0.0223571 -0.347705 1.93158e-08
-0.0646119 -0.325964 1.89271e-08
-0.0997723 -0.283249 1.88319e-08
-0.124033 -0.221139 1.88269e-08
-0.134894 -0.142099 1.87422e-08
-0.131517 -0.0495151 1.84565e-08
-0.114895 0.0523688 1.79003e-08
-0.087809 0.158646 1.7047e-08
-0.0545051 0.264107 1.58954e-08
-0.0201351 0.36373 1.44486e-08
0.0100096 0.453236 1.26934e-08
0.0313658 0.52964 1.05889e-08
0.0409142 0.591647 8.06756e-09
0.0377952 0.639833 5.05256e-09
0.0235766 0.676531 1.48948e-09
0.00208149 0.705417 -2.61246e-09
-0.0212369 0.730842 -7.1391e-09
-0.0402942 0.757022 -1.18417e-08
-0.0495799 0.787213 -1.63304e-08
-0.0453385 0.823049 -2.01004e-08
0.0814408 0.868211 -1.89305e-08
0.0799788 0.835621 -8.15943e-09
0.0656195 0.810714 4.05235e-09
0.0438269 0.790902 1.64851e-08
0.0213039 0.772213 2.79754e-08
0.00460526 0.750119 3.75432e-08
-0.00112927 0.720425 4.44836e-08
0.00691325 0.680054 4.84175e-08
0.0288015 0.627585 4.93e-08
0.0619691 0.563461 4.73896e-08
0.101776 0.489865 4.31872e-08
0.142372 0.410308 3.73564e-08
0.177674 0.329025 3.06342e-08
0.202289 0.250342 2.37458e-08
0.212215 0.178114 1.73317e-08
0.205282 0.115343 1.18933e-08
0.18129 0.064035 7.76133e-09
0.141899 0.025268 5.08743e-09
0.0903391 -0.000564881 3.85597e-09
0.0310034 -0.0134446 3.91256e-09
-0.0310034 -0.0134446 5.00349e-09
-0.0903392 -0.000564864 6.82022e-09
-0.141899 0.025268 9.04312e-09
-0.18129 0.0640351 1.13794e-08
-0.205282 0.115343 1.35913e-08
-0.212215 0.178114 1.55109e-08
-0.202289 0.250342 1.70411e-08
-0.177674 0.329025 1.81431e-08
-0.142372 0.410308 1.88129e-08
-0.101776 0.489867 1.90518e-08
-0.0619691 0.563461 1.88377e-08
-0.0288015 0.627585 1.81055e-08
-0.00691325 0.680054 1.67421e-08
0.00112926 0.720425 1.46016e-08
-0.00460527 0.750119 1.15423e-08
-0.0213039 0.772213 7.47865e-09
-0.0438269 0.790902 2.44009e-09
-0.0656195 0.810714 -3.37735e-09
-0.0799788 0.835621 -9.58307e-09
-0.0814408 0.868211 -1.56003e-08
0.113142 0.68216 -7.0545e-09
0.103461 0.66119 5.74092e-09
0.0823696 0.649978 1.86301e-08
0.0568972 0.645024 3.02856e-08
0.0346288 0.641813 3.95897e-08
0.0221794 0.635765 4.57454e-08
0.0239571 0.623141 4.83385e-08
0.041432 0.601733 4.73478e-08
0.0730085 0.571216 4.31105e-08
0.114467 0.53311 3.6251e-08
0.159833 0.490379 2.7586e-08
0.202458 0.446775 1.8021e-08
0.236097 0.406068 8.44786e-09
0.255779 0.371334 -3.40996e-10
0.258353 0.344441 -7.71806e-09
0.242688 0.32583 -1.32594e-08
0.209566 0.314626 -1.67567e-08
0.161359 0.309033 -1.82058e-08
0.101623 0.306909 -1.77757e-08
0.034689 0.306387 -1.57652e-08
-0.034689 0.306387 -1.25528e-08
-0.101623 0.306909 -8.54645e-09
-0.161359 0.309033 -4.13831e-09
-0.209566 0.314626 3.32662e-10
-0.242688 0.32583 4.60572e-09
-0.258353 0.344441 8.50985e-09
-0.255779 0.371334 1.19603e-08
-0.236097 0.406068 1.49409e-08
-0.202458 0.446775 1.74737e-08
-0.159832 0.49038 1.95816e-08
-0.114467 0.53311 2.12501e-08
-0.0730085 0.571216 2.2397e-08
-0.041432 0.601733 2.28599e-08
-0.023957 0.623141 2.24066e-08
-0.0221794 0.635765 2.07743e-08
-0.0346288 0.641813 1.77325e-08
-0.0568972 0.645024 1.31614e-08
-0.0823696 0.649978 7.12922e-09
-0.103461 0.66119 -5.0392e-11
-0.113142 0.68216 -7.79996e-09
0.133281 0.308507 6.13845e-09
0.113002 0.305911 1.94516e-08
0.0836793 0.314541 3.13148e-08
0.0536464 0.330057 4.04503e-08
0.0309644 0.347592 4.59468e-08
0.0218467 0.362777 4.7336e-08
0.0295497 0.372609 4.46082e-08
0.0539177 0.375989 3.81721e-08
0.091616 0.373845 2.87719e-08
0.136944 0.368815 1.73755e-08
0.183008 0.36457 5.05139e-09
0.222976 0.364926 -7.14834e-09
0.251164 0.372926 -1.82918e-08
0.26376 0.39009 -2.76415e-08
0.259096 0.415983 -3.4699e-08
0.237511 0.448191 -3.92182e-08
0.20091 0.482708 -4.119e-08
0.152204 0.514665 -4.08061e-08
0.0947858 0.539242 -3.84081e-08
0.0321692 0.552594 -3.44309e-08
-0.0321692 0.552594 -2.93471e-08
-0.0947858 0.539242 -2.36172e-08
-0.152204 0.514665 -1.76486e-08
-0.20091 0.482708 -1.17662e-08
-0.237511 0.448191 -6.1946e-09
-0.259096 0.415983 -1.05403e-09
-0.26376 0.39009 3.63102e-09
-0.251164 0.372926 7.90849e-09
-0.222976 0.364926 1.18629e-08
-0.183008 0.364571 1.55706e-08
-0.136944 0.368815 1.90507e-08
-0.091616 0.373845 2.22248e-08
-0.0539177 0.375989 2.48913e-08
-0.0295497 0.372609 2.67288e-08
-0.0218467 0.362777 2.73326e-08
-0.0309644 0.347592 2.62863e-08
-0.0536464 0.330057 2.32582e-08
-0.0836793 0.314541 1.81084e-08
-0.113002 0.305911 1.0982e-08
-0.133281 0.308507 2.36383e-09
0.136562 -0.16056 1.90582e-08
0.104071 -0.141195 3.12792e-08
0.0657822 -0.11039 4.04864e-08
0.0309562 -0.0732157 4.56234e-08
0.00764766 -0.03468 4.61421e-08
0.00117405 0.00131176 4.20269e-08
0.0132346 0.0327322 3.3751e-08
0.0418159 0.0597825 2.21782e-08
0.081846 0.0847551 8.43142e-09
0.126399 0.111436 -6.25276e-09
0.16815 0.14417 -2.0665e-08
0.200744 0.186768 -3.37416e-08
0.219809 0.241491 -4.46532e-08
0.223423 0.30829 -5.28548e-08
0.212003 0.384486 -5.80972e-08
0.187744 0.46494 -6.04056e-08
0.153781 0.542712 -6.00321e-08
0.113355 0.610087 -5.73921e-08
0.069192 0.659793 -5.29955e-08
0.0232348 0.686186 -4.73817e-08
-0.0232349 0.686186 -4.10649e-08
-0.069192 0.659793 -3.44923e-08
-0.113355 0.610087 -2.8016e-08
-0.153781 0.542712 -2.18777e-08
-0.187744 0.46494 -1.62035e-08
-0.212003 0.384486 -1.10081e-08
-0.223423 0.30829 -6.21027e-09
-0.219809 0.241491 -1.65854e-09
-0.200744 0.186768 2.82956e-09
-0.168149 0.144169 7.41754e-09
-0.126399 0.111436 1.21926e-08
-0.0818459 0.0847551 1.7112e-08
-0.0418158 0.0597825 2.19626e-08
-0.0132345 0.0327322 2.63507e-08
-0.00117404 0.00131177 2.973e-08
-0.00764766 -0.03468 3.14754e-08
-0.0309562 -0.0732157 3.09952e-08
-0.0657822 -0.11039 2.78671e-08
-0.104071 -0.141195 2.19726e-08
-0.136562 -0.16056 1.35967e-08
0.120727 -0.607011 3.02765e-08
0.0757499 -0.56611 3.98971e-08
0.029052 -0.515297 4.51028e-08
-0.00964653 -0.460205 4.52256e-08
-0.0328298 -0.405763 4.02154e-08
-0.0365741 -0.355185 3.05959e-08
-0.0211105 -0.309334 1.73522e-08
0.00951407 -0.266596 1.77414e-09
0.0485495 -0.223272 -1.47178e-08
0.0881408 -0.174436 -3.07411e-08
0.12103 -0.11509 -4.50946e-08
0.141975 -0.0413923 -5.68609e-08
0.148598 0.0482613 -6.54665e-08
0.141506 0.152523 -7.06924e-08
0.123717 0.266884 -7.26439e-08
0.0995902 0.384031 -7.16889e-08
0.0735547 0.494722 -6.83748e-08
0.0489839 0.589047 -6.33398e-08
0.0274879 0.657865 -5.72306e-08
0.00879305 0.694171 -5.0636e-08
-0.00879305 0.694171 -4.40412e-08
-0.0274879 0.657865 -3.78033e-08
-0.0489839 0.589047 -3.21445e-08
-0.0735547 0.494722 -2.71566e-08
-0.0995902 0.384031 -2.28121e-08
-0.123717 0.266884 -1.89785e-08
-0.141506 0.152523 -1.54366e-08
-0.148598 0.0482613 -1.19055e-08
-0.141975 -0.0413923 -8.08009e-09
-0.121029 -0.115091 -3.68058e-09
-0.0881408 -0.174436 1.48351e-09
-0.0485494 -0.223272 7.44673e-09
-0.00951404 -0.266596 1.40291e-08
0.0211105 -0.309334 2.08044e-08
0.0365741 -0.355185 2.71123e-08
0.0328298 -0.405763 3.21242e-08
0.00964652 -0.460205 3.49646e-08
-0.029052 -0.515297 3.48731e-08
-0.0757499 -0.56611 3.1381e-08
-0.120727 -0.607011 2.44649e-08
0.0870474 -0.916344 3.86994e-08
0.0310197 -0.85831 4.44883e-08
-0.0219303 -0.79381 4.47888e-08
-0.0621506 -0.728822 3.94656e-08
-0.0832052 -0.667956 2.90628e-08
-0.0830295 -0.613542 1.46795e-08
-0.0640982 -0.565173 -2.21354e-09
-0.0326045 -0.519805 -1.99846e-08
0.00312651 -0.472395 -3.70457e-08
0.0346104 -0.416966 -5.20273e-08
0.0551029 -0.347908 -6.39053e-08
0.0610027 -0.261283 -7.20711e-08
0.0524624 -0.155886 -7.63477e-08
0.0330917 -0.0338896 -7.69514e-08
0.00886168 0.0990695 -7.44149e-08
-0.0135073 0.23439 -6.94817e-08
-0.0282719 0.361524 -6.29918e-08
-0.0320855 0.469363 -5.57718e-08
-0.0247696 0.547777 -4.85463e-08
-0.00925844 0.589062 -4.18786e-08
0.00925845 0.589062 -3.61438e-08
0.0247696 0.547777 -3.15308e-08
0.0320855 0.469363 -2.80635e-08
0.0282719 0.361524 -2.56316e-08
0.0135073 0.23439 -2.40191e-08
-0.00886168 0.0990695 -2.29275e-08
-0.0330917 -0.0338897 -2.1993e-08
-0.0524624 -0.155886 -2.08036e-08
-0.0610027 -0.261283 -1.89263e-08
-0.0551027 -0.34791 -1.59505e-08
-0.0346104 -0.416966 -1.15524e-08
-0.00312648 -0.472395 -5.57414e-09
0.0326046 -0.519805 1.89588e-09
0.0640982 -0.565173 1.04628e-08
0.0830295 -0.613542 1.94094e-08
0.0832052 -0.667956 2.77431e-08
0.0621506 -0.728822 3.43143e-08
0.0219303 -0.79381 3.79981e-08
-0.0310197 -0.85831 3.79109e-08
-0.0870474 -0.916344 3.36224e-08
0.0400401 -1.0065 4.367e-08
-0.0238417 -0.938815 4.47948e-08
-0.0793134 -0.869828 3.98105e-08
-0.117333 -0.805573 2.92205e-08
-0.133047 -0.750098 1.42084e-08
-0.126639 -0.704705 -3.57129e-09
-0.103049 -0.667697 -2.22453e-08
-0.0706492 -0.634712 -3.99739e-08
-0.0391977 -0.599557 -5.5168e-08
-0.017534 -0.555412 -6.66489e-08
-0.0115404 -0.496192 -7.37387e-08
-0.0228195 -0.417826 -7.62813e-08
-0.0483747 -0.319227 -7.46024e-08
-0.0813582 -0.202822 -6.94189e-08
-0.112707 -0.0745158 -6.17135e-08
-0.133292 0.0568929 -5.25917e-08
-0.13609 0.18077 -4.31409e-08
-0.117877 0.28603 -3.43084e-08
-0.0800418 0.362632 -2.68149e-08
-0.0283455 0.402979 -2.11119e-08
0.0283456 0.402979 -1.73824e-08
0.0800418 0.362632 -1.55776e-08
0.117877 0.28603 -1.54727e-08
0.13609 0.18077 -1.67268e-08
0.133292 0.0568928 -1.893e-08
0.112707 -0.0745159 -2.16316e-08
0.0813582 -0.202822 -2.43495e-08
0.0483747 -0.319227 -2.65704e-08
0.0228195 -0.417826 -2.77565e-08
0.0115404 -0.496194 -2.73729e-08
0.017534 -0.555412 -2.49456e-08
0.0391977 -0.599557 -2.01501e-08
0.0706492 -0.634712 -1.29155e-08
0.103049 -0.667697 -3.52186e-09
0.126639 -0.704705 7.34397e-09
0.133047 -0.750098 1.86007e-08
0.117333 -0.805573 2.88738e-08
0.0793134 -0.869828 3.66844e-08
0.0238417 -0.938815 4.0701e-08
-0.0400401 -1.0065 4.00105e-08
-0.0135031 -0.848858 4.49907e-08
-0.0805897 -0.780545 4.10744e-08
-0.133671 -0.717235 3.0952e-08
-0.164821 -0.664662 1.58219e-08
-0.171183 -0.626066 -2.50297e-09
-0.155453 -0.601626 -2.18903e-08
-0.125124 -0.588444 -4.01983e-08
-0.0906802 -0.581077 -5.55513e-08
-0.0631241 -0.572528 -6.65464e-08
-0.0514114 -0.555502 -7.23731e-08
-0.060342 -0.523718 -7.28467e-08
-0.0893741 -0.473051 -6.83656e-08
-0.132626 -0.402335 -5.98106e-08
-0.18007 -0.313715 -4.84028e-08
-0.219672 -0.212501 -3.55387e-08
-0.240032 -0.106561 -2.26197e-08
-0.232947 -0.00533161 -1.08954e-08
-0.195336 0.081411 -1.33905e-09
-0.130094 0.144859 5.42731e-09
-0.0456537 0.178368 9.15089e-09
0.0456538 0.178368 9.91215e-09
0.130094 0.144859 8.04815e-09
0.195336 0.0814109 4.05702e-09
0.232947 -0.00533167 -1.49221e-09
0.240032 -0.106561 -8.02423e-09
0.219672 -0.212501 -1.49855e-08
0.18007 -0.313715 -2.18375e-08
0.132626 -0.402335 -2.80301e-08
0.0893741 -0.473051 -3.29754e-08
0.0603416 -0.523719 -3.60475e-08
0.0514114 -0.555502 -3.66252e-08
0.0631241 -0.572528 -3.41836e-08
0.0906802 -0.581077 -2.84239e-08
0.125124 -0.588444 -1.94139e-08
0.155453 -0.601626 -7.6982e-09
0.171183 -0.626066 5.66228e-09
0.164821 -0.664662 1.91565e-08
0.133671 -0.717235 3.10034e-08
0.0805897 -0.780545 3.94291e-08
0.0135031 -0.848858 4.29936e-08
-0.0659354 -0.476067 4.28796e-08
-0.130762 -0.415917 3.39893e-08
-0.176077 -0.367327 1.93303e-08
-0.195488 -0.335341 7.98318e-10
-0.188408 -0.322151 -1.92307e-08
-0.16014 -0.326777 -3.82745e-08
-0.120658 -0.345289 -5.40966e-08
-0.0823526 -0.371533 -6.49812e-08
-0.0572218 -0.3982 -6.99012e-08
-0.0541242 -0.418049 -6.85723e-08
-0.0766861 -0.425059 -6.14075e-08
-0.122304 -0.415318 -4.94021e-08
-0.182468 -0.387557 -3.39731e-08
-0.24435 -0.343267 -1.67784e-08
-0.293361 -0.286447 4.70806e-10
-0.316173 -0.223029 1.61919e-08
-0.303584 -0.160085 2.90896e-08
-0.252623 -0.104886 3.82731e-08
-0.167419 -0.0639464 4.33123e-08
-0.0586107 -0.0421646 4.42267e-08
0.0586108 -0.0421646 4.14102e-08
0.167419 -0.0639464 3.55109e-08
0.252623 -0.104886 2.72949e-08
0.303584 -0.160085 1.75249e-08
0.316173 -0.22303 6.88131e-09
0.293361 -0.286447 -4.06046e-09
0.24435 -0.343267 -1.47992e-08
0.182468 -0.387557 -2.48426e-08
0.122304 -0.415318 -3.36373e-08
0.0766854 -0.425059 -4.05286e-08
0.0541242 -0.41805 -4.47752e-08
0.0572218 -0.3982 -4.56361e-08
0.0823527 -0.371533 -4.25233e-08
0.120658 -0.345289 -3.51905e-08
0.16014 -0.326777 -2.39122e-08
0.188409 -0.322151 -9.59258e-09
0.195488 -0.335341 6.24362e-09
0.176077 -0.367327 2.16046e-08
0.130762 -0.415917 3.43197e-08
0.0659354 -0.476067 4.2416e-08
-0.110258 0.0252976 3.78771e-08
-0.1674 0.0703752 2.44571e-08
-0.200022 0.0980897 6.19343e-09
-0.203555 0.104503 -1.43708e-08
-0.179773 0.0886909 -3.44106e-08
-0.13648 0.0527825 -5.12611e-08
-0.0858608 0.0014912 -6.27892e-08
-0.0418564 -0.058765 -6.76422e-08
-0.0171156 -0.120967 -6.53459e-08
-0.0201855 -0.178596 -5.62638e-08
-0.0535319 -0.226523 -4.14547e-08
-0.112782 -0.261532 -2.24788e-08
-0.18735 -0.282466 -1.18941e-09
-0.262321 -0.290051 2.0462e-08
-0.321268 -0.286516 4.06086e-08
-0.3495 -0.275121 5.76378e-08
-0.337095 -0.259656 7.03387e-08
-0.281116 -0.243939 7.80059e-08
-0.18649 -0.231342 8.04758e-08
-0.0653129 -0.224373 7.80853e-08
0.065313 -0.224373 7.15587e-08
0.18649 -0.231342 6.18458e-08
0.281116 -0.243939 4.99454e-08
0.337095 -0.259656 3.67539e-08
0.3495 -0.275121 2.29733e-08
0.321268 -0.286516 9.09926e-09
0.262321 -0.290052 -4.51663e-09
0.18735 -0.282466 -1.75541e-08
0.112782 -0.261532 -2.96014e-08
0.053531 -0.226522 -4.00624e-08
0.0201855 -0.178596 -4.81308e-08
0.0171156 -0.120967 -5.28592e-08
0.0418564 -0.058765 -5.33256e-08
0.0858609 0.00149122 -4.88751e-08
0.13648 0.0527825 -3.9378e-08
0.179774 0.0886909 -2.54297e-08
0.203555 0.104503 -8.42e-09
0.200022 0.0980897 9.57217e-09
0.1674 0.0703752 2.60618e-08
0.110258 0.0252976 3.85746e-08
-0.141389 0.535724 3.07279e-08
-0.186368 0.561814 1.34933e-08
-0.202753 0.566436 -7.26561e-09
-0.187926 0.547152 -2.84514e-08
-0.145915 0.504488 -4.69393e-08
-0.0867025 0.441672 -6.00698e-08
-0.0242159 0.36393 -6.60207e-08
0.0265808 0.277468 -6.39978e-08
0.0528516 0.188386 -5.42325e-08
0.046626 0.101742 -3.78161e-08
0.00653923 0.0210046 -1.6437e-08
-0.0617224 -0.0519895 7.89323e-09
-0.146314 -0.116681 3.30732e-08
-0.231263 -0.173212 5.70777e-08
-0.299325 -0.221909 7.80922e-08
-0.335229 -0.262966 9.46423e-08
-0.328721 -0.296336 1.05721e-07
-0.276803 -0.321781 1.10883e-07
-0.184636 -0.338985 1.10265e-07
-0.0648245 -0.347669 1.04522e-07
0.0648246 -0.347669 9.46859e-08
0.184636 -0.338985 8.19637e-08
0.276803 -0.321781 6.75295e-08
0.328721 -0.296336 5.23395e-08
0.335229 -0.262966 3.70272e-08
0.299325 -0.221909 2.19039e-08
0.231263 -0.173212 7.05996e-09
0.146314 -0.116681 -7.47094e-09
0.0617224 -0.0519895 -2.1532e-08
-0.00654036 0.0210061 -3.46933e-08
-0.046626 0.101742 -4.61691e-08
-0.0528517 0.188386 -5.48479e-08
-0.0265808 0.277468 -5.94568e-08
0.0242159 0.36393 -5.88531e-08
0.0867025 0.441672 -5.23749e-08
0.145915 0.504488 -4.01529e-08
0.187926 0.547152 -2.32812e-08
0.202753 0.566436 -3.78141e-09
0.186368 0.561814 1.56574e-08
0.141389 0.535724 3.21241e-08
-0.156896 0.93202 2.22617e-08
-0.186957 0.938581 2.07517e-09
-0.185696 0.921943 -2.00454e-08
-0.152402 0.881493 -4.05709e-08
-0.0930533 0.819333 -5.6241e-08
-0.0193009 0.739713 -6.45933e-08
0.0538358 0.648109 -6.43124e-08
0.111052 0.550115 -5.53406e-08
0.139929 0.450362 -3.87432e-08
0.133455 0.351759 -1.63825e-08
0.0913534 0.255299 9.49654e-09
0.0200885 0.160582 3.66294e-08
-0.068273 0.066844 6.29518e-08
-0.158029 -0.025945 8.66651e-08
-0.232422 -0.116387 1.0625e-07
-0.276587 -0.201557 1.20526e-07
-0.280415 -0.277406 1.28767e-07
-0.240753 -0.339444 1.30806e-07
-0.162361 -0.383501 1.27058e-07
-0.0572894 -0.406391 1.18438e-07
0.0572895 -0.406391 1.06206e-07
0.162361 -0.383501 9.1754e-08
0.240753 -0.339444 7.63635e-08
0.280415 -0.277406 6.09846e-08
0.276587 -0.201557 4.61061e-08
0.232422 -0.116387 3.17686e-08
0.158029 -0.025945 1.7713e-08
0.0682729 0.066844 3.60097e-09
-0.0200885 0.160582 -1.07619e-08
-0.0913546 0.255301 -2.52293e-08
-0.133455 0.351759 -3.91602e-08
-0.139929 0.450362 -5.13671e-08
-0.111052 0.550115 -6.02447e-08
-0.0538357 0.648109 -6.41056e-08
0.0193009 0.739713 -6.1641e-08
0.0930533 0.819333 -5.23686e-08
0.152402 0.881493 -3.69287e-08
0.185696 0.921943 -1.71367e-08
0.186957 0.938581 4.23887e-09
0.156896 0.93202 2.39387e-08
-0.15709 1.11787 1.32895e-08
-0.171671 1.10734 -8.95988e-09
-0.153886 1.07451 -3.14174e-08
-0.104718 1.0208 -5.02559e-08
-0.0316297 0.949925 -6.22377e-08
0.0527174 0.867041 -6.5267e-08
0.132963 0.777683 -5.87033e-08
0.194239 0.686587 -4.33776e-08
0.225285 0.596622 -2.13059e-08
0.220632 0.508076 4.84014e-09
0.18128 0.418709 3.2361e-08
0.113983 0.324899 5.90208e-08
0.0298088 0.223604 8.32042e-08
-0.0574474 0.114229 1.03741e-07
-0.133088 -0.000484372 1.19669e-07
-0.18379 -0.114711 1.30199e-07
-0.200113 -0.220575 1.34876e-07
-0.178641 -0.309549 1.3376e-07
-0.123078 -0.373848 1.27448e-07
-0.0438469 -0.407582 1.16981e-07
0.043847 -0.407582 1.03703e-07
0.123078 -0.373848 8.90777e-08
0.178641 -0.309549 7.44459e-08
0.200113 -0.220575 6.07291e-08
0.18379 -0.114711 4.82339e-08
0.133088 -0.000484355 3.66728e-08
0.0574473 0.114229 2.5394e-08
-0.0298089 0.223604 1.36726e-08
-0.113983 0.324899 9.30684e-10
-0.181281 0.41871 -1.30869e-08
-0.220632 0.508076 -2.80729e-08
-0.225285 0.596622 -4.29265e-08
-0.194239 0.686587 -5.57703e-08
-0.132963 0.777683 -6.43289e-08
-0.0527174 0.867041 -6.65424e-08
0.0316297 0.949925 -6.11841e-08
0.104718 1.0208 -4.83018e-08
0.153886 1.07451 -2.93694e-08
0.171671 1.10734 -7.11273e-09
0.15709 1.11787 1.49595e-08
-0.144503 1.04782 4.52928e-09
-0.145303 1.02463 -1.897e-08
-0.11458 0.982434 -4.09469e-08
-0.0546559 0.924735 -5.74005e-08
0.0261137 0.856759 -6.52441e-08
0.114773 0.784414 -6.28701e-08
0.196359 0.713156 -5.04269e-08
0.25717 0.646878 -2.97519e-08
0.287894 0.586835 -3.94384e-09
0.285501 0.530721 2.34065e-08
0.252955 0.472517 4.91933e-08
0.197069 0.404189 7.15721e-08
0.126466 0.319182 9.00061e-08
0.0509711 0.215598 1.0454e-07
-0.0186048 0.0971742 1.15026e-07
-0.0716655 -0.0276714 1.21003e-07
-0.0999129 -0.14767 1.2213e-07
-0.099479 -0.250837 1.18576e-07
-0.0723516 -0.32643 1.10996e-07
-0.0263784 -0.366401 1.00317e-07
0.0263784 -0.366401 8.7678e-08
0.0723516 -0.32643 7.44528e-08
0.099479 -0.250837 6.20581e-08
0.0999129 -0.14767 5.14872e-08
0.0716655 -0.0276714 4.28958e-08
0.0186047 0.0971742 3.56153e-08
-0.0509712 0.215598 2.85857e-08
-0.126466 0.319182 2.08269e-08
-0.197069 0.404189 1.15297e-08
-0.252956 0.472518 -6.42179e-11
-0.285501 0.530721 -1.43389e-08
-0.287894 0.586835 -3.05942e-08
-0.25717 0.646878 -4.67661e-08
-0.196359 0.713156 -5.99183e-08
-0.114773 0.784414 -6.71237e-08
-0.0261137 0.856759 -6.63045e-08
0.0546559 0.924735 -5.68158e-08
0.11458 0.982434 -3.96902e-08
0.145303 1.02463 -1.75104e-08
0.144503 1.04782 6.06032e-09
-0.122948 0.738913 -3.43924e-09
-0.113566 0.708176 -2.75262e-08
-0.0754174 0.663454 -4.84707e-08
-0.0116912 0.610176 -6.21957e-08
0.0690344 0.554832 -6.58411e-08
0.154215 0.503798 -5.83313e-08
0.229859 0.462302 -4.06245e-08
0.283828 0.433635 -1.56125e-08
0.309299 0.418299 1.23486e-08
0.306982 0.412464 3.84059e-08
0.28367 0.406257 5.88135e-08
0.246762 0.385376 7.25432e-08
0.20038 0.337871 8.12637e-08
0.147434 0.260138 8.7264e-08
0.0928759 0.157088 9.13979e-08
0.043586 0.039493 9.30223e-08
0.00643023 -0.0785383 9.1464e-08
-0.0138522 -0.182403 8.69834e-08
-0.0168256 -0.259583 8.03073e-08
-0.00713304 -0.300789 7.1849e-08
0.00713306 -0.300789 6.18897e-08
0.0168256 -0.259583 5.13579e-08
0.0138522 -0.182403 4.19646e-08
-0.00643027 -0.0785383 3.52223e-08
-0.0435861 0.0394931 3.13039e-08
-0.092876 0.157088 2.89615e-08
-0.147434 0.260138 2.65562e-08
-0.20038 0.337871 2.32565e-08
-0.246762 0.385376 1.87964e-08
-0.283671 0.406257 1.1893e-08
-0.306982 0.412464 5.41252e-10
-0.309299 0.418299 -1.56353e-08
-0.283828 0.433635 -3.43789e-08
-0.229859 0.462302 -5.18385e-08
-0.154215 0.503798 -6.40529e-08
-0.0690343 0.554832 -6.80284e-08
0.0116912 0.610176 -6.23973e-08
0.0754175 0.663454 -4.77109e-08
0.113566 0.708176 -2.63479e-08
0.122948 0.738913 -2.04931e-09
-0.0964348 0.266828 -1.0188e-08
-0.0816543 0.233091 -3.43945e-08
-0.0426174 0.191145 -5.40431e-08
0.0171888 0.148005 -6.50415e-08
0.0896973 0.111004 -6.47654e-08
0.163466 0.0865164 -5.26115e-08
0.225805 0.0791493 -3.02174e-08
0.265809 0.0917301 -1.40263e-09
0.27852 0.12565 2.80615e-08
0.269664 0.179032 5.11822e-08
0.254865 0.239693 6.23812e-08
0.245107 0.282569 6.18467e-08
0.23543 0.286239 5.58872e-08
0.216522 0.246989 5.12596e-08
0.186337 0.172754 4.98346e-08
0.147833 0.0759852 4.88326e-08
0.106049 -0.0268652 4.59851e-08
0.0677436 -0.119136 4.24202e-08
0.0369422 -0.188792 3.99192e-08
0.0117595 -0.226911 3.76962e-08
-0.0117595 -0.226911 3.33816e-08
-0.0369422 -0.188792 2.63396e-08
-0.0677437 -0.119136 1.92455e-08
-0.106049 -0.0268651 1.57121e-08
-0.147833 0.0759853 1.65207e-08
-0.186337 0.172754 1.90539e-08
-0.216522 0.246989 1.98272e-08
-0.23543 0.286239 1.87659e-08
-0.245107 0.282569 1.95422e-08
-0.254865 0.239692 2.08114e-08
-0.269664 0.179032 1.56458e-08
-0.27852 0.12565 1.02097e-09
-0.265809 0.0917301 -1.98699e-08
-0.225805 0.0791493 -4.14474e-08
-0.163466 0.0865164 -5.84926e-08
-0.0896973 0.111005 -6.71528e-08
-0.0171888 0.148005 -6.54258e-08
0.0426174 0.191145 -5.34249e-08
0.0816543 0.233091 -3.33167e-08
0.0964348 0.266828 -8.86947e-09
-0.0682392 -0.252477 -1.54305e-08
-0.0531159 -0.286112 -3.9494e-08
-0.019673 -0.322494 -5.78646e-08
0.02893 -0.35348 -6.64587e-08
0.0859524 -0.371402 -6.28371e-08
0.141856 -0.370532 -4.67081e-08
0.1856 -0.347788 -2.00653e-08
0.206406 -0.301823 1.28439e-08
0.197339 -0.22937 4.50712e-08
0.166378 -0.121533 6.57117e-08
0.151663 0.017534 6.30079e-08
0.182227 0.136253 3.89694e-08
0.22655 0.190761 1.0048e-08
0.250985 0.189979 -7.5525e-09
0.252775 0.150876 -8.76719e-09
0.232459 0.0812611 -6.75398e-09
0.188968 0.000555876 -1.07945e-08
0.135393 -0.069089 -1.3903e-08
0.0837473 -0.122947 -8.12675e-09
0.0293357 -0.156819 3.87028e-09
-0.0293356 -0.156819 1.2385e-08
-0.0837474 -0.122947 1.0219e-08
-0.135393 -0.069089 1.4909e-09
-0.188968 0.00055596 -1.94989e-09
-0.232459 0.0812612 4.04748e-09
-0.252775 0.150876 1.28915e-08
-0.250985 0.189979 1.3548e-08
-0.22655 0.190761 2.803e-09
-0.182227 0.136253 5.69422e-09
-0.151663 0.0175313 2.43806e-08
-0.166378 -0.121533 3.17141e-08
-0.197339 -0.22937 1.92867e-08
-0.206406 -0.301823 -4.50349e-09
-0.1856 -0.347788 -3.04019e-08
-0.141856 -0.370532 -5.19546e-08
-0.0859524 -0.371402 -6.48146e-08
-0.02893 -0.35348 -6.65997e-08
0.019673 -0.322494 -5.71161e-08
0.0531159 -0.286112 -3.83599e-08
0.0682392 -0.252477 -1.41045e-08
-0.0403344 -0.691277 -1.89959e-08
-0.0292676 -0.723498 -4.2842e-08
-0.00682567 -0.754261 -6.02005e-08
0.0247749 -0.774763 -6.69972e-08
0.0609863 -0.777417 -6.0898e-08
0.0952605 -0.757645 -4.17277e-08
0.119345 -0.715051 -1.14193e-08
0.122693 -0.65307 2.62591e-08
0.0893886 -0.57337 6.46238e-08
0.00168852 -0.447188 8.66563e-08
-0.0545136 -0.199931 5.65528e-08
0.0625476 0.0178171 -9.83783e-09
0.19136 0.0871742 -7.63398e-08
0.250372 0.105296 -1.28355e-07
0.28772 0.111532 -9.56383e-08
0.301395 0.0648311 -6.16726e-08
0.249065 -0.00272561 -7.85023e-08
0.174221 -0.0321883 -9.59598e-08
0.122951 -0.0580785 -8.56716e-08
0.0509998 -0.101197 -4.3952e-08
-0.0509997 -0.101197 1.04712e-08
-0.122951 -0.0580785 3.2208e-08
-0.174221 -0.0321883 6.085e-09
-0.249065 -0.0027255 -1.18411e-08
-0.301395 0.0648311 7.23148e-09
-0.28772 0.111532 3.22369e-08
-0.250372 0.105296 4.4976e-08
-0.19136 0.0871743 -4.1249e-08
-0.0625475 0.0178171 -5.67064e-08
0.0545143 -0.199937 1.86669e-08
-0.00168853 -0.447189 5.17666e-08
-0.0893886 -0.57337 3.9059e-08
-0.122693 -0.65307 9.83568e-09
-0.119345 -0.715051 -2.0749e-08
-0.0952605 -0.757645 -4.61458e-08
-0.0609863 -0.777417 -6.22796e-08
-0.0247748 -0.774763 -6.67466e-08
0.00682568 -0.754261 -5.92163e-08
0.0292676 -0.723498 -4.15828e-08
0.0403344 -0.691277 -1.76199e-08
-0.0133052 -0.941501 -2.07963e-08
-0.00926703 -0.972565 -4.44945e-08
-0.00137555 -0.999896 -6.12954e-08
0.00956994 -1.01441 -6.71281e-08
0.021953 -1.00871 -5.96975e-08
0.0334041 -0.979203 -3.88279e-08
0.0407141 -0.928028 -6.21125e-09
0.0387302 -0.865427 3.53403e-08
0.0131368 -0.815809 8.12152e-08
-0.128956 -0.83436 1.10031e-07
-0.598148 -0.298657 -4.59329e-08
0.00433262 0.0947807 -3.40604e-07
0.229438 0.0163533 -4.79933e-08
0.100905 -0.06631 -5.38267e-07
0.247063 0.060016 -2.52398e-07
0.477057 0.0614033 -1.20899e-08
0.256313 -0.0658263 -1.73516e-07
0.0423038 -0.0252471 -3.065e-07
0.224363 0.0282428 -3.93764e-07
0.189894 -0.072011 -3.41783e-07
-0.189894 -0.0720107 2.66378e-08
-0.224363 0.028242 3.3611e-07
-0.0423041 -0.0252464 1.33858e-07
-0.256313 -0.0658262 -1.44084e-09
-0.477057 0.0614033 1.15847e-07
-0.247063 0.060016 1.02765e-07
-0.100906 -0.0663103 4.85157e-07
-0.229438 0.0163536 -3.49425e-07
-0.00433212 0.0947808 -3.14729e-07
0.598155 -0.298675 2.22853e-09
0.128956 -0.83436 7.30825e-08
-0.0131368 -0.815809 5.50318e-08
-0.0387302 -0.865427 1.93033e-08
-0.0407141 -0.928028 -1.49372e-08
-0.0334041 -0.979203 -4.27053e-08
-0.021953 -1.00871 -6.06734e-08
-0.00956993 -1.01441 -6.66028e-08
0.00137555 -0.999896 -6.01407e-08
0.00926703 -0.972565 -4.31407e-08
0.0133052 -0.941501 -1.93779e-08
0.0133052 -0.941501 -2.07963e-08
0.00926703 -0.972565 -4.44945e-08
0.00137555 -0.999896 -6.12954e-08
-0.00956994 -1.01441 -6.71281e-08
-0.021953 -1.00871 -5.96975e-08
-0.0334041 -0.979203 -3.88279e-08
-0.0407141 -0.928028 -6.21125e-09
-0.0387302 -0.865427 3.53403e-08
-0.0131368 -0.815809 8.12152e-08
0.128956 -0.83436 1.10031e-07
0.598148 -0.298657 -4.59329e-08
-0.00433262 0.0947807 -3.40604e-07
-0.229438 0.0163533 -4.79933e-08
-0.100905 -0.06631 -5.38267e-07
-0.247063 0.060016 -2.52398e-07
-0.477057 0.0614033 -1.20899e-08
-0.256313 -0.0658263 -1.73516e-07
-0.0423038 -0.0252471 -3.065e-07
-0.224363 0.0282428 -3.93764e-07
-0.189894 -0.072011 -3.41783e-07
0.189894 -0.0720107 2.66378e-08
0.224363 0.028242 3.3611e-07
0.0423041 -0.0252464 1.33858e-07
0.256313 -0.0658262 -1.44084e-09
0.477057 0.0614033 1.15847e-07
0.247063 0.060016 1.02765e-07
0.100906 -0.0663103 4.85157e-07
0.229438 0.0163536 -3.49425e-07
0.00433212 0.0947808 -3.14729e-07
-0.598155 -0.298675 2.22853e-09
-0.128956 -0.83436 7.30825e-08
0.0131368 -0.815809 5.50318e-08
0.0387302 -0.865427 1.93033e-08
0.0407141 -0.928028 -1.49372e-08
0.0334041 -0.979203 -4.27053e-08
0.021953 -1.00871 -6.06734e-08
0.00956993 -1.01441 -6.66028e-08
-0.00137555 -0.999896 -6.01407e-08
-0.00926703 -0.972565 -4.31407e-08
-0.0133052 -0.941501 -1.93779e-08
0.0403344 -0.691277 -1.89959e-08
0.0292676 -0.723498 -4.2842e-08
0.00682567 -0.754261 -6.02005e-08
-0.0247749 -0.774763 -6.69972e-08
-0.0609863 -0.777417 -6.0898e-08
-0.0952605 -0.757645 -4.17277e-08
-0.119345 -0.715051 -1.14193e-08
-0.122693 -0.65307 2.62591e-08
-0.0893886 -0.57337 6.46238e-08
-0.00168852 -0.447188 8.66563e-08
0.0545136 -0.199931 5.65528e-08
-0.0625476 0.0178171 -9.83783e-09
-0.19136 0.0871742 -7.63398e-08
-0.250372 0.105296 -1.28355e-07
-0.28772 0.111532 -9.56383e-08
-0.301395 0.0648311 -6.16726e-08
-0.249065 -0.00272561 -7.85023e-08
-0.174221 -0.0321883 -9.59598e-08
-0.122951 -0.0580785 -8.56716e-08
-0.0509998 -0.101197 -4.3952e-08
0.0509997 -0.101197 1.04712e-08
0.122951 -0.0580785 3.2208e-08
0.174221 -0.0321883 6.085e-09
0.249065 -0.0027255 -1.18411e-08
0.301395 0.0648311 7.23148e-09
0.28772 0.111532 3.22369e-08
0.250372 0.105296 4.4976e-08
0.19136 0.0871743 -4.1249e-08
0.0625475 0.0178171 -5.67064e-08
-0.0545143 -0.199937 1.86669e-08
0.00168853 -0.447189 5.17666e-08
0.0893886 -0.57337 3.9059e-08
0.122693 -0.65307 9.83568e-09
0.119345 -0.715051 -2.0749e-08
0.0952605 -0.757645 -4.61458e-08
0.0609863 -0.777417 -6.22796e-08
0.0247748 -0.774763 -6.67466e-08
-0.00682568 -0.754261 -5.92163e-08
-0.0292676 -0.723498 -4.15828e-08
-0.0403344 -0.691277 -1.76199e-08
0.0682392 -0.252477 -1.54305e-08
0.0531159 -0.286112 -3.9494e-08
0.019673 -0.322494 -5.78646e-08
-0.02893 -0.35348 -6.64587e-08
-0.0859524 -0.371402 -6.28371e-08
-0.141856 -0.370532 -4.67081e-08
-0.1856 -0.347788 -2.00653e-08
-0.206406 -0.301823 1.28439e-08
-0.197339 -0.22937 4.50712e-08
-0.166378 -0.121533 6.57117e-08
-0.151663 0.017534 6.30079e-08
-0.182227 0.136253 3.89694e-08
-0.22655 0.190761 1.0048e-08
-0.250985 0.189979 -7.5525e-09
-0.252775 0.150876 -8.76719e-09
-0.232459 0.0812611 -6.75398e-09
-0.188968 0.000555876 -1.07945e-08
-0.135393 -0.069089 -1.3903e-08
-0.0837473 -0.122947 -8.12675e-09
-0.0293357 -0.156819 3.87028e-09
0.0293356 -0.156819 1.2385e-08
0.0837474 -0.122947 1.0219e-08
0.135393 -0.069089 1.4909e-09
0.188968 0.00055596 -1.94989e-09
0.232459 0.0812612 4.04748e-09
0.252775 0.150876 1.28915e-08
0.250985 0.189979 1.3548e-08
0.22655 0.190761 2.803e-09
0.182227 0.136253 5.69422e-09
0.151663 0.0175313 2.43806e-08
0.166378 -0.121533 3.17141e-08
0.197339 -0.22937 1.92867e-08
0.206406 -0.301823 -4.50349e-09
0.1856 -0.347788 -3.04019e-08
0.141856 -0.370532 -5.19546e-08
0.0859524 -0.371402 -6.48146e-08
0.02893 -0.35348 -6.65997e-08
-0.019673 -0.322494 -5.71161e-08
-0.0531159 -0.286112 -3.83599e-08
-0.0682392 -0.252477 -1.41045e-08
0.0964348 0.266828 -1.0188e-08
0.0816543 0.233091 -3.43945e-08
0.0426174 0.191145 -5.40431e-08
-0.0171888 0.148005 -6.50415e-08
-0.0896973 0.111004 -6.47654e-08
-0.163466 0.0865164 -5.26115e-08
-0.225805 0.0791493 -3.02174e-08
-0.265809 0.0917301 -1.40263e-09
-0.27852 0.12565 2.80615e-08
-0.269664 0.179032 5.11822e-08
-0.254865 0.239693 6.23812e-08
-0.245107 0.282569 6.18467e-08
-0.23543 0.286239 5.58872e-08
-0.216522 0.246989 5.12596e-08
-0.186337 0.172754 4.98346e-08
-0.147833 0.0759852 4.88326e-08
-0.106049 -0.0268652 4.59851e-08
-0.0677436 -0.119136 4.24202e-08
-0.0369422 -0.188792 3.99192e-08
-0.0117595 -0.226911 3.76962e-08
0.0117595 -0.226911 3.33816e-08
0.0369422 -0.188792 2.63396e-08
0.0677437 -0.119136 1.92455e-08
0.106049 -0.0268651 1.57121e-08
0.147833 0.0759853 1.65207e-08
0.186337 0.172754 1.90539e-08
0.216522 0.246989 1.98272e-08
0.23543 0.286239 1.87659e-08
0.245107 0.282569 1.95422e-08
0.254865 0.239692 2.08114e-08
0.269664 0.179032 1.56458e-08
0.27852 0.12565 1.02097e-09
0.265809 0.0917301 -1.98699e-08
0.225805 0.0791493 -4.14474e-08
0.163466 0.0865164 -5.84926e-08
0.0896973 0.111005 -6.71528e-08
0.0171888 0.148005 -6.54258e-08
-0.0426174 0.191145 -5.34249e-08
-0.0816543 0.233091 -3.33167e-08
-0.0964348 0.266828 -8.86947e-09
0.122948 0.738913 -3.43924e-09
0.113566 0.708176 -2.75262e-08
0.0754174 0.663454 -4.84707e-08
0.0116912 0.610176 -6.21957e-08
-0.0690344 0.554832 -6.58411e-08
-0.154215 0.503798 -5.83313e-08
-0.229859 0.462302 -4.06245e-08
-0.283828 0.433635 -1.56125e-08
-0.309299 0.418299 1.23486e-08
-0.306982 0.412464 3.84059e-08
-0.28367 0.406257 5.88135e-08
-0.246762 0.385376 7.25432e-08
-0.20038 0.337871 8.12637e-08
-0.147434 0.260138 8.7264e-08
-0.0928759 0.157088 9.13979e-08
-0.043586 0.039493 9.30223e-08
-0.00643023 -0.0785383 9.1464e-08
0.0138522 -0.182403 8.69834e-08
0.0168256 -0.259583 8.03073e-08
0.00713304 -0.300789 7.1849e-08
-0.00713306 -0.300789 6.18897e-08
-0.0168256 -0.259583 5.13579e-08
-0.0138522 -0.182403 4.19646e-08
0.00643027 -0.0785383 3.52223e-08
0.0435861 0.0394931 3.13039e-08
0.092876 0.157088 2.89615e-08
0.147434 0.260138 2.65562e-08
0.20038 0.337871 2.32565e-08
0.246762 0.385376 1.87964e-08
0.283671 0.406257 1.1893e-08
0.306982 0.412464 5.41252e-10
0.309299 0.418299 -1.56353e-08
0.283828 0.433635 -3.43789e-08
0.229859 0.462302 -5.18385e-08
0.154215 0.503798 -6.40529e-08
0.0690343 0.554832 -6.80284e-08
-0.0116912 0.610176 -6.23973e-08
-0.0754175 0.663454 -4.77109e-08
-0.113566 0.708176 -2.63479e-08
-0.122948 0.738913 -2.04931e-09
0.144503 1.04782 4.52928e-09
0.145303 1.02463 -1.897e-08
0.11458 0.982434 -4.09469e-08
0.0546559 0.924735 -5.74005e-08
-0.0261137 0.856759 -6.52441e-08
-0.114773 0.784414 -6.28701e-08
-0.196359 0.713156 -5.04269e-08
-0.25717 0.646878 -2.97519e-08
-0.287894 0.586835 -3.94384e-09
-0.285501 0.530721 2.34065e-08
-0.252955 0.472517 4.91933e-08
-0.197069 0.404189 7.15721e-08
-0.126466 0.319182 9.00061e-08
-0.0509711 0.215598 1.0454e-07
0.0186048 0.0971742 1.15026e-07
0.0716655 -0.0276714 1.21003e-07
0.0999129 -0.14767 1.2213e-07
0.099479 -0.250837 1.18576e-07
0.0723516 -0.32643 1.10996e-07
0.0263784 -0.366401 1.00317e-07
-0.0263784 -0.366401 8.7678e-08
-0.0723516 -0.32643 7.44528e-08
-0.099479 -0.250837 6.20581e-08
-0.0999129 -0.14767 5.14872e-08
-0.0716655 -0.0276714 4.28958e-08
-0.0186047 0.0971742 3.56153e-08
0.0509712 0.215598 2.85857e-08
0.126466 0.319182 2.08269e-08
0.197069 0.404189 1.15297e-08
0.252956 0.472518 -6.42179e-11
0.285501 0.530721 -1.43389e-08
0.287894 0.586835 -3.05942e-08
0.25717 0.646878 -4.67661e-08
0.196359 0.713156 -5.99183e-08
0.114773 0.784414 -6.71237e-08
0.0261137 0.856759 -6.63045e-08
-0.0546559 0.924735 -5.68158e-08
-0.11458 0.982434 -3.96902e-08
-0.145303 1.02463 -1.75104e-08
-0.144503 1.04782 6.06032e-09
0.15709 1.11787 1.32895e-08
0.171671 1.10734 -8.95988e-09
0.153886 1.07451 -3.14174e-08
0.104718 1.0208 -5.02559e-08
0.0316297 0.949925 -6.22377e-08
-0.0527174 0.867041 -6.5267e-08
-0.132963 0.777683 -5.87033e-08
-0.194239 0.686587 -4.33776e-08
-0.225285 0.596622 -2.13059e-08
-0.220632 0.508076 4.84014e-09
-0.18128 0.418709 3.2361e-08
-0.113983 0.324899 5.90208e-08
-0.0298088 0.223604 8.32042e-08
0.0574474 0.114229 1.03741e-07
0.133088 -0.000484372 1.19669e-07
0.18379 -0.114711 1.30199e-07
0.200113 -0.220575 1.34876e-07
0.178641 -0.309549 1.3376e-07
0.123078 -0.373848 1.27448e-07
0.0438469 -0.407582 1.16981e-07
-0.043847 -0.407582 1.03703e-07
-0.123078 -0.373848 8.90777e-08
-0.178641 -0.309549 7.44459e-08
-0.200113 -0.220575 6.07291e-08
-0.18379 -0.114711 4.82339e-08
-0.133088 -0.000484355 3.66728e-08
-0.0574473 0.114229 2.5394e-08
0.0298089 0.223604 1.36726e-08
0.113983 0.324899 9.30684e-10
0.181281 0.41871 -1.30869e-08
0.220632 0.508076 -2.80729e-08
0.225285 0.596622 -4.29265e-08
0.194239 0.686587 -5.57703e-08
0.132963 0.777683 -6.43289e-08
0.0527174 0.867041 -6.65424e-08
-0.0316297 0.949925 -6.11841e-08
-0.104718 1.0208 -4.83018e-08
-0.153886 1.07451 -2.93694e-08
-0.171671 1.10734 -7.11273e-09
-0.15709 1.11787 1.49595e-08
0.156896 0.93202 2.22617e-08
0.186957 0.938581 2.07517e-09
0.185696 0.921943 -2.00454e-08
0.152402 0.881493 -4.05709e-08
0.0930533 0.819333 -5.6241e-08
0.0193009 0.739713 -6.45933e-08
-0.0538358 0.648109 -6.43124e-08
-0.111052 0.550115 -5.53406e-08
-0.139929 0.450362 -3.87432e-08
-0.133455 0.351759 -1.63825e-08
-0.0913534 0.255299 9.49654e-09
-0.0200885 0.160582 3.66294e-08
0.068273 0.066844 6.29518e-08
0.158029 -0.025945 8.66651e-08
0.232422 -0.116387 1.0625e-07
0.276587 -0.201557 1.20526e-07
0.280415 -0.277406 1.28767e-07
0.240753 -0.339444 1.30806e-07
0.162361 -0.383501 1.27058e-07
0.0572894 -0.406391 1.18438e-07
-0.0572895 -0.406391 1.06206e-07
-0.162361 -0.383501 9.1754e-08
-0.240753 -0.339444 7.63635e-08
-0.280415 -0.277406 6.09846e-08
-0.276587 -0.201557 4.61061e-08
-0.232422 -0.116387 3.17686e-08
-0.158029 -0.025945 1.7713e-08
-0.0682729 0.066844 3.60097e-09
0.0200885 0.160582 -1.07619e-08
0.0913546 0.255301 -2.52293e-08
0.133455 0.351759 -3.91602e-08
0.139929 0.450362 -5.13671e-08
0.111052 0.550115 -6.02447e-08
0.0538357 0.648109 -6.41056e-08
-0.0193009 0.739713 -6.1641e-08
-0.0930533 0.819333 -5.23686e-08
-0.152402 0.881493 -3.69287e-08
-0.185696 0.921943 -1.71367e-08
-0.186957 0.938581 4.23887e-09
-0.156896 0.93202 2.39387e-08
0.141389 0.535724 3.07279e-08
0.186368 0.561814 1.34933e-08
0.202753 0.566436 -7.26561e-09
0.187926 0.547152 -2.84514e-08
0.145915 0.504488 -4.69393e-08
0.0867025 0.441672 -6.00698e-08
0.0242159 0.36393 -6.60207e-08
-0.0265808 0.277468 -6.39978e-08
-0.0528516 0.188386 -5.42325e-08
-0.046626 0.101742 -3.78161e-08
-0.00653923 0.0210046 -1.6437e-08
0.0617224 -0.0519895 7.89323e-09
0.146314 -0.116681 3.30732e-08
0.231263 -0.173212 5.70777e-08
0.299325 -0.221909 7.80922e-08
0.335229 -0.262966 9.46423e-08
0.328721 -0.296336 1.05721e-07
0.276803 -0.321781 1.10883e-07
0.184636 -0.338985 1.10265e-07
0.0648245 -0.347669 1.04522e-07
-0.0648246 -0.347669 9.46859e-08
-0.184636 -0.338985 8.19637e-08
-0.276803 -0.321781 6.75295e-08
-0.328721 -0.296336 5.23395e-08
-0.335229 -0.262966 3.70272e-08
-0.299325 -0.221909 2.19039e-08
-0.231263 -0.173212 7.05996e-09
-0.146314 -0.116681 -7.47094e-09
-0.0617224 -0.0519895 -2.1532e-08
0.00654036 0.0210061 -3.46933e-08
0.046626 0.101742 -4.61691e-08
0.0528517 0.188386 -5.48479e-08
0.0265808 0.277468 -5.94568e-08
-0.0242159 0.36393 -5.88531e-08
-0.0867025 0.441672 -5.23749e-08
-0.145915 0.504488 -4.01529e-08
-0.187926 0.547152 -2.32812e-08
-0.202753 0.566436 -3.78141e-09
-0.186368 0.561814 1.56574e-08
-0.141389 0.535724 3.21241e-08
0.110258 0.0252976 3.78771e-08
0.1674 0.0703752 2.44571e-08
0.200022 0.0980897 6.19343e-09
0.203555 0.104503 -1.43708e-08
0.179773 0.0886909 -3.44106e-08
0.13648 0.0527825 -5.12611e-08
0.0858608 0.0014912 -6.27892e-08
0.0418564 -0.058765 -6.76422e-08
0.0171156 -0.120967 -6.53459e-08
0.0201855 -0.178596 -5.62638e-08
0.0535319 -0.226523 -4.14547e-08
0.112782 -0.261532 -2.24788e-08
0.18735 -0.282466 -1.18941e-09
0.262321 -0.290051 2.0462e-08
0.321268 -0.286516 4.06086e-08
0.3495 -0.275121 5.76378e-08
0.337095 -0.259656 7.03387e-08
0.281116 -0.243939 7.80059e-08
0.18649 -0.231342 8.04758e-08
0.0653129 -0.224373 7.80853e-08
-0.065313 -0.224373 7.15587e-08
-0.18649 -0.231342 6.18458e-08
-0.281116 -0.243939 4.99454e-08
-0.337095 -0.259656 3.67539e-08
-0.3495 -0.275121 2.29733e-08
-0.321268 -0.286516 9.09926e-09
-0.262321 -0.290052 -4.51663e-09
-0.18735 -0.282466 -1.75541e-08
-0.112782 -0.261532 -2.96014e-08
-0.053531 -0.226522 -4.00624e-08
-0.0201855 -0.178596 -4.81308e-08
-0.0171156 -0.120967 -5.28592e-08
-0.0418564 -0.058765 -5.33256e-08
-0.0858609 0.00149122 -4.88751e-08
-0.13648 0.0527825 -3.9378e-08
-0.179774 0.0886909 -2.54297e-08
-0.203555 0.104503 -8.42e-09
-0.200022 0.0980897 9.57217e-09
-0.1674 0.0703752 2.60618e-08
-0.110258 0.0252976 3.85746e-08
0.0659354 -0.476067 4.28796e-08
0.130762 -0.415917 3.39893e-08
0.176077 -0.367327 1.93303e-08
0.195488 -0.335341 7.98318e-10
0.188408 -0.322151 -1.92307e-08
0.16014 -0.326777 -3.82745e-08
0.120658 -0.345289 -5.40966e-08
0.0823526 -0.371533 -6.49812e-08
0.0572218 -0.3982 -6.99012e-08
0.0541242 -0.418049 -6.85723e-08
0.0766861 -0.425059 -6.14075e-08
0.122304 -0.415318 -4.94021e-08
0.182468 -0.387557 -3.39731e-08
0.24435 -0.343267 -1.67784e-08
0.293361 -0.286447 4.70806e-10
0.316173 -0.223029 1.61919e-08
0.303584 -0.160085 2.90896e-08
0.252623 -0.104886 3.82731e-08
0.167419 -0.0639464 4.33123e-08
0.0586107 -0.0421646 4.42267e-08
-0.0586108 -0.0421646 4.14102e-08
-0.167419 -0.0639464 3.55109e-08
-0.252623 -0.104886 2.72949e-08
-0.303584 -0.160085 1.75249e-08
-0.316173 -0.22303 6.88131e-09
-0.293361 -0.286447 -4.06046e-09
-0.24435 -0.343267 -1.47992e-08
-0.182468 -0.387557 -2.48426e-08
-0.122304 -0.415318 -3.36373e-08
-0.0766854 -0.425059 -4.05286e-08
-0.0541242 -0.41805 -4.47752e-08
-0.0572218 -0.3982 -4.56361e-08
-0.0823527 -0.371533 -4.25233e-08
-0.120658 -0.345289 -3.51905e-08
-0.16014 -0.326777 -2.39122e-08
-0.188409 -0.322151 -9.59258e-09
-0.195488 -0.335341 6.24362e-09
-0.176077 -0.367327 2.16046e-08
-0.130762 -0.415917 3.43197e-08
-0.0659354 -0.476067 4.2416e-08
0.0135031 -0.848858 4.49907e-08
0.0805897 -0.780545 4.10744e-08
0.133671 -0.717235 3.0952e-08
0.164821 -0.664662 1.58219e-08
0.171183 -0.626066 -2.50297e-09
0.155453 -0.601626 -2.18903e-08
0.125124 -0.588444 -4.01983e-08
0.0906802 -0.581077 -5.55513e-08
0.0631241 -0.572528 -6.65464e-08
0.0514114 -0.555502 -7.23731e-08
0.060342 -0.523718 -7.28467e-08
0.0893741 -0.473051 -6.83656e-08
0.132626 -0.402335 -5.98106e-08
0.18007 -0.313715 -4.84028e-08
0.219672 -0.212501 -3.55387e-08
0.240032 -0.106561 -2.26197e-08
0.232947 -0.00533161 -1.08954e-08
0.195336 0.081411 -1.33905e-09
0.130094 0.144859 5.42731e-09
0.0456537 0.178368 9.15089e-09
-0.0456538 0.178368 9.91215e-09
-0.130094 0.144859 8.04815e-09
-0.195336 0.0814109 4.05702e-09
-0.232947 -0.00533167 -1.49221e-09
-0.240032 -0.106561 -8.02423e-09
-0.219672 -0.212501 -1.49855e-08
-0.18007 -0.313715 -2.18375e-08
-0.132626 -0.402335 -2.80301e-08
-0.0893741 -0.473051 -3.29754e-08
-0.0603416 -0.523719 -3.60475e-08
-0.0514114 -0.555502 -3.66252e-08
-0.0631241 -0.572528 -3.41836e-08
-0.0906802 -0.581077 -2.84239e-08
-0.125124 -0.588444 -1.94139e-08
-0.155453 -0.601626 -7.6982e-09
-0.171183 -0.626066 5.66228e-09
-0.164821 -0.664662 1.91565e-08
-0.133671 -0.717235 3.10034e-08
-0.0805897 -0.780545 3.94291e-08
-0.0135031 -0.848858 4.29936e-08
-0.0400401 -1.0065 4.367e-08
0.0238417 -0.938815 4.47948e-08
0.0793134 -0.869828 3.98105e-08
0.117333 -0.805573 2.92205e-08
0.133047 -0.750098 1.42084e-08
0.126639 -0.704705 -3.57129e-09
0.103049 -0.667697 -2.22453e-08
0.0706492 -0.634712 -3.99739e-08
0.0391977 -0.599557 -5.5168e-08
0.017534 -0.555412 -6.66489e-08
0.0115404 -0.496192 -7.37387e-08
0.0228195 -0.417826 -7.62813e-08
0.0483747 -0.319227 -7.46024e-08
0.0813582 -0.202822 -6.94189e-08
0.112707 -0.0745158 -6.17135e-08
0.133292 0.0568929 -5.25917e-08
0.13609 0.18077 -4.31409e-08
0.117877 0.28603 -3.43084e-08
0.0800418 0.362632 -2.68149e-08
0.0283455 0.402979 -2.11119e-08
-0.0283456 0.402979 -1.73824e-08
-0.0800418 0.362632 -1.55776e-08
-0.117877 0.28603 -1.54727e-08
-0.13609 0.18077 -1.67268e-08
-0.133292 0.0568928 -1.893e-08
-0.112707 -0.0745159 -2.16316e-08
-0.0813582 -0.202822 -2.43495e-08
-0.0483747 -0.319227 -2.65704e-08
-0.0228195 -0.417826 -2.77565e-08
-0.0115404 -0.496194 -2.73729e-08
-0.017534 -0.555412 -2.49456e-08
-0.0391977 -0.599557 -2.01501e-08
-0.0706492 -0.634712 -1.29155e-08
-0.103049 -0.667697 -3.52186e-09
-0.126639 -0.704705 7.34397e-09
-0.133047 -0.750098 1.86007e-08
-0.117333 -0.805573 2.88738e-08
-0.0793134 -0.869828 3.66844e-08
-0.0238417 -0.938815 4.0701e-08
0.0400401 -1.0065 4.00105e-08
-0.0870474 -0.916344 3.86994e-08
-0.0310197 -0.85831 4.44883e-08
0.0219303 -0.79381 4.47888e-08
0.0621506 -0.728822 3.94656e-08
0.0832052 -0.667956 2.90628e-08
0.0830295 -0.613542 1.46795e-08
0.0640982 -0.565173 -2.21354e-09
0.0326045 -0.519805 -1.99846e-08
-0.00312651 -0.472395 -3.70457e-08
-0.0346104 -0.416966 -5.20273e-08
-0.0551029 -0.347908 -6.39053e-08
-0.0610027 -0.261283 -7.20711e-08
-0.0524624 -0.155886 -7.63477e-08
-0.0330917 -0.0338896 -7.69514e-08
-0.00886168 0.0990695 -7.44149e-08
0.0135073 0.23439 -6.94817e-08
0.0282719 0.361524 -6.29918e-08
0.0320855 0.469363 -5.57718e-08
0.0247696 0.547777 -4.85463e-08
0.00925844 0.589062 -4.18786e-08
-0.00925845 0.589062 -3.61438e-08
-0.0247696 0.547777 -3.15308e-08
-0.0320855 0.469363 -2.80635e-08
-0.0282719 0.361524 -2.56316e-08
-0.0135073 0.23439 -2.40191e-08
0.00886168 0.0990695 -2.29275e-08
0.0330917 -0.0338897 -2.1993e-08
0.0524624 -0.155886 -2.08036e-08
0.0610027 -0.261283 -1.89263e-08
0.0551027 -0.34791 -1.59505e-08
0.0346104 -0.416966 -1.15524e-08
0.00312648 -0.472395 -5.57414e-09
-0.0326046 -0.519805 1.89588e-09
-0.0640982 -0.565173 1.04628e-08
-0.0830295 -0.613542 1.94094e-08
-0.0832052 -0.667956 2.77431e-08
-0.0621506 -0.728822 3.43143e-08
-0.0219303 -0.79381 3.79981e-08
0.0310197 -0.85831 3.79109e-08
0.0870474 -0.916344 3.36224e-08
-0.120727 -0.607011 3.02765e-08
-0.0757499 -0.56611 3.98971e-08
-0.029052 -0.515297 4.51028e-08
0.00964653 -0.460205 4.52256e-08
0.0328298 -0.405763 4.02154e-08
0.0365741 -0.355185 3.05959e-08
0.0211105 -0.309334 1.73522e-08
-0.00951407 -0.266596 1.77414e-09
-0.0485495 -0.223272 -1.47178e-08
-0.0881408 -0.174436 -3.07411e-08
-0.12103 -0.11509 -4.50946e-08
-0.141975 -0.0413923 -5.68609e-08
-0.148598 0.0482613 -6.54665e-08
-0.141506 0.152523 -7.06924e-08
-0.123717 0.266884 -7.26439e-08
-0.0995902 0.384031 -7.16889e-08
-0.0735547 0.494722 -6.83748e-08
-0.0489839 0.589047 -6.33398e-08
-0.0274879 0.657865 -5.72306e-08
-0.00879305 0.694171 -5.0636e-08
0.00879305 0.694171 -4.40412e-08
0.0274879 0.657865 -3.78033e-08
0.0489839 0.589047 -3.21445e-08
0.0735547 0.494722 -2.71566e-08
0.0995902 0.384031 -2.28121e-08
0.123717 0.266884 -1.89785e-08
0.141506 0.152523 -1.54366e-08
0.148598 0.0482613 -1.19055e-08
0.141975 -0.0413923 -8.08009e-09
0.121029 -0.115091 -3.68058e-09
0.0881408 -0.174436 1.48351e-09
0.0485494 -0.223272 7.44673e-09
0.00951404 -0.266596 1.40291e-08
-0.0211105 -0.309334 2.08044e-08
-0.0365741 -0.355185 2.71123e-08
-0.0328298 -0.405763 3.21242e-08
-0.00964652 -0.460205 3.49646e-08
0.029052 -0.515297 3.48731e-08
0.0757499 -0.56611 3.1381e-08
0.120727 -0.607011 2.44649e-08
-0.136562 -0.16056 1.90582e-08
-0.104071 -0.141195 3.12792e-08
-0.0657822 -0.11039 4.04864e-08
-0.0309562 -0.0732157 4.56234e-08
-0.00764766 -0.03468 4.61421e-08
-0.00117405 0.00131176 4.20269e-08
-0.0132346 0.0327322 3.3751e-08
-0.0418159 0.0597825 2.21782e-08
-0.081846 0.0847551 8.43142e-09
-0.126399 0.111436 -6.25276e-09
-0.16815 0.14417 -2.0665e-08
-0.200744 0.186768 -3.37416e-08
-0.219809 0.241491 -4.46532e-08
-0.223423 0.30829 -5.28548e-08
-0.212003 0.384486 -5.80972e-08
-0.187744 0.46494 -6.04056e-08
-0.153781 0.542712 -6.00321e-08
-0.113355 0.610087 -5.73921e-08
-0.069192 0.659793 -5.29955e-08
-0.0232348 0.686186 -4.73817e-08
0.0232349 0.686186 -4.10649e-08
0.069192 0.659793 -3.44923e-08
0.113355 0.610087 -2.8016e-08
0.153781 0.542712 -2.18777e-08
0.187744 0.46494 -1.62035e-08
0.212003 0.384486 -1.10081e-08
0.223423 0.30829 -6.21027e-09
0.219809 0.241491 -1.65854e-09
0.200744 0.186768 2.82956e-09
0.168149 0.144169 7.41754e-09
0.126399 0.111436 1.21926e-08
0.0818459 0.0847551 1.7112e-08
0.0418158 0.0597825 2.19626e-08
0.0132345 0.0327322 2.63507e-08
0.00117404 0.00131177 2.973e-08
0.00764766 -0.03468 3.14754e-08
0.0309562 -0.0732157 3.09952e-08
0.0657822 -0.11039 2.78671e-08
0.104071 -0.141195 2.19726e-08
0.136562 -0.16056 1.35967e-08
-0.133281 0.308507 6.13845e-09
-0.113002 0.305911 1.94516e-08
-0.0836793 0.314541 3.13148e-08
-0.0536464 0.330057 4.04503e-08
-0.0309644 0.347592 4.59468e-08
-0.0218467 0.362777 4.7336e-08
-0.0295497 0.372609 4.46082e-08
-0.0539177 0.375989 3.81721e-08
-0.091616 0.373845 2.87719e-08
-0.136944 0.368815 1.73755e-08
-0.183008 0.36457 5.05139e-09
-0.222976 0.364926 -7.14834e-09
-0.251164 0.372926 -1.82918e-08
-0.26376 0.39009 -2.76415e-08
-0.259096 0.415983 -3.4699e-08
-0.237511 0.448191 -3.92182e-08
-0.20091 0.482708 -4.119e-08
-0.152204 0.514665 -4.08061e-08
-0.0947858 0.539242 -3.84081e-08
-0.0321692 0.552594 -3.44309e-08
0.0321692 0.552594 -2.93471e-08
0.0947858 0.539242 -2.36172e-08
0.152204 0.514665 -1.76486e-08
0.20091 0.482708 -1.17662e-08
0.237511 0.448191 -6.1946e-09
0.259096 0.415983 -1.05403e-09
0.26376 0.39009 3.63102e-09
0.251164 0.372926 7.90849e-09
0.222976 0.364926 1.18629e-08
0.183008 0.364571 1.55706e-08
0.136944 0.368815 1.90507e-08
0.091616 0.373845 2.22248e-08
0.0539177 0.375989 2.48913e-08
0.0295497 0.372609 2.67288e-08
0.0218467 0.362777 2.73326e-08
0.0309644 0.347592 2.62863e-08
0.0536464 0.330057 2.32582e-08
0.0836793 0.314541 1.81084e-08
0.113002 0.305911 1.0982e-08
0.133281 0.308507 2.36383e-09
-0.113142 0.682155 -7.05425e-09
-0.103462 0.661184 5.74119e-09
-0.0823698 0.649973 1.86304e-08
-0.0568973 0.645019 3.02858e-08
-0.0346289 0.641809 3.95898e-08
-0.0221796 0.635761 4.57455e-08
-0.0239574 0.623137 4.83385e-08
-0.0414325 0.60173 4.73477e-08
-0.0730091 0.571214 4.31102e-08
-0.114468 0.533108 3.62507e-08
-0.159834 0.490378 2.75856e-08
-0.202458 0.446774 1.80205e-08
-0.236098 0.406068 8.44736e-09
-0.25578 0.371336 -3.41518e-10
-0.258353 0.344444 -7.71859e-09
-0.242689 0.325834 -1.32599e-08
-0.209566 0.31463 -1.67572e-08
-0.161359 0.309038 -1.82063e-08
-0.101623 0.306915 -1.77762e-08
-0.034689 0.306393 -1.57656e-08
0.034689 0.306393 -1.25531e-08
0.101623 0.306915 -8.54676e-09
0.161359 0.309038 -4.13858e-09
0.209566 0.31463 3.32425e-10
0.242689 0.325834 4.60552e-09
0.258353 0.344444 8.50968e-09
0.25578 0.371336 1.19602e-08
0.236098 0.406068 1.49408e-08
0.202458 0.446774 1.74736e-08
0.159833 0.490378 1.95816e-08
0.114468 0.533108 2.12501e-08
0.0730091 0.571214 2.23971e-08
0.0414325 0.60173 2.28599e-08
0.0239574 0.623137 2.24067e-08
0.0221796 0.635761 2.07744e-08
0.0346289 0.641809 1.77327e-08
0.0568973 0.645019 1.31616e-08
0.0823698 0.649973 7.12944e-09
0.103462 0.661184 -5.0185e-11
0.113142 0.682155 -7.79978e-09
-0.0814408 0.868211 -1.89305e-08
-0.0799788 0.835621 -8.15943e-09
-0.0656195 0.810714 4.05235e-09
-0.0438269 0.790902 1.64851e-08
-0.0213039 0.772213 2.79754e-08
-0.00460526 0.750119 3.75432e-08
0.00112927 0.720425 4.44836e-08
-0.00691325 0.680054 4.84175e-08
-0.0288015 0.627585 4.93e-08
-0.0619691 0.563461 4.73896e-08
-0.101776 0.489865 4.31872e-08
-0.142372 0.410308 3.73564e-08
-0.177674 0.329025 3.06342e-08
-0.202289 0.250342 2.37458e-08
-0.212215 0.178114 1.73317e-08
-0.205282 0.115343 1.18933e-08
-0.18129 0.064035 7.76133e-09
-0.141899 0.025268 5.08743e-09
-0.0903391 -0.000564881 3.85597e-09
-0.0310034 -0.0134446 3.91256e-09
0.0310034 -0.0134446 5.00349e-09
0.0903392 -0.000564864 6.82022e-09
0.141899 0.025268 9.04312e-09
0.18129 0.0640351 1.13794e-08
0.205282 0.115343 1.35913e-08
0.212215 0.178114 1.55109e-08
0.202289 0.250342 1.70411e-08
0.177674 0.329025 1.81431e-08
0.142372 0.410308 1.88129e-08
0.101776 0.489867 1.90518e-08
0.0619691 0.563461 1.88377e-08
0.0288015 0.627585 1.81055e-08
0.00691325 0.680054 1.67421e-08
-0.00112926 0.720425 1.46016e-08
0.00460527 0.750119 1.15423e-08
0.0213039 0.772213 7.47865e-09
0.0438269 0.790902 2.44009e-09
0.0656195 0.810714 -3.37735e-09
0.0799788 0.835621 -9.58307e-09
0.0814408 0.868211 -1.56003e-08
-0.0453385 0.823049 -2.79658e-08
-0.0495799 0.787213 -2.04201e-08
-0.0402941 0.757022 -1.04294e-08
-0.0212368 0.730842 1.02114e-09
0.00208151 0.705417 1.2869e-08
0.0235766 0.676531 2.40989e-08
0.0377953 0.639833 3.38492e-08
0.0409142 0.591647 4.14891e-08
0.0313658 0.52964 4.66603e-08
0.0100096 0.453236 4.92828e-08
-0.0201358 0.363728 4.95293e-08
-0.0545051 0.264107 4.77732e-08
-0.087809 0.158646 4.45214e-08
-0.114895 0.0523687 4.03407e-08
-0.131517 -0.0495151 3.57873e-08
-0.134894 -0.142099 3.13482e-08
-0.124033 -0.221139 2.73984e-08
-0.0997723 -0.283249 2.4178e-08
-0.0646119 -0.325964 2.17889e-08
-0.0223571 -0.347705 2.02083e-08
0.0223571 -0.347705 1.93158e-08
0.0646119 -0.325964 1.89271e-08
0.0997723 -0.283249 1.88319e-08
0.124033 -0.221139 1.88269e-08
0.134894 -0.142099 1.87422e-08
0.131517 -0.0495151 1.84565e-08
0.114895 0.0523688 1.79003e-08
0.087809 0.158646 1.7047e-08
0.0545051 0.264107 1.58954e-08
0.0201351 0.36373 1.44486e-08
-0.0100096 0.453236 1.26934e-08
-0.0313658 0.52964 1.05889e-08
-0.0409142 0.591647 8.06756e-09
-0.0377952 0.639833 5.05256e-09
-0.0235766 0.676531 1.48948e-09
-0.00208149 0.705417 -2.61246e-09
0.0212369 0.730842 -7.1391e-09
0.0402942 0.757022 -1.18417e-08
0.0495799 0.787213 -1.63304e-08
0.0453385 0.823049 -2.01004e-08
-0.0122645 0.561921 -3.29463e-08
-0.020101 0.530938 -2.93553e-08
-0.0145938 0.504095 -2.27531e-08
0.00223109 0.480725 -1.38055e-08
0.0262628 0.458432 -3.35849e-09
0.0522306 0.433563 7.67096e-09
0.0747712 0.401911 1.84002e-08
0.0894259 0.35949 2.80698e-08
0.0933907 0.303269 3.6108e-08
0.0859061 0.231726 4.21655e-08
0.0682522 0.145154 4.61201e-08
0.043393 0.0457103 4.80549e-08
0.0153625 -0.0628182 4.8217e-08
-0.0114709 -0.175413 4.69619e-08
-0.0331316 -0.286341 4.46951e-08
-0.0466428 -0.389702 4.18171e-08
-0.0504326 -0.479914 3.86783e-08
-0.044503 -0.552119 3.55486e-08
-0.0303638 -0.602469 3.26028e-08
-0.0107596 -0.628318 2.99218e-08
0.0107596 -0.628318 2.75061e-08
0.0303639 -0.602469 2.52987e-08
0.0445031 -0.552119 2.32121e-08
0.0504326 -0.479914 2.11538e-08
0.0466428 -0.389702 1.90472e-08
0.0331316 -0.286341 1.68435e-08
0.0114709 -0.175412 1.45254e-08
-0.0153625 -0.0628182 1.21001e-08
-0.043393 0.0457104 9.58681e-09
-0.0682526 0.145156 7.00199e-09
-0.0859061 0.231726 4.34649e-09
-0.0933907 0.303269 1.60022e-09
-0.0894259 0.35949 -1.27223e-09
-0.0747712 0.401911 -4.30438e-09
-0.0522306 0.433563 -7.501e-09
-0.0262627 0.458432 -1.08073e-08
-0.00223107 0.480725 -1.4082e-08
0.0145938 0.504095 -1.70841e-08
0.020101 0.530938 -1.94812e-08
0.0122645 0.561921 -2.08838e-08
0.0117206 0.154458 -3.31866e-08
0.00165699 0.13436 -3.37075e-08
0.00399612 0.117667 -3.11213e-08
0.0183516 0.104666 -2.57392e-08
0.0421132 0.0939298 -1.81158e-08
0.0710895 0.0825877 -8.96614e-09
0.100379 0.0668641 9.26094e-10
0.125292 0.0427664 1.07965e-08
0.142139 0.00680592 1.99745e-08
0.148776 -0.0433692 2.79366e-08
0.144811 -0.108526 3.43362e-08
0.131498 -0.187628 3.90077e-08
0.111351 -0.277884 4.19513e-08
0.0875839 -0.375005 4.32994e-08
0.0634995 -0.473629 4.32751e-08
0.0419164 -0.567853 4.2148e-08
0.024739 -0.651775 4.01934e-08
0.0127181 -0.720013 3.76604e-08
0.00542327 -0.768139 3.47513e-08
0.00141616 -0.793015 3.16134e-08
-0.00141616 -0.793015 2.83416e-08
-0.00542327 -0.768139 2.49891e-08
-0.0127181 -0.720013 2.1583e-08
-0.024739 -0.651775 1.81403e-08
-0.0419164 -0.567853 1.4681e-08
-0.0634995 -0.473629 1.12354e-08
-0.0875839 -0.375005 7.84476e-09
-0.111351 -0.277884 4.5563e-09
-0.131498 -0.187628 1.41371e-09
-0.144811 -0.108524 -1.55269e-09
-0.148776 -0.0433692 -4.33246e-09
-0.142139 0.00680591 -6.9355e-09
-0.125292 0.0427664 -9.38344e-09
-0.100379 0.0668641 -1.1693e-08
-0.0710895 0.0825876 -1.38538e-08
-0.0421132 0.0939298 -1.5806e-08
-0.0183515 0.104666 -1.74244e-08
-0.00399612 0.117667 -1.85162e-08
-0.00165699 0.13436 -1.88378e-08
-0.0117206 0.154458 -1.81313e-08
0.0232334 -0.293439 -2.868e-08
0.0115016 -0.299962 -3.28835e-08
0.0105467 -0.303094 -3.43215e-08
0.021435 -0.301646 -3.29634e-08
0.0430547 -0.296014 -2.90448e-08
0.0724715 -0.288111 -2.30146e-08
0.10557 -0.28102 -1.54666e-08
0.137835 -0.278443 -7.06326e-09
0.165114 -0.284048 1.53776e-09
0.184236 -0.300837 9.74527e-09
0.193385 -0.330608 1.70799e-08
0.192198 -0.373619 2.31989e-08
0.181615 -0.42847 2.79036e-08
0.163516 -0.492212 3.11274e-08
0.140271 -0.560651 3.29139e-08
0.114256 -0.628798 3.33864e-08
0.0874572 -0.691392 3.27168e-08
0.0612 -0.74344 3.10971e-08
0.0360515 -0.780713 2.87178e-08
0.0118887 -0.800152 2.57537e-08
-0.0118888 -0.800152 2.23582e-08
-0.0360515 -0.780713 1.86638e-08
-0.0612 -0.74344 1.47867e-08
-0.0874572 -0.691392 1.0833e-08
-0.114256 -0.628798 6.90329e-09
-0.140271 -0.560651 3.09445e-09
-0.163516 -0.492212 -5.02909e-10
-0.181615 -0.42847 -3.80975e-09
-0.192198 -0.373619 -6.76561e-09
-0.193385 -0.330607 -9.33451e-09
-0.184236 -0.300837 -1.15068e-08
-0.165114 -0.284048 -1.32958e-08
-0.137835 -0.278443 -1.47269e-08
-0.10557 -0.28102 -1.58221e-08
-0.0724714 -0.288111 -1.65812e-08
-0.0430547 -0.296014 -1.69662e-08
-0.021435 -0.301646 -1.68931e-08
-0.0105467 -0.303094 -1.6236e-08
-0.0115016 -0.299962 -1.48474e-08
-0.0232334 -0.293439 -1.25927e-08
0.0222183 -0.666562 -2.01428e-08
0.00875644 -0.660612 -2.70899e-08
0.00385824 -0.650865 -3.19589e-08
0.00977737 -0.635326 -3.44334e-08
0.0267993 -0.613362 -3.44468e-08
0.0533299 -0.585814 -3.21625e-08
0.086293 -0.554856 -2.79314e-08
0.12173 -0.523614 -2.22359e-08
0.155475 -0.495638 -1.56269e-08
0.18378 -0.474316 -8.66294e-09
0.20379 -0.462327 -1.85911e-09
0.213805 -0.461226 4.35157e-09
0.213329 -0.471196 9.64172e-09
0.202917 -0.491017 1.37972e-08
0.18389 -0.518226 1.67123e-08
0.15799 -0.549444 1.83754e-08
0.127044 -0.580807 1.88494e-08
0.0927108 -0.608453 1.82502e-08
0.0563256 -0.628999 1.67276e-08
0.0188823 -0.639937 1.44489e-08
-0.0188823 -0.639937 1.15884e-08
-0.0563256 -0.628999 8.31952e-09
-0.0927108 -0.608453 4.81143e-09
-0.127044 -0.580807 1.22594e-09
-0.15799 -0.549444 -2.2852e-09
-0.18389 -0.518227 -5.58424e-09
-0.202917 -0.491017 -8.5528e-09
-0.213329 -0.471196 -1.10979e-08
-0.213805 -0.461226 -1.31574e-08
-0.203789 -0.462327 -1.47026e-08
-0.18378 -0.474316 -1.57367e-08
-0.155475 -0.495638 -1.62883e-08
-0.12173 -0.523614 -1.63995e-08
-0.086293 -0.554856 -1.61107e-08
-0.0533299 -0.585814 -1.54456e-08
-0.0267992 -0.613362 -1.43996e-08
-0.00977737 -0.635326 -1.29363e-08
-0.00385824 -0.650865 -1.09959e-08
-0.00875645 -0.660612 -8.51438e-09
-0.0222183 -0.666562 -5.45427e-09
0.0117961 -0.869561 -8.93421e-09
-0.00370708 -0.855555 -1.73337e-08
-0.0133153 -0.837376 -2.45551e-08
-0.0139112 -0.812375 -3.00826e-08
-0.00400134 -0.77896 -3.36033e-08
0.0161428 -0.73687 -3.50164e-08
0.0446454 -0.687219 -3.44186e-08
0.0784251 -0.632309 -3.2071e-08
0.113735 -0.575257 -2.83524e-08
0.146738 -0.519511 -2.37089e-08
0.174016 -0.468346 -1.86037e-08
0.19294 -0.424418 -1.34737e-08
0.201879 -0.389436 -8.69639e-09
0.200226 -0.364005 -4.56811e-09
0.188283 -0.347639 -1.29464e-09
0.167057 -0.338937 1.00875e-09
0.138019 -0.335885 2.30942e-09
0.102883 -0.336221 2.64481e-09
0.063432 -0.337828 2.10784e-09
0.0214254 -0.339073 8.32216e-10
-0.0214254 -0.339073 -1.02095e-09
-0.063432 -0.337828 -3.27484e-09
-0.102883 -0.336221 -5.747e-09
-0.138019 -0.335885 -8.25843e-09
-0.167057 -0.338937 -1.06421e-08
-0.188283 -0.347639 -1.2751e-08
-0.200226 -0.364005 -1.4466e-08
-0.201879 -0.389436 -1.57024e-08
-0.19294 -0.424418 -1.64132e-08
-0.174015 -0.468347 -1.65899e-08
-0.146738 -0.519511 -1.62583e-08
-0.113735 -0.575257 -1.54695e-08
-0.0784251 -0.632309 -1.42871e-08
-0.0446454 -0.687219 -1.27736e-08
-0.0161428 -0.73687 -1.09773e-08
0.00400134 -0.77896 -8.92423e-09
0.0139112 -0.812375 -6.61777e-09
0.0133153 -0.837376 -4.04778e-09
0.00370707 -0.855555 -1.2086e-09
-0.0117961 -0.869561 1.8764e-09
-0.00265976 -0.850783 3.14152e-09
-0.0203265 -0.83517 -5.27971e-09
-0.0350486 -0.8155 -1.34822e-08
-0.0432044 -0.788681 -2.08528e-08
-0.0423572 -0.752315 -2.69147e-08
-0.0315752 -0.705096 -3.13591e-08
-0.0114803 -0.647018 -3.40549e-08
0.015947 -0.579372 -3.50382e-08
0.0477469 -0.504546 -3.44866e-08
0.0804556 -0.42568 -3.26825e-08
0.110593 -0.346247 -2.99718e-08
0.135082 -0.269635 -2.67228e-08
0.151557 -0.198766 -2.32897e-08
0.158533 -0.135859 -1.99843e-08
0.155438 -0.0823049 -1.70558e-08
0.142544 -0.0386919 -1.46808e-08
0.120826 -0.00494699 -1.29604e-08
0.0917885 0.0194414 -1.19243e-08
0.057306 0.0351638 -1.15395e-08
0.0194778 0.0428433 -1.17216e-08
-0.0194778 0.0428433 -1.23475e-08
-0.057306 0.0351638 -1.3269e-08
-0.0917885 0.0194414 -1.43255e-08
-0.120826 -0.00494702 -1.5357e-08
-0.142544 -0.0386919 -1.62152e-08
-0.155438 -0.0823049 -1.67748e-08
-0.158533 -0.135859 -1.69415e-08
-0.151557 -0.198766 -1.66583e-08
-0.135082 -0.269635 -1.59081e-08
-0.110592 -0.346249 -1.47113e-08
-0.0804556 -0.42568 -1.312e-08
-0.0477468 -0.504546 -1.12081e-08
-0.015947 -0.579372 -9.05775e-09
0.0114803 -0.647018 -6.74748e-09
0.0315752 -0.705096 -4.34096e-09
0.0423572 -0.752315 -1.88177e-09
0.0432044 -0.788681 6.05135e-10
0.0350486 -0.8155 3.1042e-09
0.0203265 -0.83517 5.59364e-09
0.00265975 -0.850783 8.02648e-09
-0.0149937 -0.615014 1.41271e-08
-0.0343819 -0.604502 7.02151e-09
-0.0538428 -0.590878 -7.34523e-10
-0.0696206 -0.570871 -8.53329e-09
-0.0786573 -0.541512 -1.58289e-08
-0.079031 -0.500605 -2.21827e-08
-0.0701747 -0.447065 -2.72915e-08
-0.0528661 -0.381073 -3.09979e-08
-0.0290206 -0.304049 -3.32834e-08
-0.00134469 -0.218467 -3.42494e-08
0.0270791 -0.127547 -3.40881e-08
0.0532027 -0.0348997 -3.30495e-08
0.0743698 0.0558428 -3.14085e-08
0.0885712 0.141325 -2.94344e-08
0.0945921 0.218688 -2.73671e-08
0.0920532 0.285683 -2.53997e-08
0.0813646 0.340681 -2.36684e-08
0.0636185 0.382609 -2.22497e-08
0.0404475 0.410828 -2.11629e-08
0.0138695 0.425005 -2.03768e-08
-0.0138695 0.425005 -1.98207e-08
-0.0404475 0.410828 -1.9396e-08
-0.0636185 0.382609 -1.89898e-08
-0.0813646 0.340681 -1.84879e-08
-0.0920532 0.285683 -1.77876e-08
-0.0945921 0.218688 -1.6808e-08
-0.0885712 0.141325 -1.54983e-08
-0.0743698 0.0558427 -1.38427e-08
-0.0532027 -0.0348997 -1.18606e-08
-0.0270785 -0.127549 -9.60364e-09
0.0013447 -0.218467 -7.14753e-09
0.0290206 -0.304049 -4.58172e-09
0.0528661 -0.381073 -1.99726e-09
0.0701747 -0.447065 5.24352e-10
0.079031 -0.500605 2.91945e-09
0.0786572 -0.541512 5.1453e-09
0.0696206 -0.570871 7.17702e-09
0.0538428 -0.590878 8.9986e-09
0.0343819 -0.604502 1.05895e-08
0.0149937 -0.615014 1.19103e-08
-0.0199217 -0.221888 2.22442e-08
-0.0398244 -0.221615 1.74868e-08
-0.0626388 -0.220116 1.14221e-08
-0.0848298 -0.214239 4.56394e-09
-0.103072 -0.200742 -2.56457e-09
-0.114747 -0.176792 -9.48176e-09
-0.118277 -0.140373 -1.57867e-08
-0.113271 -0.0905708 -2.11841e-08
-0.100483 -0.0277003 -2.54951e-08
-0.0816055 0.0467312 -2.86538e-08
-0.0589638 0.130196 -3.06935e-08
-0.0351602 0.219405 -3.17246e-08
-0.0127242 0.310637 -3.1909e-08
0.00618175 0.400043 -3.14341e-08
0.0199768 0.483925 -3.04889e-08
0.0277841 0.558955 -2.92441e-08
0.0294639 0.622309 -2.78385e-08
0.0255694 0.67174 -2.6371e-08
0.0172433 0.70559 -2.4898e-08
0.00607405 0.722781 -2.34361e-08
-0.00607405 0.722781 -2.1969e-08
-0.0172433 0.70559 -2.04568e-08
-0.0255694 0.67174 -1.88469e-08
-0.0294639 0.622309 -1.70861e-08
-0.0277841 0.558955 -1.51309e-08
-0.0199767 0.483925 -1.29567e-08
-0.00618174 0.400043 -1.05642e-08
0.0127242 0.310637 -7.98188e-09
0.0351602 0.219405 -5.26487e-09
0.0589642 0.130194 -2.48992e-09
0.0816055 0.0467312 2.52814e-10
0.100483 -0.0277003 2.87032e-09
0.113271 -0.0905708 5.27719e-09
0.118277 -0.140373 7.40461e-09
0.114747 -0.176792 9.20594e-09
0.103072 -0.200742 1.06574e-08
0.0848298 -0.214239 1.17535e-08
0.0626388 -0.220116 1.2498e-08
0.0398244 -0.221615 1.28925e-08
0.0199217 -0.221888 1.29249e-08
-0.0144599 0.229426 2.6208e-08
-0.0329461 0.217315 2.43712e-08
-0.0567491 0.20377 2.08613e-08
-0.0828671 0.19152 1.60349e-08
-0.108066 0.183733 1.03161e-08
-0.129374 0.183559 4.14814e-09
-0.14448 0.19369 -2.04869e-09
-0.151993 0.215993 -7.91126e-09
-0.151537 0.251272 -1.31558e-08
-0.14369 0.299165 -1.75888e-08
-0.129802 0.358181 -2.11062e-08
-0.111725 0.425853 -2.36844e-08
-0.0915212 0.498982 -2.53648e-08
-0.0711699 0.573919 -2.62344e-08
-0.0523346 0.646854 -2.64067e-08
-0.0361918 0.714089 -2.60028e-08
-0.0233417 0.77226 -2.51376e-08
-0.0137967 0.81851 -2.39089e-08
-0.00703847 0.850613 -2.2392e-08
-0.00213042 0.86705 -2.06384e-08
0.00213042 0.86705 -1.86787e-08
0.00703847 0.850613 -1.65283e-08
0.0137967 0.81851 -1.4195e-08
0.0233417 0.77226 -1.1687e-08
0.0361918 0.714089 -9.02088e-09
0.0523346 0.646854 -6.22752e-09
0.0711699 0.573919 -3.35535e-09
0.0915213 0.498982 -4.70749e-10
0.111725 0.425853 2.345e-09
0.129802 0.35818 5.00189e-09
0.14369 0.299165 7.40922e-09
0.151537 0.251272 9.48508e-09
0.151993 0.215993 1.11646e-08
0.14448 0.19369 1.24064e-08
0.129374 0.183559 1.31948e-08
0.108066 0.183733 1.35381e-08
0.0828671 0.19152 1.34626e-08
0.0567491 0.203771 1.3003e-08
0.0329461 0.217315 1.21924e-08
0.0144599 0.229426 1.10531e-08
0.00123081 0.625459 2.54631e-08
-0.0134692 0.602477 2.65882e-08
-0.0352222 0.575045 2.59906e-08
-0.0618042 0.54519 2.38385e-08
-0.0904015 0.515664 2.04056e-08
-0.118051 0.489563 1.60328e-08
-0.142053 0.469915 1.10887e-08
-0.160292 0.459288 5.93404e-09
-0.171439 0.459467 8.92652e-10
-0.175018 0.471256 -3.76848e-09
-0.17134 0.494391 -7.85016e-09
-0.161353 0.527581 -1.12227e-08
-0.146419 0.568653 -1.38216e-08
-0.128076 0.61477 -1.56364e-08
-0.107818 0.662695 -1.66985e-08
-0.086906 0.709064 -1.70667e-08
-0.0662542 0.750648 -1.6815e-08
-0.0463703 0.784584 -1.60219e-08
-0.0273691 0.808563 -1.47636e-08
-0.00904009 0.820967 -1.311e-08
0.0090401 0.820967 -1.1124e-08
0.0273691 0.808563 -8.86356e-09
0.0463703 0.784584 -6.38503e-09
0.0662542 0.750648 -3.74744e-09
0.086906 0.709064 -1.01613e-09
0.107818 0.662695 1.73489e-09
0.128076 0.61477 4.42266e-09
0.146419 0.568653 6.95742e-09
0.161353 0.527581 9.24713e-09
0.17134 0.494391 1.12041e-08
0.175018 0.471256 1.27521e-08
0.171439 0.459467 1.38342e-08
0.160292 0.459288 1.44183e-08
0.142053 0.469915 1.45001e-08
0.118051 0.489563 1.41023e-08
0.0904015 0.515664 1.32709e-08
0.0618042 0.545191 1.20664e-08
0.0352222 0.575045 1.05551e-08
0.0134692 0.602477 8.79942e-09
-0.00123081 0.625459 6.85042e-09
VECTORS imaginary_part double
0.0449644 -0.660254 5.38166e-09
0.0612074 -0.648286 -1.3483e-09
0.0726355 -0.628926 -8.02707e-09
0.0770506 -0.599842 -1.42146e-08
0.0733038 -0.559545 -1.95641e-08
0.0613849 -0.507595 -2.3841e-08
0.0423417 -0.444657 -2.69287e-08
0.0180612 -0.372402 -2.88214e-08
-0.00903275 -0.293299 -2.96076e-08
-0.0363133 -0.210319 -2.94469e-08
-0.0612641 -0.126616 -2.85446e-08
-0.081731 -0.0452335 -2.7126e-08
-0.0960992 0.0311504 -2.54141e-08
-0.103378 0.100379 -2.36105e-08
-0.103209 0.16089 -2.18831e-08
-0.0958151 0.211702 -2.03577e-08
-0.0819088 0.252325 -1.91152e-08
-0.0625855 0.282633 -1.81918e-08
-0.0392162 0.302705 -1.75832e-08
-0.0133527 0.31269 -1.72504e-08
0.0133527 0.31269 -1.71263e-08
0.0392162 0.302705 -1.7124e-08
0.0625855 0.282633 -1.71448e-08
0.0819088 0.252325 -1.70866e-08
0.0958151 0.211702 -1.68522e-08
0.103209 0.16089 -1.63576e-08
0.103378 0.100379 -1.55388e-08
0.0960992 0.0311504 -1.4358e-08
0.0817309 -0.0452336 -1.28073e-08
0.0612636 -0.126618 -1.09104e-08
0.0363133 -0.210319 -8.72051e-09
0.00903274 -0.2933 -6.31556e-09
-0.0180612 -0.372402 -3.79042e-09
-0.0423417 -0.444657 -1.24709e-09
-0.0613849 -0.507595 1.21575e-09
-0.0733038 -0.559545 3.51206e-09
-0.0770506 -0.599842 5.57509e-09
-0.0726355 -0.628926 7.35986e-09
-0.0612074 -0.648286 8.84081e-09
-0.0449644 -0.660254 1.0005e-08
0.0327349 -0.877518 -5.76661e-09
0.042993 -0.858188 -1.27221e-08
0.0461298 -0.830935 -1.88799e-08
0.0406918 -0.794179 -2.38724e-08
0.026512 -0.74742 -2.7471e-08
0.0046464 -0.691312 -2.95904e-08
-0.0228606 -0.627571 -3.0277e-08
-0.0533231 -0.558733 -2.96862e-08
-0.083805 -0.487823 -2.80533e-08
-0.111491 -0.417976 -2.56602e-08
-0.13399 -0.352083 -2.2805e-08
-0.149533 -0.292504 -1.97744e-08
-0.157064 -0.24087 -1.68226e-08
-0.156236 -0.19801 -1.41572e-08
-0.147317 -0.163986 -1.19319e-08
-0.13106 -0.138229 -1.02444e-08
-0.108557 -0.119734 -9.13999e-09
-0.0811014 -0.107303 -8.61646e-09
-0.0500853 -0.0997796 -8.63214e-09
-0.0169323 -0.0962638 -9.11348e-09
0.0169323 -0.0962638 -9.96281e-09
0.0500854 -0.0997796 -1.10656e-08
0.0811014 -0.107303 -1.22973e-08
0.108557 -0.119734 -1.35298e-08
0.13106 -0.138229 -1.46382e-08
0.147317 -0.163986 -1.55077e-08
0.156236 -0.19801 -1.60403e-08
0.157064 -0.24087 -1.61614e-08
0.149533 -0.292504 -1.58252e-08
0.13399 -0.352085 -1.50182e-08
0.111491 -0.417976 -1.37601e-08
0.083805 -0.487823 -1.21012e-08
0.0533231 -0.558733 -1.01162e-08
0.0228606 -0.627571 -7.89554e-09
-0.0046464 -0.691312 -5.53483e-09
-0.026512 -0.74742 -3.12406e-09
-0.0406918 -0.794179 -7.39231e-10
-0.0461298 -0.830935 1.56214e-09
-0.042993 -0.858188 3.74022e-09
-0.0327349 -0.877518 5.76643e-09
0.0163601 -0.875677 -1.64617e-08
0.0203732 -0.855821 -2.23709e-08
0.015594 -0.828685 -2.67738e-08
0.00156065 -0.793619 -2.94532e-08
-0.0207829 -0.751189 -3.03621e-08
-0.0493269 -0.703104 -2.96071e-08
-0.0811854 -0.65196 -2.74189e-08
-0.113153 -0.600869 -2.41144e-08
-0.142151 -0.553025 -2.00568e-08
-0.165589 -0.51129 -1.56173e-08
-0.181614 -0.477836 -1.11429e-08
-0.189209 -0.453914 -6.93266e-09
-0.188169 -0.439742 -3.22286e-09
-0.178976 -0.434545 -1.81005e-10
-0.162598 -0.436707 2.09268e-09
-0.140287 -0.444013 3.5585e-09
-0.113378 -0.453956 4.22729e-09
-0.0831418 -0.464048 4.14946e-09
-0.0507063 -0.47212 3.40444e-09
-0.0170344 -0.476579 2.09187e-09
0.0170344 -0.476579 3.24862e-10
0.0507063 -0.47212 -1.77486e-09
0.0831418 -0.464048 -4.08038e-09
0.113378 -0.453956 -6.46248e-09
0.140287 -0.444013 -8.79274e-09
0.162598 -0.436707 -1.09476e-08
0.178976 -0.434545 -1.28136e-08
0.188169 -0.439742 -1.42932e-08
0.189209 -0.453914 -1.53114e-08
0.181614 -0.477837 -1.5821e-08
0.165589 -0.51129 -1.58063e-08
0.142151 -0.553025 -1.52834e-08
0.113153 -0.600869 -1.42965e-08
0.0811854 -0.65196 -1.29113e-08
0.0493268 -0.703104 -1.12048e-08
0.0207828 -0.751189 -9.25365e-09
-0.00156065 -0.793619 -7.12489e-09
-0.015594 -0.828685 -4.8691e-09
-0.0203732 -0.855821 -2.51988e-09
-0.0163601 -0.875677 -9.99212e-11
0.00197839 -0.655242 -2.47983e-08
0.000366863 -0.641375 -2.84771e-08
-0.0109149 -0.621661 -3.01098e-08
-0.0311697 -0.596451 -2.96943e-08
-0.0583194 -0.567346 -2.74057e-08
-0.0893296 -0.536949 -2.3558e-08
-0.120737 -0.508472 -1.85572e-08
-0.149182 -0.485248 -1.2852e-08
-0.171862 -0.470252 -6.88726e-09
-0.186836 -0.465678 -1.06615e-09
-0.193168 -0.472645 4.2771e-09
-0.190894 -0.491048 8.89202e-09
-0.180855 -0.519568 1.26163e-08
-0.164446 -0.55583 1.53697e-08
-0.143316 -0.596661 1.71415e-08
-0.119096 -0.638432 1.79746e-08
-0.0931761 -0.677414 1.79482e-08
-0.0665672 -0.710136 1.71623e-08
-0.0398587 -0.733698 1.57261e-08
-0.0132635 -0.746021 1.37492e-08
0.0132635 -0.746021 1.13383e-08
0.0398587 -0.733698 8.59618e-09
0.0665672 -0.710136 5.62359e-09
0.0931762 -0.677414 2.52168e-09
0.119096 -0.638432 -6.0619e-10
0.143316 -0.596661 -3.65432e-09
0.164446 -0.55583 -6.51706e-09
0.180855 -0.519568 -9.0935e-09
0.190894 -0.491048 -1.12942e-08
0.193168 -0.472645 -1.30481e-08
0.186836 -0.465678 -1.43092e-08
0.171862 -0.470252 -1.50597e-08
0.149182 -0.485248 -1.53102e-08
0.120737 -0.508472 -1.50946e-08
0.0893296 -0.536949 -1.44611e-08
0.0583194 -0.567346 -1.34613e-08
0.0311697 -0.596451 -1.21385e-08
0.0109149 -0.621661 -1.05192e-08
-0.000366863 -0.641375 -8.61032e-09
-0.00197839 -0.655242 -6.40499e-09
-0.00512152 -0.271968 -2.92686e-08
-0.0112549 -0.268532 -2.98356e-08
-0.0270715 -0.260958 -2.81007e-08
-0.0506419 -0.250579 -2.43152e-08
-0.078839 -0.239892 -1.8885e-08
-0.107934 -0.232153 -1.23135e-08
-0.134229 -0.230858 -5.14036e-09
-0.154617 -0.239202 2.11327e-09
-0.166986 -0.259584 8.99042e-09
-0.170417 -0.293248 1.51293e-08
-0.165178 -0.340087 2.02795e-08
-0.152534 -0.398615 2.43025e-08
-0.134435 -0.466114 2.7162e-08
-0.11314 -0.538906 2.89038e-08
-0.0908459 -0.612695 2.9632e-08
-0.0693756 -0.682957 2.94834e-08
-0.0499578 -0.74531 2.86059e-08
-0.0331252 -0.795843 2.71399e-08
-0.0187256 -0.831393 2.52071e-08
-0.00603722 -0.849738 2.29054e-08
0.00603722 -0.849738 2.03092e-08
0.0187256 -0.831393 1.7475e-08
0.0331252 -0.795843 1.44494e-08
0.0499578 -0.74531 1.12774e-08
0.0693756 -0.682957 8.01026e-09
0.0908459 -0.612695 4.71038e-09
0.11314 -0.538906 1.45225e-09
0.134435 -0.466114 -1.68037e-09
0.152534 -0.398615 -4.60093e-09
0.165178 -0.340086 -7.22868e-09
0.170417 -0.293248 -9.49739e-09
0.166986 -0.259584 -1.13627e-08
0.154617 -0.239202 -1.2805e-08
0.134229 -0.230858 -1.38276e-08
0.107934 -0.232153 -1.44491e-08
0.078839 -0.239892 -1.46923e-08
0.0506419 -0.250579 -1.45704e-08
0.0270715 -0.260958 -1.4076e-08
0.0112549 -0.268532 -1.31756e-08
0.00512152 -0.271968 -1.18128e-08
-0.00193508 0.17692 -2.90189e-08
-0.0114675 0.168764 -2.60643e-08
-0.0298375 0.163255 -2.0915e-08
-0.053912 0.158182 -1.40773e-08
-0.079699 0.150365 -6.16016e-09
-0.103085 0.136194 2.1977e-09
-0.120524 0.112232 1.03943e-08
-0.12956 0.075764 1.79182e-08
-0.129128 0.025237 2.43841e-08
-0.119597 -0.0394897 2.95507e-08
-0.102582 -0.117088 3.33192e-08
-0.0805925 -0.204886 3.57169e-08
-0.0565835 -0.299146 3.68707e-08
-0.0334892 -0.395434 3.69735e-08
-0.0138149 -0.489006 3.62498e-08
0.000670878 -0.575196 3.4925e-08
0.00911367 -0.649728 3.32003e-08
0.011617 -0.708965 3.12354e-08
0.00916339 -0.75007 2.91406e-08
0.00343543 -0.77111 2.69767e-08
-0.00343543 -0.77111 2.47616e-08
-0.00916339 -0.75007 2.2482e-08
-0.011617 -0.708965 2.01084e-08
-0.00911367 -0.649728 1.76093e-08
-0.000670875 -0.575196 1.49648e-08
0.0138149 -0.489006 1.21753e-08
0.0334892 -0.395434 9.26678e-09
0.0565835 -0.299146 6.28906e-09
0.0805925 -0.204886 3.31019e-09
0.102582 -0.117087 4.06489e-10
0.119597 -0.0394897 -2.34865e-09
0.129128 0.025237 -4.89553e-09
0.12956 0.075764 -7.19466e-09
0.120524 0.112232 -9.22779e-09
0.103085 0.136194 -1.09922e-08
0.079699 0.150365 -1.24886e-08
0.0539119 0.158182 -1.37056e-08
0.0298375 0.163255 -1.46045e-08
0.0114675 0.168764 -1.51085e-08
0.00193507 0.17692 -1.51025e-08
0.0114157 0.577173 -2.39832e-08
-0.000772669 0.559901 -1.76608e-08
-0.0201618 0.544358 -9.63968e-09
-0.0425445 0.527611 -6.42876e-10
-0.0633351 0.506056 8.58369e-09
-0.0783971 0.476052 1.73504e-08
-0.0847225 0.434548 2.50872e-08
-0.0808587 0.379594 3.13858e-08
-0.0670415 0.310656 3.60186e-08
-0.0450438 0.228716 3.89355e-08
-0.0178 0.136154 4.02415e-08
0.0111025 0.0364662 4.01616e-08
0.0379781 -0.0661443 3.89982e-08
0.0595447 -0.167188 3.70863e-08
0.0733183 -0.262286 3.47535e-08
0.0778605 -0.347486 3.2287e-08
0.0728756 -0.419459 2.99107e-08
0.059169 -0.475598 2.77727e-08
0.0384984 -0.514019 2.59435e-08
0.0133476 -0.533521 2.44231e-08
-0.0133476 -0.533521 2.3154e-08
-0.0384984 -0.514019 2.20397e-08
-0.059169 -0.475598 2.09645e-08
-0.0728756 -0.419459 1.98134e-08
-0.0778606 -0.347486 1.84887e-08
-0.0733183 -0.262286 1.69232e-08
-0.0595447 -0.167188 1.5087e-08
-0.0379781 -0.0661442 1.29877e-08
-0.0111025 0.0364662 1.06655e-08
0.0178006 0.136156 8.18144e-09
0.0450438 0.228716 5.60435e-09
0.0670415 0.310656 2.99662e-09
0.0808587 0.379594 4.03982e-10
0.0847225 0.434548 -2.14873e-09
0.0783971 0.476052 -4.65351e-09
0.0633351 0.506056 -7.1067e-09
0.0425445 0.527611 -9.4901e-09
0.0201617 0.544358 -1.175e-08
0.000772655 0.559901 -1.37795e-08
-0.0114157 0.577173 -1.54117e-08
0.0316382 0.826333 -1.48722e-08
0.0169332 0.805493 -5.89875e-09
-0.00265298 0.786146 3.92317e-09
-0.022065 0.764834 1.37319e-08
-0.0364615 0.737801 2.27423e-08
-0.0420687 0.701688 3.03199e-08
-0.0367763 0.654123 3.60305e-08
-0.0203991 0.594125 3.96609e-08
0.00540483 0.522257 4.12137e-08
0.0375043 0.44053 4.08792e-08
0.0718569 0.352097 3.89904e-08
0.104142 0.260811 3.59705e-08
0.130367 0.170725 3.22775e-08
0.147342 0.0856441 2.83544e-08
0.152992 0.0087795 2.45886e-08
0.146491 -0.0574419 2.1283e-08
0.12823 -0.111409 1.86405e-08
0.0996783 -0.15222 1.67607e-08
0.0631624 -0.179488 1.56466e-08
0.0216254 -0.193119 1.52195e-08
-0.0216254 -0.193119 1.53389e-08
-0.0631625 -0.179488 1.58253e-08
-0.0996783 -0.15222 1.64833e-08
-0.12823 -0.111409 1.71234e-08
-0.146491 -0.0574419 1.75809e-08
-0.152992 0.00877954 1.77296e-08
-0.147342 0.0856442 1.74901e-08
-0.130367 0.170725 1.68312e-08
-0.104142 0.260811 1.57643e-08
-0.0718562 0.352099 1.43315e-08
-0.0375043 0.44053 1.25898e-08
-0.00540482 0.522257 1.05943e-08
0.0203991 0.594125 8.38351e-09
0.0367763 0.654123 5.97207e-09
0.0420687 0.701688 3.35239e-09
0.0364615 0.737801 5.07689e-10
0.022065 0.764834 -2.56538e-09
0.00265296 0.786146 -5.82858e-09
-0.0169332 0.805493 -9.17491e-09
-0.0316382 0.826333 -1.24106e-08
0.0530327 0.859889 -3.03069e-09
0.0353607 0.842739 7.40898e-09
0.0156801 0.827375 1.75859e-08
-0.000417077 0.810018 2.66107e-08
-0.00822064 0.787033 3.37773e-08
-0.00470283 0.75562 3.86206e-08
0.011045 0.714319 4.09406e-08
0.0377804 0.663249 4.07941e-08
0.0724433 0.604061 3.84597e-08
0.110753 0.539624 3.43836e-08
0.147932 0.47353 2.91144e-08
0.179416 0.409519 2.3237e-08
0.201439 0.350916 1.73117e-08
0.211412 0.300202 1.18262e-08
0.208081 0.258773 7.1619e-09
0.191481 0.226908 3.57664e-09
0.162754 0.203951 1.20175e-09
0.123887 0.188634 5.10349e-11
0.0774438 0.179495 3.82829e-11
0.0263385 0.175283 9.99676e-10
-0.0263385 0.175283 2.71833e-09
-0.0774438 0.179495 4.94871e-09
-0.123887 0.188634 7.43947e-09
-0.162754 0.203951 9.95377e-09
-0.191481 0.226908 1.22863e-08
-0.208081 0.258773 1.4276e-08
-0.211412 0.300202 1.5814e-08
-0.201439 0.350916 1.68444e-08
-0.179416 0.409519 1.73594e-08
-0.147931 0.473531 1.73866e-08
-0.110753 0.539624 1.69714e-08
-0.0724433 0.604061 1.61572e-08
-0.0377804 0.663249 1.49669e-08
-0.011045 0.714319 1.33906e-08
0.00470283 0.75562 1.13853e-08
0.00822063 0.787033 8.88646e-09
0.000417064 0.810018 5.83505e-09
-0.0156801 0.827375 2.21329e-09
-0.0353607 0.842739 -1.91581e-09
-0.0530327 0.859889 -6.37577e-09
0.0688654 0.667935 9.80418e-09
0.0474426 0.661631 2.02274e-08
0.0272991 0.657546 2.91571e-08
0.0141801 0.65179 3.58068e-08
0.012251 0.641097 3.96743e-08
0.0234339 0.623458 4.05695e-08
0.047205 0.59849 3.86036e-08
0.0808446 0.567469 3.41467e-08
0.120044 0.533056 2.77617e-08
0.159718 0.498768 2.01256e-08
0.194849 0.468316 1.19494e-08
0.221208 0.444923 3.90721e-09
0.235844 0.430752 -3.42231e-09
0.237286 0.426539 -9.59281e-09
0.22548 0.431488 -1.43084e-08
0.201523 0.443432 -1.74235e-08
0.167292 0.459224 -1.89279e-08
0.125067 0.475288 -1.89235e-08
0.0772323 0.488233 -1.75956e-08
0.0261047 0.495424 -1.51852e-08
-0.0261047 0.495424 -1.19624e-08
-0.0772324 0.488233 -8.20516e-09
-0.125067 0.475288 -4.18103e-09
-0.167292 0.459224 -1.32698e-10
-0.201523 0.443432 3.73378e-09
-0.22548 0.431488 7.25796e-09
-0.237286 0.426539 1.03307e-08
-0.235844 0.430752 1.28951e-08
-0.221208 0.444923 1.49416e-08
-0.194848 0.468317 1.64956e-08
-0.159718 0.498768 1.7599e-08
-0.120044 0.533056 1.82877e-08
-0.0808446 0.56747 1.85682e-08
-0.047205 0.59849 1.84008e-08
-0.0234339 0.623458 1.76931e-08
-0.012251 0.641097 1.6311e-08
-0.0141801 0.65179 1.41062e-08
-0.0272991 0.657546 1.09613e-08
-0.0474426 0.661631 6.84214e-09
-0.0688654 0.667935 1.84919e-09
0.0730257 0.298182 2.17953e-08
0.0471702 0.307941 3.06392e-08
0.0261569 0.319985 3.68091e-08
0.0154487 0.330512 3.97562e-08
0.0182479 0.33684 3.92952e-08
0.0350539 0.337933 3.55917e-08
0.0637616 0.334577 2.91107e-08
0.100229 0.329189 2.05369e-08
0.139163 0.325314 1.06811e-08
0.175111 0.326903 3.83574e-10
0.203374 0.337515 -9.57212e-09
0.22066 0.359586 -1.85255e-08
0.225398 0.393892 -2.59839e-08
0.217699 0.43929 -3.16394e-08
0.199015 0.492768 -3.53639e-08
0.171618 0.549801 -3.71858e-08
0.138034 0.604936 -3.7255e-08
0.10056 0.652523 -3.58042e-08
0.0609642 0.687481 -3.31115e-08
0.0204087 0.705985 -2.94697e-08
-0.0204088 0.705985 -2.5164e-08
-0.0609642 0.687481 -2.04573e-08
-0.10056 0.652523 -1.55828e-08
-0.138034 0.604936 -1.07388e-08
-0.171618 0.549801 -6.08615e-09
-0.199015 0.492768 -1.74494e-09
-0.217699 0.43929 2.20863e-09
-0.225398 0.393892 5.74306e-09
-0.22066 0.359586 8.8681e-09
-0.203374 0.337515 1.16244e-08
-0.175111 0.326903 1.40653e-08
-0.139163 0.325314 1.62317e-08
-0.100229 0.329189 1.81246e-08
-0.0637615 0.334577 1.96801e-08
-0.0350539 0.337933 2.07568e-08
-0.0182479 0.33684 2.11398e-08
-0.0154487 0.330512 2.05687e-08
-0.0261569 0.319985 1.87874e-08
-0.0471702 0.307941 1.56111e-08
-0.0730258 0.298182 1.09983e-08
0.061557 -0.155587 3.12905e-08
0.0311894 -0.12789 3.71397e-08
0.00935925 -0.0987113 3.93588e-08
0.000782217 -0.0715641 3.77577e-08
0.00729802 -0.0483617 3.25532e-08
0.0277268 -0.0290531 2.43083e-08
0.058319 -0.0116624 1.38383e-08
0.093659 0.00728917 2.0972e-09
0.127806 0.0320656 -9.93694e-09
0.155424 0.0668416 -2.13657e-08
0.172683 0.114831 -3.1451e-08
0.177778 0.177564 -3.96655e-08
0.170992 0.254437 -4.5713e-08
0.154359 0.342596 -4.95174e-08
0.131017 0.437155 -5.11887e-08
0.104419 0.531719 -5.09736e-08
0.0775913 0.619112 -4.92005e-08
0.0525645 0.692225 -4.6227e-08
0.0301043 0.74484 -4.23979e-08
0.00976448 0.772367 -3.80171e-08
-0.00976449 0.772367 -3.33336e-08
-0.0301043 0.74484 -2.85411e-08
-0.0525645 0.692225 -2.37835e-08
-0.0775913 0.619112 -1.91654e-08
-0.104419 0.531719 -1.47593e-08
-0.131017 0.437155 -1.06095e-08
-0.154359 0.342596 -6.73133e-09
-0.170992 0.254437 -3.10881e-09
-0.177778 0.177564 3.05746e-10
-0.172683 0.11483 3.58556e-09
-0.155424 0.0668416 6.81326e-09
-0.127806 0.0320656 1.00552e-08
-0.093659 0.00728919 1.3328e-08
-0.058319 -0.0116624 1.65652e-08
-0.0277268 -0.0290531 1.95928e-08
-0.00729801 -0.0483617 2.21238e-08
-0.000782213 -0.0715641 2.37795e-08
-0.00935925 -0.0987113 2.41419e-08
-0.0311895 -0.12789 2.28312e-08
-0.061557 -0.155587 1.96001e-08
0.0336994 -0.576883 3.70562e-08
-0.000226526 -0.533362 3.88435e-08
-0.0219411 -0.490364 3.64221e-08
-0.0279397 -0.450915 3.00507e-08
-0.0180995 -0.416014 2.03912e-08
0.00454033 -0.384467 8.39722e-09
0.0346104 -0.353158 -4.81943e-09
0.0656444 -0.317695 -1.8127e-08
0.0914353 -0.273298 -3.04983e-08
0.107235 -0.215769 -4.11078e-08
0.11057 -0.142368 -4.93945e-08
0.101545 -0.0524583 -5.50836e-08
0.0826071 0.0521887 -5.81745e-08
0.0578767 0.16744 -5.88954e-08
0.0321884 0.287185 -5.76383e-08
0.0100672 0.403982 -5.48838e-08
-0.00516799 0.50986 -5.11287e-08
-0.0120052 0.597169 -4.68251e-08
-0.0109495 0.659374 -4.2339e-08
-0.00431877 0.691726 -3.79312e-08
0.00431877 0.691726 -3.37579e-08
0.0109495 0.659374 -2.98882e-08
0.0120052 0.597169 -2.63293e-08
0.00516799 0.50986 -2.30519e-08
-0.0100672 0.403982 -2.00099e-08
-0.0321884 0.287185 -1.71508e-08
-0.0578767 0.16744 -1.4415e-08
-0.0826071 0.0521886 -1.17293e-08
-0.101545 -0.0524584 -8.99936e-09
-0.11057 -0.14237 -6.10818e-09
-0.107235 -0.215769 -2.9271e-09
-0.0914353 -0.273298 6.59199e-10
-0.0656444 -0.317695 4.71401e-09
-0.0346104 -0.353158 9.20394e-09
-0.0045403 -0.384467 1.39591e-08
0.0180995 -0.416014 1.86512e-08
0.0279397 -0.450915 2.28026e-08
0.0219411 -0.490364 2.58326e-08
0.000226519 -0.533362 2.71424e-08
-0.0336994 -0.576883 2.62285e-08
-0.00780359 -0.85579 3.84222e-08
-0.0430716 -0.802273 3.55704e-08
-0.0626461 -0.752542 2.84194e-08
-0.0646641 -0.708937 1.7722e-08
-0.0510007 -0.671428 4.57583e-09
-0.0266411 -0.637682 -9.73457e-09
0.00154061 -0.603569 -2.39025e-08
0.0263122 -0.563995 -3.67487e-08
0.0415928 -0.513914 -4.73401e-08
0.0436413 -0.449314 -5.50656e-08
0.0317058 -0.368025 -5.96666e-08
0.00804802 -0.270205 -6.12218e-08
-0.022626 -0.158457 -6.00956e-08
-0.0541723 -0.0375902 -5.68571e-08
-0.0802398 0.085911 -5.21853e-08
-0.0954815 0.204597 -4.67731e-08
-0.0965319 0.310834 -4.12432e-08
-0.0825911 0.39755 -3.60867e-08
-0.0555367 0.458875 -3.16291e-08
-0.0195644 0.490623 -2.80265e-08
0.0195645 0.490623 -2.52872e-08
0.0555367 0.458875 -2.33106e-08
0.0825911 0.39755 -2.19335e-08
0.0965319 0.310833 -2.09726e-08
0.0954815 0.204597 -2.0255e-08
0.0802398 0.0859109 -1.96322e-08
0.0541723 -0.0375902 -1.8977e-08
0.022626 -0.158457 -1.81687e-08
-0.00804802 -0.270205 -1.70733e-08
-0.0317062 -0.368027 -1.55311e-08
-0.0436413 -0.449314 -1.33576e-08
-0.0415928 -0.513914 -1.03663e-08
-0.0263121 -0.563995 -6.41133e-09
-0.00154058 -0.603569 -1.44528e-09
0.0266412 -0.637682 4.42102e-09
0.0510007 -0.671428 1.08736e-08
0.0646641 -0.708937 1.73824e-08
0.0626461 -0.752542 2.3234e-08
0.0430716 -0.802273 2.76143e-08
0.00780358 -0.85579 2.97368e-08
-0.0571975 -0.916886 3.53235e-08
-0.0903862 -0.86179 2.78121e-08
-0.104784 -0.814728 1.64504e-08
-0.100533 -0.777147 2.47666e-09
-0.0816837 -0.747913 -1.26396e-08
-0.0551441 -0.723618 -2.73935e-08
-0.029084 -0.699306 -4.04249e-08
-0.0111645 -0.669462 -5.0663e-08
-0.00695691 -0.629075 -5.74203e-08
-0.0188571 -0.574566 -6.04321e-08
-0.0456817 -0.504433 -5.98433e-08
-0.0829744 -0.419524 -5.61498e-08
-0.123924 -0.322903 -5.01051e-08
-0.160668 -0.21941 -4.26075e-08
-0.185733 -0.115007 -3.45818e-08
-0.193335 -0.0160608 -2.68711e-08
-0.18035 0.0713178 -2.01503e-08
-0.146805 0.141797 -1.48722e-08
-0.0958618 0.191179 -1.12503e-08
-0.0333113 0.216594 -9.27552e-09
0.0333114 0.216594 -8.76298e-09
0.0958618 0.191179 -9.41495e-09
0.146805 0.141797 -1.0888e-08
0.18035 0.0713177 -1.28507e-08
0.193335 -0.0160608 -1.50225e-08
0.185733 -0.115007 -1.71871e-08
0.160668 -0.21941 -1.91825e-08
0.123924 -0.322903 -2.08726e-08
0.0829744 -0.419524 -2.21115e-08
0.045681 -0.504434 -2.27135e-08
0.0188571 -0.574566 -2.24412e-08
0.00695692 -0.629075 -2.10211e-08
0.0111646 -0.669462 -1.81899e-08
0.029084 -0.699306 -1.37655e-08
0.0551441 -0.723618 -7.7306e-09
0.0816837 -0.747913 -3.08244e-10
0.100533 -0.777147 7.99422e-09
0.104784 -0.814728 1.63921e-08
0.0903862 -0.86179 2.38942e-08
0.0571975 -0.916886 2.94356e-08
-0.106897 -0.738797 2.82463e-08
-0.133749 -0.691419 1.65942e-08
-0.139313 -0.656719 2.06632e-09
-0.125992 -0.635056 -1.36785e-08
-0.100069 -0.624148 -2.89151e-08
-0.0702232 -0.61963 -4.20698e-08
-0.0456148 -0.615974 -5.18978e-08
-0.0339485 -0.60758 -5.76003e-08
-0.0399194 -0.589825 -5.88765e-08
-0.0643292 -0.559854 -5.59123e-08
-0.104005 -0.516992 -4.9315e-08
-0.152473 -0.462724 -4.00088e-08
-0.201214 -0.400283 -2.91055e-08
-0.2412 -0.333984 -1.7767e-08
-0.264433 -0.268477 -7.07541e-09
-0.265216 -0.20808 2.07624e-09
-0.240991 -0.156323 9.06035e-09
-0.192655 -0.115759 1.35517e-08
-0.124378 -0.0880061 1.55219e-08
-0.0429828 -0.0739455 1.51955e-08
0.0429828 -0.0739455 1.29774e-08
0.124378 -0.0880061 9.36548e-09
0.192655 -0.115759 4.86533e-09
0.240991 -0.156323 -7.92977e-11
0.265216 -0.20808 -5.12788e-09
0.264433 -0.268477 -1.00518e-08
0.2412 -0.333984 -1.47117e-08
0.201214 -0.400283 -1.90108e-08
0.152473 -0.462724 -2.28384e-08
0.104004 -0.516993 -2.6018e-08
0.0643292 -0.559854 -2.8277e-08
0.0399194 -0.589825 -2.92523e-08
0.0339485 -0.60758 -2.85353e-08
0.0456149 -0.615974 -2.57569e-08
0.0702232 -0.61963 -2.06967e-08
0.100069 -0.624148 -1.33952e-08
0.125992 -0.635056 -4.23909e-09
0.139313 -0.656719 6.00778e-09
0.133749 -0.691419 1.62493e-08
0.106897 -0.738797 2.51839e-08
-0.149051 -0.360303 1.80971e-08
-0.165102 -0.328921 3.27364e-09
-0.158194 -0.314464 -1.30018e-08
-0.133116 -0.316025 -2.87668e-08
-0.0982901 -0.330172 -4.21988e-08
-0.063889 -0.351745 -5.18354e-08
-0.0396576 -0.374942 -5.67245e-08
-0.0329115 -0.394455 -5.64932e-08
-0.047118 -0.40644 -5.13396e-08
-0.0813151 -0.409108 -4.19596e-08
-0.130426 -0.402838 -2.94264e-08
-0.186326 -0.389815 -1.50446e-08
-0.239399 -0.373303 -1.93949e-10
-0.28022 -0.356748 1.38179e-08
-0.301051 -0.342949 2.58818e-08
-0.296932 -0.333482 3.51827e-08
-0.266238 -0.32853 4.12543e-08
-0.210722 -0.327094 4.39901e-08
-0.135138 -0.327537 4.3609e-08
-0.0465456 -0.328249 4.05831e-08
0.0465456 -0.32825 3.5539e-08
0.135138 -0.327537 2.915e-08
0.210723 -0.327094 2.20363e-08
0.266238 -0.32853 1.46907e-08
0.296932 -0.333483 7.44065e-09
0.301051 -0.342949 4.49902e-10
0.28022 -0.356748 -6.2408e-09
0.239399 -0.373303 -1.26456e-08
0.186326 -0.389815 -1.87515e-08
0.130425 -0.402838 -2.4442e-08
0.0813151 -0.409108 -2.94438e-08
0.047118 -0.40644 -3.33168e-08
0.0329115 -0.394455 -3.54945e-08
0.0396576 -0.374942 -3.53784e-08
0.063889 -0.351745 -3.24741e-08
0.0982901 -0.330172 -2.65435e-08
0.133116 -0.316025 -1.77407e-08
0.158194 -0.314464 -6.69307e-09
0.165102 -0.328921 5.50233e-09
0.149051 -0.360303 1.73844e-08
-0.177152 0.12863 6.02788e-09
-0.178508 0.138397 -1.06904e-08
-0.15627 0.128241 -2.71135e-08
-0.117591 0.100465 -4.11341e-08
-0.0727937 0.0596069 -5.10191e-08
-0.0331359 0.0114202 -5.56071e-08
-0.00845194 -0.0383308 -5.44072e-08
-0.00519104 -0.0850124 -4.75986e-08
-0.0252458 -0.125956 -3.59467e-08
-0.0657742 -0.160801 -2.06616e-08
-0.119978 -0.191275 -3.22481e-09
-0.178583 -0.220456 1.47876e-08
-0.231645 -0.251707 3.18721e-08
-0.270269 -0.28754 4.67358e-08
-0.287912 -0.328707 5.84012e-08
-0.281105 -0.373746 6.62724e-08
-0.249571 -0.419116 7.01577e-08
-0.195889 -0.459884 7.02477e-08
-0.124872 -0.4908 6.70502e-08
-0.0428753 -0.507496 6.12907e-08
0.0428753 -0.507496 5.37913e-08
0.124872 -0.4908 4.53473e-08
0.195889 -0.459884 3.66212e-08
0.249571 -0.419116 2.807e-08
0.281105 -0.373746 1.99182e-08
0.287912 -0.328707 1.21763e-08
0.270269 -0.28754 4.70215e-09
0.231645 -0.251707 -2.70629e-09
0.178583 -0.220456 -1.02035e-08
0.119977 -0.191274 -1.77933e-08
0.0657742 -0.160801 -2.52495e-08
0.0252458 -0.125956 -3.20858e-08
0.00519102 -0.0850124 -3.75847e-08
0.00845194 -0.0383308 -4.08959e-08
0.0331359 0.0114202 -4.11951e-08
0.0727938 0.0596069 -3.78774e-08
0.117591 0.100465 -3.07502e-08
0.15627 0.128241 -2.01764e-08
0.178508 0.138397 -7.12686e-09
0.177152 0.12863 6.88644e-09
-0.187295 0.608682 -6.74743e-09
-0.171391 0.594914 -2.39457e-08
-0.132466 0.560184 -3.89349e-08
-0.0798626 0.508256 -4.96486e-08
-0.0254292 0.444674 -5.46394e-08
0.0190058 0.375563 -5.32289e-08
0.0440815 0.306348 -4.553e-08
0.0447268 0.240654 -3.23581e-08
0.0209767 0.179632 -1.5061e-08
-0.0223482 0.121878 4.69206e-09
-0.0769492 0.0639999 2.5128e-08
-0.132956 0.00172792 4.45614e-08
-0.180943 -0.0686724 6.15506e-08
-0.213564 -0.149013 7.50042e-08
-0.226492 -0.238185 8.4245e-08
-0.218579 -0.331821 8.90319e-08
-0.191371 -0.422743 8.95427e-08
-0.148251 -0.502124 8.63172e-08
-0.0935629 -0.56112 8.01639e-08
-0.0319521 -0.592604 7.20373e-08
0.0319521 -0.592604 6.29009e-08
0.093563 -0.56112 5.35957e-08
0.148251 -0.502124 4.47357e-08
0.191371 -0.422743 3.66464e-08
0.218579 -0.331821 2.9355e-08
0.226492 -0.238185 2.26315e-08
0.213564 -0.149013 1.60736e-08
0.180943 -0.0686724 9.22173e-09
0.132956 0.00172791 1.69034e-09
0.076948 0.0640011 -6.70454e-09
0.0223481 0.121878 -1.58403e-08
-0.0209767 0.179632 -2.52315e-08
-0.0447268 0.240654 -3.40402e-08
-0.0440815 0.306348 -4.11687e-08
-0.0190057 0.375563 -4.54331e-08
0.0254292 0.444674 -4.57947e-08
0.0798626 0.508256 -4.1612e-08
0.132466 0.560184 -3.28557e-08
0.171391 0.594914 -2.02326e-08
0.187295 0.608682 -5.17451e-09
-0.178846 0.960717 -1.9118e-08
-0.145024 0.925394 -3.54108e-08
-0.0900554 0.870445 -4.75787e-08
-0.0251595 0.801056 -5.37895e-08
0.0367663 0.723612 -5.30702e-08
0.0838979 0.644382 -4.53813e-08
0.10794 0.568202 -3.15425e-08
0.105721 0.497456 -1.30391e-08
0.0795654 0.431559 8.23903e-09
0.0363931 0.367121 3.02743e-08
-0.0141817 0.298812 5.11678e-08
-0.0622136 0.22083 6.9325e-08
-0.0996164 0.128643 8.35744e-08
-0.121609 0.0206453 9.32185e-08
-0.127127 -0.100731 9.80365e-08
-0.118225 -0.228756 9.82522e-08
-0.0987882 -0.353133 9.44729e-08
-0.073052 -0.461603 8.76023e-08
-0.0444086 -0.542105 7.87254e-08
-0.0148511 -0.585019 6.89719e-08
0.0148512 -0.585019 5.937e-08
0.0444086 -0.542105 5.07157e-08
0.073052 -0.461603 4.34769e-08
0.0987882 -0.353133 3.77514e-08
0.118225 -0.228756 3.32833e-08
0.127127 -0.100731 2.95307e-08
0.121609 0.0206453 2.57741e-08
0.0996164 0.128643 2.12506e-08
0.0622135 0.22083 1.53e-08
0.0141807 0.298813 7.51047e-09
-0.0363932 0.367121 -2.1538e-09
-0.0795654 0.431559 -1.32679e-08
-0.105721 0.497456 -2.49283e-08
-0.10794 0.568202 -3.58269e-08
-0.0838979 0.644382 -4.44255e-08
-0.0367662 0.723612 -4.92174e-08
0.0251595 0.801056 -4.90354e-08
0.0900554 0.870445 -4.33452e-08
0.145024 0.925394 -3.2454e-08
0.178846 0.960717 -1.75724e-08
-0.154371 1.09543 -3.01959e-08
-0.104143 1.04381 -4.43699e-08
-0.0359189 0.976278 -5.26506e-08
0.0376189 0.899264 -5.3624e-08
0.103053 0.819765 -4.69524e-08
0.149136 0.743959 -3.3353e-08
0.169193 0.675938 -1.44059e-08
0.162436 0.616771 7.75186e-09
0.133839 0.564128 3.07798e-08
0.092602 0.512605 5.24657e-08
0.0495794 0.454813 7.09837e-08
0.0144103 0.383116 8.50473e-08
-0.00685101 0.291689 9.39639e-08
-0.0129155 0.178461 9.76047e-08
-0.0069844 0.0463907 9.63288e-08
0.00480537 -0.0962942 9.08897e-08
0.0156536 -0.237044 8.23356e-08
0.0203466 -0.360973 7.19037e-08
0.016801 -0.453478 6.08964e-08
0.00646809 -0.502943 5.05405e-08
-0.0064681 -0.502943 4.18413e-08
-0.016801 -0.453478 3.54556e-08
-0.0203466 -0.360972 3.16129e-08
-0.0156536 -0.237044 3.00991e-08
-0.00480538 -0.0962942 3.03071e-08
0.00698439 0.0463908 3.13372e-08
0.0129155 0.178461 3.21287e-08
0.00685099 0.291689 3.16051e-08
-0.0144103 0.383116 2.88236e-08
-0.0495802 0.454814 2.31235e-08
-0.092602 0.512605 1.42679e-08
-0.133839 0.564128 2.55641e-09
-0.162436 0.616771 -1.11186e-08
-0.169193 0.675938 -2.531e-08
-0.149136 0.743959 -3.81727e-08
-0.103053 0.819765 -4.77387e-08
-0.0376189 0.899264 -5.22753e-08
0.0359189 0.976278 -5.06582e-08
0.104143 1.04381 -4.26751e-08
0.154371 1.09543 -2.91786e-08
-0.118905 0.975951 -3.93873e-08
-0.0558186 0.915312 -5.05023e-08
0.0210046 0.844394 -5.42193e-08
0.0978985 0.770567 -4.96973e-08
0.161437 0.701111 -3.73556e-08
0.201435 0.641893 -1.87358e-08
0.213265 0.596201 3.81828e-09
0.198896 0.563931 2.75839e-08
0.166283 0.541281 4.98998e-08
0.127168 0.521109 6.8539e-08
0.0937648 0.494079 8.19565e-08
0.0752689 0.450553 8.93854e-08
0.0752418 0.382941 9.07989e-08
0.0907259 0.287963 8.67741e-08
0.113351 0.168173 7.8322e-08
0.132045 0.0322573 6.67313e-08
0.13649 -0.106053 5.34455e-08
0.120265 -0.230263 3.9958e-08
0.0827911 -0.324109 2.77003e-08
0.0295348 -0.374622 1.79082e-08
-0.0295349 -0.374622 1.1479e-08
-0.0827911 -0.324109 8.85067e-09
-0.120265 -0.230263 9.93885e-09
-0.13649 -0.106053 1.41523e-08
-0.132045 0.0322574 2.04858e-08
-0.113351 0.168173 2.76633e-08
-0.0907259 0.287964 3.42949e-08
-0.0752418 0.382941 3.90253e-08
-0.0752689 0.450553 4.06678e-08
-0.0937653 0.49408 3.83342e-08
-0.127168 0.521109 3.15707e-08
-0.166283 0.541281 2.04923e-08
-0.198896 0.563931 5.88667e-09
-0.213265 0.596201 -1.07656e-08
-0.201435 0.641893 -2.7403e-08
-0.161437 0.701111 -4.16499e-08
-0.0978985 0.770567 -5.12116e-08
-0.0210046 0.844394 -5.43259e-08
0.0558186 0.915312 -5.01695e-08
0.118905 0.975951 -3.91158e-08
-0.0787739 0.627492 -4.64085e-08
-0.00790356 0.565554 -5.38516e-08
0.0716716 0.500086 -5.27254e-08
0.145798 0.438914 -4.28747e-08
0.201469 0.38918 -2.55466e-08
0.229862 0.356195 -3.12233e-09
0.228589 0.342497 2.13354e-08
0.202528 0.347183 4.46219e-08
0.162848 0.365605 6.39063e-08
0.124196 0.38955 7.71286e-08
0.100551 0.408172 8.3217e-08
0.100894 0.409862 8.21054e-08
0.126153 0.384865 7.45788e-08
0.168591 0.32798 6.20078e-08
0.213891 0.240434 4.60658e-08
0.245254 0.130334 2.8514e-08
0.248228 0.0114961 1.10817e-08
0.214875 -0.0990523 -4.59989e-09
0.146138 -0.184337 -1.70745e-08
0.0518183 -0.230755 -2.51776e-08
-0.0518184 -0.230755 -2.8179e-08
-0.146138 -0.184337 -2.59064e-08
-0.214875 -0.0990523 -1.88025e-08
-0.248228 0.0114961 -7.87971e-09
-0.245254 0.130334 5.42556e-09
-0.213891 0.240435 1.94556e-08
-0.168591 0.32798 3.25282e-08
-0.126153 0.384866 4.30859e-08
-0.100894 0.409862 4.97951e-08
-0.100551 0.408172 5.16216e-08
-0.124196 0.38955 4.79255e-08
-0.162848 0.365605 3.85983e-08
-0.202528 0.347183 2.42198e-08
-0.228589 0.342497 6.1668e-09
-0.229862 0.356195 -1.34166e-08
-0.201469 0.38918 -3.18469e-08
-0.145798 0.438914 -4.63161e-08
-0.0716716 0.500086 -5.44179e-08
0.00790359 0.565554 -5.46621e-08
0.0787739 0.627492 -4.68497e-08
-0.0402574 0.131657 -5.12621e-08
0.0325825 0.0750997 -5.47565e-08
0.108822 0.0218524 -4.88628e-08
0.174305 -0.0204344 -3.41737e-08
0.216736 -0.0452967 -1.27789e-08
0.228692 -0.048281 1.21359e-08
0.209833 -0.0275093 3.68749e-08
0.16772 0.0159168 5.78782e-08
0.116753 0.0775399 7.22978e-08
0.0749561 0.149244 7.84005e-08
0.0589062 0.219515 7.57356e-08
0.0781263 0.274973 6.50646e-08
0.131155 0.303356 4.80812e-08
0.205137 0.2969 2.69914e-08
0.279134 0.254756 4.083e-09
0.329886 0.183601 -1.85501e-08
0.338224 0.0964123 -3.9071e-08
0.294345 0.00978774 -5.5865e-08
0.200601 -0.059498 -6.75504e-08
0.071178 -0.0979125 -7.30823e-08
-0.0711781 -0.0979125 -7.19061e-08
-0.200601 -0.059498 -6.41004e-08
-0.294345 0.00978781 -5.04572e-08
-0.338224 0.0964124 -3.24319e-08
-0.329886 0.183601 -1.19366e-08
-0.279134 0.254756 8.95765e-09
-0.205137 0.2969 2.82983e-08
-0.131155 0.303356 4.44252e-08
-0.0781263 0.274973 5.60188e-08
-0.0589062 0.219513 6.20697e-08
-0.0749562 0.149244 6.18644e-08
-0.116753 0.0775399 5.50748e-08
-0.16772 0.0159168 4.19675e-08
-0.209833 -0.0275093 2.36456e-08
-0.228692 -0.048281 2.15931e-09
-0.216736 -0.0452967 -1.96417e-08
-0.174305 -0.0204344 -3.85253e-08
-0.108822 0.0218524 -5.14741e-08
-0.0325825 0.0750997 -5.63141e-08
0.0402575 0.131657 -5.22155e-08
-0.00844702 -0.393289 -5.41806e-08
0.0606995 -0.439889 -5.37598e-08
0.128303 -0.477252 -4.34587e-08
0.180673 -0.498642 -2.46231e-08
0.206378 -0.498948 -1.48106e-10
0.199113 -0.475019 2.60568e-08
0.159894 -0.42563 4.97772e-08
0.0981185 -0.351371 6.72326e-08
0.0309602 -0.255003 7.56943e-08
-0.019624 -0.142662 7.38692e-08
-0.0329019 -0.0251857 6.20015e-08
0.00277873 0.0824818 4.17239e-08
0.0841842 0.165024 1.56916e-08
0.193006 0.211571 -1.30085e-08
0.30099 0.218781 -4.15516e-08
0.377747 0.191456 -6.77536e-08
0.398894 0.141179 -8.99501e-08
0.352495 0.0834209 -1.06724e-07
0.24214 0.0339627 -1.16835e-07
0.086213 0.0056211 -1.19358e-07
-0.0862131 0.00562112 -1.13852e-07
-0.24214 0.0339627 -1.00519e-07
-0.352495 0.083421 -8.03751e-08
-0.398894 0.141179 -5.52994e-08
-0.377747 0.191456 -2.77828e-08
-0.30099 0.218781 -4.60306e-10
-0.193006 0.211571 2.43522e-08
-0.0841842 0.165024 4.49562e-08
-0.00277871 0.0824818 6.02811e-08
0.0329021 -0.025188 6.96591e-08
0.019624 -0.142662 7.25694e-08
-0.0309603 -0.255003 6.8559e-08
-0.0981185 -0.351371 5.74759e-08
-0.159894 -0.425631 3.99294e-08
-0.199113 -0.475019 1.76498e-08
-0.206378 -0.498948 -6.52307e-09
-0.180673 -0.498642 -2.905e-08
-0.128302 -0.477252 -4.63675e-08
-0.0606995 -0.439889 -5.56372e-08
0.00844704 -0.393289 -5.5379e-08
0.0134933 -0.821496 -5.55549e-08
0.0742196 -0.856104 -5.15158e-08
0.129517 -0.877199 -3.73687e-08
0.16666 -0.879725 -1.51661e-08
0.175161 -0.860709 1.14769e-08
0.149299 -0.819001 3.80396e-08
0.0901877 -0.754374 5.99168e-08
0.0072328 -0.666387 7.32334e-08
-0.0811279 -0.554131 7.54844e-08
-0.148574 -0.418601 6.58726e-08
-0.167174 -0.267703 4.53068e-08
-0.119915 -0.118389 1.6188e-08
-0.0111339 0.00946071 -1.78499e-08
0.134398 0.101522 -5.25928e-08
0.280282 0.152271 -8.46586e-08
0.388437 0.164689 -1.12258e-07
0.428886 0.148973 -1.34411e-07
0.387625 0.11923 -1.5008e-07
0.269469 0.0894683 -1.58154e-07
0.0964704 0.0711537 -1.57818e-07
-0.0964705 0.0711537 -1.48671e-07
-0.269469 0.0894684 -1.30684e-07
-0.387625 0.11923 -1.04614e-07
-0.428886 0.148973 -7.26105e-08
-0.388437 0.164689 -3.79791e-08
-0.280282 0.152271 -4.39536e-09
-0.134398 0.101522 2.49928e-08
0.011134 0.00946072 4.83409e-08
0.119915 -0.118389 6.51542e-08
0.167174 -0.267706 7.56702e-08
0.148574 -0.418601 8.01531e-08
0.0811279 -0.554131 7.8358e-08
-0.00723283 -0.666387 6.95993e-08
-0.0901877 -0.754374 5.36459e-08
-0.149299 -0.819001 3.15996e-08
-0.175161 -0.860709 6.08945e-09
-0.16666 -0.879725 -1.91642e-08
-0.129517 -0.877199 -4.01338e-08
-0.0742196 -0.856104 -5.3367e-08
-0.0134932 -0.821496 -5.67534e-08
0.0245314 -1.0506 -5.58577e-08
0.0735333 -1.07353 -4.87046e-08
0.114917 -1.0806 -3.13998e-08
0.137511 -1.06908 -6.60943e-09
0.131946 -1.03891 2.14506e-08
0.092571 -0.991955 4.77785e-08
0.0189704 -0.930096 6.74993e-08
-0.0825788 -0.852376 7.67381e-08
-0.1964 -0.752217 7.32692e-08
-0.292779 -0.619457 5.67876e-08
-0.329845 -0.453927 2.87399e-08
-0.277451 -0.277958 -8.14982e-09
-0.142248 -0.121085 -4.95609e-08
0.0406721 0.000238817 -8.8829e-08
0.226551 0.0804347 -1.21165e-07
0.369455 0.120396 -1.46726e-07
0.432941 0.129802 -1.66455e-07
0.402136 0.122448 -1.79609e-07
0.284032 0.108911 -1.85068e-07
0.102582 0.0981953 -1.82471e-07
-0.102582 0.0981954 -1.71769e-07
-0.284032 0.108911 -1.51855e-07
-0.402136 0.122448 -1.21379e-07
-0.432941 0.129802 -8.21395e-08
-0.369455 0.120396 -3.87244e-08
-0.226551 0.0804348 2.87542e-09
-0.040672 0.000238819 3.71314e-08
0.142248 -0.121085 6.14719e-08
0.277451 -0.277958 7.64414e-08
0.329845 -0.45393 8.39075e-08
0.292779 -0.619457 8.6214e-08
0.1964 -0.752217 8.46476e-08
0.0825787 -0.852376 7.78579e-08
-0.0189704 -0.930096 6.39805e-08
-0.092571 -0.991955 4.2976e-08
-0.131946 -1.03891 1.70452e-08
-0.137511 -1.06908 -1.00176e-08
-0.114917 -1.0806 -3.38042e-08
-0.0735333 -1.07353 -5.03225e-08
-0.0245314 -1.0506 -5.68904e-08
0.0255091 -1.02718 -5.55691e-08
0.0609768 -1.04048 -4.59601e-08
0.088743 -1.03721 -2.62555e-08
0.0999171 -1.01729 3.92721e-10
0.0867347 -0.984125 2.93086e-08
0.0436143 -0.943655 5.51397e-08
-0.0324852 -0.902045 7.28373e-08
-0.142273 -0.861124 7.85783e-08
-0.282116 -0.809789 7.04412e-08
-0.428531 -0.714839 4.85123e-08
-0.509316 -0.548509 1.46883e-08
-0.454573 -0.354677 -2.89668e-08
-0.288332 -0.191937 -8.21315e-08
-0.0698616 -0.0650845 -1.28698e-07
0.15591 0.0274059 -1.54125e-07
0.335985 0.0763383 -1.69557e-07
0.420467 0.0943841 -1.81779e-07
0.399886 0.102818 -1.87324e-07
0.289761 0.100955 -1.86775e-07
0.10709 0.0906266 -1.81963e-07
-0.10709 0.0906266 -1.74908e-07
-0.289761 0.100955 -1.62544e-07
-0.399886 0.102818 -1.32994e-07
-0.420467 0.0943842 -8.60593e-08
-0.335985 0.0763382 -2.81286e-08
-0.15591 0.0274059 2.84888e-08
0.0698617 -0.0650846 7.24602e-08
0.288332 -0.191937 9.87935e-08
0.454573 -0.354677 1.09792e-07
0.509316 -0.548513 1.06694e-07
0.428531 -0.714839 9.60889e-08
0.282116 -0.809789 8.88387e-08
0.142273 -0.861124 8.2524e-08
0.0324852 -0.902045 7.07702e-08
-0.0436143 -0.943655 5.1273e-08
-0.0867347 -0.984125 2.5578e-08
-0.0999171 -1.01729 -2.50909e-09
-0.088743 -1.03721 -2.82739e-08
-0.0609768 -1.04048 -4.72802e-08
-0.025509 -1.02718 -5.63698e-08
0.0186053 -0.760231 -5.51123e-08
0.0398956 -0.766864 -4.38115e-08
0.0555031 -0.75721 -2.24973e-08
0.0596303 -0.733528 5.34329e-09
0.0469751 -0.702512 3.47249e-08
0.0130222 -0.674631 6.00668e-08
-0.0467861 -0.662599 7.62178e-08
-0.140515 -0.678292 7.94852e-08
-0.28889 -0.722188 6.87975e-08
-0.525905 -0.732959 4.52564e-08
-0.72703 -0.544688 1.06773e-08
-0.635147 -0.305607 -2.3938e-08
-0.412212 -0.187432 -1.25886e-07
-0.180045 -0.0893813 -2.31523e-07
0.0841638 0.0166929 -2.15955e-07
0.317097 0.0491783 -1.85447e-07
0.402903 0.0416536 -1.76414e-07
0.374428 0.0727299 -1.31667e-07
0.295478 0.0856638 -1.1357e-07
0.121367 0.0473055 -1.08781e-07
-0.121367 0.0473057 -1.16728e-07
-0.295478 0.0856641 -1.55809e-07
-0.374428 0.07273 -1.50427e-07
-0.402903 0.0416537 -1.03025e-07
-0.317097 0.0491782 -9.90051e-09
-0.0841636 0.0166928 6.72584e-08
0.180045 -0.0893814 1.41686e-07
0.412212 -0.187432 1.90989e-07
0.635147 -0.305607 2.24823e-07
0.727029 -0.544693 1.99673e-07
0.525905 -0.732959 1.27006e-07
0.28889 -0.722188 9.40195e-08
0.140515 -0.678292 8.46057e-08
0.0467861 -0.662599 7.44828e-08
-0.0130222 -0.674631 5.64902e-08
-0.0469751 -0.702512 3.13152e-08
-0.0596303 -0.733528 2.76226e-09
-0.0555031 -0.75721 -2.42224e-08
-0.0398955 -0.766864 -4.48792e-08
-0.0186053 -0.760231 -5.57049e-08
0.00675998 -0.319056 -5.48007e-08
0.0138377 -0.322336 -4.26382e-08
0.0188256 -0.309743 -2.05173e-08
0.0197005 -0.284949 7.90434e-09
0.0145558 -0.256716 3.74864e-08
0.00159651 -0.238689 6.25348e-08
-0.0215068 -0.249337 7.78562e-08
-0.0604714 -0.314145 8.00012e-08
-0.138636 -0.477547 7.04558e-08
-0.421835 -0.839667 5.94548e-08
-1.27488 -0.373901 7.61112e-08
-0.660796 0.0806213 4.47609e-07
-0.373961 -0.0500841 3.18856e-08
-0.462337 -0.162521 -9.16774e-07
-0.0555983 0.0524258 -6.14081e-07
0.497521 0.0874142 -2.19745e-07
0.342746 -0.0723723 -3.1818e-07
0.125748 0.00934282 3.32465e-07
0.416961 0.100063 3.45772e-07
0.319185 -0.045981 2.79457e-07
-0.319186 -0.0459801 2.60184e-07
-0.416961 0.100064 -1.07958e-07
-0.125747 0.0093426 -1.96763e-07
-0.342746 -0.0723724 -3.55374e-07
-0.497521 0.087414 -1.36362e-09
0.0555985 0.0524254 -1.82929e-07
0.462336 -0.162522 1.28722e-07
0.373962 -0.0500833 3.52631e-07
0.660796 0.0806209 8.46541e-07
1.27489 -0.373919 5.97347e-07
0.421835 -0.839667 2.02715e-07
0.138636 -0.477547 1.01317e-07
0.0604713 -0.314145 8.5356e-08
0.0215068 -0.249337 7.59818e-08
-0.00159651 -0.238689 5.89454e-08
-0.0145558 -0.256716 3.41703e-08
-0.0197005 -0.284949 5.46553e-09
-0.0188256 -0.309743 -2.20907e-08
-0.0138377 -0.322336 -4.35654e-08
-0.00675998 -0.319056 -5.52732e-08
-0.00675998 0.183964 -5.48007e-08
-0.0138377 0.180684 -4.26382e-08
-0.0188256 0.193277 -2.05173e-08
-0.0197005 0.218071 7.90434e-09
-0.0145558 0.246304 3.74864e-08
-0.00159651 0.264331 6.25348e-08
0.0215068 0.253683 7.78562e-08
0.0604714 0.188875 8.00012e-08
0.138636 0.0254727 7.04558e-08
0.421835 -0.336647 5.94548e-08
1.27488 0.129119 7.61112e-08
0.660796 0.583641 4.47609e-07
0.373961 0.452936 3.18856e-08
0.462337 0.340499 -9.16774e-07
0.0555983 0.555446 -6.14081e-07
-0.497521 0.590434 -2.19745e-07
-0.342746 0.430648 -3.1818e-07
-0.125748 0.512363 3.32465e-07
-0.416961 0.603083 3.45772e-07
-0.319185 0.457039 2.79457e-07
0.319186 0.45704 2.60184e-07
0.416961 0.603084 -1.07958e-07
0.125747 0.512363 -1.96763e-07
0.342746 0.430648 -3.55374e-07
0.497521 0.590434 -1.36362e-09
-0.0555985 0.555445 -1.82929e-07
-0.462336 0.340498 1.28722e-07
-0.373962 0.452937 3.52631e-07
-0.660796 0.583641 8.46541e-07
-1.27489 0.129101 5.97347e-07
-0.421835 -0.336647 2.02715e-07
-0.138636 0.0254728 1.01317e-07
-0.0604713 0.188875 8.5356e-08
-0.0215068 0.253683 7.59818e-08
0.00159651 0.264331 5.89454e-08
0.0145558 0.246304 3.41703e-08
0.0197005 0.218071 5.46553e-09
0.0188256 0.193277 -2.20907e-08
0.0138377 0.180684 -4.35654e-08
0.00675998 0.183964 -5.52732e-08
-0.0186053 0.621536 -5.51123e-08
-0.0398956 0.614902 -4.38115e-08
-0.0555031 0.624556 -2.24973e-08
-0.0596303 0.648238 5.34329e-09
-0.0469751 0.679255 3.47249e-08
-0.0130222 0.707136 6.00668e-08
0.0467861 0.719168 7.62178e-08
0.140515 0.703474 7.94852e-08
0.28889 0.659579 6.87975e-08
0.525905 0.648807 4.52564e-08
0.72703 0.837079 1.06773e-08
0.635147 1.07616 -2.3938e-08
0.412212 1.19433 -1.25886e-07
0.180045 1.29239 -2.31523e-07
-0.0841638 1.39846 -2.15955e-07
-0.317097 1.43095 -1.85447e-07
-0.402903 1.42342 -1.76414e-07
-0.374428 1.4545 -1.31667e-07
-0.295478 1.46743 -1.1357e-07
-0.121367 1.42907 -1.08781e-07
0.121367 1.42907 -1.16728e-07
0.295478 1.46743 -1.55809e-07
0.374428 1.4545 -1.50427e-07
0.402903 1.42342 -1.03025e-07
0.317097 1.43094 -9.90051e-09
0.0841636 1.39846 6.72584e-08
-0.180045 1.29239 1.41686e-07
-0.412212 1.19433 1.90989e-07
-0.635147 1.07616 2.24823e-07
-0.727029 0.837074 1.99673e-07
-0.525905 0.648808 1.27006e-07
-0.28889 0.659579 9.40195e-08
-0.140515 0.703474 8.46057e-08
-0.0467861 0.719168 7.44828e-08
0.0130222 0.707136 5.64902e-08
0.0469751 0.679255 3.13152e-08
0.0596303 0.648238 2.76226e-09
0.0555031 0.624556 -2.42224e-08
0.0398955 0.614902 -4.48792e-08
0.0186053 0.621536 -5.57049e-08
-0.0255091 0.883724 -5.55691e-08
-0.0609768 0.870427 -4.59601e-08
-0.088743 0.873691 -2.62555e-08
-0.0999171 0.893612 3.92721e-10
-0.0867347 0.926781 2.93086e-08
-0.0436143 0.967251 5.51397e-08
0.0324852 1.00886 7.28373e-08
0.142273 1.04978 7.85783e-08
0.282116 1.10112 7.04412e-08
0.428531 1.19607 4.85123e-08
0.509316 1.3624 1.46883e-08
0.454573 1.55623 -2.89668e-08
0.288332 1.71897 -8.21315e-08
0.0698616 1.84582 -1.28698e-07
-0.15591 1.93831 -1.54125e-07
-0.335985 1.98724 -1.69557e-07
-0.420467 2.00529 -1.81779e-07
-0.399886 2.01372 -1.87324e-07
-0.289761 2.01186 -1.86775e-07
-0.10709 2.00153 -1.81963e-07
0.10709 2.00153 -1.74908e-07
0.289761 2.01186 -1.62544e-07
0.399886 2.01372 -1.32994e-07
0.420467 2.00529 -8.60593e-08
0.335985 1.98724 -2.81286e-08
0.15591 1.93831 2.84888e-08
-0.0698617 1.84582 7.24602e-08
-0.288332 1.71897 9.87935e-08
-0.454573 1.55623 1.09792e-07
-0.509316 1.36239 1.06694e-07
-0.428531 1.19607 9.60889e-08
-0.282116 1.10112 8.88387e-08
-0.142273 1.04978 8.2524e-08
-0.0324852 1.00886 7.07702e-08
0.0436143 0.967251 5.1273e-08
0.0867347 0.926781 2.5578e-08
0.0999171 0.893612 -2.50909e-09
0.088743 0.873691 -2.82739e-08
0.0609768 0.870427 -4.72802e-08
0.025509 0.883724 -5.63698e-08
-0.0245314 0.905936 -5.58577e-08
-0.0735333 0.883 -4.87046e-08
-0.114917 0.875932 -3.13998e-08
-0.137511 0.887458 -6.60943e-09
-0.131946 0.917624 2.14506e-08
-0.092571 0.964579 4.77785e-08
-0.0189704 1.02644 6.74993e-08
0.0825788 1.10416 7.67381e-08
0.1964 1.20432 7.32692e-08
0.292779 1.33708 5.67876e-08
0.329845 1.50261 2.87399e-08
0.277451 1.67858 -8.14982e-09
0.142248 1.83545 -4.95609e-08
-0.0406721 1.95677 -8.8829e-08
-0.226551 2.03697 -1.21165e-07
-0.369455 2.07693 -1.46726e-07
-0.432941 2.08634 -1.66455e-07
-0.402136 2.07898 -1.79609e-07
-0.284032 2.06545 -1.85068e-07
-0.102582 2.05473 -1.82471e-07
0.102582 2.05473 -1.71769e-07
0.284032 2.06545 -1.51855e-07
0.402136 2.07898 -1.21379e-07
0.432941 2.08634 -8.21395e-08
0.369455 2.07693 -3.87244e-08
0.226551 2.03697 2.87542e-09
0.040672 1.95677 3.71314e-08
-0.142248 1.83545 6.14719e-08
-0.277451 1.67858 7.64414e-08
-0.329845 1.5026 8.39075e-08
-0.292779 1.33708 8.6214e-08
-0.1964 1.20432 8.46476e-08
-0.0825787 1.10416 7.78579e-08
0.0189704 1.02644 6.39805e-08
0.092571 0.964579 4.2976e-08
0.131946 0.917624 1.70452e-08
0.137511 0.887458 -1.00176e-08
0.114917 0.875932 -3.38042e-08
0.0735333 0.883 -5.03225e-08
0.0245314 0.905936 -5.68904e-08
-0.0134933 0.685613 -5.55549e-08
-0.0742196 0.651004 -5.15158e-08
-0.129517 0.62991 -3.73687e-08
-0.16666 0.627383 -1.51661e-08
-0.175161 0.646399 1.14769e-08
-0.149299 0.688107 3.80396e-08
-0.0901877 0.752735 5.99168e-08
-0.0072328 0.840721 7.32334e-08
0.0811279 0.952977 7.54844e-08
0.148574 1.08851 6.58726e-08
0.167174 1.23941 4.53068e-08
0.119915 1.38872 1.6188e-08
0.0111339 1.51657 -1.78499e-08
-0.134398 1.60863 -5.25928e-08
-0.280282 1.65938 -8.46586e-08
-0.388437 1.6718 -1.12258e-07
-0.428886 1.65608 -1.34411e-07
-0.387625 1.62634 -1.5008e-07
-0.269469 1.59658 -1.58154e-07
-0.0964704 1.57826 -1.57818e-07
0.0964705 1.57826 -1.48671e-07
0.269469 1.59658 -1.30684e-07
0.387625 1.62634 -1.04614e-07
0.428886 1.65608 -7.26105e-08
0.388437 1.6718 -3.79791e-08
0.280282 1.65938 -4.39536e-09
0.134398 1.60863 2.49928e-08
-0.011134 1.51657 4.83409e-08
-0.119915 1.38872 6.51542e-08
-0.167174 1.2394 7.56702e-08
-0.148574 1.08851 8.01531e-08
-0.0811279 0.952977 7.8358e-08
0.00723283 0.840721 6.95993e-08
0.0901877 0.752735 5.36459e-08
0.149299 0.688107 3.15996e-08
0.175161 0.646399 6.08945e-09
0.16666 0.627383 -1.91642e-08
0.129517 0.62991 -4.01338e-08
0.0742196 0.651004 -5.3367e-08
0.0134932 0.685613 -5.67534e-08
0.00844702 0.28307 -5.41806e-08
-0.0606995 0.23647 -5.37598e-08
-0.128303 0.199107 -4.34587e-08
-0.180673 0.177717 -2.46231e-08
-0.206378 0.177411 -1.48106e-10
-0.199113 0.20134 2.60568e-08
-0.159894 0.250729 4.97772e-08
-0.0981185 0.324988 6.72326e-08
-0.0309602 0.421356 7.56943e-08
0.019624 0.533698 7.38692e-08
0.0329019 0.651173 6.20015e-08
-0.00277873 0.758841 4.17239e-08
-0.0841842 0.841384 1.56916e-08
-0.193006 0.88793 -1.30085e-08
-0.30099 0.89514 -4.15516e-08
-0.377747 0.867815 -6.77536e-08
-0.398894 0.817538 -8.99501e-08
-0.352495 0.75978 -1.06724e-07
-0.24214 0.710322 -1.16835e-07
-0.086213 0.68198 -1.19358e-07
0.0862131 0.68198 -1.13852e-07
0.24214 0.710322 -1.00519e-07
0.352495 0.75978 -8.03751e-08
0.398894 0.817539 -5.52994e-08
0.377747 0.867815 -2.77828e-08
0.30099 0.89514 -4.60306e-10
0.193006 0.88793 2.43522e-08
0.0841842 0.841384 4.49562e-08
0.00277871 0.758841 6.02811e-08
-0.0329021 0.651171 6.96591e-08
-0.019624 0.533698 7.25694e-08
0.0309603 0.421356 6.8559e-08
0.0981185 0.324988 5.74759e-08
0.159894 0.250729 3.99294e-08
0.199113 0.20134 1.76498e-08
0.206378 0.177411 -6.52307e-09
0.180673 0.177717 -2.905e-08
0.128302 0.199107 -4.63675e-08
0.0606995 0.23647 -5.56372e-08
-0.00844704 0.28307 -5.5379e-08
0.0402574 -0.193865 -5.12621e-08
-0.0325825 -0.250422 -5.47565e-08
-0.108822 -0.30367 -4.88628e-08
-0.174305 -0.345956 -3.41737e-08
-0.216736 -0.370819 -1.27789e-08
-0.228692 -0.373803 1.21359e-08
-0.209833 -0.353031 3.68749e-08
-0.16772 -0.309605 5.78782e-08
-0.116753 -0.247982 7.22978e-08
-0.0749561 -0.176278 7.84005e-08
-0.0589062 -0.106007 7.57356e-08
-0.0781263 -0.0505487 6.50646e-08
-0.131155 -0.0221661 4.80812e-08
-0.205137 -0.0286216 2.69914e-08
-0.279134 -0.0707659 4.083e-09
-0.329886 -0.141921 -1.85501e-08
-0.338224 -0.22911 -3.9071e-08
-0.294345 -0.315734 -5.5865e-08
-0.200601 -0.38502 -6.75504e-08
-0.071178 -0.423434 -7.30823e-08
0.0711781 -0.423434 -7.19061e-08
0.200601 -0.38502 -6.41004e-08
0.294345 -0.315734 -5.04572e-08
0.338224 -0.22911 -3.24319e-08
0.329886 -0.141921 -1.19366e-08
0.279134 -0.0707659 8.95765e-09
0.205137 -0.0286215 2.82983e-08
0.131155 -0.022166 4.44252e-08
0.0781263 -0.0505487 5.60188e-08
0.0589062 -0.106009 6.20697e-08
0.0749562 -0.176278 6.18644e-08
0.116753 -0.247982 5.50748e-08
0.16772 -0.309605 4.19675e-08
0.209833 -0.353031 2.36456e-08
0.228692 -0.373803 2.15931e-09
0.216736 -0.370819 -1.96417e-08
0.174305 -0.345956 -3.85253e-08
0.108822 -0.30367 -5.14741e-08
0.0325825 -0.250422 -5.63141e-08
-0.0402575 -0.193865 -5.22155e-08
0.0787739 -0.617564 -4.64085e-08
0.00790356 -0.679502 -5.38516e-08
-0.0716716 -0.744969 -5.27254e-08
-0.145798 -0.806142 -4.28747e-08
-0.201469 -0.855876 -2.55466e-08
-0.229862 -0.88886 -3.12233e-09
-0.228589 -0.902559 2.13354e-08
-0.202528 -0.897872 4.46219e-08
-0.162848 -0.87945 6.39063e-08
-0.124196 -0.855505 7.71286e-08
-0.100551 -0.836883 8.3217e-08
-0.100894 -0.835193 8.21054e-08
-0.126153 -0.86019 7.45788e-08
-0.168591 -0.917076 6.20078e-08
-0.213891 -1.00462 4.60658e-08
-0.245254 -1.11472 2.8514e-08
-0.248228 -1.23356 1.10817e-08
-0.214875 -1.34411 -4.59989e-09
-0.146138 -1.42939 -1.70745e-08
-0.0518183 -1.47581 -2.51776e-08
0.0518184 -1.47581 -2.8179e-08
0.146138 -1.42939 -2.59064e-08
0.214875 -1.34411 -1.88025e-08
0.248228 -1.23356 -7.87971e-09
0.245254 -1.11472 5.42556e-09
0.213891 -1.00462 1.94556e-08
0.168591 -0.917075 3.25282e-08
0.126153 -0.86019 4.30859e-08
0.100894 -0.835193 4.97951e-08
0.100551 -0.836883 5.16216e-08
0.124196 -0.855505 4.79255e-08
0.162848 -0.87945 3.85983e-08
0.202528 -0.897872 2.42198e-08
0.228589 -0.902559 6.1668e-09
0.229862 -0.88886 -1.34166e-08
0.201469 -0.855876 -3.18469e-08
0.145798 -0.806142 -4.63161e-08
0.0716716 -0.744969 -5.44179e-08
-0.00790359 -0.679502 -5.46621e-08
-0.0787739 -0.617564 -4.68497e-08
0.118905 -0.873595 -3.93873e-08
0.0558186 -0.934234 -5.05023e-08
-0.0210046 -1.00515 -5.42193e-08
-0.0978985 -1.07898 -4.96973e-08
-0.161437 -1.14843 -3.73556e-08
-0.201435 -1.20765 -1.87358e-08
-0.213265 -1.25335 3.81828e-09
-0.198896 -1.28561 2.75839e-08
-0.166283 -1.30826 4.98998e-08
-0.127168 -1.32844 6.8539e-08
-0.0937648 -1.35547 8.19565e-08
-0.0752689 -1.39899 8.93854e-08
-0.0752418 -1.4666 9.07989e-08
-0.0907259 -1.56158 8.67741e-08
-0.113351 -1.68137 7.8322e-08
-0.132045 -1.81729 6.67313e-08
-0.13649 -1.9556 5.34455e-08
-0.120265 -2.07981 3.9958e-08
-0.0827911 -2.17365 2.77003e-08
-0.0295348 -2.22417 1.79082e-08
0.0295349 -2.22417 1.1479e-08
0.0827911 -2.17365 8.85067e-09
0.120265 -2.07981 9.93885e-09
0.13649 -1.9556 1.41523e-08
0.132045 -1.81729 2.04858e-08
0.113351 -1.68137 2.76633e-08
0.0907259 -1.56158 3.42949e-08
0.0752418 -1.4666 3.90253e-08
0.0752689 -1.39899 4.06678e-08
0.0937653 -1.35547 3.83342e-08
0.127168 -1.32844 3.15707e-08
0.166283 -1.30826 2.04923e-08
0.198896 -1.28561 5.88667e-09
0.213265 -1.25335 -1.07656e-08
0.201435 -1.20765 -2.7403e-08
0.161437 -1.14843 -4.16499e-08
0.0978985 -1.07898 -5.12116e-08
0.0210046 -1.00515 -5.43259e-08
-0.0558186 -0.934234 -5.01695e-08
-0.118905 -0.873595 -3.91158e-08
0.154371 -0.890631 -3.01959e-08
0.104143 -0.94225 -4.43699e-08
0.0359189 -1.00978 -5.26506e-08
-0.0376189 -1.0868 -5.3624e-08
-0.103053 -1.1663 -4.69524e-08
-0.149136 -1.2421 -3.3353e-08
-0.169193 -1.31013 -1.44059e-08
-0.162436 -1.36929 7.75186e-09
-0.133839 -1.42194 3.07798e-08
-0.092602 -1.47346 5.24657e-08
-0.0495794 -1.53125 7.09837e-08
-0.0144103 -1.60295 8.50473e-08
0.00685101 -1.69437 9.39639e-08
0.0129155 -1.8076 9.76047e-08
0.0069844 -1.93967 9.63288e-08
-0.00480537 -2.08236 9.08897e-08
-0.0156536 -2.22311 8.23356e-08
-0.0203466 -2.34704 7.19037e-08
-0.016801 -2.43954 6.08964e-08
-0.00646809 -2.48901 5.05405e-08
0.0064681 -2.48901 4.18413e-08
0.016801 -2.43954 3.54556e-08
0.0203466 -2.34704 3.16129e-08
0.0156536 -2.22311 3.00991e-08
0.00480538 -2.08236 3.03071e-08
-0.00698439 -1.93967 3.13372e-08
-0.0129155 -1.8076 3.21287e-08
-0.00685099 -1.69437 3.16051e-08
0.0144103 -1.60295 2.88236e-08
0.0495802 -1.53125 2.31235e-08
0.092602 -1.47346 1.42679e-08
0.133839 -1.42194 2.55641e-09
0.162436 -1.36929 -1.11186e-08
0.169193 -1.31013 -2.531e-08
0.149136 -1.2421 -3.81727e-08
0.103053 -1.1663 -4.77387e-08
0.0376189 -1.0868 -5.22753e-08
-0.0359189 -1.00978 -5.06582e-08
-0.104143 -0.94225 -4.26751e-08
-0.154371 -0.890631 -2.91786e-08
0.178846 -0.659343 -1.9118e-08
0.145024 -0.694667 -3.54108e-08
0.0900554 -0.749616 -4.75787e-08
0.0251595 -0.819005 -5.37895e-08
-0.0367663 -0.896448 -5.30702e-08
-0.0838979 -0.975679 -4.53813e-08
-0.10794 -1.05186 -3.15425e-08
-0.105721 -1.1226 -1.30391e-08
-0.0795654 -1.1885 8.23903e-09
-0.0363931 -1.25294 3.02743e-08
0.0141817 -1.32125 5.11678e-08
0.0622136 -1.39923 6.9325e-08
0.0996164 -1.49142 8.35744e-08
0.121609 -1.59942 9.32185e-08
0.127127 -1.72079 9.80365e-08
0.118225 -1.84882 9.82522e-08
0.0987882 -1.97319 9.44729e-08
0.073052 -2.08166 8.76023e-08
0.0444086 -2.16217 7.87254e-08
0.0148511 -2.20508 6.89719e-08
-0.0148512 -2.20508 5.937e-08
-0.0444086 -2.16217 5.07157e-08
-0.073052 -2.08166 4.34769e-08
-0.0987882 -1.97319 3.77514e-08
-0.118225 -1.84882 3.32833e-08
-0.127127 -1.72079 2.95307e-08
-0.121609 -1.59942 2.57741e-08
-0.0996164 -1.49142 2.12506e-08
-0.0622135 -1.39923 1.53e-08
-0.0141807 -1.32125 7.51047e-09
0.0363932 -1.25294 -2.1538e-09
0.0795654 -1.1885 -1.32679e-08
0.105721 -1.1226 -2.49283e-08
0.10794 -1.05186 -3.58269e-08
0.0838979 -0.975679 -4.44255e-08
0.0367662 -0.896448 -4.92174e-08
-0.0251595 -0.819005 -4.90354e-08
-0.0900554 -0.749616 -4.33452e-08
-0.145024 -0.694667 -3.2454e-08
-0.178846 -0.659343 -1.75724e-08
0.187295 -0.235451 -6.74743e-09
0.171391 -0.249219 -2.39457e-08
0.132466 -0.283949 -3.89349e-08
0.0798626 -0.335877 -4.96486e-08
0.0254292 -0.399459 -5.46394e-08
-0.0190058 -0.46857 -5.32289e-08
-0.0440815 -0.537785 -4.553e-08
-0.0447268 -0.603479 -3.23581e-08
-0.0209767 -0.664501 -1.5061e-08
0.0223482 -0.722255 4.69206e-09
0.0769492 -0.780133 2.5128e-08
0.132956 -0.842405 4.45614e-08
0.180943 -0.912805 6.15506e-08
0.213564 -0.993146 7.50042e-08
0.226492 -1.08232 8.4245e-08
0.218579 -1.17595 8.90319e-08
0.191371 -1.26688 8.95427e-08
0.148251 -1.34626 8.63172e-08
0.0935629 -1.40525 8.01639e-08
0.0319521 -1.43674 7.20373e-08
-0.0319521 -1.43674 6.29009e-08
-0.093563 -1.40525 5.35957e-08
-0.148251 -1.34626 4.47357e-08
-0.191371 -1.26688 3.66464e-08
-0.218579 -1.17595 2.9355e-08
-0.226492 -1.08232 2.26315e-08
-0.213564 -0.993146 1.60736e-08
-0.180943 -0.912805 9.22173e-09
-0.132956 -0.842405 1.69034e-09
-0.076948 -0.780132 -6.70454e-09
-0.0223481 -0.722255 -1.58403e-08
0.0209767 -0.664501 -2.52315e-08
0.0447268 -0.603479 -3.40402e-08
0.0440815 -0.537785 -4.11687e-08
0.0190057 -0.46857 -4.54331e-08
-0.0254292 -0.399459 -4.57947e-08
-0.0798626 -0.335877 -4.1612e-08
-0.132466 -0.283949 -3.28557e-08
-0.171391 -0.249219 -2.02326e-08
-0.187295 -0.235451 -5.17451e-09
0.177152 0.273994 6.02788e-09
0.178508 0.283762 -1.06904e-08
0.15627 0.273606 -2.71135e-08
0.117591 0.24583 -4.11341e-08
0.0727937 0.204972 -5.10191e-08
0.0331359 0.156785 -5.56071e-08
0.00845194 0.107034 -5.44072e-08
0.00519104 0.0603524 -4.75986e-08
0.0252458 0.0194092 -3.59467e-08
0.0657742 -0.0154359 -2.06616e-08
0.119978 -0.0459103 -3.22481e-09
0.178583 -0.0750913 1.47876e-08
0.231645 -0.106342 3.18721e-08
0.270269 -0.142175 4.67358e-08
0.287912 -0.183342 5.84012e-08
0.281105 -0.228381 6.62724e-08
0.249571 -0.273751 7.01577e-08
0.195889 -0.314519 7.02477e-08
0.124872 -0.345435 6.70502e-08
0.0428753 -0.362131 6.12907e-08
-0.0428753 -0.362131 5.37913e-08
-0.124872 -0.345435 4.53473e-08
-0.195889 -0.314519 3.66212e-08
-0.249571 -0.273751 2.807e-08
-0.281105 -0.228381 1.99182e-08
-0.287912 -0.183342 1.21763e-08
-0.270269 -0.142175 4.70215e-09
-0.231645 -0.106342 -2.70629e-09
-0.178583 -0.0750913 -1.02035e-08
-0.119977 -0.0459097 -1.77933e-08
-0.0657742 -0.015436 -2.52495e-08
-0.0252458 0.0194091 -3.20858e-08
-0.00519102 0.0603524 -3.75847e-08
-0.00845194 0.107034 -4.08959e-08
-0.0331359 0.156785 -4.11951e-08
-0.0727938 0.204972 -3.78774e-08
-0.117591 0.24583 -3.07502e-08
-0.15627 0.273606 -2.01764e-08
-0.178508 0.283762 -7.12686e-09
-0.177152 0.273994 6.88644e-09
0.149051 0.737797 1.80971e-08
0.165102 0.769178 3.27364e-09
0.158194 0.783635 -1.30018e-08
0.133116 0.782074 -2.87668e-08
0.0982901 0.767927 -4.21988e-08
0.063889 0.746354 -5.18354e-08
0.0396576 0.723157 -5.67245e-08
0.0329115 0.703644 -5.64932e-08
0.047118 0.691659 -5.13396e-08
0.0813151 0.688991 -4.19596e-08
0.130426 0.695261 -2.94264e-08
0.186326 0.708284 -1.50446e-08
0.239399 0.724796 -1.93949e-10
0.28022 0.741351 1.38179e-08
0.301051 0.755151 2.58818e-08
0.296932 0.764617 3.51827e-08
0.266238 0.769569 4.12543e-08
0.210722 0.771005 4.39901e-08
0.135138 0.770562 4.3609e-08
0.0465456 0.76985 4.05831e-08
-0.0465456 0.76985 3.5539e-08
-0.135138 0.770562 2.915e-08
-0.210723 0.771005 2.20363e-08
-0.266238 0.769569 1.46907e-08
-0.296932 0.764617 7.44065e-09
-0.301051 0.755151 4.49902e-10
-0.28022 0.741351 -6.2408e-09
-0.239399 0.724796 -1.26456e-08
-0.186326 0.708284 -1.87515e-08
-0.130425 0.695261 -2.4442e-08
-0.0813151 0.688991 -2.94438e-08
-0.047118 0.691659 -3.33168e-08
-0.0329115 0.703644 -3.54945e-08
-0.0396576 0.723157 -3.53784e-08
-0.063889 0.746354 -3.24741e-08
-0.0982901 0.767927 -2.65435e-08
-0.133116 0.782074 -1.77407e-08
-0.158194 0.783635 -6.69307e-09
-0.165102 0.769178 5.50233e-09
-0.149051 0.737797 1.73844e-08
0.106897 1.03418 2.82463e-08
0.133749 1.08155 1.65942e-08
0.139313 1.11625 2.06632e-09
0.125992 1.13792 -1.36785e-08
0.100069 1.14883 -2.89151e-08
0.0702232 1.15334 -4.20698e-08
0.0456148 1.157 -5.18978e-08
0.0339485 1.16539 -5.76003e-08
0.0399194 1.18315 -5.88765e-08
0.0643292 1.21312 -5.59123e-08
0.104005 1.25598 -4.9315e-08
0.152473 1.31025 -4.00088e-08
0.201214 1.37269 -2.91055e-08
0.2412 1.43899 -1.7767e-08
0.264433 1.5045 -7.07541e-09
0.265216 1.56489 2.07624e-09
0.240991 1.61665 9.06035e-09
0.192655 1.65721 1.35517e-08
0.124378 1.68497 1.55219e-08
0.0429828 1.69903 1.51955e-08
-0.0429828 1.69903 1.29774e-08
-0.124378 1.68497 9.36548e-09
-0.192655 1.65721 4.86533e-09
-0.240991 1.61665 -7.92977e-11
-0.265216 1.56489 -5.12788e-09
-0.264433 1.5045 -1.00518e-08
-0.2412 1.43899 -1.47117e-08
-0.201214 1.37269 -1.90108e-08
-0.152473 1.31025 -2.28384e-08
-0.104004 1.25598 -2.6018e-08
-0.0643292 1.21312 -2.8277e-08
-0.0399194 1.18315 -2.92523e-08
-0.0339485 1.16539 -2.85353e-08
-0.0456149 1.157 -2.57569e-08
-0.0702232 1.15334 -2.06967e-08
-0.100069 1.14883 -1.33952e-08
-0.125992 1.13792 -4.23909e-09
-0.139313 1.11625 6.00778e-09
-0.133749 1.08155 1.62493e-08
-0.106897 1.03418 2.51839e-08
0.0571975 1.08236 3.53235e-08
0.0903862 1.13746 2.78121e-08
0.104784 1.18452 1.64504e-08
0.100533 1.2221 2.47666e-09
0.0816837 1.25134 -1.26396e-08
0.0551441 1.27563 -2.73935e-08
0.029084 1.29994 -4.04249e-08
0.0111645 1.32979 -5.0663e-08
0.00695691 1.37018 -5.74203e-08
0.0188571 1.42468 -6.04321e-08
0.0456817 1.49482 -5.98433e-08
0.0829744 1.57973 -5.61498e-08
0.123924 1.67635 -5.01051e-08
0.160668 1.77984 -4.26075e-08
0.185733 1.88424 -3.45818e-08
0.193335 1.98319 -2.68711e-08
0.18035 2.07057 -2.01503e-08
0.146805 2.14105 -1.48722e-08
0.0958618 2.19043 -1.12503e-08
0.0333113 2.21584 -9.27552e-09
-0.0333114 2.21584 -8.76298e-09
-0.0958618 2.19043 -9.41495e-09
-0.146805 2.14105 -1.0888e-08
-0.18035 2.07057 -1.28507e-08
-0.193335 1.98319 -1.50225e-08
-0.185733 1.88424 -1.71871e-08
-0.160668 1.77984 -1.91825e-08
-0.123924 1.67635 -2.08726e-08
-0.0829744 1.57973 -2.21115e-08
-0.045681 1.49482 -2.27135e-08
-0.0188571 1.42468 -2.24412e-08
-0.00695692 1.37018 -2.10211e-08
-0.0111646 1.32979 -1.81899e-08
-0.029084 1.29994 -1.37655e-08
-0.0551441 1.27563 -7.7306e-09
-0.0816837 1.25134 -3.08244e-10
-0.100533 1.2221 7.99422e-09
-0.104784 1.18452 1.63921e-08
-0.0903862 1.13746 2.38942e-08
-0.0571975 1.08236 2.94356e-08
0.00780359 0.863879 3.84222e-08
0.0430716 0.917396 3.55704e-08
0.0626461 0.967127 2.84194e-08
0.0646641 1.01073 1.7722e-08
0.0510007 1.04824 4.57583e-09
0.0266411 1.08199 -9.73457e-09
-0.00154061 1.1161 -2.39025e-08
-0.0263122 1.15567 -3.67487e-08
-0.0415928 1.20576 -4.73401e-08
-0.0436413 1.27035 -5.50656e-08
-0.0317058 1.35164 -5.96666e-08
-0.00804802 1.44946 -6.12218e-08
0.022626 1.56121 -6.00956e-08
0.0541723 1.68208 -5.68571e-08
0.0802398 1.80558 -5.21853e-08
0.0954815 1.92427 -4.67731e-08
0.0965319 2.0305 -4.12432e-08
0.0825911 2.11722 -3.60867e-08
0.0555367 2.17854 -3.16291e-08
0.0195644 2.21029 -2.80265e-08
-0.0195645 2.21029 -2.52872e-08
-0.0555367 2.17854 -2.33106e-08
-0.0825911 2.11722 -2.19335e-08
-0.0965319 2.0305 -2.09726e-08
-0.0954815 1.92427 -2.0255e-08
-0.0802398 1.80558 -1.96322e-08
-0.0541723 1.68208 -1.8977e-08
-0.022626 1.56121 -1.81687e-08
0.00804802 1.44946 -1.70733e-08
0.0317062 1.35164 -1.55311e-08
0.0436413 1.27035 -1.33576e-08
0.0415928 1.20576 -1.03663e-08
0.0263121 1.15567 -6.41133e-09
0.00154058 1.1161 -1.44528e-09
-0.0266412 1.08199 4.42102e-09
-0.0510007 1.04824 1.08736e-08
-0.0646641 1.01073 1.73824e-08
-0.0626461 0.967127 2.3234e-08
-0.0430716 0.917396 2.76143e-08
-0.00780358 0.863879 2.97368e-08
-0.0336987 0.428089 3.70563e-08
0.000227275 0.471609 3.88435e-08
0.0219418 0.514607 3.6422e-08
0.0279404 0.554056 3.00505e-08
0.0181001 0.588958 2.03909e-08
-0.00453976 0.620505 8.39687e-09
-0.0346098 0.651814 -4.81982e-09
-0.0656437 0.687277 -1.81274e-08
-0.0914344 0.731675 -3.04987e-08
-0.107234 0.789204 -4.11082e-08
-0.110569 0.862605 -4.93948e-08
-0.101543 0.952515 -5.50838e-08
-0.0826051 1.05716 -5.81746e-08
-0.0578746 1.17241 -5.88955e-08
-0.0321863 1.29216 -5.76383e-08
-0.0100651 1.40896 -5.48838e-08
0.00516976 1.51484 -5.11286e-08
0.0120066 1.60214 -4.6825e-08
0.0109504 1.66435 -4.23389e-08
0.00431906 1.6967 -3.79311e-08
-0.00431907 1.6967 -3.37578e-08
-0.0109504 1.66435 -2.98882e-08
-0.0120066 1.60214 -2.63293e-08
-0.00516975 1.51484 -2.30519e-08
0.0100651 1.40896 -2.001e-08
0.0321863 1.29216 -1.71509e-08
0.0578746 1.17241 -1.44151e-08
0.0826051 1.05716 -1.17295e-08
0.101543 0.952515 -8.99953e-09
0.110569 0.862604 -6.10837e-09
0.107234 0.789204 -2.9273e-09
0.0914344 0.731675 6.58992e-10
0.0656437 0.687277 4.71381e-09
0.0346098 0.651814 9.20376e-09
0.00453974 0.620505 1.39589e-08
-0.0181001 0.588958 1.86511e-08
-0.0279404 0.554056 2.28026e-08
-0.0219418 0.514607 2.58326e-08
-0.000227268 0.471609 2.71425e-08
0.0336987 0.428089 2.62286e-08
-0.061557 -0.119598 3.12905e-08
-0.0311894 -0.0919012 3.71397e-08
-0.00935925 -0.0627227 3.93588e-08
-0.000782217 -0.0355755 3.77577e-08
-0.00729802 -0.012373 3.25532e-08
-0.0277268 0.00693554 2.43083e-08
-0.058319 0.0243262 1.38383e-08
-0.093659 0.0432778 2.0972e-09
-0.127806 0.0680542 -9.93694e-09
-0.155424 0.10283 -2.13657e-08
-0.172683 0.15082 -3.1451e-08
-0.177778 0.213552 -3.96655e-08
-0.170992 0.290426 -4.5713e-08
-0.154359 0.378585 -4.95174e-08
-0.131017 0.473144 -5.11887e-08
-0.104419 0.567707 -5.09736e-08
-0.0775913 0.655101 -4.92005e-08
-0.0525645 0.728213 -4.6227e-08
-0.0301043 0.780829 -4.23979e-08
-0.00976448 0.808355 -3.80171e-08
0.00976449 0.808355 -3.33336e-08
0.0301043 0.780829 -2.85411e-08
0.0525645 0.728213 -2.37835e-08
0.0775913 0.655101 -1.91654e-08
0.104419 0.567707 -1.47593e-08
0.131017 0.473144 -1.06095e-08
0.154359 0.378585 -6.73133e-09
0.170992 0.290426 -3.10881e-09
0.177778 0.213552 3.05746e-10
0.172683 0.150819 3.58556e-09
0.155424 0.10283 6.81326e-09
0.127806 0.0680542 1.00552e-08
0.093659 0.0432778 1.3328e-08
0.058319 0.0243263 1.65652e-08
0.0277268 0.00693555 1.95928e-08
0.00729801 -0.012373 2.21238e-08
0.000782213 -0.0355755 2.37795e-08
0.00935925 -0.0627227 2.41419e-08
0.0311895 -0.0919012 2.28312e-08
0.061557 -0.119598 1.96001e-08
-0.0730257 -0.643907 2.17953e-08
-0.0471702 -0.634148 3.06392e-08
-0.0261569 -0.622104 3.68091e-08
-0.0154487 -0.611578 3.97562e-08
-0.0182479 -0.60525 3.92952e-08
-0.0350539 -0.604157 3.55917e-08
-0.0637616 -0.607513 2.91107e-08
-0.100229 -0.612901 2.05369e-08
-0.139163 -0.616775 1.06811e-08
-0.175111 -0.615186 3.83574e-10
-0.203374 -0.604575 -9.57212e-09
-0.22066 -0.582504 -1.85255e-08
-0.225398 -0.548197 -2.59839e-08
-0.217699 -0.5028 -3.16394e-08
-0.199015 -0.449321 -3.53639e-08
-0.171618 -0.392288 -3.71858e-08
-0.138034 -0.337154 -3.7255e-08
-0.10056 -0.289567 -3.58042e-08
-0.0609642 -0.254609 -3.31115e-08
-0.0204087 -0.236105 -2.94697e-08
0.0204088 -0.236105 -2.5164e-08
0.0609642 -0.254609 -2.04573e-08
0.10056 -0.289567 -1.55828e-08
0.138034 -0.337154 -1.07388e-08
0.171618 -0.392288 -6.08615e-09
0.199015 -0.449321 -1.74494e-09
0.217699 -0.5028 2.20863e-09
0.225398 -0.548197 5.74306e-09
0.22066 -0.582504 8.8681e-09
0.203374 -0.604575 1.16244e-08
0.175111 -0.615186 1.40653e-08
0.139163 -0.616775 1.62317e-08
0.100229 -0.612901 1.81246e-08
0.0637615 -0.607513 1.96801e-08
0.0350539 -0.604157 2.07568e-08
0.0182479 -0.60525 2.11398e-08
0.0154487 -0.611578 2.05687e-08
0.0261569 -0.622104 1.87874e-08
0.0471702 -0.634148 1.56111e-08
0.0730258 -0.643908 1.09983e-08
-0.0688654 -1.01388 9.80418e-09
-0.0474426 -1.02018 2.02274e-08
-0.0272991 -1.02427 2.91571e-08
-0.0141801 -1.03002 3.58068e-08
-0.012251 -1.04072 3.96743e-08
-0.0234339 -1.05835 4.05695e-08
-0.047205 -1.08332 3.86036e-08
-0.0808446 -1.11434 3.41467e-08
-0.120044 -1.14876 2.77617e-08
-0.159718 -1.18304 2.01256e-08
-0.194849 -1.2135 1.19494e-08
-0.221208 -1.23689 3.90721e-09
-0.235844 -1.25106 -3.42231e-09
-0.237286 -1.25527 -9.59281e-09
-0.22548 -1.25032 -1.43084e-08
-0.201523 -1.23838 -1.74235e-08
-0.167292 -1.22259 -1.89279e-08
-0.125067 -1.20652 -1.89235e-08
-0.0772323 -1.19358 -1.75956e-08
-0.0261047 -1.18639 -1.51852e-08
0.0261047 -1.18639 -1.19624e-08
0.0772324 -1.19358 -8.20516e-09
0.125067 -1.20652 -4.18103e-09
0.167292 -1.22259 -1.32698e-10
0.201523 -1.23838 3.73378e-09
0.22548 -1.25032 7.25796e-09
0.237286 -1.25527 1.03307e-08
0.235844 -1.25106 1.28951e-08
0.221208 -1.23689 1.49416e-08
0.194848 -1.21349 1.64956e-08
0.159718 -1.18304 1.7599e-08
0.120044 -1.14876 1.82877e-08
0.0808446 -1.11434 1.85682e-08
0.047205 -1.08332 1.84008e-08
0.0234339 -1.05835 1.76931e-08
0.012251 -1.04072 1.6311e-08
0.0141801 -1.03002 1.41062e-08
0.0272991 -1.02427 1.09613e-08
0.0474426 -1.02018 6.84214e-09
0.0688654 -1.01388 1.84919e-09
-0.0530327 -1.1361 -3.03069e-09
-0.0353607 -1.15325 7.40898e-09
-0.0156801 -1.16861 1.75859e-08
0.000417077 -1.18597 2.66107e-08
0.00822064 -1.20895 3.37773e-08
0.00470283 -1.24037 3.86206e-08
-0.011045 -1.28167 4.09406e-08
-0.0377804 -1.33274 4.07941e-08
-0.0724433 -1.39192 3.84597e-08
-0.110753 -1.45636 3.43836e-08
-0.147932 -1.52246 2.91144e-08
-0.179416 -1.58647 2.3237e-08
-0.201439 -1.64507 1.73117e-08
-0.211412 -1.69578 1.18262e-08
-0.208081 -1.73721 7.1619e-09
-0.191481 -1.76908 3.57664e-09
-0.162754 -1.79203 1.20175e-09
-0.123887 -1.80735 5.10349e-11
-0.0774438 -1.81649 3.82829e-11
-0.0263385 -1.8207 9.99676e-10
0.0263385 -1.8207 2.71833e-09
0.0774438 -1.81649 4.94871e-09
0.123887 -1.80735 7.43947e-09
0.162754 -1.79203 9.95377e-09
0.191481 -1.76908 1.22863e-08
0.208081 -1.73721 1.4276e-08
0.211412 -1.69578 1.5814e-08
0.201439 -1.64507 1.68444e-08
0.179416 -1.58647 1.73594e-08
0.147931 -1.52245 1.73866e-08
0.110753 -1.45636 1.69714e-08
0.0724433 -1.39192 1.61572e-08
0.0377804 -1.33274 1.49669e-08
0.011045 -1.28167 1.33906e-08
-0.00470283 -1.24037 1.13853e-08
-0.00822063 -1.20895 8.88646e-09
-0.000417064 -1.18597 5.83505e-09
0.0156801 -1.16861 2.21329e-09
0.0353607 -1.15325 -1.91581e-09
0.0530327 -1.1361 -6.37577e-09
-0.0316382 -0.978794 -1.48722e-08
-0.0169332 -0.999634 -5.89875e-09
0.00265298 -1.01898 3.92317e-09
0.022065 -1.04029 1.37319e-08
0.0364615 -1.06733 2.27423e-08
0.0420687 -1.10344 3.03199e-08
0.0367763 -1.151 3.60305e-08
0.0203991 -1.211 3.96609e-08
-0.00540483 -1.28287 4.12137e-08
-0.0375043 -1.3646 4.08792e-08
-0.0718569 -1.45303 3.89904e-08
-0.104142 -1.54432 3.59705e-08
-0.130367 -1.6344 3.22775e-08
-0.147342 -1.71948 2.83544e-08
-0.152992 -1.79635 2.45886e-08
-0.146491 -1.86257 2.1283e-08
-0.12823 -1.91654 1.86405e-08
-0.0996783 -1.95735 1.67607e-08
-0.0631624 -1.98462 1.56466e-08
-0.0216254 -1.99825 1.52195e-08
0.0216254 -1.99825 1.53389e-08
0.0631625 -1.98462 1.58253e-08
0.0996783 -1.95735 1.64833e-08
0.12823 -1.91654 1.71234e-08
0.146491 -1.86257 1.75809e-08
0.152992 -1.79635 1.77296e-08
0.147342 -1.71948 1.74901e-08
0.130367 -1.6344 1.68312e-08
0.104142 -1.54432 1.57643e-08
0.0718562 -1.45303 1.43315e-08
0.0375043 -1.3646 1.25898e-08
0.00540482 -1.28287 1.05943e-08
-0.0203991 -1.211 8.38351e-09
-0.0367763 -1.151 5.97207e-09
-0.0420687 -1.10344 3.35239e-09
-0.0364615 -1.06733 5.07689e-10
-0.022065 -1.04029 -2.56538e-09
-0.00265296 -1.01898 -5.82858e-09
0.0169332 -0.999634 -9.17491e-09
0.0316382 -0.978794 -1.24106e-08
-0.0114157 -0.580363 -2.39832e-08
0.000772669 -0.597635 -1.76608e-08
0.0201618 -0.613178 -9.63968e-09
0.0425445 -0.629925 -6.42876e-10
0.0633351 -0.65148 8.58369e-09
0.0783971 -0.681485 1.73504e-08
0.0847225 -0.722988 2.50872e-08
0.0808587 -0.777942 3.13858e-08
0.0670415 -0.84688 3.60186e-08
0.0450438 -0.92882 3.89355e-08
0.0178 -1.02138 4.02415e-08
-0.0111025 -1.12107 4.01616e-08
-0.0379781 -1.22368 3.89982e-08
-0.0595447 -1.32472 3.70863e-08
-0.0733183 -1.41982 3.47535e-08
-0.0778605 -1.50502 3.2287e-08
-0.0728756 -1.577 2.99107e-08
-0.059169 -1.63313 2.77727e-08
-0.0384984 -1.67156 2.59435e-08
-0.0133476 -1.69106 2.44231e-08
0.0133476 -1.69106 2.3154e-08
0.0384984 -1.67156 2.20397e-08
0.059169 -1.63313 2.09645e-08
0.0728756 -1.577 1.98134e-08
0.0778606 -1.50502 1.84887e-08
0.0733183 -1.41982 1.69232e-08
0.0595447 -1.32472 1.5087e-08
0.0379781 -1.22368 1.29877e-08
0.0111025 -1.12107 1.06655e-08
-0.0178006 -1.02138 8.18144e-09
-0.0450438 -0.92882 5.60435e-09
-0.0670415 -0.84688 2.99662e-09
-0.0808587 -0.777942 4.03982e-10
-0.0847225 -0.722988 -2.14873e-09
-0.0783971 -0.681485 -4.65351e-09
-0.0633351 -0.65148 -7.1067e-09
-0.0425445 -0.629925 -9.4901e-09
-0.0201617 -0.613178 -1.175e-08
-0.000772655 -0.597635 -1.37795e-08
0.0114157 -0.580363 -1.54117e-08
0.00193508 -0.0401257 -2.90189e-08
0.0114675 -0.0482817 -2.60643e-08
0.0298375 -0.0537904 -2.0915e-08
0.053912 -0.0588636 -1.40773e-08
0.079699 -0.0666812 -6.16016e-09
0.103085 -0.0808516 2.1977e-09
0.120524 -0.104814 1.03943e-08
0.12956 -0.141282 1.79182e-08
0.129128 -0.191809 2.43841e-08
0.119597 -0.256536 2.95507e-08
0.102582 -0.334134 3.33192e-08
0.0805925 -0.421932 3.57169e-08
0.0565835 -0.516192 3.68707e-08
0.0334892 -0.612479 3.69735e-08
0.0138149 -0.706052 3.62498e-08
-0.000670878 -0.792242 3.4925e-08
-0.00911367 -0.866774 3.32003e-08
-0.011617 -0.926011 3.12354e-08
-0.00916339 -0.967115 2.91406e-08
-0.00343543 -0.988156 2.69767e-08
0.00343543 -0.988156 2.47616e-08
0.00916339 -0.967115 2.2482e-08
0.011617 -0.926011 2.01084e-08
0.00911367 -0.866774 1.76093e-08
0.000670875 -0.792242 1.49648e-08
-0.0138149 -0.706052 1.21753e-08
-0.0334892 -0.612479 9.26678e-09
-0.0565835 -0.516192 6.28906e-09
-0.0805925 -0.421932 3.31019e-09
-0.102582 -0.334133 4.06489e-10
-0.119597 -0.256536 -2.34865e-09
-0.129128 -0.191809 -4.89553e-09
-0.12956 -0.141282 -7.19466e-09
-0.120524 -0.104814 -9.22779e-09
-0.103085 -0.0808516 -1.09922e-08
-0.079699 -0.0666812 -1.24886e-08
-0.0539119 -0.0588636 -1.37056e-08
-0.0298375 -0.0537904 -1.46045e-08
-0.0114675 -0.0482817 -1.51085e-08
-0.00193507 -0.0401257 -1.51025e-08
0.00512152 0.506377 -2.92686e-08
0.0112549 0.509813 -2.98356e-08
0.0270715 0.517387 -2.81007e-08
0.0506419 0.527766 -2.43152e-08
0.078839 0.538453 -1.8885e-08
0.107934 0.546192 -1.23135e-08
0.134229 0.547487 -5.14036e-09
0.154617 0.539143 2.11327e-09
0.166986 0.518761 8.99042e-09
0.170417 0.485097 1.51293e-08
0.165178 0.438258 2.02795e-08
0.152534 0.37973 2.43025e-08
0.134435 0.312231 2.7162e-08
0.11314 0.239439 2.89038e-08
0.0908459 0.16565 2.9632e-08
0.0693756 0.0953876 2.94834e-08
0.0499578 0.033035 2.86059e-08
0.0331252 -0.0174984 2.71399e-08
0.0187256 -0.0530476 2.52071e-08
0.00603722 -0.0713932 2.29054e-08
-0.00603722 -0.0713932 2.03092e-08
-0.0187256 -0.0530476 1.7475e-08
-0.0331252 -0.0174984 1.44494e-08
-0.0499578 0.033035 1.12774e-08
-0.0693756 0.0953876 8.01026e-09
-0.0908459 0.16565 4.71038e-09
-0.11314 0.239439 1.45225e-09
-0.134435 0.312231 -1.68037e-09
-0.152534 0.37973 -4.60093e-09
-0.165178 0.438259 -7.22868e-09
-0.170417 0.485097 -9.49739e-09
-0.166986 0.518761 -1.13627e-08
-0.154617 0.539143 -1.2805e-08
-0.134229 0.547487 -1.38276e-08
-0.107934 0.546192 -1.44491e-08
-0.078839 0.538453 -1.46923e-08
-0.0506419 0.527766 -1.45704e-08
-0.0270715 0.517387 -1.4076e-08
-0.0112549 0.509813 -1.31756e-08
-0.00512152 0.506377 -1.18128e-08
-0.00197817 0.921564 -2.47984e-08
-0.000366537 0.93543 -2.84772e-08
0.0109154 0.955145 -3.01098e-08
0.0311702 0.980354 -2.96942e-08
0.05832 1.00946 -2.74056e-08
0.0893302 1.03985 -2.35578e-08
0.120738 1.06833 -1.8557e-08
0.149183 1.09156 -1.28518e-08
0.171862 1.10655 -6.88696e-09
0.186836 1.11112 -1.06583e-09
0.193168 1.10416 4.27742e-09
0.190893 1.08575 8.89234e-09
0.180855 1.05723 1.26166e-08
0.164446 1.02097 1.537e-08
0.143316 0.980137 1.71418e-08
0.119096 0.938365 1.79749e-08
0.0931755 0.899383 1.79484e-08
0.0665667 0.86666 1.71625e-08
0.0398584 0.843098 1.57263e-08
0.0132634 0.830775 1.37494e-08
-0.0132634 0.830775 1.13385e-08
-0.0398584 0.843098 8.59638e-09
-0.0665667 0.86666 5.62378e-09
-0.0931755 0.899383 2.52186e-09
-0.119096 0.938365 -6.06017e-10
-0.143316 0.980137 -3.65416e-09
-0.164446 1.02097 -6.51691e-09
-0.180855 1.05723 -9.09337e-09
-0.190893 1.08575 -1.1294e-08
-0.193168 1.10416 -1.3048e-08
-0.186836 1.11112 -1.43091e-08
-0.171862 1.10655 -1.50597e-08
-0.149183 1.09155 -1.53102e-08
-0.120737 1.06833 -1.50946e-08
-0.0893302 1.03985 -1.44611e-08
-0.05832 1.00946 -1.34613e-08
-0.0311702 0.980354 -1.21386e-08
-0.0109154 0.955145 -1.05193e-08
0.000366537 0.93543 -8.61043e-09
0.00197816 0.921564 -6.40511e-09
-0.0163601 1.10062 -1.64617e-08
-0.0203732 1.12048 -2.23709e-08
-0.015594 1.14761 -2.67738e-08
-0.00156065 1.18268 -2.94532e-08
0.0207829 1.22511 -3.03621e-08
0.0493269 1.27319 -2.96071e-08
0.0811854 1.32434 -2.74189e-08
0.113153 1.37543 -2.41144e-08
0.142151 1.42327 -2.00568e-08
0.165589 1.46501 -1.56173e-08
0.181614 1.49846 -1.11429e-08
0.189209 1.52238 -6.93266e-09
0.188169 1.53655 -3.22286e-09
0.178976 1.54175 -1.81005e-10
0.162598 1.53959 2.09268e-09
0.140287 1.53228 3.5585e-09
0.113378 1.52234 4.22729e-09
0.0831418 1.51225 4.14946e-09
0.0507063 1.50418 3.40444e-09
0.0170344 1.49972 2.09187e-09
-0.0170344 1.49972 3.24862e-10
-0.0507063 1.50418 -1.77486e-09
-0.0831418 1.51225 -4.08038e-09
-0.113378 1.52234 -6.46248e-09
-0.140287 1.53228 -8.79274e-09
-0.162598 1.53959 -1.09476e-08
-0.178976 1.54175 -1.28136e-08
-0.188169 1.53655 -1.42932e-08
-0.189209 1.52238 -1.53114e-08
-0.181614 1.49846 -1.5821e-08
-0.165589 1.46501 -1.58063e-08
-0.142151 1.42327 -1.52834e-08
-0.113153 1.37543 -1.42965e-08
-0.0811854 1.32434 -1.29113e-08
-0.0493268 1.27319 -1.12048e-08
-0.0207828 1.22511 -9.25365e-09
0.00156065 1.18268 -7.12489e-09
0.015594 1.14761 -4.8691e-09
0.0203732 1.12048 -2.51988e-09
0.0163601 1.10062 -9.99212e-11
-0.0327346 0.998219 -5.76683e-09
-0.0429925 1.01755 -1.27223e-08
-0.0461292 1.0448 -1.88801e-08
-0.040691 1.08156 -2.38725e-08
-0.026511 1.12832 -2.74711e-08
-0.00464527 1.18443 -2.95905e-08
0.0228619 1.24817 -3.0277e-08
0.0533245 1.317 -2.96862e-08
0.0838064 1.38791 -2.80532e-08
0.111493 1.45776 -2.56601e-08
0.133992 1.52365 -2.28048e-08
0.149534 1.58323 -1.97742e-08
0.157065 1.63486 -1.68224e-08
0.156237 1.67772 -1.4157e-08
0.147318 1.71175 -1.19316e-08
0.13106 1.7375 -1.02442e-08
0.108557 1.756 -9.13975e-09
0.0811016 1.76843 -8.61623e-09
0.0500855 1.77595 -8.63192e-09
0.0169323 1.77947 -9.11328e-09
-0.0169323 1.77947 -9.96264e-09
-0.0500855 1.77595 -1.10655e-08
-0.0811016 1.76843 -1.22972e-08
-0.108557 1.756 -1.35297e-08
-0.13106 1.7375 -1.46381e-08
-0.147318 1.71175 -1.55077e-08
-0.156237 1.67772 -1.60403e-08
-0.157065 1.63486 -1.61614e-08
-0.149534 1.58323 -1.58252e-08
-0.133991 1.52365 -1.50183e-08
-0.111493 1.45776 -1.37602e-08
-0.0838064 1.38791 -1.21013e-08
-0.0533245 1.317 -1.01163e-08
-0.0228619 1.24817 -7.89566e-09
0.00464528 1.18443 -5.53496e-09
0.026511 1.12832 -3.12419e-09
0.040691 1.08156 -7.39361e-10
0.0461292 1.0448 1.56202e-09
0.0429925 1.01755 3.7401e-09
0.0327346 0.998219 5.76633e-09
-0.0449644 0.640315 5.38166e-09
-0.0612074 0.652283 -1.3483e-09
-0.0726355 0.671643 -8.02707e-09
-0.0770506 0.700727 -1.42146e-08
-0.0733038 0.741025 -1.95641e-08
-0.0613849 0.792974 -2.3841e-08
-0.0423417 0.855913 -2.69287e-08
-0.0180612 0.928167 -2.88214e-08
0.00903275 1.00727 -2.96076e-08
0.0363133 1.09025 -2.94469e-08
0.0612641 1.17395 -2.85446e-08
0.081731 1.25534 -2.7126e-08
0.0960992 1.33172 -2.54141e-08
0.103378 1.40095 -2.36105e-08
0.103209 1.46146 -2.18831e-08
0.0958151 1.51227 -2.03577e-08
0.0819088 1.55289 -1.91152e-08
0.0625855 1.5832 -1.81918e-08
0.0392162 1.60327 -1.75832e-08
0.0133527 1.61326 -1.72504e-08
-0.0133527 1.61326 -1.71263e-08
-0.0392162 1.60327 -1.7124e-08
-0.0625855 1.5832 -1.71448e-08
-0.0819088 1.55289 -1.70866e-08
-0.0958151 1.51227 -1.68522e-08
-0.103209 1.46146 -1.63576e-08
-0.103378 1.40095 -1.55388e-08
-0.0960992 1.33172 -1.4358e-08
-0.0817309 1.25534 -1.28073e-08
-0.0612636 1.17395 -1.09104e-08
-0.0363133 1.09025 -8.72051e-09
-0.00903274 1.00727 -6.31556e-09
0.0180612 0.928167 -3.79042e-09
0.0423417 0.855913 -1.24709e-09
0.0613849 0.792974 1.21575e-09
0.0733038 0.741025 3.51206e-09
0.0770506 0.700727 5.57509e-09
0.0726355 0.671643 7.35986e-09
0.0612074 0.652283 8.84081e-09
0.0449644 0.640315 1.0005e-08
VECTORS magnitude double
0.0449813 0.909469 2.60256e-08
0.0626719 0.885016 2.66224e-08
0.080725 0.852188 2.7202e-08
0.0987753 0.810582 2.77548e-08
0.116387 0.76092 2.82691e-08
0.133057 0.705212 2.87305e-08
0.148229 0.646947 2.91224e-08
0.161306 0.591294 2.94259e-08
0.171677 0.545101 2.9621e-08
0.178745 0.516059 2.9687e-08
0.181964 0.510347 2.96043e-08
0.180872 0.529516 2.9356e-08
0.175139 0.569505 2.89294e-08
0.164592 0.622911 2.83187e-08
0.149254 0.681946 2.75265e-08
0.129357 0.739993 2.65652e-08
0.10535 0.791922 2.54584e-08
0.0778919 0.833939 2.42413e-08
0.0478223 0.863368 2.29594e-08
0.0161251 0.8785 2.16668e-08
0.0161251 0.8785 2.04219e-08
0.0478223 0.863368 1.9282e-08
0.0778919 0.833938 1.82952e-08
0.10535 0.791922 1.74927e-08
0.129357 0.739993 1.68829e-08
0.149254 0.681946 1.64494e-08
0.164592 0.622911 1.6156e-08
0.175139 0.569505 1.59549e-08
0.180872 0.529516 1.57968e-08
0.181964 0.510347 1.56387e-08
0.178745 0.516059 1.54487e-08
0.171677 0.545101 1.52076e-08
0.161306 0.591294 1.49082e-08
0.148229 0.646947 1.45536e-08
0.133057 0.705212 1.41546e-08
0.116387 0.76092 1.37277e-08
0.0987753 0.810582 1.32921e-08
0.0807249 0.852188 1.28677e-08
0.0626718 0.885016 1.24736e-08
0.0449812 0.909469 1.21256e-08
0.0357863 0.907016 2.68349e-08
0.0541648 0.885278 2.7492e-08
0.0731327 0.855558 2.81363e-08
0.0923187 0.816948 2.87579e-08
0.111271 0.769674 2.93442e-08
0.129458 0.715269 2.98798e-08
0.146278 0.656783 3.03462e-08
0.161076 0.599031 3.07223e-08
0.173167 0.548736 3.09848e-08
0.181872 0.51401 3.11095e-08
0.186553 0.502254 3.1073e-08
0.186662 0.516636 3.0854e-08
0.181785 0.55408 3.04362e-08
0.171683 0.607119 2.98105e-08
0.156337 0.667319 2.89771e-08
0.135966 0.727346 2.79479e-08
0.111038 0.781488 2.67476e-08
0.0822667 0.825515 2.54141e-08
0.0505775 0.856447 2.39981e-08
0.0170658 0.872378 2.25609e-08
0.0170658 0.872378 2.11695e-08
0.0505776 0.856447 1.98905e-08
0.0822667 0.825515 1.87808e-08
0.111038 0.781488 1.78784e-08
0.135966 0.727346 1.71945e-08
0.156337 0.667319 1.67114e-08
0.171683 0.607119 1.63875e-08
0.181785 0.55408 1.61683e-08
0.186662 0.516636 1.5998e-08
0.186553 0.502254 1.58293e-08
0.181872 0.51401 1.56282e-08
0.173167 0.548736 1.53756e-08
0.161076 0.599031 1.50661e-08
0.146278 0.656783 1.47058e-08
0.129458 0.715269 1.43087e-08
0.111271 0.769674 1.38939e-08
0.0923187 0.816948 1.34828e-08
0.0731326 0.855558 1.30965e-08
0.0541648 0.885278 1.27531e-08
0.0357863 0.907016 1.24668e-08
0.0257785 0.903352 2.7673e-08
0.0447332 0.884049 2.83944e-08
0.0645507 0.857421 2.91084e-08
0.0848441 0.822027 2.98047e-08
0.105147 0.777549 3.04703e-08
0.1249 0.72499 3.10884e-08
0.143459 0.666901 3.16388e-08
0.160106 0.607656 3.20978e-08
0.17408 0.553718 3.24388e-08
0.184606 0.513421 3.26334e-08
0.190946 0.495256 3.26536e-08
0.192448 0.504159 3.24732e-08
0.188599 0.538394 3.20713e-08
0.179082 0.590647 3.14346e-08
0.163821 0.651841 3.05606e-08
0.143012 0.713848 2.94598e-08
0.117144 0.770289 2.81577e-08
0.0869848 0.81644 2.66955e-08
0.053558 0.848973 2.51296e-08
0.0180849 0.86576 2.35293e-08
0.0180849 0.86576 2.19714e-08
0.053558 0.848973 2.05336e-08
0.0869848 0.81644 1.92836e-08
0.117144 0.770289 1.82675e-08
0.143012 0.713848 1.75002e-08
0.163821 0.651841 1.69625e-08
0.179082 0.590647 1.6607e-08
0.188599 0.538394 1.63709e-08
0.192448 0.504159 1.61913e-08
0.190946 0.495256 1.60158e-08
0.184606 0.513421 1.58084e-08
0.17408 0.553718 1.55506e-08
0.160106 0.607656 1.52394e-08
0.143459 0.666901 1.48839e-08
0.1249 0.72499 1.45016e-08
0.105147 0.777549 1.41142e-08
0.0848441 0.822027 1.37444e-08
0.0645507 0.857421 1.3413e-08
0.0447331 0.884049 1.31365e-08
0.0257784 0.903352 1.29253e-08
0.0151239 0.898653 2.85401e-08
0.0343841 0.88135 2.933e-08
0.0549383 0.857666 3.01187e-08
0.07628 0.825615 3.0896e-08
0.0979195 0.784289 3.16483e-08
0.119272 0.734108 3.2358e-08
0.13965 0.677057 3.30028e-08
0.158273 0.616991 3.35564e-08
0.174295 0.559982 3.39885e-08
0.186841 0.514375 3.4266e-08
0.195057 0.489552 3.43554e-08
0.198168 0.492286 3.42249e-08
0.195549 0.522561 3.38477e-08
0.186781 0.573516 3.32057e-08
0.171718 0.635477 3.22924e-08
0.150524 0.699438 3.11165e-08
0.123701 0.758259 2.97042e-08
0.0920783 0.806652 2.80999e-08
0.0567863 0.840891 2.63663e-08
0.0191906 0.858593 2.45817e-08
0.0191906 0.858593 2.28347e-08
0.0567863 0.840891 2.12156e-08
0.0920783 0.806652 1.9805e-08
0.123701 0.758259 1.86591e-08
0.150524 0.699438 1.77979e-08
0.171718 0.635477 1.72006e-08
0.186781 0.573516 1.68127e-08
0.195549 0.522561 1.65623e-08
0.198168 0.492286 1.63777e-08
0.195057 0.489552 1.62013e-08
0.186841 0.514375 1.59949e-08
0.174295 0.559982 1.57412e-08
0.158273 0.616991 1.544e-08
0.13965 0.677057 1.51037e-08
0.119272 0.734108 1.47528e-08
0.0979194 0.78429 1.44112e-08
0.07628 0.825615 1.41016e-08
0.0549383 0.857666 1.3843e-08
0.034384 0.88135 1.36483e-08
0.0151239 0.898653 1.35233e-08
0.00577099 0.893196 2.94367e-08
0.0232344 0.877279 3.02991e-08
0.0442862 0.856235 3.11676e-08
0.0665674 0.827531 3.20322e-08
0.089497 0.789636 3.28792e-08
0.112457 0.742331 3.369e-08
0.134719 0.68697 3.44406e-08
0.155437 0.626809 3.51018e-08
0.173678 0.567406 3.56392e-08
0.188455 0.516912 3.60145e-08
0.198783 0.485331 3.61879e-08
0.203749 0.481245 3.61209e-08
0.202589 0.506725 3.57797e-08
0.194765 0.555767 3.51398e-08
0.180039 0.618198 3.419e-08
0.15853 0.684053 3.29363e-08
0.130746 0.745326 3.14049e-08
0.0975828 0.796081 2.96439e-08
0.0602878 0.832136 2.77229e-08
0.0203919 0.850818 2.57303e-08
0.0203919 0.850818 2.37681e-08
0.0602878 0.832136 2.19418e-08
0.0975829 0.796081 2.03472e-08
0.130746 0.745326 1.9053e-08
0.15853 0.684053 1.80858e-08
0.180039 0.618198 1.74236e-08
0.194765 0.555767 1.70036e-08
0.202589 0.506725 1.67429e-08
0.203749 0.481245 1.65601e-08
0.198782 0.485332 1.63913e-08
0.188455 0.516912 1.61968e-08
0.173678 0.567406 1.59603e-08
0.155437 0.626809 1.56847e-08
0.134719 0.68697 1.5386e-08
0.112457 0.742331 1.50871e-08
0.089497 0.789636 1.48123e-08
0.0665674 0.827531 1.45829e-08
0.0442862 0.856235 1.44143e-08
0.0232344 0.877279 1.43138e-08
0.00577098 0.893196 1.42817e-08
0.0119538 0.887377 3.03631e-08
0.0120518 0.872042 3.13019e-08
0.0326738 0.853141 3.22551e-08
0.0556778 0.827632 3.32135e-08
0.0797994 0.79334 3.41633e-08
0.104342 0.74935 3.50853e-08
0.128527 0.696323 3.59539e-08
0.151447 0.636832 3.6737e-08
0.172075 0.575811 3.73957e-08
0.189303 0.52101 3.78861e-08
0.202001 0.48276 3.8161e-08
0.209095 0.471284 3.81738e-08
0.209659 0.491069 3.78824e-08
0.203008 0.537464 3.72546e-08
0.188789 0.599983 3.62729e-08
0.167058 0.667629 3.49396e-08
0.13832 0.731413 3.32805e-08
0.103537 0.78465 3.13472e-08
0.0640904 0.822637 2.92168e-08
0.0216991 0.842367 2.69896e-08
0.0216991 0.842367 2.47826e-08
0.0640904 0.822637 2.27193e-08
0.103537 0.78465 2.09135e-08
0.13832 0.731413 1.94497e-08
0.167058 0.667629 1.83629e-08
0.188789 0.599983 1.76302e-08
0.203008 0.537464 1.71796e-08
0.209659 0.491069 1.6915e-08
0.209095 0.471284 1.67436e-08
0.202001 0.482761 1.65949e-08
0.189303 0.52101 1.64271e-08
0.172075 0.575811 1.62256e-08
0.151447 0.636832 1.59964e-08
0.128527 0.696323 1.57581e-08
0.104342 0.74935 1.55348e-08
0.0797994 0.79334 1.53495e-08
0.0556778 0.827632 1.52197e-08
0.0326737 0.853141 1.51551e-08
0.0120518 0.872042 1.51568e-08
0.0119538 0.887377 1.52186e-08
0.0249794 0.881722 3.13197e-08
0.00879046 0.865966 3.23383e-08
0.0205276 0.848499 3.3381e-08
0.0436536 0.825841 3.44394e-08
0.0687716 0.795176 3.55002e-08
0.0948166 0.754853 3.65439e-08
0.120931 0.704768 3.75437e-08
0.146138 0.646733 3.84643e-08
0.169313 0.584948 3.92625e-08
0.18922 0.52658 3.98876e-08
0.204566 0.481959 4.02844e-08
0.214093 0.462665 4.03967e-08
0.216683 0.475816 4.01724e-08
0.211473 0.5187 3.95696e-08
0.197968 0.580821 3.8563e-08
0.176134 0.650104 3.71498e-08
0.146462 0.716437 3.53546e-08
0.109983 0.772275 3.32324e-08
0.0682254 0.812315 3.08687e-08
0.0231236 0.833165 2.83771e-08
0.0231236 0.833165 2.5892e-08
0.0682254 0.812315 2.35576e-08
0.109983 0.772275 2.15096e-08
0.146462 0.716437 1.98513e-08
0.176134 0.650104 1.86294e-08
0.197968 0.580821 1.78208e-08
0.211473 0.5187 1.73426e-08
0.216683 0.475816 1.70835e-08
0.214093 0.462665 1.69373e-08
0.204565 0.48196 1.68256e-08
0.18922 0.52658 1.67048e-08
0.169313 0.584948 1.65616e-08
0.146138 0.646733 1.64045e-08
0.120931 0.704768 1.62534e-08
0.0948166 0.754853 1.61314e-08
0.0687716 0.795176 1.60578e-08
0.0436536 0.825841 1.6044e-08
0.0205276 0.848499 1.60926e-08
0.00879047 0.865966 1.61978e-08
0.0249794 0.881722 1.63484e-08
0.0392526 0.876888 3.23067e-08
0.02047 0.859533 3.34084e-08
0.0108752 0.842551 3.4545e-08
0.0307624 0.822168 3.57093e-08
0.0564194 0.794969 3.68892e-08
0.0837967 0.758535 3.80653e-08
0.111792 0.711934 3.92098e-08
0.139336 0.656136 4.02849e-08
0.165203 0.594504 4.12424e-08
0.188015 0.53345 4.20248e-08
0.206304 0.482984 4.25673e-08
0.2186 0.455646 4.28026e-08
0.223561 0.461231 4.26667e-08
0.220107 0.499608 4.21057e-08
0.207563 0.56072 4.10844e-08
0.18578 0.631416 3.95932e-08
0.155215 0.70031 3.76544e-08
0.116967 0.758863 3.53263e-08
0.0727269 0.80108 3.27036e-08
0.024678 0.823127 2.99146e-08
0.024678 0.823127 2.71141e-08
0.072727 0.80108 2.44699e-08
0.116967 0.758863 2.21437e-08
0.155215 0.70031 2.02624e-08
0.18578 0.631416 1.88877e-08
0.207563 0.56072 1.79976e-08
0.220107 0.499608 1.74973e-08
0.223561 0.461231 1.7257e-08
0.2186 0.455646 1.71548e-08
0.206303 0.482985 1.71033e-08
0.188015 0.53345 1.70561e-08
0.165203 0.594504 1.70005e-08
0.139336 0.656136 1.6946e-08
0.111792 0.711934 1.69116e-08
0.0837967 0.758535 1.69166e-08
0.0564194 0.794969 1.69738e-08
0.0307624 0.822168 1.70868e-08
0.0108752 0.842551 1.72505e-08
0.02047 0.859533 1.74535e-08
0.0392526 0.876888 1.76805e-08
0.0543125 0.873651 3.33247e-08
0.0353995 0.853382 3.45121e-08
0.0161813 0.8357 3.57463e-08
0.0183563 0.816752 3.70221e-08
0.042908 0.792618 3.83287e-08
0.0712449 0.76012 3.96478e-08
0.100985 0.717441 4.09511e-08
0.130864 0.664626 4.21986e-08
0.159536 0.604099 4.33374e-08
0.185473 0.541364 4.43022e-08
0.207012 0.485807 4.5018e-08
0.222445 0.450456 4.54044e-08
0.230167 0.447618 4.53829e-08
0.228837 0.480364 4.48854e-08
0.217554 0.539711 4.38638e-08
0.196015 0.61151 4.22995e-08
0.164623 0.68294 4.02114e-08
0.124538 0.744313 3.76604e-08
0.0776334 0.788832 3.47513e-08
0.0263766 0.812155 3.16292e-08
0.0263766 0.812155 2.84717e-08
0.0776335 0.788832 2.54744e-08
0.124538 0.744313 2.28291e-08
0.164623 0.68294 2.06917e-08
0.196015 0.61151 1.91438e-08
0.217554 0.539711 1.8167e-08
0.228837 0.480364 1.76528e-08
0.230167 0.447618 1.74498e-08
0.222445 0.450456 1.74169e-08
0.207012 0.485808 1.74558e-08
0.185473 0.541364 1.75156e-08
0.159536 0.604099 1.75828e-08
0.130864 0.664626 1.76651e-08
0.100985 0.717441 1.77774e-08
0.0712448 0.76012 1.79319e-08
0.042908 0.792618 1.81328e-08
0.0183563 0.816752 1.83754e-08
0.0161813 0.8357 1.8648e-08
0.0353995 0.853382 1.8935e-08
0.0543125 0.873651 1.92197e-08
0.069949 0.872864 3.43741e-08
0.0515253 0.848322 3.56494e-08
0.0309551 0.82854 3.69843e-08
0.0143545 0.809894 3.8376e-08
0.0289796 0.78814 3.98162e-08
0.0572467 0.759393 4.12883e-08
0.0884254 0.720918 4.27645e-08
0.120552 0.671755 4.42031e-08
0.152093 0.613287 4.55467e-08
0.181355 0.54997 4.67222e-08
0.206457 0.490296 4.76429e-08
0.225424 0.447265 4.82135e-08
0.236344 0.435308 4.83383e-08
0.237563 0.461199 4.79317e-08
0.227901 0.517854 4.69296e-08
0.20685 0.590339 4.53017e-08
0.174729 0.664232 4.30613e-08
0.132749 0.728515 4.02716e-08
0.0829867 0.775462 3.7048e-08
0.0282351 0.800143 3.35545e-08
0.0282352 0.800143 2.99947e-08
0.0829867 0.775462 2.6596e-08
0.132749 0.728515 2.35857e-08
0.174729 0.664232 2.11543e-08
0.20685 0.590339 1.94097e-08
0.227901 0.517854 1.83407e-08
0.237563 0.461199 1.78245e-08
0.236344 0.435308 1.76832e-08
0.225424 0.447265 1.77527e-08
0.206457 0.490297 1.79201e-08
0.181355 0.54997 1.81278e-08
0.152093 0.613287 1.83575e-08
0.120552 0.671755 1.86118e-08
0.0884254 0.720918 1.88975e-08
0.0572467 0.759393 1.92175e-08
0.0289796 0.78814 1.95664e-08
0.0143545 0.809894 1.99321e-08
0.0309551 0.82854 2.02982e-08
0.0515253 0.848322 2.06478e-08
0.069949 0.872864 2.09655e-08
0.0859554 0.875399 3.5456e-08
0.0684338 0.8453 3.68204e-08
0.0480396 0.821872 3.82581e-08
0.0262615 0.802102 3.97693e-08
0.0183662 0.781712 4.13488e-08
0.0422449 0.756236 4.29829e-08
0.0741216 0.72203 4.46453e-08
0.108259 0.677061 4.62938e-08
0.142654 0.621569 4.78672e-08
0.175397 0.558828 4.92843e-08
0.204369 0.4962 5.04457e-08
0.227292 0.446155 5.12393e-08
0.241898 0.424641 5.15492e-08
0.246158 0.442401 5.12681e-08
0.238545 0.49525 5.03124e-08
0.218287 0.567868 4.86363e-08
0.185574 0.644088 4.62451e-08
0.141658 0.711348 4.32032e-08
0.0888332 0.760843 3.96374e-08
0.0302714 0.786965 3.57329e-08
0.0302714 0.786965 3.17226e-08
0.0888332 0.760843 2.787e-08
0.141658 0.711348 2.4443e-08
0.185574 0.644088 2.16742e-08
0.218287 0.567868 1.97056e-08
0.238545 0.49525 1.85388e-08
0.246158 0.442401 1.80361e-08
0.241898 0.424641 1.79884e-08
0.227291 0.446155 1.82019e-08
0.204368 0.496201 1.85443e-08
0.175397 0.558828 1.89461e-08
0.142654 0.621569 1.93802e-08
0.108259 0.677061 1.9839e-08
0.0741216 0.72203 2.03184e-08
0.0422449 0.756236 2.08102e-08
0.0183662 0.781712 2.13006e-08
0.0262615 0.802102 2.17724e-08
0.0480396 0.821872 2.22079e-08
0.0684339 0.8453 2.25918e-08
0.0859555 0.875399 2.29127e-08
0.102088 0.882042 3.65713e-08
0.0858451 0.845351 3.80255e-08
0.0662836 0.816701 3.95669e-08
0.0438338 0.794133 4.11996e-08
0.0225193 0.773726 4.29224e-08
0.0281067 0.750681 4.47257e-08
0.05833 0.72052 4.65863e-08
0.0939138 0.680093 4.84629e-08
0.131011 0.628403 5.02915e-08
0.167322 0.567412 5.19833e-08
0.200444 0.503144 5.34256e-08
0.22776 0.447081 5.44872e-08
0.24659 0.415927 5.50285e-08
0.254455 0.424315 5.49167e-08
0.2494 0.472048 5.40433e-08
0.230313 0.544085 5.23427e-08
0.197196 0.622415 4.98089e-08
0.151322 0.692686 4.65061e-08
0.095223 0.744841 4.25729e-08
0.0325047 0.772484 3.82179e-08
0.0325048 0.772484 3.37071e-08
0.0952231 0.744841 2.93446e-08
0.151322 0.692686 2.54447e-08
0.197196 0.622415 2.22891e-08
0.230313 0.544085 2.00639e-08
0.2494 0.472048 1.87923e-08
0.254455 0.424315 1.83224e-08
0.24659 0.415928 1.84075e-08
0.22776 0.447081 1.88154e-08
0.200444 0.503146 1.93862e-08
0.167322 0.567412 2.0032e-08
0.131011 0.628403 2.07103e-08
0.0939138 0.680093 2.13993e-08
0.0583299 0.72052 2.2082e-08
0.0281067 0.750681 2.27399e-08
0.0225193 0.773726 2.33536e-08
0.0438339 0.794133 2.39044e-08
0.0662836 0.816701 2.43769e-08
0.0858452 0.845351 2.47608e-08
0.102088 0.882042 2.50506e-08
0.118054 0.893385 3.77218e-08
0.103462 0.849498 3.92654e-08
0.0852418 0.814204 4.09102e-08
0.063387 0.787007 4.26646e-08
0.0390736 0.764848 4.45325e-08
0.0226393 0.742975 4.65098e-08
0.042093 0.716258 4.85781e-08
0.077626 0.68045 5.06991e-08
0.117007 0.63323 5.28077e-08
0.15685 0.57512 5.48086e-08
0.194351 0.510627 5.65756e-08
0.226496 0.449844 5.79565e-08
0.250132 0.409408 5.87847e-08
0.262245 0.407339 5.88964e-08
0.26035 0.448458 5.81528e-08
0.242897 0.519006 5.64628e-08
0.20963 0.599122 5.38046e-08
0.161805 0.672393 5.02398e-08
0.102211 0.727301 4.59192e-08
0.0349568 0.756543 4.10769e-08
0.0349568 0.756543 3.60162e-08
0.102211 0.727301 3.10861e-08
0.161805 0.672393 2.66526e-08
0.20963 0.599122 2.30543e-08
0.242897 0.519006 2.05331e-08
0.26035 0.448458 1.9146e-08
0.262245 0.407339 1.87308e-08
0.250132 0.409408 1.89949e-08
0.226496 0.449844 1.9655e-08
0.19435 0.510628 2.05122e-08
0.15685 0.57512 2.14507e-08
0.117007 0.63323 2.24067e-08
0.077626 0.68045 2.33408e-08
0.042093 0.716258 2.42233e-08
0.0226393 0.742975 2.50285e-08
0.0390736 0.764848 2.57354e-08
0.0633871 0.787007 2.63284e-08
0.0852418 0.814204 2.67983e-08
0.103462 0.849498 2.71425e-08
0.118054 0.893385 2.73637e-08
0.133509 0.909699 3.89095e-08
0.120933 0.858617 4.05415e-08
0.104531 0.815632 4.22881e-08
0.0840201 0.782003 4.41621e-08
0.0596647 0.756066 4.6174e-08
0.0344533 0.733653 4.83265e-08
0.0295899 0.709319 5.06084e-08
0.0599954 0.677834 5.29866e-08
0.100615 0.635506 5.53978e-08
0.14373 0.581299 5.77419e-08
0.185735 0.518029 5.988e-08
0.223121 0.454073 6.16377e-08
0.252181 0.405194 6.28178e-08
0.269266 0.391897 6.32201e-08
0.271237 0.424762 6.26684e-08
0.255985 0.492681 6.10392e-08
0.222898 0.574129 5.82891e-08
0.173169 0.650327 5.44738e-08
0.109858 0.708059 4.97552e-08
0.0376513 0.738966 4.43956e-08
0.0376514 0.738966 3.87388e-08
0.109858 0.708059 3.31837e-08
0.173169 0.650327 2.81523e-08
0.222898 0.574129 2.40477e-08
0.255985 0.492681 2.11811e-08
0.271237 0.424762 1.96605e-08
0.269266 0.391897 1.93213e-08
0.252181 0.405194 1.98153e-08
0.223121 0.454073 2.07901e-08
0.185734 0.51803 2.19922e-08
0.14373 0.581299 2.32671e-08
0.100615 0.635506 2.45235e-08
0.0599954 0.677834 2.57037e-08
0.0295898 0.709319 2.67678e-08
0.0344533 0.733653 2.76879e-08
0.0596647 0.756066 2.84465e-08
0.0840201 0.782003 2.9036e-08
0.104531 0.815632 2.94573e-08
0.120933 0.858617 2.97179e-08
0.133509 0.909699 2.98306e-08
0.148057 0.930839 4.01368e-08
0.137842 0.87328 4.18557e-08
0.123722 0.822173 4.37009e-08
0.105191 0.780588 4.56905e-08
0.0820409 0.748716 4.78419e-08
0.0551566 0.723619 5.01664e-08
0.0319536 0.700071 5.26622e-08
0.0432806 0.672126 5.53047e-08
0.0821411 0.634759 5.8036e-08
0.127798 0.585272 6.07547e-08
0.174245 0.524631 6.33109e-08
0.217216 0.45922 6.5508e-08
0.252336 0.403217 6.71151e-08
0.275194 0.378396 6.78898e-08
0.281854 0.401318 6.76106e-08
0.269492 0.465217 6.61128e-08
0.237011 0.547378 6.33237e-08
0.185475 0.626348 5.92878e-08
0.118224 0.686932 5.41765e-08
0.0406141 0.719558 4.82811e-08
0.0406141 0.719558 4.19895e-08
0.118224 0.686932 3.57541e-08
0.185475 0.626348 3.00573e-08
0.237011 0.547378 2.53727e-08
0.269492 0.465217 2.20958e-08
0.281854 0.401318 2.04101e-08
0.275194 0.378396 2.01627e-08
0.252336 0.403218 2.09384e-08
0.217216 0.45922 2.22918e-08
0.174244 0.524632 2.3894e-08
0.127798 0.585273 2.55395e-08
0.0821411 0.634759 2.71055e-08
0.0432806 0.672126 2.85172e-08
0.0319536 0.700071 2.97296e-08
0.0551566 0.723619 3.07187e-08
0.0820409 0.748716 3.14769e-08
0.105191 0.780588 3.20095e-08
0.123722 0.822173 3.23308e-08
0.137842 0.87328 3.24611e-08
0.148057 0.930839 3.24241e-08
0.161251 0.956182 4.14067e-08
0.15371 0.893611 4.32105e-08
0.14231 0.834751 4.51501e-08
0.126361 0.784273 4.72489e-08
0.105317 0.744449 4.95314e-08
0.0791768 0.714211 5.2019e-08
0.050263 0.689283 5.47218e-08
0.0352565 0.663496 5.76276e-08
0.0628539 0.630669 6.06882e-08
0.109119 0.586399 6.3806e-08
0.159578 0.529647 6.68243e-08
0.208338 0.464572 6.95261e-08
0.250137 0.403182 7.1645e-08
0.279645 0.367162 7.28909e-08
0.291943 0.378559 7.29877e-08
0.283298 0.43678 7.1719e-08
0.251966 0.518832 6.89725e-08
0.198785 0.600314 6.47733e-08
0.127379 0.663726 5.92982e-08
0.043873 0.698099 5.28669e-08
0.043873 0.698099 4.59134e-08
0.127379 0.663726 3.89461e-08
0.198785 0.600314 3.25106e-08
0.251966 0.518832 2.71567e-08
0.283298 0.43678 2.33814e-08
0.291943 0.378559 2.14761e-08
0.279645 0.367163 2.13242e-08
0.250137 0.403182 2.24311e-08
0.208338 0.464572 2.42256e-08
0.159577 0.529648 2.6277e-08
0.109119 0.586399 2.83159e-08
0.0628539 0.630669 3.01853e-08
0.0352565 0.663496 3.17975e-08
0.050263 0.689283 3.31096e-08
0.0791768 0.714211 3.41091e-08
0.105317 0.744449 3.48051e-08
0.126361 0.784273 3.52206e-08
0.14231 0.834751 3.53868e-08
0.15371 0.893611 3.53385e-08
0.161251 0.956182 3.51107e-08
0.172608 0.984634 4.27218e-08
0.167991 0.919176 4.46086e-08
0.159707 0.853828 4.66378e-08
0.14691 0.794389 4.88371e-08
0.128779 0.745103 5.12385e-08
0.104765 0.707219 5.38739e-08
0.0753744 0.678235 5.67677e-08
0.0463273 0.652527 5.99238e-08
0.0472216 0.623178 6.33099e-08
0.0883744 0.584149 6.6839e-08
0.141588 0.532277 7.03548e-08
0.196058 0.469281 7.36246e-08
0.24508 0.404544 7.63479e-08
0.282167 0.358354 7.81822e-08
0.301181 0.356971 7.87873e-08
0.297239 0.407614 7.78815e-08
0.267734 0.4885 7.52986e-08
0.213151 0.572095 7.10325e-08
0.137389 0.638232 6.52571e-08
0.0474575 0.674346 5.83164e-08
0.0474575 0.674346 5.06892e-08
0.137389 0.638232 4.29408e-08
0.213151 0.572095 3.56813e-08
0.267734 0.4885 2.95431e-08
0.297239 0.407614 2.51452e-08
0.301181 0.356971 2.29319e-08
0.282167 0.358354 2.28613e-08
0.24508 0.404544 2.43455e-08
0.196058 0.469281 2.66425e-08
0.141587 0.532278 2.91861e-08
0.0883743 0.584149 3.16291e-08
0.0472216 0.623178 3.37799e-08
0.0463273 0.652527 3.55451e-08
0.0753744 0.678235 3.68931e-08
0.104765 0.707219 3.78324e-08
0.128779 0.745103 3.83958e-08
0.14691 0.794389 3.86291e-08
0.159707 0.853828 3.85831e-08
0.167991 0.919176 3.83081e-08
0.172608 0.984634 3.78508e-08
0.18162 1.01469 4.40841e-08
0.180093 0.948962 4.60528e-08
0.175245 0.879231 4.81666e-08
0.166116 0.811813 5.04564e-08
0.151659 0.752463 5.29606e-08
0.130902 0.704797 5.57217e-08
0.103395 0.668796 5.87793e-08
0.0708397 0.64038 6.21573e-08
0.0466241 0.612644 6.58458e-08
0.0680712 0.578221 6.9778e-08
0.120532 0.531783 7.38092e-08
0.180035 0.472418 7.77014e-08
0.236642 0.406525 8.11255e-08
0.282249 0.351875 8.36852e-08
0.309187 0.337047 8.49662e-08
0.311106 0.378051 8.46045e-08
0.284265 0.456438 8.23605e-08
0.22862 0.541577 7.8178e-08
0.148323 0.610235 7.22133e-08
0.051398 0.648031 6.48249e-08
0.0513981 0.648031 5.65301e-08
0.148323 0.610235 4.79483e-08
0.22862 0.541577 3.97557e-08
0.284265 0.456438 3.26759e-08
0.311106 0.378051 2.74787e-08
0.309187 0.337047 2.48231e-08
0.282249 0.351875 2.47994e-08
0.236642 0.406525 2.67079e-08
0.180035 0.472419 2.95726e-08
0.120531 0.531784 3.26477e-08
0.0680712 0.578221 3.54939e-08
0.0466241 0.612644 3.78883e-08
0.0708397 0.64038 3.97419e-08
0.103395 0.668796 4.10473e-08
0.130902 0.704797 4.18445e-08
0.151659 0.752463 4.21981e-08
0.166116 0.811813 4.21814e-08
0.175245 0.879231 4.18668e-08
0.180093 0.948962 4.13203e-08
0.18162 1.01469 4.05988e-08
0.187781 1.04454 4.54938e-08
0.189392 0.981414 4.75447e-08
0.18819 0.910073 4.97389e-08
0.183151 0.83672 5.21087e-08
0.173062 0.767915 5.46967e-08
0.15661 0.709226 5.75543e-08
0.132662 0.663412 6.07362e-08
0.101111 0.628939 6.42884e-08
0.0665182 0.600046 6.82295e-08
0.0560587 0.568715 7.25251e-08
0.0977872 0.527614 7.70588e-08
0.160203 0.473054 8.16062e-08
0.224344 0.408153 8.58241e-08
0.279347 0.347306 8.92662e-08
0.315522 0.3192 9.14342e-08
0.324642 0.348512 9.18604e-08
0.301475 0.422777 9.02031e-08
0.245223 0.508681 8.63276e-08
0.160245 0.579517 8.03474e-08
0.0557243 0.618865 7.26162e-08
0.0557244 0.618865 6.36771e-08
0.160245 0.579517 5.41966e-08
0.245223 0.508681 4.49193e-08
0.301475 0.422777 3.66768e-08
0.324642 0.348512 3.0432e-08
0.315522 0.3192 2.71431e-08
0.279347 0.347306 2.71153e-08
0.224344 0.408153 2.95081e-08
0.160203 0.473054 3.30187e-08
0.097786 0.527615 3.66657e-08
0.0560587 0.568715 3.99039e-08
0.0665182 0.600046 4.2487e-08
0.101111 0.628939 4.43469e-08
0.132662 0.663412 4.55166e-08
0.15661 0.709226 4.60806e-08
0.173062 0.767915 4.61434e-08
0.183151 0.83672 4.58097e-08
0.18819 0.910073 4.51742e-08
0.189392 0.981414 4.43171e-08
0.187781 1.04454 4.33039e-08
0.190613 1.0722 4.69484e-08
0.195271 1.01456 4.90836e-08
0.19777 0.944777 5.13555e-08
0.197101 0.868415 5.37954e-08
0.191962 0.792084 5.6447e-08
0.180786 0.722503 5.93667e-08
0.161893 0.664889 6.26209e-08
0.134011 0.620886 6.62765e-08
0.098005 0.587202 7.03851e-08
0.0652218 0.556366 7.49579e-08
0.0779864 0.51958 7.99314e-08
0.137218 0.470377 8.51265e-08
0.207889 0.408349 9.02156e-08
0.272939 0.343887 9.47164e-08
0.319722 0.303642 9.80377e-08
0.337554 0.319486 9.95775e-08
0.319252 0.387724 9.88501e-08
0.262973 0.473369 9.5598e-08
0.173209 0.545863 8.98535e-08
0.060463 0.586537 8.19336e-08
0.0604631 0.586537 7.23851e-08
0.173209 0.545863 6.19121e-08
0.262973 0.473369 5.13347e-08
0.319253 0.387724 4.16208e-08
0.337554 0.319486 3.39872e-08
0.319722 0.303642 2.98086e-08
0.272939 0.343887 2.97208e-08
0.207889 0.408349 3.26916e-08
0.137218 0.470377 3.69535e-08
0.0779855 0.519581 4.12187e-08
0.0652219 0.556366 4.48269e-08
0.098005 0.587202 4.75257e-08
0.134011 0.620886 4.92915e-08
0.161893 0.664889 5.02188e-08
0.180786 0.722503 5.04521e-08
0.191962 0.792084 5.01435e-08
0.197101 0.868415 4.94313e-08
0.19777 0.944777 4.84311e-08
0.195271 1.01456 4.72345e-08
0.190613 1.0722 4.5912e-08
0.189703 1.09572 4.84404e-08
0.197151 1.04618 5.0664e-08
0.203221 0.981194 5.30137e-08
0.207002 0.905316 5.55162e-08
0.207216 0.824549 5.82119e-08
0.202159 0.745829 6.11565e-08
0.189733 0.67594 6.44206e-08
0.167742 0.619565 6.8085e-08
0.134929 0.576952 7.22321e-08
0.0947765 0.542826 7.69302e-08
0.0729643 0.508102 8.2202e-08
0.113699 0.463871 8.79678e-08
0.187476 0.406041 9.39714e-08
0.262639 0.340556 9.97264e-08
0.321344 0.290247 1.04539e-07
0.349533 0.291486 1.07625e-07
0.337458 0.351584 1.0829e-07
0.281852 0.435669 1.0609e-07
0.187246 0.509078 1.00919e-07
0.0656324 0.550722 9.30143e-08
0.0656325 0.550722 8.28935e-08
0.187246 0.509078 7.12881e-08
0.281852 0.435669 5.91094e-08
0.337458 0.351584 4.75059e-08
0.349533 0.291486 3.80302e-08
0.321344 0.290247 3.26315e-08
0.262639 0.340556 3.24446e-08
0.187475 0.406042 3.61529e-08
0.113699 0.463871 4.13164e-08
0.0729641 0.508103 4.62568e-08
0.0947765 0.542826 5.02011e-08
0.134929 0.576952 5.2921e-08
0.167742 0.619565 5.44724e-08
0.189733 0.67594 5.50397e-08
0.202159 0.745829 5.48432e-08
0.207216 0.824549 5.40893e-08
0.207002 0.905316 5.29491e-08
0.203221 0.981194 5.15546e-08
0.197151 1.04618 5.00038e-08
0.189703 1.09572 4.83672e-08
0.184741 1.11332 4.99556e-08
0.194548 1.07398 5.22738e-08
0.203839 1.01678 5.4704e-08
0.211897 0.945066 5.72652e-08
0.217607 0.863751 5.99895e-08
0.219302 0.779167 6.29239e-08
0.214635 0.698499 6.61311e-08
0.200664 0.628496 6.96892e-08
0.174481 0.573127 7.36964e-08
0.135446 0.530948 7.82793e-08
0.0939925 0.494526 8.35885e-08
0.0973399 0.453543 8.97333e-08
0.164527 0.400323 9.66348e-08
0.248422 0.336044 1.03863e-07
0.320068 0.278435 1.10602e-07
0.360297 0.264937 1.15803e-07
0.355931 0.314741 1.18463e-07
0.301801 0.395682 1.17863e-07
0.202349 0.468996 1.13691e-07
0.0712357 0.511092 1.06045e-07
0.0712358 0.511092 9.53791e-08
0.202349 0.468996 8.24402e-08
0.301801 0.395682 6.8257e-08
0.355931 0.314741 5.42191e-08
0.360297 0.264937 4.23164e-08
0.320068 0.278435 3.52851e-08
0.248422 0.336044 3.5014e-08
0.164527 0.400323 3.9734e-08
0.0973399 0.453543 4.60163e-08
0.0939932 0.494526 5.17024e-08
0.135447 0.530948 5.59312e-08
0.174481 0.573127 5.85511e-08
0.200664 0.628496 5.97475e-08
0.214635 0.698499 5.98296e-08
0.219302 0.779167 5.91105e-08
0.217607 0.863751 5.7853e-08
0.211897 0.945066 5.62551e-08
0.203839 1.01678 5.44573e-08
0.194548 1.07398 5.2556e-08
0.184741 1.11332 5.06162e-08
0.175561 1.12357 5.14717e-08
0.187124 1.0958 5.38916e-08
0.199048 1.04884 5.64073e-08
0.21091 0.984721 5.90275e-08
0.22192 0.907065 6.17712e-08
0.230671 0.821006 6.46687e-08
0.234843 0.733041 6.77591e-08
0.230976 0.650509 7.10894e-08
0.214709 0.58008 7.47332e-08
0.182304 0.524866 7.88493e-08
0.135852 0.481438 8.37571e-08
0.102874 0.440197 8.99055e-08
0.143443 0.390627 9.75958e-08
0.231076 0.329004 1.06564e-07
0.315863 0.267123 1.15806e-07
0.369662 0.240026 1.23853e-07
0.374499 0.277644 1.29243e-07
0.322696 0.353601 1.30887e-07
0.218443 0.425503 1.282e-07
0.0772477 0.467334 1.21085e-07
0.0772478 0.467334 1.09881e-07
0.218443 0.425503 9.53412e-08
0.322697 0.353601 7.86442e-08
0.374499 0.277644 6.14915e-08
0.369662 0.240026 4.64242e-08
0.315863 0.267123 3.72527e-08
0.231075 0.329005 3.70383e-08
0.143443 0.390627 4.32361e-08
0.102874 0.440197 5.09448e-08
0.135853 0.481439 5.7457e-08
0.182305 0.524866 6.18901e-08
0.214709 0.58008 6.42527e-08
0.230976 0.650509 6.49309e-08
0.234843 0.733041 6.44015e-08
0.230671 0.821006 6.30842e-08
0.22192 0.907065 6.12919e-08
0.21091 0.984721 5.92361e-08
0.199048 1.04884 5.70524e-08
0.187124 1.0958 5.48263e-08
0.175561 1.12357 5.26114e-08
0.162166 1.12559 5.29568e-08
0.174735 1.10988 5.54847e-08
0.188476 1.07473 5.80916e-08
0.203342 1.02101 6.07741e-08
0.219032 0.951004 6.35361e-08
0.23469 0.868384 6.63857e-08
0.248413 0.778169 6.93241e-08
0.25663 0.686772 7.23291e-08
0.253742 0.60164 7.53719e-08
0.233017 0.529542 7.85498e-08
0.19061 0.472762 8.23597e-08
0.138188 0.42564 8.78456e-08
0.1345 0.37686 9.60975e-08
0.213029 0.318117 1.07195e-07
0.309238 0.254756 1.19739e-07
0.377629 0.21649 1.31513e-07
0.39299 0.240725 1.40421e-07
0.344314 0.309704 1.44957e-07
0.235348 0.378553 1.44243e-07
0.0835994 0.419178 1.37934e-07
0.0835995 0.419178 1.26193e-07
0.235348 0.378553 1.09744e-07
0.344314 0.309704 8.99339e-08
0.39299 0.240725 6.88466e-08
0.377629 0.21649 4.96889e-08
0.309238 0.254757 3.7751e-08
0.213029 0.318117 3.80217e-08
0.1345 0.37686 4.64816e-08
0.138188 0.42564 5.60265e-08
0.190612 0.472763 6.34343e-08
0.233017 0.529542 6.79359e-08
0.253742 0.60164 6.98278e-08
0.25663 0.686772 6.97968e-08
0.248413 0.778169 6.85371e-08
0.23469 0.868384 6.65774e-08
0.219032 0.951004 6.42596e-08
0.203342 1.02101 6.1784e-08
0.188476 1.07473 5.92634e-08
0.174735 1.10988 5.67616e-08
0.162166 1.12559 5.43162e-08
0.14475 1.11919 5.43696e-08
0.157472 1.11506 5.70086e-08
0.172018 1.09222 5.97102e-08
0.188759 1.05061 6.24589e-08
0.208024 0.991456 6.52443e-08
0.229823 0.917032 6.80559e-08
0.253225 0.830514 7.08565e-08
0.275252 0.736147 7.35214e-08
0.289553 0.639845 7.57969e-08
0.286175 0.549561 7.74888e-08
0.255086 0.473188 7.91465e-08
0.197088 0.412519 8.28459e-08
0.151923 0.359319 9.13637e-08
0.199623 0.302068 1.05346e-07
0.301565 0.23939 1.22301e-07
0.384485 0.193445 1.3868e-07
0.411217 0.204299 1.5168e-07
0.366264 0.264345 1.59532e-07
0.252718 0.328192 1.61154e-07
0.0901582 0.366444 1.55916e-07
0.0901583 0.366444 1.437e-07
0.252718 0.328192 1.25089e-07
0.366264 0.264345 1.01545e-07
0.411217 0.204299 7.55576e-08
0.384485 0.193445 5.11071e-08
0.301565 0.239391 3.56183e-08
0.199623 0.302068 3.75523e-08
0.151923 0.359319 4.95461e-08
0.197089 0.412519 6.13738e-08
0.255087 0.473189 6.96592e-08
0.286175 0.549561 7.39724e-08
0.289553 0.639845 7.50756e-08
0.275252 0.736147 7.40983e-08
0.253225 0.830514 7.20039e-08
0.229823 0.917032 6.94054e-08
0.208024 0.991456 6.66246e-08
0.188759 1.05061 6.38117e-08
0.172018 1.09222 6.10349e-08
0.157472 1.11506 5.83276e-08
0.14475 1.11919 5.57096e-08
0.123686 1.10492 5.56613e-08
0.135668 1.11105 5.84087e-08
0.149875 1.09984 6.12032e-08
0.16707 1.07062 6.40181e-08
0.188274 1.02404 6.68339e-08
0.214645 0.961548 6.96387e-08
0.246919 0.884761 7.23905e-08
0.28392 0.795054 7.48791e-08
0.319762 0.694288 7.64878e-08
0.341045 0.587668 7.6251e-08
0.329266 0.486528 7.42411e-08
0.274356 0.403151 7.43275e-08
0.200689 0.338004 8.3201e-08
0.199499 0.279246 1.01887e-07
0.29527 0.218776 1.24582e-07
0.390874 0.169358 1.45791e-07
0.428935 0.168408 1.62579e-07
0.387872 0.217914 1.73465e-07
0.269994 0.274568 1.77375e-07
0.0967338 0.30909 1.73403e-07
0.0967339 0.30909 1.61038e-07
0.269994 0.274568 1.40413e-07
0.387872 0.217914 1.12717e-07
0.428935 0.168408 8.07025e-08
0.390874 0.169358 4.92173e-08
0.295269 0.218776 2.92931e-08
0.199499 0.279246 3.64674e-08
0.200689 0.338004 5.36443e-08
0.274356 0.403151 6.78113e-08
0.329266 0.48653 7.65991e-08
0.341045 0.587668 8.01549e-08
0.319762 0.694288 7.99027e-08
0.28392 0.795054 7.76272e-08
0.246919 0.884761 7.45996e-08
0.214645 0.961548 7.14234e-08
0.188274 1.02404 6.83004e-08
0.16707 1.07062 6.5274e-08
0.149875 1.09984 6.23462e-08
0.135668 1.11105 5.95168e-08
0.123686 1.10492 5.67904e-08
0.0995061 1.08395 5.67792e-08
0.109884 1.09855 5.96248e-08
0.122565 1.09738 6.25029e-08
0.138581 1.07927 6.53764e-08
0.159547 1.04482 6.82252e-08
0.187857 0.99572 7.10687e-08
0.2266 0.933457 7.39544e-08
0.278341 0.857297 7.67509e-08
0.340803 0.762639 7.84591e-08
0.398043 0.64481 7.6449e-08
0.416838 0.513325 6.86833e-08
0.370212 0.396365 6.23813e-08
0.275067 0.310796 7.46972e-08
0.220309 0.246989 1.02558e-07
0.293337 0.190561 1.31013e-07
0.397934 0.142369 1.54639e-07
0.445741 0.132553 1.7269e-07
0.407802 0.170842 1.84551e-07
0.286425 0.217954 1.89324e-07
0.103253 0.247246 1.86324e-07
0.103253 0.247246 1.74983e-07
0.286425 0.217954 1.54122e-07
0.407802 0.170842 1.22895e-07
0.44574 0.132553 8.36287e-08
0.397934 0.142369 4.21012e-08
0.293337 0.190561 1.92696e-08
0.220309 0.246989 4.20935e-08
0.275067 0.310796 6.42725e-08
0.370212 0.396365 7.88998e-08
0.416839 0.513327 8.64499e-08
0.398043 0.64481 8.76222e-08
0.340803 0.762639 8.46537e-08
0.278341 0.857297 8.03534e-08
0.2266 0.933457 7.62325e-08
0.187857 0.995721 7.25831e-08
0.159547 1.04482 6.92823e-08
0.138581 1.07927 6.61883e-08
0.122565 1.09738 6.32214e-08
0.109884 1.09855 6.03519e-08
0.0995061 1.08395 5.75777e-08
0.0728512 1.05776 5.76717e-08
0.080867 1.0791 6.05979e-08
0.0908975 1.08619 6.35426e-08
0.104021 1.07696 6.64599e-08
0.122109 1.05187 6.93361e-08
0.14841 1.01379 7.22636e-08
0.188421 0.966768 7.55505e-08
0.25069 0.912487 7.96211e-08
0.344285 0.841647 8.36264e-08
0.459696 0.725097 8.1679e-08
0.531418 0.548789 6.46973e-08
0.489738 0.379948 4.8556e-08
0.366688 0.27061 8.27439e-08
0.260527 0.200819 1.28919e-07
0.29699 0.153345 1.54374e-07
0.408562 0.111494 1.69691e-07
0.460978 0.0943858 1.82099e-07
0.422185 0.123875 1.87839e-07
0.30162 0.159084 1.86952e-07
0.111035 0.181122 1.82004e-07
0.111035 0.181122 1.75346e-07
0.30162 0.159085 1.62865e-07
0.422185 0.123875 1.33002e-07
0.460978 0.0943858 8.60814e-08
0.408562 0.111494 2.84183e-08
0.29699 0.153345 3.12698e-08
0.260527 0.200819 7.37158e-08
0.366688 0.27061 9.88332e-08
0.489739 0.379948 1.0994e-07
0.531417 0.548793 1.09444e-07
0.459696 0.725097 1.01187e-07
0.344285 0.841647 9.09081e-08
0.250689 0.912487 8.26468e-08
0.188421 0.966768 7.7024e-08
0.14841 1.01379 7.29945e-08
0.122109 1.05187 6.9679e-08
0.104021 1.07696 6.66469e-08
0.0908974 1.08619 6.37311e-08
0.080867 1.0791 6.08844e-08
0.0728512 1.05776 5.81076e-08
0.0444187 1.02753 5.82942e-08
0.0494797 1.05429 6.12771e-08
0.0559212 1.06877 6.42668e-08
0.0645722 1.06692 6.72099e-08
0.0769804 1.04781 7.01027e-08
0.0961465 1.01447 7.31384e-08
0.128188 0.974852 7.70685e-08
0.186542 0.941584 8.37104e-08
0.302403 0.922122 9.43892e-08
0.525908 0.858607 9.77622e-08
0.729071 0.580222 5.75519e-08
0.638219 0.306126 2.58807e-08
0.454464 0.206713 1.47224e-07
0.308387 0.138117 2.64722e-07
0.299777 0.112775 2.36185e-07
0.437481 0.081373 1.95433e-07
0.473671 0.0417427 1.93092e-07
0.412976 0.0795345 1.62925e-07
0.320038 0.103496 1.4226e-07
0.131647 0.111708 1.17324e-07
0.131647 0.111708 1.17196e-07
0.320038 0.103496 1.59103e-07
0.412976 0.0795345 1.5055e-07
0.473671 0.0417427 1.03704e-07
0.437481 0.081373 1.22603e-08
0.299777 0.112775 7.45849e-08
0.308387 0.138117 1.48653e-07
0.454464 0.206713 1.95393e-07
0.638219 0.306126 2.31864e-07
0.72907 0.580229 2.00543e-07
0.525908 0.858607 1.37151e-07
0.302403 0.922122 1.0181e-07
0.186542 0.941584 8.51755e-08
0.128188 0.974852 7.73189e-08
0.0961465 1.01447 7.29423e-08
0.0769804 1.04781 6.97093e-08
0.0645722 1.06692 6.68038e-08
0.0559212 1.06877 6.39789e-08
0.0494797 1.05429 6.11823e-08
0.0444187 1.02753 5.84252e-08
0.014924 0.994093 5.8614e-08
0.0166541 1.02459 6.16261e-08
0.0188757 1.04677 6.46381e-08
0.0219019 1.05367 6.75919e-08
0.0263402 1.04087 7.04913e-08
0.0334423 1.00787 7.36085e-08
0.0460454 0.96094 7.81035e-08
0.0718109 0.92068 8.74593e-08
0.139257 0.945302 1.07517e-07
0.441106 1.18372 1.25067e-07
1.40823 0.478537 8.88973e-08
0.66081 0.124431 5.62463e-07
0.438735 0.0526863 5.76198e-08
0.47322 0.175528 1.06311e-06
0.253242 0.0796893 6.63928e-07
0.689282 0.106825 2.20078e-07
0.427985 0.0978307 3.62417e-07
0.132673 0.0269203 4.5219e-07
0.473493 0.103972 5.24031e-07
0.371402 0.0854391 4.41488e-07
0.371402 0.0854383 2.61544e-07
0.473493 0.103973 3.53023e-07
0.132672 0.0269196 2.37978e-07
0.427985 0.0978307 3.55377e-07
0.689282 0.106825 1.15855e-07
0.253242 0.0796891 2.09818e-07
0.473219 0.175529 5.01943e-07
0.438736 0.0526857 4.96433e-07
0.66081 0.124431 9.03154e-07
1.40824 0.478563 5.97351e-07
0.441106 1.18372 2.15486e-07
0.139257 0.945302 1.15298e-07
0.0718109 0.92068 8.75115e-08
0.0460454 0.96094 7.74361e-08
0.0334423 1.00787 7.27894e-08
0.0263402 1.04087 6.96339e-08
0.0219019 1.05367 6.68266e-08
0.0188757 1.04677 6.40695e-08
0.0166541 1.02459 6.13112e-08
0.014924 0.994093 5.85716e-08
0.014924 0.959305 5.8614e-08
0.0166541 0.989206 6.16261e-08
0.0188757 1.01841 6.46381e-08
0.0219019 1.03759 6.75919e-08
0.0263402 1.03835 7.04913e-08
0.0334423 1.01425 7.36085e-08
0.0460454 0.962076 7.81035e-08
0.0718109 0.885798 8.74593e-08
0.139257 0.816207 1.07517e-07
0.441106 0.899715 1.25067e-07
1.40823 0.325373 8.88973e-08
0.66081 0.591287 5.62463e-07
0.438735 0.453231 5.76198e-08
0.47322 0.346895 1.06311e-06
0.253242 0.558679 6.63928e-07
0.689282 0.593618 2.20078e-07
0.427985 0.43565 3.62417e-07
0.132673 0.512984 4.5219e-07
0.473493 0.603744 5.24031e-07
0.371402 0.462677 4.41488e-07
0.371402 0.462678 2.61544e-07
0.473493 0.603744 3.53023e-07
0.132672 0.512984 2.37978e-07
0.427985 0.435649 3.55377e-07
0.689282 0.593618 1.15855e-07
0.253242 0.558678 2.09818e-07
0.473219 0.346895 5.01943e-07
0.438736 0.453232 4.96433e-07
0.66081 0.591287 9.03154e-07
1.40824 0.325382 5.97351e-07
0.441106 0.899715 2.15486e-07
0.139257 0.816207 1.15298e-07
0.0718109 0.885798 8.75115e-08
0.0460454 0.962076 7.74361e-08
0.0334423 1.01425 7.27894e-08
0.0263402 1.03835 6.96339e-08
0.0219019 1.03759 6.68266e-08
0.0188757 1.01841 6.40695e-08
0.0166541 0.989206 6.13112e-08
0.014924 0.959305 5.85716e-08
0.0444187 0.929608 5.82942e-08
0.0494797 0.949502 6.12771e-08
0.0559212 0.979276 6.42668e-08
0.0645722 1.01018 6.72099e-08
0.0769804 1.03236 7.01027e-08
0.0961465 1.03637 7.31384e-08
0.128188 1.01415 7.70685e-08
0.186542 0.959883 8.37104e-08
0.302403 0.873955 9.43892e-08
0.525908 0.78799 9.77622e-08
0.729071 0.860624 5.75519e-08
0.638219 1.07631 2.58807e-08
0.454464 1.19751 1.47224e-07
0.308387 1.29667 2.64722e-07
0.299777 1.4029 2.36185e-07
0.437481 1.43241 1.95433e-07
0.473671 1.42342 1.93092e-07
0.412976 1.45485 1.62925e-07
0.320038 1.46858 1.4226e-07
0.131647 1.43265 1.17324e-07
0.131647 1.43265 1.17196e-07
0.320038 1.46858 1.59103e-07
0.412976 1.45485 1.5055e-07
0.473671 1.42342 1.03704e-07
0.437481 1.43241 1.22603e-08
0.299777 1.4029 7.45849e-08
0.308387 1.29667 1.48653e-07
0.454464 1.19751 1.95393e-07
0.638219 1.07631 2.31864e-07
0.72907 0.86062 2.00543e-07
0.525908 0.78799 1.37151e-07
0.302403 0.873955 1.0181e-07
0.186542 0.959883 8.51755e-08
0.128188 1.01415 7.73189e-08
0.0961465 1.03637 7.29423e-08
0.0769804 1.03236 6.97093e-08
0.0645722 1.01018 6.68038e-08
0.0559212 0.979276 6.39789e-08
0.0494797 0.949502 6.11823e-08
0.0444187 0.929608 5.84252e-08
0.0728512 0.919082 5.76717e-08
0.080867 0.916244 6.05979e-08
0.0908975 0.93131 6.35426e-08
0.104021 0.960984 6.64599e-08
0.122109 0.99843 6.93361e-08
0.14841 1.03579 7.22636e-08
0.188421 1.06713 7.55505e-08
0.25069 1.09231 7.96211e-08
0.344285 1.12475 8.36264e-08
0.459696 1.20223 8.1679e-08
0.531418 1.36251 6.46973e-08
0.489738 1.56218 4.8556e-08
0.366688 1.72952 8.27439e-08
0.260527 1.85557 1.28919e-07
0.29699 1.94417 1.54374e-07
0.408562 1.9889 1.69691e-07
0.460978 2.00529 1.82099e-07
0.422185 2.01491 1.87839e-07
0.30162 2.01561 1.86952e-07
0.111035 2.00767 1.82004e-07
0.111035 2.00767 1.75346e-07
0.30162 2.01561 1.62865e-07
0.422185 2.01491 1.33002e-07
0.460978 2.00529 8.60814e-08
0.408562 1.9889 2.84183e-08
0.29699 1.94417 3.12698e-08
0.260527 1.85557 7.37158e-08
0.366688 1.72952 9.88332e-08
0.489739 1.56218 1.0994e-07
0.531417 1.36251 1.09444e-07
0.459696 1.20223 1.01187e-07
0.344285 1.12475 9.09081e-08
0.250689 1.09231 8.26468e-08
0.188421 1.06713 7.7024e-08
0.14841 1.03579 7.29945e-08
0.122109 0.99843 6.9679e-08
0.104021 0.960984 6.66469e-08
0.0908974 0.93131 6.37311e-08
0.080867 0.916244 6.08844e-08
0.0728512 0.919082 5.81076e-08
0.0995061 0.944413 5.67792e-08
0.109884 0.913248 5.96248e-08
0.122565 0.896546 6.25029e-08
0.138581 0.899715 6.53764e-08
0.159547 0.924314 6.82252e-08
0.187857 0.968452 7.10687e-08
0.2266 1.02949 7.39544e-08
0.278341 1.10796 7.67509e-08
0.340803 1.21085 7.84591e-08
0.398043 1.34901 7.6449e-08
0.416838 1.5216 6.86833e-08
0.370212 1.70219 6.23813e-08
0.275067 1.85763 7.46972e-08
0.220309 1.9723 1.02558e-07
0.293337 2.04428 1.31013e-07
0.397934 2.07832 1.54639e-07
0.445741 2.08651 1.7269e-07
0.407802 2.08239 1.84551e-07
0.286425 2.07406 1.89324e-07
0.103253 2.06722 1.86324e-07
0.103253 2.06722 1.74983e-07
0.286425 2.07406 1.54122e-07
0.407802 2.08239 1.22895e-07
0.44574 2.08651 8.36287e-08
0.397934 2.07832 4.21012e-08
0.293337 2.04428 1.92696e-08
0.220309 1.9723 4.20935e-08
0.275067 1.85763 6.42725e-08
0.370212 1.70219 7.88998e-08
0.416839 1.5216 8.64499e-08
0.398043 1.34901 8.76222e-08
0.340803 1.21085 8.46537e-08
0.278341 1.10796 8.03534e-08
0.2266 1.02949 7.62325e-08
0.187857 0.968452 7.25831e-08
0.159547 0.924314 6.92823e-08
0.138581 0.899715 6.61883e-08
0.122565 0.896546 6.32214e-08
0.109884 0.913248 6.03519e-08
0.0995061 0.944413 5.75777e-08
0.123686 1.008 5.56613e-08
0.135668 0.961935 5.84087e-08
0.149875 0.914854 6.12032e-08
0.16707 0.875171 6.40181e-08
0.188274 0.851863 6.68339e-08
0.214645 0.852821 6.96387e-08
0.246919 0.883364 7.23905e-08
0.28392 0.945966 7.48791e-08
0.319762 1.04074 7.64878e-08
0.341045 1.16403 7.6251e-08
0.329266 1.30429 7.42411e-08
0.274356 1.4412 7.43275e-08
0.200689 1.55375 8.3201e-08
0.199499 1.62953 1.01887e-07
0.29527 1.6668 1.24582e-07
0.390874 1.67226 1.45791e-07
0.428935 1.65794 1.62579e-07
0.387872 1.63654 1.73465e-07
0.269994 1.61754 1.77375e-07
0.0967338 1.60667 1.73403e-07
0.0967339 1.60667 1.61038e-07
0.269994 1.61754 1.40413e-07
0.387872 1.63654 1.12717e-07
0.428935 1.65794 8.07025e-08
0.390874 1.67226 4.92173e-08
0.295269 1.6668 2.92931e-08
0.199499 1.62953 3.64674e-08
0.200689 1.55375 5.36443e-08
0.274356 1.4412 6.78113e-08
0.329266 1.30429 7.65991e-08
0.341045 1.16403 8.01549e-08
0.319762 1.04074 7.99027e-08
0.28392 0.945966 7.76272e-08
0.246919 0.883364 7.45996e-08
0.214645 0.852821 7.14234e-08
0.188274 0.851863 6.83004e-08
0.16707 0.875171 6.5274e-08
0.149875 0.914854 6.23462e-08
0.135668 0.961935 5.95168e-08
0.123686 1.008 5.67904e-08
0.14475 1.08538 5.43696e-08
0.157472 1.05156 5.70086e-08
0.172018 1.00241 5.97102e-08
0.188759 0.941657 6.24589e-08
0.208024 0.874934 6.52443e-08
0.229823 0.809841 6.80559e-08
0.253225 0.755948 7.08565e-08
0.275252 0.723925 7.35214e-08
0.289553 0.722437 7.57969e-08
0.286175 0.752661 7.74888e-08
0.255086 0.804549 7.91465e-08
0.197088 0.859772 8.28459e-08
0.151923 0.899891 9.13637e-08
0.199623 0.91373 1.05346e-07
0.301565 0.900399 1.22301e-07
0.384485 0.868256 1.3868e-07
0.411217 0.830768 1.5168e-07
0.366264 0.800116 1.59532e-07
0.252718 0.781738 1.61154e-07
0.0901582 0.774175 1.55916e-07
0.0901583 0.774175 1.437e-07
0.252718 0.781738 1.25089e-07
0.366264 0.800116 1.01545e-07
0.411217 0.830768 7.55576e-08
0.384485 0.868256 5.11071e-08
0.301565 0.900399 3.56183e-08
0.199623 0.91373 3.75523e-08
0.151923 0.899891 4.95461e-08
0.197089 0.859772 6.13738e-08
0.255087 0.804548 6.96592e-08
0.286175 0.752661 7.39724e-08
0.289553 0.722437 7.50756e-08
0.275252 0.723925 7.40983e-08
0.253225 0.755948 7.20039e-08
0.229823 0.809841 6.94054e-08
0.208024 0.874934 6.66246e-08
0.188759 0.941657 6.38117e-08
0.172018 1.00241 6.10349e-08
0.157472 1.05156 5.83276e-08
0.14475 1.08538 5.57096e-08
0.162166 1.13455 5.29568e-08
0.174735 1.1353 5.54847e-08
0.188476 1.1166 5.80916e-08
0.203342 1.07783 6.07741e-08
0.219032 1.01974 6.35361e-08
0.23469 0.944187 6.63857e-08
0.248413 0.854062 6.93241e-08
0.25663 0.753165 7.23291e-08
0.253742 0.646106 7.53719e-08
0.233017 0.537787 7.85498e-08
0.19061 0.43192 8.23597e-08
0.138188 0.328808 8.78456e-08
0.1345 0.2247 9.60975e-08
0.213029 0.117761 1.07195e-07
0.309238 0.0707676 1.19739e-07
0.377629 0.182483 1.31513e-07
0.39299 0.318032 1.40421e-07
0.344314 0.442164 1.44957e-07
0.235348 0.536659 1.44243e-07
0.0835994 0.587724 1.37934e-07
0.0835995 0.587724 1.26193e-07
0.235348 0.536659 1.09744e-07
0.344314 0.442164 8.99339e-08
0.39299 0.318032 6.88466e-08
0.377629 0.182483 4.96889e-08
0.309238 0.0707675 3.7751e-08
0.213029 0.117761 3.80217e-08
0.1345 0.2247 4.64816e-08
0.138188 0.328808 5.60265e-08
0.190612 0.431922 6.34343e-08
0.233017 0.537787 6.79359e-08
0.253742 0.646106 6.98278e-08
0.25663 0.753165 6.97968e-08
0.248413 0.854062 6.85371e-08
0.23469 0.944187 6.65774e-08
0.219032 1.01974 6.42596e-08
0.203342 1.07783 6.1784e-08
0.188476 1.1166 5.92634e-08
0.174735 1.1353 5.67616e-08
0.162166 1.13455 5.43162e-08
0.175561 1.11805 5.14717e-08
0.187124 1.15873 5.38916e-08
0.199048 1.18531 5.64073e-08
0.21091 1.19453 5.90275e-08
0.22192 1.18483 6.17712e-08
0.230671 1.15639 6.46687e-08
0.234843 1.11115 6.77591e-08
0.230976 1.053 7.10894e-08
0.214709 0.988058 7.47332e-08
0.182304 0.924999 7.88493e-08
0.135852 0.874958 8.37571e-08
0.102874 0.850491 8.99055e-08
0.143443 0.862783 9.75958e-08
0.231076 0.917442 1.06564e-07
0.315863 1.01134 1.15806e-07
0.369662 1.1328 1.23853e-07
0.374499 1.26437 1.29243e-07
0.322696 1.38631 1.30887e-07
0.218443 1.47994 1.282e-07
0.0772477 1.53074 1.21085e-07
0.0772478 1.53074 1.09881e-07
0.218443 1.47994 9.53412e-08
0.322697 1.38631 7.86442e-08
0.374499 1.26437 6.14915e-08
0.369662 1.1328 4.64242e-08
0.315863 1.01134 3.72527e-08
0.231075 0.917442 3.70383e-08
0.143443 0.862783 4.32361e-08
0.102874 0.850491 5.09448e-08
0.135853 0.874958 5.7457e-08
0.182305 0.924999 6.18901e-08
0.214709 0.988058 6.42527e-08
0.230976 1.053 6.49309e-08
0.234843 1.11115 6.44015e-08
0.230671 1.15639 6.30842e-08
0.22192 1.18483 6.12919e-08
0.21091 1.19453 5.92361e-08
0.199048 1.18531 5.70524e-08
0.187124 1.15873 5.48263e-08
0.175561 1.11805 5.26114e-08
0.184741 1.02478 4.99556e-08
0.194548 1.09015 5.22738e-08
0.203839 1.15377 5.4704e-08
0.211897 1.20978 5.72652e-08
0.217607 1.25436 5.99895e-08
0.219302 1.28589 6.29239e-08
0.214635 1.30511 6.61311e-08
0.200664 1.31522 6.96892e-08
0.174481 1.32176 7.36964e-08
0.135446 1.33233 7.82793e-08
0.0939925 1.35563 8.35885e-08
0.0973399 1.39996 8.97333e-08
0.164527 1.47124 9.66348e-08
0.248422 1.57116 1.03863e-07
0.320068 1.69595 1.10602e-07
0.360297 1.83622 1.15803e-07
0.355931 1.97792 1.18463e-07
0.301801 2.10455 1.17863e-07
0.202349 2.19993 1.13691e-07
0.0712357 2.25118 1.06045e-07
0.0712358 2.25118 9.53791e-08
0.202349 2.19993 8.24402e-08
0.301801 2.10455 6.8257e-08
0.355931 1.97792 5.42191e-08
0.360297 1.83622 4.23164e-08
0.320068 1.69595 3.52851e-08
0.248422 1.57116 3.5014e-08
0.164527 1.47124 3.9734e-08
0.0973399 1.39996 4.60163e-08
0.0939932 1.35563 5.17024e-08
0.135447 1.33233 5.59312e-08
0.174481 1.32176 5.85511e-08
0.200664 1.31522 5.97475e-08
0.214635 1.30511 5.98296e-08
0.219302 1.28589 5.91105e-08
0.217607 1.25436 5.7853e-08
0.211897 1.20978 5.62551e-08
0.203839 1.15377 5.44573e-08
0.194548 1.09015 5.2556e-08
0.184741 1.02478 5.06162e-08
0.189703 0.89099 4.84404e-08
0.197151 0.944875 5.0664e-08
0.203221 1.01454 5.30137e-08
0.207002 1.09181 5.55162e-08
0.207216 1.16967 5.82119e-08
0.202159 1.24323 6.11565e-08
0.189733 1.31013 6.44206e-08
0.167742 1.37055 6.8085e-08
0.134929 1.42707 7.22321e-08
0.0947765 1.48424 7.69302e-08
0.0729643 1.54791 8.2202e-08
0.113699 1.62414 8.79678e-08
0.187476 1.71776 9.39714e-08
0.262639 1.83073 9.97264e-08
0.321344 1.96072 1.04539e-07
0.349533 2.10045 1.07625e-07
0.337458 2.23822 1.0829e-07
0.281852 2.35968 1.0609e-07
0.187246 2.45049 1.00919e-07
0.0656324 2.4991 9.30143e-08
0.0656325 2.4991 8.28935e-08
0.187246 2.45049 7.12881e-08
0.281852 2.35968 5.91094e-08
0.337458 2.23822 4.75059e-08
0.349533 2.10045 3.80302e-08
0.321344 1.96072 3.26315e-08
0.262639 1.83073 3.24446e-08
0.187475 1.71776 3.61529e-08
0.113699 1.62414 4.13164e-08
0.0729641 1.54791 4.62568e-08
0.0947765 1.48424 5.02011e-08
0.134929 1.42707 5.2921e-08
0.167742 1.37055 5.44724e-08
0.189733 1.31013 5.50397e-08
0.202159 1.24323 5.48432e-08
0.207216 1.16967 5.40893e-08
0.207002 1.09181 5.29491e-08
0.203221 1.01454 5.15546e-08
0.197151 0.944875 5.00038e-08
0.189703 0.89099 4.83672e-08
0.190613 0.813249 4.69484e-08
0.195271 0.80966 4.90836e-08
0.19777 0.834777 5.13555e-08
0.197101 0.884999 5.37954e-08
0.191962 0.952576 5.6447e-08
0.180786 1.02895 5.93667e-08
0.161893 1.10708 6.26209e-08
0.134011 1.18249 6.62765e-08
0.098005 1.25343 7.03851e-08
0.0652218 1.32084 7.49579e-08
0.0779864 1.38794 7.99314e-08
0.137218 1.45957 8.51265e-08
0.207889 1.54095 9.02156e-08
0.272939 1.63584 9.47164e-08
0.319722 1.74447 9.80377e-08
0.337554 1.86222 9.95775e-08
0.319252 1.97968 9.88501e-08
0.262973 2.0843 9.5598e-08
0.173209 2.16311 8.98535e-08
0.060463 2.20548 8.19336e-08
0.0604631 2.20548 7.23851e-08
0.173209 2.16311 6.19121e-08
0.262973 2.0843 5.13347e-08
0.319253 1.97968 4.16208e-08
0.337554 1.86222 3.39872e-08
0.319722 1.74447 2.98086e-08
0.272939 1.63584 2.97208e-08
0.207889 1.54095 3.26916e-08
0.137218 1.45957 3.69535e-08
0.0779855 1.38794 4.12187e-08
0.0652219 1.32084 4.48269e-08
0.098005 1.25343 4.75257e-08
0.134011 1.18249 4.92915e-08
0.161893 1.10708 5.02188e-08
0.180786 1.02895 5.04521e-08
0.191962 0.952576 5.01435e-08
0.197101 0.884999 4.94313e-08
0.19777 0.834777 4.84311e-08
0.195271 0.80966 4.72345e-08
0.190613 0.813249 4.5912e-08
0.187781 0.880907 4.54938e-08
0.189392 0.819366 4.75447e-08
0.18819 0.771397 4.97389e-08
0.183151 0.744707 5.21087e-08
0.173062 0.742648 5.46967e-08
0.15661 0.762569 5.75543e-08
0.132662 0.797169 6.07362e-08
0.101111 0.837757 6.42884e-08
0.0665182 0.877126 6.82295e-08
0.0560587 0.911172 7.25251e-08
0.0977872 0.939621 7.70588e-08
0.160203 0.966138 8.16062e-08
0.224344 0.99754 8.58241e-08
0.279347 1.04152 8.92662e-08
0.315522 1.10298 9.14342e-08
0.324642 1.18077 9.18604e-08
0.301475 1.26689 9.02031e-08
0.245223 1.34872 8.63276e-08
0.160245 1.4127 8.03474e-08
0.0557243 1.44777 7.26162e-08
0.0557244 1.44777 6.36771e-08
0.160245 1.4127 5.41966e-08
0.245223 1.34872 4.49193e-08
0.301475 1.26689 3.66768e-08
0.324642 1.18077 3.0432e-08
0.315522 1.10298 2.71431e-08
0.279347 1.04152 2.71153e-08
0.224344 0.99754 2.95081e-08
0.160203 0.966138 3.30187e-08
0.097786 0.939621 3.66657e-08
0.0560587 0.911172 3.99039e-08
0.0665182 0.877126 4.2487e-08
0.101111 0.837757 4.43469e-08
0.132662 0.797169 4.55166e-08
0.15661 0.762569 4.60806e-08
0.173062 0.742648 4.61434e-08
0.183151 0.744707 4.58097e-08
0.18819 0.771397 4.51742e-08
0.189392 0.819366 4.43171e-08
0.187781 0.880907 4.33039e-08
0.18162 1.04313 4.40841e-08
0.180093 0.980763 4.60528e-08
0.175245 0.911845 4.81666e-08
0.166116 0.842247 5.04564e-08
0.151659 0.777599 5.29606e-08
0.130902 0.721935 5.57217e-08
0.103395 0.676222 5.87793e-08
0.0708397 0.637575 6.21573e-08
0.0466241 0.599871 6.58458e-08
0.0680712 0.555626 6.9778e-08
0.120532 0.498312 7.38092e-08
0.180035 0.42452 7.77014e-08
0.236642 0.336474 8.11255e-08
0.282249 0.247691 8.36852e-08
0.309187 0.197906 8.49662e-08
0.311106 0.235361 8.46045e-08
0.284265 0.328051 8.23605e-08
0.22862 0.42513 7.8178e-08
0.148323 0.500827 7.22133e-08
0.051398 0.541785 6.48249e-08
0.0513981 0.541785 5.65301e-08
0.148323 0.500827 4.79483e-08
0.22862 0.42513 3.97557e-08
0.284265 0.328051 3.26759e-08
0.311106 0.235361 2.74787e-08
0.309187 0.197906 2.48231e-08
0.282249 0.247691 2.47994e-08
0.236642 0.336474 2.67079e-08
0.180035 0.42452 2.95726e-08
0.120531 0.498313 3.26477e-08
0.0680712 0.555626 3.54939e-08
0.0466241 0.599871 3.78883e-08
0.0708397 0.637575 3.97419e-08
0.103395 0.676222 4.10473e-08
0.130902 0.721935 4.18445e-08
0.151659 0.777599 4.21981e-08
0.166116 0.842247 4.21814e-08
0.175245 0.911845 4.18668e-08
0.180093 0.980763 4.13203e-08
0.18162 1.04313 4.05988e-08
0.172608 1.17645 4.27218e-08
0.167991 1.15253 4.46086e-08
0.159707 1.11545 4.66378e-08
0.14691 1.06903 4.88371e-08
0.128779 1.01778 5.12385e-08
0.104765 0.966167 5.38739e-08
0.0753744 0.917811 5.67677e-08
0.0463273 0.874821 5.99238e-08
0.0472216 0.837585 6.33099e-08
0.0883744 0.805338 6.6839e-08
0.141588 0.77745 7.03548e-08
0.196058 0.75494 7.36246e-08
0.24508 0.74137 7.63479e-08
0.282167 0.742125 7.81822e-08
0.301181 0.761621 7.87873e-08
0.297239 0.799736 7.78815e-08
0.267734 0.850257 7.52986e-08
0.213151 0.902635 7.10325e-08
0.137389 0.945423 6.52571e-08
0.0474575 0.969362 5.83164e-08
0.0474575 0.969362 5.06892e-08
0.137389 0.945423 4.29408e-08
0.213151 0.902635 3.56813e-08
0.267734 0.850257 2.95431e-08
0.297239 0.799736 2.51452e-08
0.301181 0.761621 2.29319e-08
0.282167 0.742125 2.28613e-08
0.24508 0.74137 2.43455e-08
0.196058 0.75494 2.66425e-08
0.141587 0.77745 2.91861e-08
0.0883743 0.805338 3.16291e-08
0.0472216 0.837585 3.37799e-08
0.0463273 0.874821 3.55451e-08
0.0753744 0.917811 3.68931e-08
0.104765 0.966167 3.78324e-08
0.128779 1.01778 3.83958e-08
0.14691 1.06903 3.86291e-08
0.159707 1.11545 3.85831e-08
0.167991 1.15253 3.83081e-08
0.172608 1.17645 3.78508e-08
0.161251 1.19916 4.14067e-08
0.15371 1.22075 4.32105e-08
0.14231 1.22945 4.51501e-08
0.126361 1.22745 4.72489e-08
0.105317 1.21838 4.95314e-08
0.0791768 1.2068 5.2019e-08
0.050263 1.19764 5.47218e-08
0.0352565 1.1955 5.76276e-08
0.0628539 1.20403 6.06882e-08
0.109119 1.2256 6.3806e-08
0.159578 1.26124 6.68243e-08
0.208338 1.3109 6.95261e-08
0.250137 1.37354 7.1645e-08
0.279645 1.44705 7.28909e-08
0.291943 1.52798 7.29877e-08
0.283298 1.61133 7.1719e-08
0.251966 1.69065 6.89725e-08
0.198785 1.75879 6.47733e-08
0.127379 1.80884 5.92982e-08
0.043873 1.83537 5.28669e-08
0.043873 1.83537 4.59134e-08
0.127379 1.80884 3.89461e-08
0.198785 1.75879 3.25106e-08
0.251966 1.69065 2.71567e-08
0.283298 1.61133 2.33814e-08
0.291943 1.52798 2.14761e-08
0.279645 1.44705 2.13242e-08
0.250137 1.37354 2.24311e-08
0.208338 1.3109 2.42256e-08
0.159577 1.26124 2.6277e-08
0.109119 1.2256 2.83159e-08
0.0628539 1.20403 3.01853e-08
0.0352565 1.1955 3.17975e-08
0.050263 1.19764 3.31096e-08
0.0791768 1.2068 3.41091e-08
0.105317 1.21838 3.48051e-08
0.126361 1.22745 3.52206e-08
0.14231 1.22945 3.53868e-08
0.15371 1.22075 3.53385e-08
0.161251 1.19916 3.51107e-08
0.148057 1.09421 4.01368e-08
0.137842 1.14619 4.18557e-08
0.123722 1.18965 4.37009e-08
0.105191 1.22429 4.56905e-08
0.0820409 1.25182 4.78419e-08
0.0551566 1.27563 5.01664e-08
0.0319536 1.30036 5.26622e-08
0.0432806 1.33113 5.53047e-08
0.0821411 1.37279 5.8036e-08
0.127798 1.42904 6.07547e-08
0.174245 1.50175 6.33109e-08
0.217216 1.59073 6.5508e-08
0.252336 1.69365 6.71151e-08
0.275194 1.80634 6.78898e-08
0.281854 1.92307 6.76106e-08
0.269492 2.03696 6.61128e-08
0.237011 2.14051 6.33237e-08
0.185475 2.22627 5.92878e-08
0.118224 2.28764 5.41765e-08
0.0406141 2.31966 4.82811e-08
0.0406141 2.31966 4.19895e-08
0.118224 2.28764 3.57541e-08
0.185475 2.22627 3.00573e-08
0.237011 2.14051 2.53727e-08
0.269492 2.03696 2.20958e-08
0.281854 1.92307 2.04101e-08
0.275194 1.80634 2.01627e-08
0.252336 1.69365 2.09384e-08
0.217216 1.59073 2.22918e-08
0.174244 1.50175 2.3894e-08
0.127798 1.42904 2.55395e-08
0.0821411 1.37279 2.71055e-08
0.0432806 1.33113 2.85172e-08
0.0319536 1.30036 2.97296e-08
0.0551566 1.27563 3.07187e-08
0.0820409 1.25182 3.14769e-08
0.105191 1.22429 3.20095e-08
0.123722 1.18965 3.23308e-08
0.137842 1.14619 3.24611e-08
0.148057 1.09421 3.24241e-08
0.133509 0.917314 3.89095e-08
0.120933 0.967056 4.05415e-08
0.104531 1.01699 4.22881e-08
0.0840201 1.06326 4.41621e-08
0.0596647 1.10437 4.6174e-08
0.0344533 1.14118 4.83265e-08
0.0295899 1.17665 5.06084e-08
0.0599954 1.2153 5.29866e-08
0.100615 1.26238 5.53978e-08
0.14373 1.32281 5.77419e-08
0.185735 1.39995 5.988e-08
0.223121 1.4947 6.16377e-08
0.252181 1.60513 6.28178e-08
0.269266 1.72672 6.32201e-08
0.271237 1.85288 6.26684e-08
0.255985 1.97577 6.10392e-08
0.222898 2.08709 5.82891e-08
0.173169 2.17888 5.44738e-08
0.109858 2.24429 4.97552e-08
0.0376513 2.27832 4.43956e-08
0.0376514 2.27832 3.87388e-08
0.109858 2.24429 3.31837e-08
0.173169 2.17888 2.81523e-08
0.222898 2.08709 2.40477e-08
0.255985 1.97577 2.11811e-08
0.271237 1.85288 1.96605e-08
0.269266 1.72672 1.93213e-08
0.252181 1.60513 1.98153e-08
0.223121 1.4947 2.07901e-08
0.185734 1.39995 2.19922e-08
0.14373 1.32281 2.32671e-08
0.100615 1.26238 2.45235e-08
0.0599954 1.2153 2.57037e-08
0.0295898 1.17665 2.67678e-08
0.0344533 1.14118 2.76879e-08
0.0596647 1.10437 2.84465e-08
0.0840201 1.06326 2.9036e-08
0.104531 1.01699 2.94573e-08
0.120933 0.967056 2.97179e-08
0.133509 0.917314 2.98306e-08
0.118054 0.805354 3.77218e-08
0.103462 0.812145 3.92654e-08
0.0852422 0.829027 4.09103e-08
0.0633874 0.850311 4.26646e-08
0.039074 0.871085 4.45325e-08
0.0226394 0.88838 4.65098e-08
0.0420927 0.901755 4.85782e-08
0.0776257 0.913471 5.06991e-08
0.117007 0.928242 5.28078e-08
0.15685 0.95239 5.48087e-08
0.194351 0.992249 5.65757e-08
0.226496 1.05209 5.79566e-08
0.250132 1.13247 5.87847e-08
0.262246 1.22982 5.88965e-08
0.26035 1.33728 5.81528e-08
0.242897 1.44614 5.64629e-08
0.20963 1.54716 5.38047e-08
0.161805 1.63168 5.02399e-08
0.102212 1.69241 4.59192e-08
0.0349568 1.72414 4.1077e-08
0.0349569 1.72414 3.60162e-08
0.102212 1.69241 3.10862e-08
0.161805 1.63168 2.66526e-08
0.20963 1.54716 2.30543e-08
0.242897 1.44614 2.05331e-08
0.26035 1.33728 1.9146e-08
0.262245 1.22981 1.87308e-08
0.250132 1.13247 1.8995e-08
0.226496 1.05209 1.9655e-08
0.19435 0.992248 2.05122e-08
0.15685 0.95239 2.14507e-08
0.117007 0.928242 2.24068e-08
0.0776256 0.913471 2.33409e-08
0.0420927 0.901755 2.42233e-08
0.0226394 0.88838 2.50286e-08
0.039074 0.871085 2.57355e-08
0.0633875 0.850311 2.63284e-08
0.0852422 0.829027 2.67983e-08
0.103462 0.812145 2.71425e-08
0.118054 0.805354 2.73638e-08
0.102088 0.87641 3.65713e-08
0.0858451 0.84066 3.80255e-08
0.0662836 0.813137 3.95669e-08
0.0438338 0.791702 4.11996e-08
0.0225193 0.772312 4.29224e-08
0.0281067 0.750151 4.47257e-08
0.05833 0.720836 4.65863e-08
0.0939138 0.68143 4.84629e-08
0.131011 0.631264 5.02915e-08
0.167322 0.572767 5.19833e-08
0.200444 0.512557 5.34256e-08
0.22776 0.462555 5.44872e-08
0.24659 0.438867 5.50285e-08
0.254455 0.45387 5.49167e-08
0.2494 0.505559 5.40433e-08
0.230313 0.579306 5.23427e-08
0.197196 0.658223 4.98089e-08
0.151322 0.728652 4.65061e-08
0.095223 0.780829 4.25729e-08
0.0325047 0.808467 3.82179e-08
0.0325048 0.808467 3.37071e-08
0.0952231 0.780829 2.93446e-08
0.151322 0.728652 2.54447e-08
0.197196 0.658223 2.22891e-08
0.230313 0.579306 2.00639e-08
0.2494 0.505559 1.87923e-08
0.254455 0.45387 1.83224e-08
0.24659 0.438867 1.84075e-08
0.22776 0.462555 1.88154e-08
0.200444 0.512558 1.93862e-08
0.167322 0.572767 2.0032e-08
0.131011 0.631264 2.07103e-08
0.0939138 0.68143 2.13993e-08
0.0583299 0.720836 2.2082e-08
0.0281067 0.750151 2.27399e-08
0.0225193 0.772312 2.33536e-08
0.0438339 0.791702 2.39044e-08
0.0662836 0.813137 2.43769e-08
0.0858452 0.84066 2.47608e-08
0.102088 0.87641 2.50506e-08
0.0859554 1.045 3.5456e-08
0.0684338 1.01087 3.68204e-08
0.0480396 0.979845 3.82581e-08
0.0262615 0.952973 3.97693e-08
0.0183662 0.929484 4.13488e-08
0.0422449 0.907028 4.29829e-08
0.0741216 0.882303 4.46453e-08
0.108259 0.851877 4.62938e-08
0.142654 0.812977 4.78672e-08
0.175397 0.764119 4.92843e-08
0.204369 0.705556 5.04457e-08
0.227292 0.639581 5.12393e-08
0.241898 0.570692 5.15492e-08
0.246158 0.505519 5.12681e-08
0.238545 0.452041 5.03124e-08
0.218287 0.417232 4.86363e-08
0.185574 0.403206 4.62451e-08
0.141658 0.405066 4.32032e-08
0.0888332 0.413616 3.96374e-08
0.0302714 0.42029 3.57329e-08
0.0302714 0.42029 3.17226e-08
0.0888332 0.413616 2.787e-08
0.141658 0.405066 2.4443e-08
0.185574 0.403206 2.16742e-08
0.218287 0.417232 1.97056e-08
0.238545 0.452041 1.85388e-08
0.246158 0.505519 1.80361e-08
0.241898 0.570692 1.79884e-08
0.227291 0.639581 1.82019e-08
0.204368 0.705557 1.85443e-08
0.175397 0.764119 1.89461e-08
0.142654 0.812977 1.93802e-08
0.108259 0.851877 1.9839e-08
0.0741216 0.882303 2.03184e-08
0.0422449 0.907028 2.08102e-08
0.0183662 0.929484 2.13006e-08
0.0262615 0.952973 2.17724e-08
0.0480396 0.979845 2.22079e-08
0.0684339 1.01087 2.25918e-08
0.0859555 1.045 2.29127e-08
0.069949 1.15918 3.43741e-08
0.0515253 1.15007 3.56494e-08
0.0309551 1.14159 3.69843e-08
0.0143545 1.13668 3.8376e-08
0.0289796 1.13721 3.98162e-08
0.0572467 1.14372 4.12883e-08
0.0884254 1.15547 4.27645e-08
0.120552 1.17089 4.42031e-08
0.152093 1.18811 4.55467e-08
0.181355 1.20552 4.67222e-08
0.206457 1.22215 4.76429e-08
0.225424 1.23773 4.82135e-08
0.236344 1.25264 4.83383e-08
0.237563 1.26747 4.79317e-08
0.227901 1.28269 4.69296e-08
0.20685 1.29825 4.53017e-08
0.174729 1.31341 4.30613e-08
0.132749 1.32685 4.02716e-08
0.0829867 1.33701 3.7048e-08
0.0282351 1.3425 3.35545e-08
0.0282352 1.3425 2.99947e-08
0.0829867 1.33701 2.6596e-08
0.132749 1.32685 2.35857e-08
0.174729 1.31341 2.11543e-08
0.20685 1.29825 1.94097e-08
0.227901 1.28269 1.83407e-08
0.237563 1.26747 1.78245e-08
0.236344 1.25264 1.76832e-08
0.225424 1.23773 1.77527e-08
0.206457 1.22215 1.79201e-08
0.181355 1.20552 1.81278e-08
0.152093 1.18811 1.83575e-08
0.120552 1.17089 1.86118e-08
0.0884254 1.15547 1.88975e-08
0.0572467 1.14372 1.92175e-08
0.0289796 1.13721 1.95664e-08
0.0143545 1.13668 1.99321e-08
0.0309551 1.14159 2.02982e-08
0.0515253 1.15007 2.06478e-08
0.069949 1.15918 2.09655e-08
0.0543125 1.14655 3.33247e-08
0.0353995 1.16105 3.45121e-08
0.0161813 1.17452 3.57463e-08
0.0183563 1.19058 3.70221e-08
0.042908 1.2126 3.83287e-08
0.0712449 1.24311 3.96478e-08
0.100985 1.28341 4.09511e-08
0.130864 1.33342 4.21986e-08
0.159536 1.39194 4.33374e-08
0.185473 1.45701 4.43022e-08
0.207012 1.52632 4.5018e-08
0.222445 1.59752 4.54044e-08
0.230167 1.66837 4.53829e-08
0.228837 1.73675 4.48854e-08
0.217554 1.80062 4.38638e-08
0.196015 1.85798 4.22995e-08
0.164623 1.90688 4.02114e-08
0.124538 1.94549 3.76604e-08
0.0776334 1.97223 3.47513e-08
0.0263766 1.98591 3.16292e-08
0.0263766 1.98591 2.84717e-08
0.0776335 1.97223 2.54744e-08
0.124538 1.94549 2.28291e-08
0.164623 1.90688 2.06917e-08
0.196015 1.85798 1.91438e-08
0.217554 1.80062 1.8167e-08
0.228837 1.73675 1.76528e-08
0.230167 1.66837 1.74498e-08
0.222445 1.59752 1.74169e-08
0.207012 1.52632 1.74558e-08
0.185473 1.45701 1.75156e-08
0.159536 1.39194 1.75828e-08
0.130864 1.33342 1.76651e-08
0.100985 1.28341 1.77774e-08
0.0712448 1.24311 1.79319e-08
0.042908 1.2126 1.81328e-08
0.0183563 1.19058 1.83754e-08
0.0161813 1.17452 1.8648e-08
0.0353995 1.16105 1.8935e-08
0.0543125 1.14655 1.92197e-08
0.0392526 1.02183 3.23067e-08
0.02047 1.04367 3.34084e-08
0.0108752 1.0631 3.4545e-08
0.0307624 1.08314 3.57093e-08
0.0564194 1.10761 3.68892e-08
0.0837967 1.14043 3.80653e-08
0.111792 1.18481 3.92098e-08
0.139336 1.2426 4.02849e-08
0.165203 1.31394 4.12424e-08
0.188015 1.39737 4.20248e-08
0.206304 1.49017 4.25673e-08
0.2186 1.58887 4.28026e-08
0.223561 1.68963 4.26667e-08
0.220107 1.78855 4.21057e-08
0.207563 1.88181 4.10844e-08
0.18578 1.96585 3.95932e-08
0.155215 2.03743 3.76544e-08
0.116967 2.09378 3.53263e-08
0.0727269 2.13265 3.27036e-08
0.024678 2.15249 2.99146e-08
0.024678 2.15249 2.71141e-08
0.072727 2.13265 2.44699e-08
0.116967 2.09378 2.21437e-08
0.155215 2.03743 2.02624e-08
0.18578 1.96585 1.88877e-08
0.207563 1.88181 1.79976e-08
0.220107 1.78855 1.74973e-08
0.223561 1.68963 1.7257e-08
0.2186 1.58887 1.71548e-08
0.206303 1.49017 1.71033e-08
0.188015 1.39737 1.70561e-08
0.165203 1.31394 1.70005e-08
0.139336 1.2426 1.6946e-08
0.111792 1.18481 1.69116e-08
0.0837967 1.14043 1.69166e-08
0.0564194 1.10761 1.69738e-08
0.0307624 1.08314 1.70868e-08
0.0108752 1.0631 1.72505e-08
0.02047 1.04367 1.74535e-08
0.0392526 1.02183 1.76805e-08
0.0249794 0.883813 3.13197e-08
0.00879046 0.890829 3.23383e-08
0.0205276 0.89421 3.3381e-08
0.0436536 0.894676 3.44394e-08
0.0687716 0.894784 3.55002e-08
0.0948166 0.898665 3.65439e-08
0.120931 0.91136 3.75437e-08
0.146138 0.937745 3.84643e-08
0.169313 0.981256 3.92625e-08
0.18922 1.04292 3.98876e-08
0.204566 1.12115 4.02844e-08
0.214093 1.21224 4.03967e-08
0.216683 1.31127 4.01724e-08
0.211473 1.4128 3.95696e-08
0.197968 1.51144 3.8563e-08
0.176134 1.60218 3.71498e-08
0.146462 1.68055 3.53546e-08
0.109983 1.7428 3.32324e-08
0.0682254 1.78598 3.08687e-08
0.0231236 1.80809 2.83771e-08
0.0231236 1.80809 2.5892e-08
0.0682254 1.78598 2.35576e-08
0.109983 1.7428 2.15096e-08
0.146462 1.68055 1.98513e-08
0.176134 1.60218 1.86294e-08
0.197968 1.51144 1.78208e-08
0.211473 1.4128 1.73426e-08
0.216683 1.31127 1.70835e-08
0.214093 1.21224 1.69373e-08
0.204565 1.12114 1.68256e-08
0.18922 1.04292 1.67048e-08
0.169313 0.981256 1.65616e-08
0.146138 0.937745 1.64045e-08
0.120931 0.91136 1.62534e-08
0.0948166 0.898665 1.61314e-08
0.0687716 0.894784 1.60578e-08
0.0436536 0.894676 1.6044e-08
0.0205276 0.89421 1.60926e-08
0.00879047 0.890829 1.61978e-08
0.0249794 0.883813 1.63484e-08
0.0119538 0.870487 3.03631e-08
0.0120518 0.856917 3.13019e-08
0.0326738 0.839102 3.22551e-08
0.0556778 0.814505 3.32135e-08
0.0797994 0.781809 3.41633e-08
0.104342 0.741292 3.50853e-08
0.128527 0.695166 3.59539e-08
0.151447 0.647901 3.6737e-08
0.172075 0.606392 3.73957e-08
0.189303 0.579398 3.78861e-08
0.202001 0.57532 3.8161e-08
0.209095 0.598462 3.81738e-08
0.209659 0.646618 3.78824e-08
0.203008 0.712482 3.72546e-08
0.188789 0.786995 3.62729e-08
0.167058 0.861699 3.49396e-08
0.13832 0.929578 3.32805e-08
0.103537 0.98516 3.13472e-08
0.0640904 1.02442 2.92168e-08
0.0216991 1.04471 2.69896e-08
0.0216991 1.04471 2.47826e-08
0.0640904 1.02442 2.27193e-08
0.103537 0.98516 2.09135e-08
0.13832 0.929578 1.94497e-08
0.167058 0.861699 1.83629e-08
0.188789 0.786995 1.76302e-08
0.203008 0.712482 1.71796e-08
0.209659 0.646618 1.6915e-08
0.209095 0.598462 1.67436e-08
0.202001 0.57532 1.65949e-08
0.189303 0.579398 1.64271e-08
0.172075 0.606392 1.62256e-08
0.151447 0.647901 1.59964e-08
0.128527 0.695166 1.57581e-08
0.104342 0.741292 1.55348e-08
0.0797994 0.781809 1.53495e-08
0.0556778 0.814505 1.52197e-08
0.0326737 0.839102 1.51551e-08
0.0120518 0.856917 1.51568e-08
0.0119538 0.870487 1.52186e-08
0.00577099 0.990075 2.94367e-08
0.0232344 0.978478 3.02991e-08
0.0442862 0.965779 3.11676e-08
0.0665674 0.948975 3.20322e-08
0.089497 0.925154 3.28792e-08
0.112457 0.8919 3.369e-08
0.134719 0.84757 3.44406e-08
0.155437 0.791421 3.51018e-08
0.173678 0.723657 3.56392e-08
0.188455 0.645385 3.60145e-08
0.198783 0.558531 3.61879e-08
0.203749 0.465723 3.61209e-08
0.202589 0.37013 3.57797e-08
0.194765 0.275298 3.51398e-08
0.180039 0.18497 3.419e-08
0.15853 0.102936 3.29363e-08
0.130746 0.0334034 3.14049e-08
0.0975828 0.0261565 2.96439e-08
0.0602878 0.0636439 2.77229e-08
0.0203919 0.0832619 2.57303e-08
0.0203919 0.0832619 2.37681e-08
0.0602878 0.0636439 2.19418e-08
0.0975829 0.0261565 2.03472e-08
0.130746 0.0334034 1.9053e-08
0.15853 0.102936 1.80858e-08
0.180039 0.18497 1.74236e-08
0.194765 0.275298 1.70036e-08
0.202589 0.37013 1.67429e-08
0.203749 0.465723 1.65601e-08
0.198782 0.558533 1.63913e-08
0.188455 0.645385 1.61968e-08
0.173678 0.723657 1.59603e-08
0.155437 0.791421 1.56847e-08
0.134719 0.84757 1.5386e-08
0.112457 0.8919 1.50871e-08
0.089497 0.925154 1.48123e-08
0.0665674 0.948975 1.45829e-08
0.0442862 0.965779 1.44143e-08
0.0232344 0.978478 1.43138e-08
0.00577098 0.990075 1.42817e-08
0.0151237 1.10794 2.85401e-08
0.0343838 1.11376 2.93301e-08
0.0549381 1.12314 3.01187e-08
0.0762798 1.13446 3.0896e-08
0.0979193 1.14553 3.16483e-08
0.119272 1.15408 3.2358e-08
0.13965 1.1581 3.30029e-08
0.158273 1.15616 3.35565e-08
0.174295 1.14756 3.39885e-08
0.186841 1.1324 3.4266e-08
0.195057 1.1115 3.43554e-08
0.198169 1.08631 3.42249e-08
0.195549 1.0587 3.38478e-08
0.186781 1.0307 3.32057e-08
0.171718 1.00424 3.22924e-08
0.150524 0.980889 3.11166e-08
0.123701 0.961745 2.97042e-08
0.0920784 0.947359 2.80999e-08
0.0567864 0.937866 2.63663e-08
0.0191906 0.933175 2.45817e-08
0.0191906 0.933175 2.28347e-08
0.0567864 0.937866 2.12156e-08
0.0920784 0.947359 1.9805e-08
0.123701 0.961745 1.86591e-08
0.150524 0.980889 1.77979e-08
0.171718 1.00424 1.72006e-08
0.186781 1.0307 1.68127e-08
0.195549 1.0587 1.65623e-08
0.198169 1.08631 1.63777e-08
0.195057 1.1115 1.62013e-08
0.186841 1.1324 1.59949e-08
0.174295 1.14756 1.57412e-08
0.158273 1.15616 1.544e-08
0.13965 1.1581 1.51037e-08
0.119272 1.15408 1.47528e-08
0.0979193 1.14553 1.44112e-08
0.0762798 1.13446 1.41016e-08
0.0549381 1.12314 1.3843e-08
0.0343838 1.11376 1.36483e-08
0.0151236 1.10794 1.35233e-08
0.0257785 1.12276 2.7673e-08
0.0447332 1.14218 2.83944e-08
0.0645507 1.16853 2.91084e-08
0.0848441 1.20193 2.98047e-08
0.105147 1.24144 3.04703e-08
0.1249 1.28541 3.10884e-08
0.143459 1.33175 3.16388e-08
0.160106 1.37841 3.20978e-08
0.17408 1.42354 3.24388e-08
0.184606 1.46575 3.26334e-08
0.190946 1.50411 3.26536e-08
0.192448 1.53811 3.24732e-08
0.188599 1.56764 3.20713e-08
0.179082 1.59281 3.14346e-08
0.163821 1.61385 3.05606e-08
0.143012 1.63105 2.94598e-08
0.117144 1.64462 2.81577e-08
0.0869848 1.65473 2.66955e-08
0.053558 1.66145 2.51296e-08
0.0180849 1.6648 2.35293e-08
0.0180849 1.6648 2.19714e-08
0.053558 1.66145 2.05336e-08
0.0869848 1.65473 1.92836e-08
0.117144 1.64462 1.82675e-08
0.143012 1.63105 1.75002e-08
0.163821 1.61385 1.69625e-08
0.179082 1.59281 1.6607e-08
0.188599 1.56764 1.63709e-08
0.192448 1.53811 1.61913e-08
0.190946 1.5041 1.60158e-08
0.184606 1.46575 1.58084e-08
0.17408 1.42354 1.55506e-08
0.160106 1.37841 1.52394e-08
0.143459 1.33175 1.48839e-08
0.1249 1.28541 1.45016e-08
0.105147 1.24144 1.41142e-08
0.0848441 1.20193 1.37444e-08
0.0645507 1.16853 1.3413e-08
0.0447331 1.14218 1.31365e-08
0.0257784 1.12276 1.29253e-08
0.0357861 1.02424 2.68349e-08
0.0541646 1.0405 2.7492e-08
0.0731325 1.06449 2.81363e-08
0.0923186 1.09838 2.87579e-08
0.111271 1.14318 2.93442e-08
0.129458 1.19856 2.98798e-08
0.146278 1.26311 3.03462e-08
0.161076 1.3346 3.07223e-08
0.173167 1.41048 3.09848e-08
0.181872 1.48814 3.11096e-08
0.186554 1.56519 3.1073e-08
0.186663 1.6395 3.0854e-08
0.181785 1.70932 3.04362e-08
0.171683 1.77317 2.98105e-08
0.156337 1.82989 2.89772e-08
0.135966 1.87852 2.7948e-08
0.111038 1.91831 2.67476e-08
0.0822668 1.94867 2.54141e-08
0.0505776 1.96915 2.39982e-08
0.0170658 1.97946 2.25609e-08
0.0170658 1.97946 2.11695e-08
0.0505776 1.96915 1.98905e-08
0.0822668 1.94867 1.87808e-08
0.111038 1.91831 1.78784e-08
0.135966 1.87852 1.71945e-08
0.156337 1.82989 1.67114e-08
0.171683 1.77317 1.63875e-08
0.181785 1.70932 1.61683e-08
0.186663 1.6395 1.5998e-08
0.186553 1.56519 1.58293e-08
0.181872 1.48814 1.56282e-08
0.173167 1.41048 1.53756e-08
0.161076 1.3346 1.50661e-08
0.146278 1.26311 1.47058e-08
0.129458 1.19856 1.43087e-08
0.111271 1.14318 1.38939e-08
0.0923186 1.09838 1.34828e-08
0.0731325 1.06449 1.30965e-08
0.0541646 1.0405 1.27531e-08
0.0357861 1.02424 1.24668e-08
0.0449813 0.895099 2.60256e-08
0.0626719 0.887948 2.66224e-08
0.080725 0.884184 2.7202e-08
0.0987753 0.887835 2.77548e-08
0.116387 0.902788 2.82691e-08
0.133057 0.931923 2.87305e-08
0.148229 0.976425 2.91224e-08
0.161306 1.03559 2.94259e-08
0.171677 1.10711 2.9621e-08
0.178745 1.18774 2.9687e-08
0.181964 1.27381 2.96043e-08
0.180872 1.36169 2.9356e-08
0.175139 1.44805 2.89294e-08
0.164592 1.5299 2.83187e-08
0.149254 1.60469 2.75265e-08
0.129357 1.67025 2.65652e-08
0.10535 1.72481 2.54584e-08
0.0778919 1.76695 2.42413e-08
0.0478223 1.79562 2.29594e-08
0.0161251 1.81014 2.16668e-08
0.0161251 1.81014 2.04219e-08
0.0478223 1.79562 1.9282e-08
0.0778919 1.76695 1.82952e-08
0.10535 1.72481 1.74927e-08
0.129357 1.67025 1.68829e-08
0.149254 1.60469 1.64494e-08
0.164592 1.5299 1.6156e-08
0.175139 1.44805 1.59549e-08
0.180872 1.36169 1.57968e-08
0.181964 1.27381 1.56387e-08
0.178745 1.18774 1.54487e-08
0.171677 1.10711 1.52076e-08
0.161306 1.03559 1.49082e-08
0.148229 0.976425 1.45536e-08
0.133057 0.931923 1.41546e-08
0.116387 0.902788 1.37277e-08
0.0987753 0.887835 1.32921e-08
0.0807249 0.884184 1.28677e-08
0.0626718 0.887948 1.24736e-08
0.0449812 0.8951 1.21256e-08
SCALARS phase_x double 1
LOOKUP_TABLE default
1.59816
1.35419
1.11929
0.894761
0.681333
0.479508
0.289685
0.112204
-0.052639
-0.204581
-0.343392
-0.468862
-0.580813
-0.679091
-0.763562
-0.834117
-0.890666
-0.933137
-0.961479
-0.975659
2.16593
2.18011
2.20846
2.25093
2.30748
2.37803
2.4625
2.56078
2.67273
2.7982
2.93701
3.08895
-3.02939
-2.85191
-2.66208
-2.46026
-2.24683
-2.0223
-1.7874
-1.54343
1.15485
0.91694
0.682543
0.456462
0.240579
0.0358989
-0.156925
-0.337409
-0.505167
-0.659878
-0.801271
-0.929107
-1.04319
-1.14335
-1.22944
-1.30136
-1.35899
-1.40228
-1.43117
-1.44563
1.69597
1.71042
1.73931
1.7826
1.84024
1.91215
1.99824
2.0984
2.21249
2.34032
2.48171
2.63643
2.80418
2.98467
-3.10569
-2.90101
-2.68513
-2.45905
-2.22465
-1.98674
0.687547
0.472866
0.243992
0.0183954
-0.198966
-0.405992
-0.601541
-0.784878
-0.955471
-1.11291
-1.25687
-1.38706
-1.50328
-1.60532
-1.69304
-1.76632
-1.82505
-1.86916
-1.89859
-1.91332
1.22828
1.243
1.27244
1.31655
1.37528
1.44855
1.53627
1.63831
1.75453
1.88473
2.02868
2.18612
2.35671
2.54005
2.7356
2.94263
-3.1232
-2.8976
-2.66873
-2.45405
0.131189
0.0106698
-0.200007
-0.420944
-0.637995
-0.846487
-1.04429
-1.23022
-1.40351
-1.56359
-1.71006
-1.84259
-1.96092
-2.06484
-2.15418
-2.22881
-2.28862
-2.33354
-2.36352
-2.37852
0.763074
0.778072
0.808049
0.852973
0.912787
0.987414
1.07675
1.18067
1.299
1.43153
1.578
1.73809
1.91137
2.0973
2.29511
2.5036
2.72065
2.94159
-3.13092
-3.0104
-1.0918
-0.505684
-0.657683
-0.864485
-1.07778
-1.2862
-1.48548
-1.67357
-1.8493
-2.01188
-2.16078
-2.29559
-2.41599
-2.52175
-2.61269
-2.68865
-2.74953
-2.79525
-2.82576
-2.84103
0.300564
0.315828
0.34634
0.392064
0.452947
0.528908
0.61984
0.7256
0.846003
0.980811
1.12971
1.29229
1.46802
1.65612
1.8554
2.06381
2.27711
2.48391
2.63591
2.04979
-2.979
-1.25813
-1.15106
-1.31827
-1.52063
-1.72613
-1.92555
-2.11512
-2.2929
-2.45775
-2.60893
-2.74591
-2.86832
-2.97587
-3.06835
3.13758
3.07566
3.02915
2.99813
2.9826
-0.15899
-0.143468
-0.112438
-0.0659361
-0.00401583
0.0732418
0.165723
0.273272
0.395678
0.532663
0.683842
0.848694
1.02647
1.21604
1.41546
1.62096
1.82332
1.99054
1.88346
0.162595
2.66697
-3.05358
-1.75987
-1.79669
-1.97109
-2.16815
-2.36538
-2.55527
-2.73448
-2.90123
-3.05447
3.08971
2.96541
2.85616
2.7622
2.68371
2.62079
2.57355
2.54203
2.52626
-0.615333
-0.599565
-0.568042
-0.520799
-0.457887
-0.379391
-0.285431
-0.17618
-0.0518816
0.0871267
0.240358
0.407114
0.586326
0.776215
0.973446
1.17051
1.3449
1.38172
0.0880104
-0.474623
2.2042
2.16745
-2.89516
-2.34171
-2.43892
-2.61565
-2.80638
-2.99466
3.10887
2.94077
2.78583
2.64503
2.51901
2.40818
2.31284
2.23319
2.16936
2.12143
2.08945
2.07345
-1.06814
-1.05214
-1.02016
-0.972231
-0.908398
-0.828748
-0.733412
-0.622587
-0.496563
-0.355761
-0.200822
-0.0327222
0.14693
0.335212
0.525948
0.702671
0.799879
0.246432
-0.974145
-0.937389
1.78831
1.61762
1.82034
-3.11887
-2.94881
-3.07554
3.032
2.84872
2.67024
2.50167
2.34553
2.20328
2.07577
1.96355
1.86699
1.7863
1.72164
1.6731
1.64071
1.62451
-1.51708
-1.50088
-1.4685
-1.41995
-1.35529
-1.27461
-1.17804
-1.06583
-0.938314
-0.796056
-0.639925
-0.471349
-0.292868
-0.109592
0.0660575
0.192779
0.0227225
-1.32126
-1.52397
-1.35329
1.39455
1.17004
1.07986
1.72686
2.70512
2.71985
2.57846
2.40655
2.23196
2.06427
1.90772
1.7645
1.63584
1.52249
1.4249
1.34335
1.278
1.22893
1.19621
1.17984
-1.96175
-1.94538
-1.91266
-1.8636
-1.79824
-1.71669
-1.6191
-1.50575
-1.37709
-1.23387
-1.07732
-0.909633
-0.735043
-0.563136
-0.421741
-0.436472
-1.41474
-2.06173
-1.97156
-1.74704
1.01518
0.760497
0.575776
0.628911
1.68437
2.16288
2.10587
1.95836
1.79248
1.6279
1.47211
1.32863
1.19931
1.08518
0.98684
0.904642
0.838773
0.789331
0.756359
0.739871
-2.40172
-2.38523
-2.35226
-2.30282
-2.23695
-2.15475
-2.05641
-1.94228
-1.81296
-1.66948
-1.5137
-1.34911
-1.18324
-1.03572
-0.97871
-1.45722
-2.51268
-2.56582
-2.3811
-2.12641
0.647234
0.371831
0.141674
0.017846
0.330038
1.40621
1.59016
1.49712
1.34914
1.1914
1.03822
0.895543
0.766234
0.651809
0.553098
0.470553
0.404405
0.354762
0.321663
0.305114
-2.83648
-2.81993
-2.78683
-2.73719
-2.67104
-2.58849
-2.48978
-2.37536
-2.24605
-2.10337
-1.95019
-1.79245
-1.64448
-1.55144
-1.73539
-2.81156
-3.12375
-2.99992
-2.76976
-2.49436
0.289485
-0.00218948
-0.260329
-0.456467
-0.48162
0.20192
0.96533
1.00778
0.896988
0.75279
0.605193
0.464895
0.336573
0.222529
0.123952
0.0414581
-0.0246555
-0.074264
-0.107332
-0.123862
3.01773
3.03426
3.06733
3.11694
-3.10013
-3.01764
-2.91906
-2.80502
-2.6767
-2.5364
-2.3888
-2.2446
-2.13381
-2.17626
-2.93967
2.65997
2.68513
2.88126
3.1394
-2.85211
-0.0584831
-0.364158
-0.642633
-0.878256
-1.02515
-0.883957
0.0520889
0.454007
0.426168
0.308505
0.171545
0.036078
-0.0898419
-0.202568
-0.300324
-0.382236
-0.447904
-0.49717
-0.530001
-0.546408
2.59518
2.61159
2.64442
2.69369
2.75936
2.84127
2.93902
3.05175
-3.10551
-2.97004
-2.83309
-2.71542
-2.68759
-3.0895
2.25763
2.11645
2.26334
2.49896
2.77743
3.08311
-0.39664
-0.715138
-1.0102
-1.27209
-1.47744
-1.54951
-1.14375
-0.260907
-0.0847963
-0.148095
-0.26527
-0.391949
-0.513359
-0.623444
-0.719444
-0.800069
-0.864748
-0.913271
-0.945596
-0.961747
2.17985
2.196
2.22832
2.27684
2.34152
2.42215
2.51815
2.62823
2.74964
2.87633
2.9935
3.0568
2.88069
1.99784
1.59208
1.66415
1.8695
2.1314
2.42645
2.74495
-0.724715
-1.05548
-1.36521
-1.64721
-1.8878
-2.05097
-2.00424
-1.29756
-0.688157
-0.630477
-0.709887
-0.821038
-0.934692
-1.04023
-1.13319
-1.21158
-1.27456
-1.32182
-1.35329
-1.36901
1.77258
1.7883
1.81978
1.86703
1.93001
2.0084
2.10136
2.2069
2.32055
2.43171
2.51112
2.45344
1.84404
1.13735
1.09063
1.25379
1.49438
1.77639
2.08611
2.41688
-1.04222
-1.38508
-1.70855
-2.00761
-2.27327
-2.48574
-2.58754
-2.35151
-1.50454
-1.16839
-1.17106
-1.2544
-1.35506
-1.45325
-1.54137
-1.61625
-1.67659
-1.7219
-1.75208
-1.76714
1.37445
1.38952
1.41969
1.465
1.52534
1.60022
1.68834
1.78653
1.8872
1.97054
1.9732
1.63705
0.790082
0.554057
0.655848
0.868322
1.13399
1.43305
1.75651
2.09938
-1.34851
-1.70357
-2.04046
-2.3551
-2.64096
-2.88567
-3.05976
-3.06825
-2.5694
-1.83132
-1.66669
-1.69789
-1.77667
-1.8632
-1.94392
-2.01357
-2.07002
-2.1125
-2.14081
-2.15495
0.986646
1.00078
1.02909
1.07157
1.12803
1.19767
1.2784
1.36492
1.4437
1.4749
1.31028
0.57219
0.0733442
0.0818355
0.255919
0.500637
0.786497
1.10113
1.43802
1.79308
-1.64277
-2.01033
-2.36072
-2.69039
-2.99412
3.01994
2.80287
2.68337
2.82076
-2.73154
-2.23582
-2.16263
-2.20331
-2.27131
-2.34091
-2.40294
-2.45387
-2.49239
-2.5181
-2.53095
0.610645
0.623492
0.649206
0.687728
0.738655
0.800682
0.870283
0.938283
0.978966
0.905772
0.410051
-0.320829
-0.458223
-0.338724
-0.121657
0.147471
0.451203
0.780869
1.13126
1.49883
-1.92401
-2.30453
-2.66882
-3.0136
2.94887
2.65901
2.41177
2.23258
2.19428
2.54963
-2.95873
-2.67102
-2.64187
-2.6798
-2.73267
-2.78377
-2.82699
-2.8601
-2.88231
-2.89343
0.248163
0.259283
0.281496
0.3146
0.357827
0.408919
0.461794
0.499721
0.470567
0.182855
-0.591962
-0.947314
-0.909017
-0.729822
-0.482587
-0.192719
0.127997
0.472769
0.837066
1.21759
-2.19102
-2.58507
-2.96391
2.95884
2.62108
2.31191
2.0404
1.82299
1.69799
1.78542
2.39451
3.01451
-3.10504
-3.0924
-3.11986
3.12784
3.09519
3.06934
3.05174
3.04288
-0.0987105
-0.0898478
-0.0722519
-0.0464034
-0.0137484
0.0217366
0.0491956
0.0365515
-0.127082
-0.747102
-1.35617
-1.44361
-1.3186
-1.10119
-0.82968
-0.520509
-0.182748
0.177681
0.556525
0.950575
-2.44236
-2.85059
3.03836
2.66133
2.30573
1.97725
1.68386
1.43794
1.26305
1.21937
1.50117
2.25763
2.66661
2.76774
2.77959
2.76636
2.74804
2.73172
2.72007
2.71408
-0.427511
-0.421523
-0.409873
-0.393554
-0.375233
-0.362
-0.373857
-0.474981
-0.883964
-1.64044
-1.92222
-1.87854
-1.70365
-1.45773
-1.16434
-0.83586
-0.480261
-0.103228
0.291004
0.699233
-2.67629
-3.09934
2.77325
2.37834
2.00348
1.65457
1.3395
1.06924
0.86095
0.749477
0.833288
1.37426
2.06685
2.32387
2.39769
2.41617
2.417
2.41293
2.40873
2.4063
-0.735296
-0.732861
-0.728663
-0.724588
-0.725427
-0.743901
-0.817725
-1.07474
-1.76733
-2.30831
-2.39212
-2.28064
-2.07236
-1.80209
-1.48703
-1.13811
-0.763256
-0.368345
0.0422497
0.465307
-2.89072
2.95403
2.52608
2.11178
1.71571
1.34424
1.00599
0.712264
0.478138
0.3275
0.314183
0.600875
1.34731
1.84385
2.0157
2.0791
2.10506
2.11628
2.12112
2.12291
-1.01868
-1.02048
-1.02531
-1.03653
-1.0625
-1.12589
-1.29775
-1.79428
-2.54072
-2.82741
-2.81409
-2.66345
-2.42933
-2.1356
-1.79736
-1.42588
-1.02981
-0.615517
-0.187565
0.250871
-3.0832
2.74588
2.29976
1.86456
1.44493
1.04789
0.683396
0.364484
0.107129
-0.0686273
-0.129344
0.0140994
0.58731
1.3126
1.63253
1.75829
1.81622
1.84586
1.86115
1.86772
-1.27387
-1.28044
-1.29574
-1.32537
-1.38331
-1.50906
-1.82899
-2.55428
-3.12749
3.01225
3.07297
-3.03446
-2.77711
-2.4582
-2.0937
-1.69666
-1.27703
-0.841836
-0.395709
0.0583894
3.03228
2.56273
2.0981
1.64083
1.19537
0.769204
0.373904
0.0254775
-0.256518
-0.450751
-0.532532
-0.452347
-0.0555068
0.739176
1.25082
1.45905
1.5558
1.60652
1.63316
1.6446
-1.49699
-1.50844
-1.53508
-1.58579
-1.68254
-1.89078
-2.40242
3.08609
2.68925
2.60906
2.69084
2.88508
-3.11612
-2.76769
-2.37239
-1.94622
-1.50076
-1.0435
-0.578859
-0.10931
2.89249
2.40848
1.92593
1.44644
0.973753
0.515273
0.0838158
-0.301216
-0.614177
-0.826472
-0.912937
-0.847214
-0.543505
0.185679
0.882489
1.19017
1.33058
1.4039
1.44146
1.45666
-1.68493
-1.70013
-1.73769
-1.81102
-1.95142
-2.2591
-2.95591
2.59809
2.29438
2.22866
2.31512
2.52742
2.84038
-3.05778
-2.62632
-2.16784
-1.69515
-1.21567
-0.733115
-0.2491
2.78386
2.2874
1.78895
1.28896
0.789928
0.298281
-0.173273
-0.603499
-0.960408
-1.20046
-1.28138
-1.18954
-0.90482
-0.271477
0.552676
0.965546
1.14842
1.24433
1.28944
1.30342
-1.83817
-1.85215
-1.89726
-1.99317
-2.17605
-2.58892
2.87011
2.23677
1.95206
1.86021
1.94113
2.18118
2.53809
2.96832
-2.84331
-2.35166
-1.85263
-1.35264
-0.854188
-0.357734
2.7094
2.20372
1.69316
1.17702
0.65634
0.135859
-0.373611
-0.853004
-1.27072
-1.56759
-1.64564
-1.47264
-1.13617
-0.623437
0.28458
0.810781
1.01712
1.13529
1.17648
1.17299
-1.9686
-1.96511
-2.0063
-2.12447
-2.33081
-2.85701
2.51816
2.00542
1.66896
1.49595
1.57401
1.87087
2.28859
2.76798
-3.00573
-2.48525
-1.96457
-1.44843
-0.937871
-0.432191
2.67151
2.16089
1.64373
1.1186
0.585491
0.0477574
-0.485983
-1.00115
-1.47632
-1.86748
-2.00948
-1.56424
-1.02049
-1.35591
-0.22135
0.806393
0.928691
1.24627
1.07714
1.03411
-2.10748
-2.06445
-1.89532
-2.2129
-2.3352
2.92024
1.78568
2.12111
1.57735
1.13211
1.27412
1.66527
2.14044
2.65561
-3.09384
-2.5561
-2.023
-1.49786
-0.980699
-0.470082
-0.470082
-0.980699
-1.49786
-2.023
-2.5561
-3.09384
2.65561
2.14044
1.66527
1.27412
1.13211
1.57735
2.12111
1.78568
2.92024
-2.3352
-2.2129
-1.89532
-2.06445
-2.10748
1.03411
1.07714
1.24627
0.92869
0.806393
-0.221351
-1.35591
-1.02049
-1.56424
-2.00949
-1.86748
-1.47632
-1.00115
-0.485983
0.0477575
0.585491
1.1186
1.64374
2.16089
2.67151
-0.432191
-0.937871
-1.44843
-1.96457
-2.48525
-3.00573
2.76798
2.28859
1.87087
1.57401
1.49596
1.66896
2.00542
2.51816
-2.85701
-2.33081
-2.12447
-2.0063
-1.96511
-1.9686
1.17299
1.17648
1.13529
1.01712
0.81078
0.284579
-0.623437
-1.13617
-1.47264
-1.64564
-1.56759
-1.27072
-0.853003
-0.37361
0.135859
0.65634
1.17702
1.69316
2.20372
2.7094
-0.357734
-0.854189
-1.35264
-1.85263
-2.35166
-2.84331
2.96832
2.53809
2.18118
1.94113
1.86021
1.95206
2.23677
2.87012
-2.58892
-2.17605
-1.99317
-1.89726
-1.85215
-1.83817
1.30342
1.28944
1.24433
1.14842
0.965546
0.552675
-0.271478
-0.90482
-1.18954
-1.28138
-1.20046
-0.960408
-0.603499
-0.173273
0.298281
0.789928
1.28896
1.78895
2.2874
2.78386
-0.2491
-0.733116
-1.21567
-1.69515
-2.16784
-2.62632
-3.05778
2.84038
2.52742
2.31512
2.22866
2.29438
2.59809
-2.95591
-2.2591
-1.95142
-1.81102
-1.73769
-1.70013
-1.68493
1.45666
1.44146
1.4039
1.33058
1.19017
0.882488
0.185679
-0.543505
-0.847214
-0.912937
-0.826472
-0.614177
-0.301216
0.0838159
0.515273
0.973753
1.44644
1.92593
2.40848
2.89249
-0.10931
-0.57886
-1.0435
-1.50076
-1.94622
-2.37239
-2.76769
-3.11612
2.88507
2.69084
2.60906
2.68925
3.08609
-2.40242
-1.89077
-1.68254
-1.58579
-1.53508
-1.50844
-1.49699
1.6446
1.63316
1.60652
1.5558
1.45905
1.25082
0.739176
-0.0555071
-0.452347
-0.532532
-0.450751
-0.256518
0.0254776
0.373904
0.769204
1.19537
1.64083
2.0981
2.56273
3.03228
0.0583893
-0.395709
-0.841836
-1.27704
-1.69666
-2.0937
-2.4582
-2.77711
-3.03446
3.07297
3.01225
-3.12749
-2.55428
-1.82899
-1.50906
-1.38331
-1.32537
-1.29574
-1.28044
-1.27387
1.86772
1.86115
1.84586
1.81622
1.75829
1.63253
1.3126
0.587309
0.0140993
-0.129344
-0.0686272
0.107129
0.364485
0.683396
1.04789
1.44493
1.86456
2.29976
2.74588
-3.0832
0.250871
-0.187565
-0.615517
-1.02981
-1.42588
-1.79736
-2.1356
-2.42933
-2.66345
-2.81409
-2.82741
-2.54072
-1.79428
-1.29775
-1.12589
-1.0625
-1.03653
-1.02531
-1.02048
-1.01868
2.12291
2.12112
2.11628
2.10506
2.0791
2.0157
1.84385
1.34731
0.600875
0.314181
0.3275
0.478138
0.712264
1.00599
1.34424
1.71571
2.11178
2.52608
2.95403
-2.89072
0.465307
0.0422496
-0.368345
-0.763256
-1.13811
-1.48703
-1.80209
-2.07236
-2.28064
-2.39212
-2.3083
-1.76733
-1.07474
-0.817724
-0.743901
-0.725427
-0.724588
-0.728663
-0.732861
-0.735296
2.4063
2.40873
2.41293
2.417
2.41617
2.39769
2.32387
2.06685
1.37426
0.833283
0.749477
0.86095
1.06924
1.3395
1.65457
2.00348
2.37834
2.77325
-3.09934
-2.67629
0.699232
0.291004
-0.103229
-0.480261
-0.83586
-1.16434
-1.45773
-1.70365
-1.87854
-1.92222
-1.64042
-0.883963
-0.474981
-0.373857
-0.361999
-0.375233
-0.393554
-0.409873
-0.421523
-0.427511
2.71408
2.72007
2.73172
2.74804
2.76636
2.77959
2.76774
2.66661
2.25763
1.50116
1.21937
1.26305
1.43794
1.68386
1.97725
2.30573
2.66133
3.03836
-2.85059
-2.44236
0.950575
0.556525
0.177681
-0.182748
-0.520509
-0.82968
-1.10119
-1.3186
-1.44361
-1.35617
-0.747084
-0.127082
0.0365517
0.0491957
0.0217367
-0.0137484
-0.0464034
-0.0722519
-0.0898478
-0.0987104
3.04288
3.05174
3.06934
3.09519
3.12784
-3.11986
-3.0924
-3.10504
3.01451
2.39449
1.78542
1.69799
1.82299
2.0404
2.31191
2.62108
2.95884
-2.96391
-2.58507
-2.19102
1.21759
0.837066
0.472769
0.127997
-0.192719
-0.482587
-0.729822
-0.909017
-0.947314
-0.591962
0.182866
0.470568
0.499721
0.461794
0.408919
0.357827
0.3146
0.281496
0.259283
0.248163
-2.89343
-2.88231
-2.8601
-2.82699
-2.78377
-2.73267
-2.6798
-2.64187
-2.67103
-2.95874
2.54963
2.19428
2.23258
2.41177
2.65901
2.94887
-3.0136
-2.66882
-2.30453
-1.92401
1.49883
1.13126
0.780869
0.451203
0.147471
-0.121657
-0.338724
-0.458223
-0.320828
0.410051
0.905776
0.978966
0.938283
0.870283
0.800682
0.738655
0.687728
0.649206
0.623492
0.610645
-2.53095
-2.5181
-2.49239
-2.45387
-2.40294
-2.34091
-2.27131
-2.20331
-2.16263
-2.23582
-2.73154
2.82076
2.68337
2.80287
3.01994
-2.99412
-2.69039
-2.36072
-2.01033
-1.64277
1.79308
1.43802
1.10113
0.786497
0.500637
0.255919
0.0818355
0.0733444
0.57219
1.31028
1.4749
1.4437
1.36492
1.2784
1.19767
1.12803
1.07157
1.02909
1.00078
0.986646
-2.15495
-2.14081
-2.1125
-2.07002
-2.01357
-1.94392
-1.8632
-1.77667
-1.69789
-1.66669
-1.83132
-2.5694
-3.06825
-3.05976
-2.88567
-2.64096
-2.3551
-2.04046
-1.70357
-1.34851
2.09938
1.75651
1.43305
1.13399
0.868322
0.655848
0.554057
0.790083
1.63705
1.9732
1.97053
1.8872
1.78653
1.68834
1.60022
1.52534
1.465
1.41969
1.38952
1.37445
-1.76714
-1.75208
-1.7219
-1.67659
-1.61625
-1.54137
-1.45325
-1.35506
-1.2544
-1.17106
-1.16839
-1.50454
-2.35151
-2.58754
-2.48574
-2.27327
-2.00761
-1.70855
-1.38508
-1.04222
2.41688
2.08611
1.77639
1.49438
1.25379
1.09063
1.13735
1.84404
2.45344
2.51112
2.43171
2.32055
2.2069
2.10136
2.0084
1.93001
1.86703
1.81978
1.7883
1.77258
-1.36901
-1.35329
-1.32182
-1.27456
-1.21158
-1.13319
-1.04023
-0.934692
-0.821038
-0.709885
-0.630477
-0.688157
-1.29756
-2.00424
-2.05097
-1.8878
-1.64721
-1.36521
-1.05548
-0.724715
2.74495
2.42645
2.1314
1.8695
1.66415
1.59208
1.99784
2.88069
3.0568
2.9935
2.87632
2.74964
2.62823
2.51815
2.42215
2.34152
2.27684
2.22832
2.196
2.17985
-0.961747
-0.945596
-0.913271
-0.864748
-0.800069
-0.719444
-0.623444
-0.513359
-0.391949
-0.265268
-0.148095
-0.0847964
-0.260908
-1.14375
-1.54951
-1.47744
-1.27209
-1.0102
-0.715138
-0.39664
3.08311
2.77743
2.49896
2.26334
2.11645
2.25764
-3.0895
-2.68759
-2.71542
-2.83309
-2.97005
-3.10551
3.05175
2.93902
2.84127
2.75936
2.69369
2.64442
2.61159
2.59518
-0.546408
-0.530001
-0.49717
-0.447904
-0.382236
-0.300324
-0.202568
-0.0898419
0.036078
0.171548
0.308505
0.426168
0.454006
0.0520881
-0.883958
-1.02515
-0.878256
-0.642633
-0.364158
-0.058483
-2.85211
3.1394
2.88126
2.68512
2.65996
-2.9397
-2.17628
-2.13382
-2.24461
-2.38881
-2.53641
-2.67671
-2.80503
-2.91907
-3.01765
-3.10014
3.11693
3.06732
3.03425
3.01772
-0.123871
-0.107341
-0.0742723
-0.0246638
0.0414497
0.123944
0.22252
0.336565
0.464886
0.605188
0.752782
0.896979
1.00777
0.965315
0.201892
-0.481633
-0.456476
-0.260337
-0.00219663
0.289478
-2.49436
-2.76976
-2.99992
-3.12375
-2.81156
-1.73539
-1.55144
-1.64448
-1.79245
-1.95019
-2.10337
-2.24605
-2.37536
-2.48978
-2.58849
-2.67104
-2.73719
-2.78683
-2.81993
-2.83648
0.305114
0.321663
0.354762
0.404405
0.470553
0.553098
0.651809
0.766234
0.895543
1.03822
1.1914
1.34914
1.49712
1.59016
1.4062
0.330037
0.0178459
0.141674
0.371831
0.647234
-2.12641
-2.3811
-2.56582
-2.51268
-1.45722
-0.97871
-1.03572
-1.18324
-1.34911
-1.5137
-1.66948
-1.81296
-1.94228
-2.05641
-2.15475
-2.23695
-2.30282
-2.35226
-2.38523
-2.40172
0.739871
0.756359
0.789331
0.838773
0.904642
0.98684
1.08518
1.19931
1.32863
1.47211
1.6279
1.79248
1.95836
2.10587
2.16288
1.68437
0.628911
0.575776
0.760497
1.01518
-1.74704
-1.97156
-2.06173
-1.41474
-0.436472
-0.421741
-0.563136
-0.735043
-0.909633
-1.07732
-1.23387
-1.37709
-1.50575
-1.6191
-1.71669
-1.79824
-1.8636
-1.91266
-1.94538
-1.96175
1.17984
1.19621
1.22893
1.278
1.34335
1.4249
1.52249
1.63584
1.7645
1.90773
2.06427
2.23196
2.40655
2.57846
2.71985
2.70512
1.72686
1.07986
1.17004
1.39455
-1.35329
-1.52397
-1.32126
0.0227231
0.192779
0.0660575
-0.109592
-0.292868
-0.471349
-0.639925
-0.796059
-0.938314
-1.06583
-1.17804
-1.27461
-1.35529
-1.41995
-1.4685
-1.50088
-1.51708
1.62451
1.64071
1.6731
1.72164
1.7863
1.86699
1.96355
2.07577
2.20328
2.34554
2.50167
2.67024
2.84872
3.032
-3.07554
-2.94881
-3.11887
1.82034
1.61762
1.78831
-0.937389
-0.974145
0.246433
0.799879
0.702671
0.525947
0.335212
0.14693
-0.0327222
-0.200822
-0.355764
-0.496563
-0.622587
-0.733412
-0.828748
-0.908398
-0.972231
-1.02016
-1.05214
-1.06814
2.07345
2.08945
2.12143
2.16936
2.2332
2.31284
2.40818
2.51901
2.64503
2.78583
2.94077
3.10887
-2.99466
-2.80638
-2.61565
-2.43892
-2.34171
-2.89516
2.16745
2.2042
-0.474623
0.0880121
1.38172
1.3449
1.17051
0.973446
0.776215
0.586326
0.407114
0.240358
0.0871238
-0.0518817
-0.17618
-0.285431
-0.379391
-0.457887
-0.520799
-0.568042
-0.599565
-0.615333
2.52626
2.54203
2.57355
2.62079
2.68371
2.7622
2.85616
2.96541
3.08971
-3.05447
-2.90123
-2.73448
-2.55527
-2.36538
-2.16815
-1.97109
-1.79669
-1.75988
-3.05358
2.66697
0.162596
1.88346
1.99054
1.82332
1.62096
1.41546
1.21604
1.02647
0.848694
0.683842
0.53266
0.395678
0.273272
0.165723
0.0732417
-0.00401585
-0.0659362
-0.112438
-0.143468
-0.15899
2.9826
2.99813
3.02915
3.07566
3.13758
-3.06835
-2.97587
-2.86832
-2.74591
-2.60893
-2.45775
-2.2929
-2.11512
-1.92555
-1.72613
-1.52063
-1.31827
-1.15106
-1.25813
-2.979
2.04979
2.63591
2.48391
2.27711
2.06381
1.8554
1.65612
1.46802
1.29229
1.12971
0.980808
0.846003
0.7256
0.61984
0.528908
0.452947
0.392064
0.34634
0.315828
0.300564
-2.84103
-2.82576
-2.79525
-2.74953
-2.68865
-2.61269
-2.52175
-2.41599
-2.29559
-2.16078
-2.01188
-1.8493
-1.67357
-1.48548
-1.2862
-1.07778
-0.864485
-0.657683
-0.505684
-1.09181
-3.01042
-3.13093
2.94158
2.72064
2.50359
2.2951
2.09729
1.91136
1.73808
1.57799
1.43152
1.29899
1.18066
1.07674
0.987405
0.912778
0.852964
0.80804
0.778062
0.763065
-2.37853
-2.36353
-2.33355
-2.28863
-2.22881
-2.15419
-2.06485
-1.96093
-1.8426
-1.71007
-1.5636
-1.40351
-1.23023
-1.0443
-0.846496
-0.638003
-0.420952
-0.200016
0.0106604
0.131175
-2.45405
-2.66873
-2.8976
-3.1232
2.94263
2.7356
2.54005
2.35671
2.18612
2.02868
1.88473
1.75453
1.63831
1.53627
1.44855
1.37528
1.31655
1.27244
1.243
1.22828
-1.91332
-1.89859
-1.86916
-1.82505
-1.76632
-1.69304
-1.60532
-1.50328
-1.38706
-1.25686
-1.11291
-0.955471
-0.784878
-0.601541
-0.405992
-0.198966
0.0183954
0.243992
0.472866
0.687547
-1.98675
-2.22466
-2.45906
-2.68514
-2.90102
-3.1057
2.98466
2.80417
2.63642
2.48171
2.34031
2.21248
2.09839
1.99824
1.91214
1.84023
1.78259
1.7393
1.71041
1.69596
-1.44563
-1.43118
-1.40229
-1.359
-1.30137
-1.22945
-1.14336
-1.0432
-0.929116
-0.801277
-0.659887
-0.505176
-0.337418
-0.156934
0.0358902
0.240571
0.456453
0.682535
0.916931
1.15484
-1.54343
-1.7874
-2.0223
-2.24683
-2.46026
-2.66209
-2.85191
-3.02939
3.08895
2.93701
2.7982
2.67273
2.56078
2.4625
2.37803
2.30748
2.25093
2.20846
2.18011
2.16593
-0.975659
-0.961479
-0.933137
-0.890666
-0.834117
-0.763562
-0.679091
-0.580813
-0.468862
-0.343389
-0.204581
-0.052639
0.112204
0.289685
0.479508
0.681333
0.894761
1.11929
1.35419
1.59816
SCALARS phase_y double 1
LOOKUP_TABLE default
-0.812454
-0.822007
-0.830121
-0.833091
-0.826187
-0.80348
-0.757787
-0.681307
-0.56814
-0.419769
-0.250717
-0.0855285
0.0547246
0.161851
0.238173
0.29014
0.324277
0.345761
0.358222
0.363915
0.363915
0.358222
0.345761
0.324277
0.29014
0.238173
0.16185
0.0547246
-0.0855286
-0.25072
-0.419769
-0.56814
-0.681307
-0.757787
-0.80348
-0.826187
-0.833091
-0.830121
-0.822007
-0.812454
-1.31506
-1.32277
-1.3303
-1.33415
-1.32974
-1.31125
-1.27143
-1.20191
-1.09514
-0.949573
-0.776808
-0.601854
-0.449728
-0.332224
-0.248282
-0.191209
-0.153819
-0.130352
-0.116769
-0.110572
-0.110572
-0.116769
-0.130352
-0.153819
-0.191209
-0.248282
-0.332224
-0.449728
-0.601854
-0.776811
-0.949574
-1.09514
-1.20191
-1.27143
-1.31125
-1.32974
-1.33415
-1.3303
-1.32277
-1.31506
-1.81896
-1.82418
-1.83042
-1.83446
-1.83193
-1.81713
-1.78287
-1.7204
-1.62084
-1.47965
-1.30478
-1.12055
-0.955782
-0.826715
-0.734154
-0.671294
-0.630232
-0.604535
-0.589695
-0.582933
-0.582933
-0.589695
-0.604535
-0.630232
-0.671294
-0.734154
-0.826715
-0.955782
-1.12055
-1.30479
-1.47965
-1.62084
-1.7204
-1.78287
-1.81713
-1.83193
-1.83446
-1.83042
-1.82418
-1.81896
-2.32453
-2.3266
-2.33081
-2.33428
-2.3329
-2.32117
-2.29201
-2.23651
-2.14475
-2.00944
-1.83437
-1.64174
-1.46372
-1.3218
-1.21947
-1.15004
-1.10481
-1.0766
-1.06035
-1.05295
-1.05295
-1.06035
-1.0766
-1.10481
-1.15004
-1.21947
-1.3218
-1.46372
-1.64174
-1.83437
-2.00944
-2.14475
-2.23651
-2.29201
-2.32117
-2.3329
-2.33428
-2.33081
-2.3266
-2.32453
-2.83219
-2.8305
-2.83189
-2.83396
-2.83291
-2.82352
-2.79887
-2.75005
-2.66642
-2.53836
-2.36517
-2.16553
-1.97388
-1.81775
-1.70433
-1.62739
-1.57743
-1.54637
-1.52853
-1.52042
-1.52042
-1.52853
-1.54637
-1.57743
-1.62739
-1.70433
-1.81775
-1.97388
-2.16553
-2.36517
-2.53836
-2.66642
-2.75005
-2.79887
-2.82352
-2.83291
-2.83396
-2.83189
-2.8305
-2.83219
2.94087
2.94684
2.94905
2.94928
2.95091
2.95883
2.97971
3.02234
3.09775
-3.06573
-2.89661
-2.69184
-2.48657
-2.31483
-2.18881
-2.10328
-2.04792
-2.01363
-1.99398
-1.98507
-1.98507
-1.99398
-2.01363
-2.04792
-2.10328
-2.18881
-2.31483
-2.48657
-2.69184
-2.89661
-3.06573
3.09775
3.02234
2.97971
2.95883
2.95091
2.94928
2.94905
2.94684
2.94087
2.42794
2.43852
2.44507
2.44855
2.45176
2.4592
2.4772
2.51432
2.58172
2.69228
2.85519
3.06269
-3.00213
-2.81341
-2.67306
-2.57767
-2.51612
-2.47814
-2.45645
-2.44663
-2.44663
-2.45645
-2.47814
-2.51612
-2.57767
-2.67306
-2.81341
-3.00213
3.06269
2.85519
2.69228
2.58172
2.51432
2.4772
2.4592
2.45176
2.44855
2.44507
2.43852
2.42794
1.91202
1.92728
1.93878
1.94646
1.95235
1.9604
1.97657
2.00906
2.06893
2.16995
2.32473
2.53217
2.76242
2.96932
3.12593
-3.05049
-2.98183
-2.93963
-2.91562
-2.90477
-2.90477
-2.91562
-2.93963
-2.98183
-3.05049
3.12593
2.96932
2.76242
2.53217
2.32473
2.16995
2.06893
2.00906
1.97657
1.9604
1.95235
1.94646
1.93878
1.92728
1.91202
1.39307
1.41269
1.42953
1.44229
1.45201
1.46193
1.47746
1.50641
1.55953
1.65099
1.79609
2.00042
2.24057
2.46653
2.64155
2.76144
2.83833
2.88536
2.91204
2.92406
2.92406
2.91204
2.88536
2.83833
2.76144
2.64155
2.46653
2.24057
2.00042
1.79609
1.65099
1.55953
1.50641
1.47746
1.46193
1.45201
1.44229
1.42953
1.41269
1.39307
0.871386
0.894552
0.916737
0.935314
0.950024
0.963153
0.979426
1.00611
1.05354
1.13587
1.27024
1.46842
1.71561
1.96096
2.15668
2.29179
2.37822
2.43084
2.46055
2.47391
2.47391
2.46055
2.43084
2.37822
2.29179
2.15668
1.96096
1.71561
1.46842
1.27023
1.13587
1.05354
1.00611
0.979426
0.963153
0.950024
0.935314
0.916737
0.894552
0.871386
0.347581
0.372879
0.399912
0.42471
0.44549
0.463254
0.481809
0.507739
0.550808
0.624855
0.748035
0.937305
1.18791
1.45214
1.67094
1.82372
1.92126
1.98033
2.01355
2.02843
2.02843
2.01355
1.98033
1.92126
1.82372
1.67094
1.45214
1.18791
0.937305
0.748032
0.624855
0.550808
0.507739
0.481809
0.463254
0.44549
0.42471
0.399912
0.372879
0.347581
-0.177321
-0.151869
-0.121162
-0.0902385
-0.0625457
-0.0387119
-0.0161868
0.0107181
0.0510492
0.118075
0.230256
0.408423
0.658251
0.939748
1.18389
1.35718
1.46773
1.53431
1.57155
1.5882
1.5882
1.57155
1.53431
1.46773
1.35718
1.18389
0.939748
0.658251
0.408423
0.230254
0.118075
0.0510493
0.0107181
-0.0161868
-0.0387119
-0.0625457
-0.0902385
-0.121162
-0.151869
-0.177321
-0.701975
-0.678795
-0.646332
-0.6101
-0.575099
-0.543891
-0.515604
-0.48577
-0.446259
-0.384583
-0.282555
-0.11688
0.127821
0.423613
0.694996
0.892077
1.01791
1.09325
1.13516
1.15384
1.15384
1.13516
1.09325
1.01791
0.892077
0.694996
0.423613
0.127821
-0.116881
-0.282557
-0.384583
-0.446259
-0.48577
-0.515604
-0.543891
-0.575099
-0.6101
-0.646332
-0.678795
-0.701975
-1.2248
-1.20651
-1.17489
-1.13507
-1.0931
-1.05356
-1.01772
-0.982804
-0.941886
-0.883477
-0.790114
-0.637353
-0.401789
-0.0960662
0.203662
0.428241
0.572101
0.657712
0.705053
0.726064
0.726064
0.705053
0.657712
0.572101
0.428241
0.203662
-0.0960664
-0.401789
-0.637353
-0.790116
-0.883477
-0.941886
-0.982804
-1.01772
-1.05356
-1.0931
-1.13507
-1.17489
-1.20651
-1.2248
-1.74415
-1.73319
-1.70547
-1.66473
-1.61713
-1.56898
-1.52402
-1.48173
-1.43687
-1.37923
-1.29241
-1.15195
-0.928658
-0.618535
-0.290648
-0.03453
0.130661
0.228367
0.282033
0.305752
0.305752
0.282033
0.228367
0.130661
-0.0345301
-0.290648
-0.618535
-0.928658
-1.15195
-1.29241
-1.37923
-1.43687
-1.48173
-1.52402
-1.56898
-1.61713
-1.66473
-1.70547
-1.73319
-1.74415
-2.25858
-2.25688
-2.23611
-2.19789
-2.14725
-2.09129
-2.03619
-1.98428
-1.93267
-1.87284
-1.78984
-1.66001
-1.45081
-1.1424
-0.788374
-0.49655
-0.306054
-0.194047
-0.132986
-0.106123
-0.106123
-0.132986
-0.194047
-0.306055
-0.49655
-0.788374
-1.1424
-1.45081
-1.66001
-1.78984
-1.87284
-1.93267
-1.98428
-2.03619
-2.09129
-2.14725
-2.19789
-2.23611
-2.25688
-2.25858
-2.76697
-2.77564
-2.76441
-2.73245
-2.68251
-2.62104
-2.55585
-2.49245
-2.4311
-2.36571
-2.28316
-2.16129
-1.96637
-1.66551
-1.28958
-0.958156
-0.73762
-0.608635
-0.538903
-0.508385
-0.508385
-0.538903
-0.608635
-0.73762
-0.958156
-1.28958
-1.66551
-1.96637
-2.16129
-2.28316
-2.36571
-2.4311
-2.49245
-2.55585
-2.62104
-2.68251
-2.73245
-2.76441
-2.77564
-2.76697
3.01448
2.99523
2.99521
3.01752
3.06229
3.12539
-3.08425
-3.00845
-2.93452
-2.85978
-2.77366
-2.65609
-2.47391
-2.18512
-1.79372
-1.41973
-1.16359
-1.01439
-0.934463
-0.899692
-0.899692
-0.934463
-1.01439
-1.16359
-1.41973
-1.79372
-2.18512
-2.47391
-2.65609
-2.77366
-2.85978
-2.93452
-3.00845
-3.08425
3.12539
3.06229
3.01752
2.99521
2.99523
3.01448
2.51951
2.49034
2.47852
2.48876
2.52401
2.58354
2.6616
2.74895
2.83757
2.92561
3.01999
3.13794
-2.97254
-2.69815
-2.29927
-1.88153
-1.58341
-1.41006
-1.31815
-1.27843
-1.27843
-1.31815
-1.41006
-1.58341
-1.88153
-2.29927
-2.69815
-2.97254
3.13794
3.01999
2.92561
2.83757
2.74895
2.6616
2.58353
2.52401
2.48876
2.47852
2.49034
2.51951
2.03086
1.99319
1.97012
1.96725
1.98965
2.04012
2.11685
2.21229
2.31601
2.42097
2.52886
2.6529
2.8211
3.08152
-2.80344
-2.34352
-1.99641
-1.79422
-1.68821
-1.64275
-1.64275
-1.68821
-1.79422
-1.99641
-2.34352
-2.80344
3.08152
2.8211
2.6529
2.52886
2.42097
2.31601
2.21229
2.11685
2.04012
1.98965
1.96725
1.97012
1.99319
2.03086
1.54771
1.50348
1.47066
1.45511
1.46302
1.49997
1.56859
1.66579
1.78203
1.90605
2.03289
2.16978
2.34013
2.59002
2.98107
-2.80491
-2.40169
-2.16508
-2.04253
-1.99042
-1.99042
-2.04253
-2.16508
-2.40169
-2.80491
2.98107
2.59002
2.34013
2.16978
2.03289
1.90605
1.78203
1.66579
1.56859
1.49997
1.46302
1.45511
1.47066
1.50348
1.54771
1.06878
1.02029
0.979924
0.953348
0.947067
0.968117
1.02275
1.11355
1.23587
1.37798
1.52831
1.68568
1.86656
2.11232
2.49309
3.01954
-2.79791
-2.52048
-2.37863
-2.3189
-2.3189
-2.37863
-2.52048
-2.79791
3.01953
2.49309
2.11232
1.86656
1.68568
1.52831
1.37798
1.23587
1.11355
1.02275
0.968117
0.947067
0.953348
0.979924
1.02029
1.06878
0.592553
0.542301
0.49701
0.461983
0.443445
0.448764
0.486152
0.562981
0.681897
0.836332
1.01186
1.19738
1.39883
1.64974
2.02162
2.56759
3.10018
-2.85767
-2.69353
-2.62518
-2.62518
-2.69353
-2.85767
3.10017
2.56759
2.02162
1.64974
1.39883
1.19738
1.01186
0.836332
0.681897
0.562981
0.486152
0.448764
0.443445
0.461983
0.49701
0.542301
0.592553
0.117235
0.0677162
0.0203342
-0.0200153
-0.0476484
-0.0556273
-0.0353587
0.0231783
0.12924
0.285708
0.482871
0.702362
0.935601
1.20351
1.5727
2.12924
2.72952
3.10998
-2.98377
-2.90583
-2.90583
-2.98377
3.10998
2.72952
2.12924
1.5727
1.20351
0.935601
0.702362
0.482867
0.285708
0.12924
0.0231783
-0.0353587
-0.0556273
-0.0476484
-0.0200153
0.0203343
0.0677162
0.117235
-0.35907
-0.40552
-0.452211
-0.494535
-0.527353
-0.544507
-0.538083
-0.497592
-0.409923
-0.2626
-0.0532508
0.201303
0.477173
0.775971
1.15281
1.71433
2.37866
2.82053
3.03792
3.12625
3.12625
3.03792
2.82053
2.37866
1.71433
1.15281
0.775971
0.477173
0.201303
-0.0532554
-0.2626
-0.409923
-0.497592
-0.538083
-0.544507
-0.527353
-0.494535
-0.452211
-0.40552
-0.35907
-0.838273
-0.879684
-0.923255
-0.96438
-0.998211
-1.01932
-1.021
-0.993912
-0.924184
-0.792782
-0.582641
-0.298054
0.0279936
0.372084
0.769827
1.33544
2.05597
2.56265
2.80968
2.90931
2.90931
2.80968
2.56265
2.05596
1.33544
0.769827
0.372084
0.0279936
-0.298054
-0.582646
-0.792782
-0.924184
-0.993912
-1.021
-1.01932
-0.998211
-0.96438
-0.923255
-0.879684
-0.838273
-1.32208
-1.35699
-1.39572
-1.43323
-1.46435
-1.4838
-1.4859
-1.46359
-1.40529
-1.28945
-1.08497
-0.777172
-0.400192
0.000966912
0.435754
1.0078
1.77488
2.34249
2.61834
2.73318
2.73318
2.61834
2.34249
1.77488
1.0078
0.435754
0.000966922
-0.400192
-0.777172
-1.08497
-1.28945
-1.40529
-1.46359
-1.4859
-1.4838
-1.46435
-1.43323
-1.39572
-1.35699
-1.32208
-1.81181
-1.83915
-1.87224
-1.90522
-1.93166
-1.94496
-1.93879
-1.90792
-1.84681
-1.7392
-1.53884
-1.20402
-0.788469
-0.330056
0.179686
0.754172
1.56491
2.16245
2.4541
2.61758
2.61758
2.4541
2.16245
1.56491
0.754171
0.179686
-0.330056
-0.788469
-1.20402
-1.53885
-1.7392
-1.84681
-1.90792
-1.93879
-1.94496
-1.93166
-1.90522
-1.87224
-1.83915
-1.81181
-2.30873
-2.32711
-2.35424
-2.38353
-2.40677
-2.41409
-2.39425
-2.33725
-2.24183
-2.11862
-1.92258
-1.51256
-1.13546
-0.703829
0.148566
0.648958
1.63614
1.98746
2.16659
2.70431
2.70431
2.16659
1.98746
1.63614
0.648956
0.148565
-0.703829
-1.13546
-1.51256
-1.92259
-2.11862
-2.24183
-2.33725
-2.39425
-2.41409
-2.40677
-2.38353
-2.35424
-2.32711
-2.30873
-2.81486
-2.82156
-2.84119
-2.86775
-2.89239
-2.9025
-2.87912
-2.79339
-2.612
-2.35302
-2.24478
0.704847
-1.25519
-1.95819
0.717997
0.958434
-2.30886
2.78716
1.2957
-2.57332
-2.57333
1.29571
2.78716
-2.30886
0.958433
0.717993
-1.95819
-1.25518
0.704844
-2.24479
-2.35302
-2.612
-2.79339
-2.87912
-2.9025
-2.89239
-2.86775
-2.84119
-2.82156
-2.81486
2.94863
2.95791
2.95065
2.92984
2.9021
2.87793
2.87475
2.92672
3.11038
-2.75809
2.73353
1.40981
1.53471
1.76313
1.46316
1.46717
1.72248
1.62003
1.524
1.72707
1.72707
1.524
1.62003
1.72248
1.46717
1.46316
1.76313
1.53471
1.40981
2.7336
-2.75809
3.11038
2.92672
2.87475
2.87793
2.9021
2.92984
2.95065
2.95791
2.94863
2.40927
2.43716
2.44999
2.44488
2.42348
2.39066
2.35332
2.31905
2.28639
2.17427
1.80525
1.55424
1.49794
1.4895
1.49121
1.52552
1.57271
1.59292
1.61035
1.64149
1.64149
1.61035
1.59292
1.57271
1.52552
1.49121
1.4895
1.49794
1.55424
1.80526
2.17427
2.28639
2.31905
2.35332
2.39066
2.42348
2.44488
2.44999
2.43716
2.40927
1.84908
1.88837
1.9244
1.94747
1.95194
1.93663
1.90277
1.85076
1.77617
1.67206
1.55793
1.48347
1.46027
1.46823
1.49311
1.52993
1.57052
1.60509
1.63183
1.64899
1.64899
1.63183
1.60509
1.57052
1.52993
1.49311
1.46823
1.46027
1.48347
1.55793
1.67206
1.77617
1.85076
1.90277
1.93663
1.95194
1.94747
1.9244
1.88837
1.84908
1.28436
1.31271
1.35595
1.40554
1.45041
1.48134
1.49384
1.48791
1.46684
1.43769
1.41261
1.40402
1.41609
1.44524
1.48619
1.53423
1.58367
1.62804
1.66195
1.68078
1.68078
1.66195
1.62804
1.58367
1.53423
1.48619
1.44524
1.41609
1.40402
1.41261
1.43769
1.46684
1.48791
1.49384
1.48134
1.45041
1.40554
1.35595
1.31271
1.28436
0.748
0.74336
0.759468
0.799302
0.861479
0.938817
1.02003
1.0946
1.15718
1.20859
1.25405
1.3001
1.35159
1.41047
1.47641
1.54718
1.61819
1.68248
1.73197
1.75912
1.75912
1.73197
1.68248
1.61818
1.54718
1.47641
1.41047
1.35159
1.3001
1.25405
1.20859
1.15718
1.0946
1.02003
0.938817
0.861479
0.799302
0.759468
0.74336
0.748
0.263853
0.226815
0.199959
0.189867
0.204187
0.251252
0.338078
0.465562
0.622715
0.788194
0.943069
1.08138
1.20821
1.3326
1.46266
1.60267
1.7495
1.88967
2.00157
2.06381
2.06381
2.00157
1.88967
1.7495
1.60267
1.46266
1.3326
1.20821
1.08138
0.943067
0.788194
0.622715
0.465562
0.338078
0.251252
0.204187
0.189867
0.199959
0.226815
0.263853
-0.171716
-0.222406
-0.275429
-0.326758
-0.372174
-0.407047
-0.426136
-0.42363
-0.393919
-0.333956
-0.247966
-0.154345
-0.098808
-0.245508
-1.57764
-2.25056
-2.33722
-2.3463
-2.34147
-2.33712
-2.33712
-2.34147
-2.3463
-2.33722
-2.25056
-1.57764
-0.245508
-0.0988078
-0.154345
-0.247968
-0.333956
-0.393919
-0.42363
-0.426136
-0.407047
-0.372174
-0.326758
-0.275429
-0.222406
-0.171716
-0.585187
-0.626631
-0.679626
-0.740779
-0.807208
-0.876725
-0.948039
-1.0211
-1.09752
-1.1807
-1.2747
-1.38084
-1.49324
-1.59908
-1.68613
-1.74968
-1.792
-1.81817
-1.83292
-1.8395
-1.8395
-1.83292
-1.81817
-1.792
-1.74968
-1.68613
-1.59908
-1.49324
-1.38084
-1.2747
-1.1807
-1.09752
-1.0211
-0.948039
-0.876725
-0.807208
-0.740778
-0.679626
-0.626631
-0.585187
-1.0207
-1.02938
-1.05762
-1.10148
-1.15689
-1.22018
-1.2882
-1.35823
-1.42778
-1.49436
-1.5553
-1.60794
-1.65019
-1.68127
-1.70202
-1.7145
-1.72118
-1.7243
-1.7255
-1.72586
-1.72586
-1.7255
-1.7243
-1.72118
-1.7145
-1.70202
-1.68127
-1.65019
-1.60794
-1.5553
-1.49436
-1.42778
-1.35823
-1.2882
-1.22018
-1.15689
-1.10148
-1.05762
-1.02938
-1.0207
-1.5424
-1.49625
-1.47396
-1.47493
-1.4949
-1.52833
-1.56966
-1.61369
-1.65566
-1.69142
-1.71766
-1.73253
-1.73599
-1.7299
-1.71745
-1.70216
-1.68707
-1.67436
-1.66534
-1.6607
-1.6607
-1.66534
-1.67436
-1.68707
-1.70216
-1.71745
-1.7299
-1.73599
-1.73253
-1.71766
-1.69142
-1.65566
-1.61369
-1.56966
-1.52833
-1.4949
-1.47493
-1.47396
-1.49625
-1.5424
-2.19616
-2.11028
-2.02643
-1.95942
-1.91579
-1.89398
-1.88798
-1.89041
-1.89409
-1.89284
-1.88205
-1.85933
-1.82503
-1.78221
-1.73575
-1.69085
-1.65175
-1.62114
-1.60036
-1.58992
-1.58992
-1.60036
-1.62114
-1.65175
-1.69085
-1.73575
-1.78221
-1.82503
-1.85933
-1.88205
-1.89284
-1.89409
-1.89041
-1.88798
-1.89398
-1.91579
-1.95942
-2.02643
-2.11028
-2.19616
-2.87102
-2.83254
-2.76463
-2.67369
-2.57367
-2.47989
-2.40115
-2.33728
-2.28198
-2.22642
-2.16201
-2.08246
-1.98595
-1.87676
-1.76467
-1.66117
-1.575
-1.5104
-1.46808
-1.44728
-1.44728
-1.46808
-1.5104
-1.575
-1.66117
-1.76467
-1.87676
-1.98595
-2.08246
-2.16201
-2.22642
-2.28198
-2.33728
-2.40115
-2.47989
-2.57367
-2.67369
-2.76463
-2.83254
-2.87102
2.87581
2.84807
2.83684
2.84541
2.87485
2.92268
2.98264
3.04679
3.10923
-3.11381
-3.04933
-2.96377
-2.82003
-2.53021
-1.95683
-1.32665
-0.987183
-0.832801
-0.761116
-0.732061
-0.732061
-0.761116
-0.832801
-0.987183
-1.32665
-1.95683
-2.53021
-2.82003
-2.96377
-3.04933
-3.11381
3.10923
3.04679
2.98264
2.92268
2.87485
2.84541
2.83684
2.84807
2.87581
2.46372
2.41091
2.36264
2.32096
2.28668
2.25884
2.23418
2.20705
2.17001
2.11502
2.03476
1.9242
1.78264
1.61648
1.44035
1.27334
1.13162
1.02395
0.952806
0.91766
0.91766
0.952806
1.02395
1.13162
1.27334
1.44035
1.61648
1.78264
1.9242
2.03477
2.11502
2.17001
2.20705
2.23418
2.25884
2.28668
2.32096
2.36264
2.41091
2.46372
2.10157
2.05301
2.00328
1.95511
1.91032
1.86954
1.83204
1.79569
1.75731
1.71361
1.66217
1.60238
1.53565
1.4652
1.39523
1.33015
1.27383
1.22928
1.19857
1.18292
1.18292
1.19857
1.22928
1.27383
1.33015
1.39523
1.4652
1.53565
1.60238
1.66218
1.71361
1.75731
1.79569
1.83204
1.86954
1.91032
1.95511
2.00328
2.05301
2.10157
1.71806
1.6943
1.66372
1.63063
1.5985
1.56977
1.54562
1.52587
1.50902
1.49274
1.47465
1.45311
1.42772
1.39929
1.36951
1.34051
1.31446
1.29321
1.27822
1.27049
1.27049
1.27822
1.29321
1.31446
1.34051
1.36951
1.39929
1.42772
1.45311
1.47465
1.49274
1.50902
1.52587
1.54562
1.56977
1.5985
1.63063
1.66372
1.6943
1.71806
1.22779
1.24894
1.25635
1.25516
1.25061
1.24729
1.24858
1.25626
1.27014
1.28824
1.30734
1.32416
1.33632
1.34292
1.34436
1.34196
1.3374
1.33234
1.32815
1.32581
1.32581
1.32815
1.33234
1.3374
1.34196
1.34436
1.34292
1.33632
1.32416
1.30734
1.28824
1.27014
1.25626
1.24858
1.24729
1.25061
1.25516
1.25635
1.24894
1.22779
0.560433
0.619583
0.669682
0.709683
0.742483
0.773255
0.807887
0.851668
0.907939
0.976702
1.05387
1.13222
1.20406
1.26406
1.31029
1.34353
1.36601
1.38025
1.38844
1.39214
1.39214
1.38844
1.38025
1.36601
1.34353
1.31029
1.26406
1.20406
1.13222
1.05387
0.976702
0.907939
0.851668
0.807887
0.773255
0.742483
0.709683
0.669682
0.619583
0.560433
-0.136891
-0.109539
-0.0772134
-0.0449507
-0.0160215
0.00924566
0.0337537
0.063553
0.108016
0.180511
0.298671
0.479888
0.723166
0.986548
1.21076
1.37035
1.47336
1.53611
1.57152
1.58743
1.58743
1.57152
1.53611
1.47336
1.37035
1.21076
0.986547
0.723166
0.479888
0.298668
0.180511
0.108016
0.063553
0.0337537
0.00924568
-0.0160215
-0.0449507
-0.0772134
-0.109539
-0.136891
-0.663882
-0.678123
-0.68788
-0.696788
-0.709122
-0.728946
-0.759493
-0.803041
-0.861259
-0.935832
-1.02918
-1.14512
-1.2891
-1.46702
-1.68055
-1.91833
-2.15131
-2.34517
-2.47849
-2.54507
-2.54507
-2.47849
-2.34517
-2.15131
-1.91833
-1.68055
-1.46702
-1.2891
-1.14512
-1.02918
-0.935832
-0.861259
-0.803041
-0.759493
-0.728946
-0.709122
-0.696788
-0.68788
-0.678123
-0.663882
-1.06471
-1.09093
-1.11345
-1.13413
-1.15587
-1.18199
-1.21554
-1.25873
-1.31269
-1.37737
-1.45175
-1.53386
-1.62097
-1.70964
-1.79593
-1.87567
-1.94485
-1.99996
-2.03824
-2.05785
-2.05785
-2.03824
-1.99996
-1.94485
-1.87567
-1.79593
-1.70964
-1.62097
-1.53386
-1.45174
-1.37737
-1.31269
-1.25873
-1.21554
-1.18199
-1.15587
-1.13413
-1.11345
-1.09093
-1.06471
-1.43567
-1.45481
-1.47045
-1.48277
-1.49326
-1.50431
-1.51867
-1.53872
-1.56591
-1.60057
-1.64196
-1.68852
-1.73814
-1.78843
-1.83696
-1.8814
-1.91963
-1.94991
-1.97086
-1.98157
-1.98157
-1.97086
-1.94991
-1.91963
-1.8814
-1.83696
-1.78843
-1.73814
-1.68852
-1.64196
-1.60057
-1.56591
-1.53872
-1.51867
-1.50431
-1.49326
-1.48277
-1.47045
-1.45481
-1.43567
-1.86207
-1.86232
-1.85991
-1.85302
-1.84134
-1.8262
-1.81026
-1.7968
-1.7887
-1.78778
-1.79452
-1.80817
-1.82718
-1.8496
-1.87332
-1.89638
-1.91702
-1.93379
-1.94558
-1.95167
-1.95167
-1.94558
-1.93379
-1.91702
-1.89638
-1.87332
-1.8496
-1.82718
-1.80817
-1.79452
-1.78778
-1.7887
-1.7968
-1.81026
-1.8262
-1.84134
-1.85302
-1.85991
-1.86232
-1.86207
-2.42521
-2.4062
-2.386
-2.36046
-2.32607
-2.28085
-2.22537
-2.16322
-2.1003
-2.04294
-1.99585
-1.96111
-1.93836
-1.92575
-1.92077
-1.92084
-1.92368
-1.92743
-1.9307
-1.93257
-1.93257
-1.9307
-1.92743
-1.92368
-1.92084
-1.92077
-1.92575
-1.93836
-1.96111
-1.99585
-2.04294
-2.1003
-2.16322
-2.22537
-2.28085
-2.32607
-2.36046
-2.386
-2.4062
-2.42521
-3.09548
-3.08522
-3.07744
-3.06926
-3.0562
-3.03231
-2.99024
-2.92177
-2.81975
-2.68292
-2.52191
-2.35913
-2.21713
-2.10702
-2.02832
-1.97505
-1.94049
-1.91908
-1.90686
-1.90134
-1.90134
-1.90686
-1.91908
-1.94049
-1.97505
-2.02832
-2.10702
-2.21713
-2.35913
-2.52191
-2.68292
-2.81975
-2.92177
-2.99024
-3.03231
-3.0562
-3.06926
-3.07744
-3.08522
-3.09548
2.60472
2.59354
2.57623
2.55186
2.52039
2.48251
2.43933
2.39215
2.3423
2.29105
2.23944
2.18825
2.13769
2.0869
2.03193
1.95615
1.71944
-0.732848
-0.985425
-1.0303
-1.0303
-0.985425
-0.732849
1.71944
1.95615
2.03193
2.0869
2.13769
2.18825
2.23944
2.29105
2.3423
2.39215
2.43933
2.48251
2.52039
2.55186
2.57623
2.59354
2.60472
2.15928
2.14452
2.1248
2.09811
2.06317
2.01947
1.96712
1.90668
1.83895
1.76494
1.6858
1.60293
1.51803
1.43325
1.35127
1.27526
1.2087
1.15505
1.11737
1.09793
1.09793
1.11737
1.15505
1.2087
1.27526
1.35127
1.43325
1.51803
1.60293
1.6858
1.76494
1.83895
1.90668
1.96712
2.01947
2.06317
2.09811
2.1248
2.14452
2.15928
1.76973
1.76606
1.7603
1.75
1.73321
1.70877
1.6764
1.63655
1.59026
1.53891
1.48413
1.42766
1.37132
1.31692
1.26625
1.22101
1.18274
1.15278
1.13218
1.1217
1.1217
1.13218
1.15278
1.18274
1.22101
1.26625
1.31692
1.37132
1.42766
1.48413
1.53891
1.59026
1.63655
1.6764
1.70877
1.73321
1.75
1.7603
1.76606
1.76973
1.34488
1.36039
1.37818
1.39553
1.40937
1.41704
1.41684
1.40824
1.39169
1.36838
1.33991
1.30804
1.27456
1.24119
1.20949
1.18086
1.15647
1.13731
1.12412
1.1174
1.1174
1.12412
1.13731
1.15647
1.18086
1.20949
1.24119
1.27456
1.30804
1.33991
1.36838
1.39169
1.40824
1.41684
1.41704
1.40937
1.39553
1.37818
1.36039
1.34488
0.797134
0.825071
0.862727
0.909593
0.962841
1.0177
1.0687
1.11129
1.14284
1.1628
1.17221
1.17294
1.16723
1.15727
1.14508
1.13236
1.12053
1.1107
1.1037
1.10006
1.10006
1.1037
1.1107
1.12053
1.13236
1.14508
1.15727
1.16723
1.17294
1.1722
1.1628
1.14284
1.11129
1.0687
1.0177
0.962841
0.909593
0.862727
0.825071
0.797134
SCALARS phase_z double 1
LOOKUP_TABLE default
0.208286
-0.050667
-0.299551
-0.537686
-0.764348
-0.978774
-1.18018
-1.36774
-1.54066
-1.69808
-1.83918
-1.96308
-2.06891
-2.15575
-2.22261
-2.26848
-2.29226
-2.29286
-2.26925
-2.22066
-2.14684
-2.04843
-1.9273
-1.7867
-1.63102
-1.46513
-1.29351
-1.11957
-0.945445
-0.77212
-0.599805
-0.42826
-0.257072
-0.0857946
0.0859963
0.258713
0.432818
0.608897
0.787745
0.970415
-0.216581
-0.481101
-0.73558
-0.979317
-1.21156
-1.43151
-1.63835
-1.83123
-2.0093
-2.17168
-2.31752
-2.44592
-2.55597
-2.64673
-2.7172
-2.76629
-2.79285
-2.79569
-2.77365
-2.72576
-2.6516
-2.55163
-2.4277
-2.28324
-2.12308
-1.95265
-1.777
-1.59991
-1.42368
-1.24929
-1.07685
-0.905997
-0.736165
-0.566758
-0.397177
-0.226791
-0.0548551
0.119564
0.297655
0.48086
-0.637101
-0.907329
-1.16756
-1.41706
-1.65506
-1.88073
-2.0932
-2.2916
-2.47502
-2.64257
-2.79335
-2.92645
-3.04093
-3.13583
3.07306
3.02051
2.99089
2.98552
3.0057
3.05257
3.12681
-3.05505
-2.92838
-2.77999
-2.61518
-2.44004
-2.26027
-2.08009
-1.90198
-1.7269
-1.5548
-1.38515
-1.21719
-1.05009
-0.883018
-0.715014
-0.544961
-0.371499
-0.19302
-0.00773073
-1.05296
-1.32904
-1.59518
-1.85062
-2.09456
-2.32613
-2.54444
-2.74855
-2.93754
-3.11047
3.01677
2.87877
2.75964
2.66037
2.58202
2.52574
2.49279
2.48457
2.50253
2.54802
2.62199
2.72441
2.85368
3.00603
-3.10753
-2.92751
-2.74354
-2.56037
-2.38065
-2.20528
-2.03404
-1.86613
-1.70051
-1.53606
-1.37158
-1.20569
-1.03682
-0.863143
-0.682674
-0.493404
-1.46387
-1.74594
-2.01814
-2.27969
-2.52975
-2.76743
-2.99178
3.08135
2.88658
2.70805
2.54673
2.40359
2.27959
2.17573
2.09307
2.03279
1.9962
1.98477
2.00011
2.04379
2.11706
2.22023
2.35189
2.50818
2.68276
2.86784
3.05608
-3.04106
-2.86006
-2.68487
-2.51502
-2.34934
-2.18645
-2.02478
-1.86265
-1.69818
-1.52929
-1.35374
-1.16931
-0.97398
-1.86946
-2.15767
-2.43608
-2.70391
-2.96029
3.07891
2.8483
2.63209
2.4313
2.24695
2.08003
1.93153
1.80242
1.69372
1.6065
1.54192
1.50135
1.48632
1.49859
1.53996
1.612
1.71544
1.84918
2.00932
2.18896
2.37928
2.57186
2.76064
2.94258
3.1171
-2.99813
-2.8351
-2.67509
-2.51598
-2.35552
-2.19125
-2.02063
-1.84117
-1.65062
-1.44719
-2.26938
-2.56386
-2.84864
-3.12292
2.89738
2.64688
2.40979
2.18719
1.98014
1.78973
1.61696
1.46287
1.32842
1.21463
1.12256
1.05339
1.00847
0.989425
0.998107
1.03657
1.10676
1.20985
1.3452
1.509
1.69377
1.88952
2.08652
2.27789
2.46042
2.6338
2.79946
2.95965
3.11696
-3.009
-2.84896
-2.68313
-2.50867
-2.32305
-2.12427
-1.91095
-2.66321
-2.9641
3.02778
2.74687
2.4773
2.22007
1.97627
1.74704
1.5335
1.33677
1.15792
0.997984
0.857949
0.738812
0.641616
0.56752
0.517883
0.494344
0.498873
0.533748
0.601303
0.703281
0.839601
1.00672
1.19663
1.398
1.59954
1.7934
1.9762
2.14811
2.31128
2.4688
2.62408
2.78067
2.9421
3.11168
-2.99088
-2.79693
-2.58808
-2.36348
-3.05052
2.92523
2.62725
2.33955
2.06308
1.79891
1.54818
1.31207
1.09178
0.888481
0.703287
0.537254
0.391374
0.266623
0.16401
0.0846562
0.0298902
0.00135513
0.00110163
0.0316114
0.0956207
0.195506
0.331938
0.501852
0.696828
0.904026
1.1103
1.30662
1.48954
1.65986
1.82074
1.97626
2.1308
2.28862
2.45369
2.62941
2.81845
3.02262
-3.04024
-2.80345
2.85236
2.53825
2.23345
1.93879
1.65525
1.38392
1.12601
0.882764
0.655457
0.445323
0.253519
0.0811286
-0.0708583
-0.201496
-0.309825
-0.394785
-0.455106
-0.489173
-0.494898
-0.469626
-0.410226
-0.313627
-0.178212
-0.0062729
0.193573
0.406861
0.618213
0.817197
1.00034
1.16937
1.32867
1.48352
1.63921
1.80059
1.97178
2.15596
2.35533
2.57114
2.80383
3.05328
2.47957
2.15866
1.8469
1.54512
1.25431
0.97561
0.710276
0.459636
0.225036
0.00778297
-0.190908
-0.369928
-0.528294
-0.665097
-0.779447
-0.87037
-0.936687
-0.976853
-0.988786
-0.96971
-0.916129
-0.824233
-0.691266
-0.518367
-0.313988
-0.0942631
0.122765
0.324954
0.50889
0.677501
0.836622
0.992766
1.15201
1.31949
1.49916
1.69375
1.90487
2.1332
2.37871
2.64093
2.11488
1.78706
1.4682
1.15914
0.860884
0.574599
0.301598
0.0432877
-0.198896
-0.423562
-0.629434
-0.815369
-0.980392
-1.12365
-1.24433
-1.34157
-1.41434
-1.46118
-1.4801
-1.46824
-1.42181
-1.33623
-1.20745
-1.03498
-0.826572
-0.599909
-0.376194
-0.169701
0.0162505
0.186025
0.347044
0.506953
0.672345
0.848318
1.03842
1.24482
1.46854
1.70979
1.9682
2.24305
1.75892
1.42406
1.09799
0.781506
0.475626
0.181543
-0.0993734
-0.365634
-0.615705
-0.8481
-1.06146
-1.25462
-1.42659
-1.57659
-1.70391
-1.80784
-1.8875
-1.94161
-1.96829
-1.9647
-1.9268
-1.84931
-1.7267
-1.55637
-1.34456
-1.11021
-0.878198
-0.665556
-0.475593
-0.302369
-0.136884
0.0294239
0.203363
0.389756
0.591645
0.810644
1.04732
1.30152
1.57265
1.85985
1.41237
1.07038
0.736966
0.412929
0.0992624
-0.202821
-0.491901
-0.766402
-1.02468
-1.26514
-1.48634
-1.68703
-1.86626
-2.02331
-2.15759
-2.26856
-2.35555
-2.41749
-2.45268
-2.45838
-2.43037
-2.36273
-2.24836
-2.08206
-1.86759
-1.62443
-1.38174
-1.16025
-0.963552
-0.784128
-0.611505
-0.436434
-0.252094
-0.0540194
0.16036
0.392227
0.641815
0.908748
1.19228
1.49147
1.07603
0.726792
0.385943
0.0542317
-0.26737
-0.577645
-0.87513
-1.15817
-1.425
-1.6739
-1.90329
-2.11189
-2.29872
-2.46313
-2.60468
-2.72303
-2.81775
-2.88804
-2.93241
-2.94828
-2.93135
-2.87513
-2.77092
-2.6105
-2.394
-2.14046
-1.88389
-1.65009
-1.44352
-1.25515
-1.0731
-0.887555
-0.691714
-0.481403
-0.254393
-0.00979285
0.252417
0.531716
0.827269
1.13808
0.750721
0.394159
0.0457816
-0.293704
-0.623367
-0.942005
-1.24813
-1.54001
-1.81575
-2.07349
-2.31152
-2.52844
-2.72325
-2.89536
-3.0445
3.11264
3.00985
2.93082
2.87675
2.85005
2.85504
2.89874
2.99137
-3.13867
-2.92048
-2.65451
-2.38023
-2.1303
-1.91085
-1.71133
-1.51838
-1.32152
-1.11386
-0.891364
-0.652002
-0.395059
-0.120651
0.170601
0.477793
0.799879
0.43742
0.0734519
-0.282526
-0.629864
-0.967686
-1.29483
-1.6098
-1.91081
-2.19586
-2.46291
-2.71007
-2.9358
-3.13905
2.96392
2.80687
2.67287
2.56177
2.47375
2.40972
2.3719
2.36463
2.39541
2.47592
2.62115
2.84119
3.12197
-2.8651
-2.59542
-2.36084
-2.14899
-1.94469
-1.73657
-1.51743
-1.28325
-1.03208
-0.763305
-0.47716
-0.174354
0.144132
0.477194
0.137166
-0.234272
-0.597904
-0.953144
-1.29919
-1.63493
-1.95892
-2.26935
-2.5641
-2.84098
-3.09789
2.95011
2.73784
2.54905
2.38376
2.2416
2.12211
2.02511
1.95124
1.90252
1.88335
1.90168
1.97055
2.10819
2.33076
2.6289
2.95083
-3.04009
-2.78932
-2.56519
-2.35014
-2.13155
-1.90179
-1.6567
-1.39438
-1.11431
-0.816859
-0.502842
-0.173345
0.170446
-0.148865
-0.527814
-0.899132
-1.26229
-1.61657
-1.96096
-2.29408
-2.61415
-2.91902
3.07685
2.80943
2.56395
2.34186
2.14388
1.97
1.8196
1.69188
1.58631
1.5032
1.44444
1.4145
1.42175
1.48036
1.61149
1.83763
2.15567
2.50708
2.82375
3.09038
-2.9577
-2.73339
-2.50574
-2.26652
-2.01144
-1.73864
-1.44778
-1.13936
-0.814395
-0.474104
-0.119779
-0.4194
-0.805878
-1.18489
-1.55596
-1.91844
-2.27145
-2.61371
-2.94356
3.02427
2.72583
2.4469
2.18994
1.95689
1.74888
1.56599
1.40747
1.27209
1.15889
1.06782
1.00061
0.961755
0.959939
1.01018
1.13618
1.36692
1.70744
2.09202
2.43397
2.71471
2.95836
-3.09353
-2.85866
-2.61136
-2.34723
-2.06458
-1.76329
-1.44415
-1.1084
-0.757465
-0.392762
-0.673036
-1.06702
-1.4537
-1.83264
-2.20325
-2.56476
-2.91606
3.02749
2.70139
2.39111
2.09937
1.8292
1.58345
1.36415
1.17184
1.00564
0.863815
0.744714
0.647778
0.574438
0.529103
0.520549
0.564295
0.686182
0.922184
1.2882
1.71046
2.07779
2.36951
2.61812
2.8534
3.09327
-2.93603
-2.66377
-2.37173
-2.06025
-1.7305
-1.38404
-1.02255
-0.647596
-0.908279
-1.30971
-1.70401
-2.09075
-2.4694
-2.83925
3.08382
2.73464
2.39778
2.07498
1.76873
1.48272
1.22149
0.988975
0.786867
0.614134
0.468064
0.345876
0.246123
0.169686
0.120643
0.107566
0.146129
0.264078
0.505346
0.901073
1.36777
1.75995
2.05773
2.30638
2.54182
2.78403
3.04291
-2.96067
-2.65955
-2.3379
-1.99748
-1.64029
-1.26829
-0.883227
-1.12353
-1.53228
-1.9341
-2.32859
-2.71522
-3.09329
2.82127
2.46301
2.1158
1.78009
1.45717
1.15117
0.869739
0.621045
0.409099
0.232309
0.085849
-0.0351512
-0.133583
-0.209462
-0.259348
-0.275183
-0.241421
-0.128496
0.117137
0.5495
1.07215
1.48741
1.78365
2.02539
2.25588
2.49718
2.75934
3.04569
-2.92728
-2.59522
-2.2439
-1.87587
-1.4934
-1.09841
-1.31713
-1.73299
-2.14222
-2.54442
-2.93908
2.95775
2.58073
2.21395
1.85738
1.50914
1.16699
0.834067
0.523988
0.254538
0.0341059
-0.141523
-0.281962
-0.39563
-0.487378
-0.558408
-0.606273
-0.62376
-0.59565
-0.490508
-0.2426
0.239568
0.839437
1.27223
1.55418
1.7786
1.99679
2.23286
2.49649
2.78935
3.10915
-2.83096
-2.46832
-2.08929
-1.69644
-1.29178
-1.48739
-1.91002
-2.32645
-2.73636
-3.13932
2.74869
2.36268
1.98741
1.62285
1.26394
0.90008
0.527798
0.172605
-0.123799
-0.346649
-0.510439
-0.634813
-0.732839
-0.811024
-0.871862
-0.914551
-0.933286
-0.913297
-0.821083
-0.574744
-0.0129237
0.705596
1.13696
1.38181
1.57172
1.76587
1.99052
2.25381
2.55378
2.88447
-3.04353
-2.66895
-2.27876
-1.87571
-1.4618
-1.63262
-2.06153
-2.48481
-2.90242
2.96901
2.56372
2.16661
1.78084
1.40864
1.04295
0.656396
0.219553
-0.21622
-0.542392
-0.747137
-0.878828
-0.973291
-1.04553
-1.10095
-1.14357
-1.17633
-1.19634
-1.18931
-1.11915
-0.881449
-0.150616
0.755079
1.12239
1.28993
1.4149
1.56404
1.76775
2.0296
2.33906
2.68329
3.05232
-2.84361
-2.44224
-2.0294
-1.60689
-1.75121
-2.18566
-2.61525
-3.04032
2.82176
2.4043
1.99171
1.58907
1.20504
0.837267
0.431729
-0.13102
-0.725476
-1.04742
-1.18059
-1.24951
-1.30126
-1.33887
-1.35835
-1.36708
-1.37885
-1.39905
-1.41355
-1.38179
-1.16755
0.14978
1.08034
1.27451
1.32051
1.32767
1.39127
1.55874
1.82067
2.14563
2.50794
2.89302
-2.98966
-2.57744
-2.1556
-1.72546
-1.84165
-2.28067
-2.71563
3.13568
2.70517
2.2736
1.83961
1.40878
1.0016
0.635945
0.229028
-0.639214
-1.44906
-1.62941
-1.62762
-1.61061
-1.63011
-1.64488
-1.61428
-1.54953
-1.50011
-1.50801
-1.55959
-1.59345
-1.42789
1.14586
1.38596
1.54243
1.51898
1.34614
1.252
1.35702
1.62531
1.97654
2.3628
2.76572
-3.10394
-2.68193
-2.25241
-1.81598
-1.90272
-2.34501
-2.78396
3.06201
2.62336
2.17795
1.71951
1.25172
0.81667
0.48129
0.186606
-1.96073
-2.11592
-2.07701
-1.9877
-1.89185
-1.98948
-2.2006
-2.21707
-1.95478
-1.48133
-1.36695
-1.53037
-1.68523
-0.939948
1.12385
1.26342
1.7835
1.81787
1.47758
1.18376
1.17705
1.45506
1.84248
2.25575
2.6757
3.10023
-2.75331
-2.31809
-1.87715
-1.9335
-2.3775
-2.81859
3.02438
2.58088
2.12644
1.65041
1.15483
0.714578
0.495401
2.11378
2.22126
2.55518
-2.1017
-1.96076
-1.62576
-2.07005
2.31558
2.421
2.45619
1.46877
-0.31079
-0.973414
-1.57485
-0.0117703
-1.05896
0.259345
2.35163
1.92674
1.56707
1.22478
1.07321
1.34839
1.76491
2.19777
2.62868
3.05971
-2.78957
-2.3513
-1.90799
-1.9335
-2.3775
-2.81859
3.02438
2.58088
2.12644
1.65041
1.15483
0.714578
0.495401
2.11378
2.22126
2.55518
-2.1017
-1.96076
-1.62576
-2.07005
2.31558
2.421
2.45619
1.46877
-0.31079
-0.973414
-1.57485
-0.0117703
-1.05896
0.259345
2.35163
1.92674
1.56707
1.22478
1.07321
1.34839
1.76491
2.19777
2.62868
3.05971
-2.78957
-2.3513
-1.90799
-1.90272
-2.34501
-2.78396
3.06201
2.62336
2.17795
1.71951
1.25172
0.81667
0.48129
0.186606
-1.96073
-2.11592
-2.07701
-1.9877
-1.89185
-1.98948
-2.2006
-2.21707
-1.95478
-1.48133
-1.36695
-1.53037
-1.68523
-0.939948
1.12385
1.26342
1.7835
1.81787
1.47758
1.18376
1.17705
1.45506
1.84248
2.25575
2.6757
3.10023
-2.75331
-2.31809
-1.87715
-1.84165
-2.28067
-2.71563
3.13568
2.70517
2.2736
1.83961
1.40878
1.0016
0.635945
0.229028
-0.639214
-1.44906
-1.62941
-1.62762
-1.61061
-1.63011
-1.64488
-1.61428
-1.54953
-1.50011
-1.50801
-1.55959
-1.59345
-1.42789
1.14586
1.38596
1.54243
1.51898
1.34614
1.252
1.35702
1.62531
1.97654
2.3628
2.76572
-3.10394
-2.68193
-2.25241
-1.81598
-1.75121
-2.18566
-2.61525
-3.04032
2.82176
2.4043
1.99171
1.58907
1.20504
0.837267
0.431729
-0.13102
-0.725476
-1.04742
-1.18059
-1.24951
-1.30126
-1.33887
-1.35835
-1.36708
-1.37885
-1.39905
-1.41355
-1.38179
-1.16755
0.14978
1.08034
1.27451
1.32051
1.32767
1.39127
1.55874
1.82067
2.14563
2.50794
2.89302
-2.98966
-2.57744
-2.1556
-1.72546
-1.63262
-2.06153
-2.48481
-2.90242
2.96901
2.56372
2.16661
1.78084
1.40864
1.04295
0.656396
0.219553
-0.21622
-0.542392
-0.747137
-0.878828
-0.973291
-1.04553
-1.10095
-1.14357
-1.17633
-1.19634
-1.18931
-1.11915
-0.881449
-0.150616
0.755079
1.12239
1.28993
1.4149
1.56404
1.76775
2.0296
2.33906
2.68329
3.05232
-2.84361
-2.44224
-2.0294
-1.60689
-1.48739
-1.91002
-2.32645
-2.73636
-3.13932
2.74869
2.36268
1.98741
1.62285
1.26394
0.90008
0.527798
0.172605
-0.123799
-0.346649
-0.510439
-0.634813
-0.732839
-0.811024
-0.871862
-0.914551
-0.933286
-0.913297
-0.821083
-0.574744
-0.0129237
0.705596
1.13696
1.38181
1.57172
1.76587
1.99052
2.25381
2.55378
2.88447
-3.04353
-2.66895
-2.27876
-1.87571
-1.4618
-1.31713
-1.73299
-2.14222
-2.54442
-2.93908
2.95775
2.58073
2.21395
1.85738
1.50914
1.16699
0.834067
0.523988
0.254538
0.0341059
-0.141523
-0.281962
-0.39563
-0.487378
-0.558408
-0.606273
-0.62376
-0.59565
-0.490508
-0.2426
0.239568
0.839437
1.27223
1.55418
1.7786
1.99679
2.23286
2.49649
2.78935
3.10915
-2.83096
-2.46832
-2.08929
-1.69644
-1.29178
-1.12353
-1.53228
-1.9341
-2.32859
-2.71522
-3.09329
2.82127
2.46301
2.1158
1.78009
1.45717
1.15117
0.869739
0.621045
0.409099
0.232309
0.085849
-0.0351512
-0.133583
-0.209462
-0.259348
-0.275183
-0.241421
-0.128496
0.117137
0.5495
1.07215
1.48741
1.78365
2.02539
2.25588
2.49718
2.75934
3.04569
-2.92728
-2.59522
-2.2439
-1.87587
-1.4934
-1.09841
-0.908279
-1.30971
-1.70401
-2.09075
-2.4694
-2.83925
3.08382
2.73464
2.39778
2.07498
1.76873
1.48272
1.22149
0.988975
0.786867
0.614134
0.468064
0.345876
0.246123
0.169686
0.120643
0.107566
0.146129
0.264078
0.505346
0.901073
1.36777
1.75995
2.05773
2.30638
2.54182
2.78403
3.04291
-2.96067
-2.65955
-2.3379
-1.99748
-1.64029
-1.26829
-0.883227
-0.673036
-1.06702
-1.4537
-1.83264
-2.20325
-2.56476
-2.91606
3.02749
2.70139
2.39111
2.09937
1.8292
1.58345
1.36415
1.17184
1.00564
0.863815
0.744714
0.647778
0.574438
0.529103
0.520549
0.564295
0.686182
0.922184
1.2882
1.71046
2.07779
2.36951
2.61812
2.8534
3.09327
-2.93603
-2.66377
-2.37173
-2.06025
-1.7305
-1.38404
-1.02255
-0.647596
-0.4194
-0.805878
-1.18489
-1.55596
-1.91844
-2.27145
-2.61371
-2.94356
3.02427
2.72583
2.4469
2.18994
1.95689
1.74888
1.56599
1.40747
1.27209
1.15889
1.06782
1.00061
0.961755
0.959939
1.01018
1.13618
1.36692
1.70744
2.09202
2.43397
2.71471
2.95836
-3.09353
-2.85866
-2.61136
-2.34723
-2.06458
-1.76329
-1.44415
-1.1084
-0.757465
-0.392762
-0.148865
-0.527814
-0.899132
-1.26229
-1.61657
-1.96096
-2.29408
-2.61415
-2.91902
3.07685
2.80943
2.56395
2.34186
2.14388
1.97
1.8196
1.69188
1.58631
1.5032
1.44444
1.4145
1.42175
1.48036
1.61149
1.83763
2.15567
2.50708
2.82375
3.09038
-2.9577
-2.73339
-2.50574
-2.26652
-2.01144
-1.73864
-1.44778
-1.13936
-0.814395
-0.474104
-0.119779
0.137166
-0.234272
-0.597904
-0.953144
-1.29919
-1.63493
-1.95892
-2.26935
-2.5641
-2.84098
-3.09789
2.95011
2.73784
2.54905
2.38376
2.2416
2.12211
2.02511
1.95124
1.90252
1.88335
1.90168
1.97055
2.10819
2.33076
2.6289
2.95083
-3.04009
-2.78932
-2.56519
-2.35014
-2.13155
-1.90179
-1.6567
-1.39438
-1.11431
-0.816859
-0.502842
-0.173345
0.170446
0.43742
0.0734519
-0.282526
-0.629864
-0.967686
-1.29483
-1.6098
-1.91081
-2.19586
-2.46291
-2.71007
-2.9358
-3.13905
2.96392
2.80687
2.67287
2.56177
2.47375
2.40972
2.3719
2.36463
2.39541
2.47592
2.62115
2.84119
3.12197
-2.8651
-2.59542
-2.36084
-2.14899
-1.94469
-1.73657
-1.51743
-1.28325
-1.03208
-0.763305
-0.47716
-0.174354
0.144132
0.477194
0.750721
0.394159
0.0457816
-0.293704
-0.623367
-0.942005
-1.24813
-1.54001
-1.81575
-2.07349
-2.31152
-2.52844
-2.72325
-2.89536
-3.0445
3.11264
3.00985
2.93082
2.87675
2.85005
2.85504
2.89874
2.99137
-3.13867
-2.92048
-2.65451
-2.38023
-2.1303
-1.91085
-1.71133
-1.51838
-1.32152
-1.11386
-0.891364
-0.652002
-0.395059
-0.120651
0.170601
0.477793
0.799879
1.07603
0.726792
0.385943
0.0542317
-0.26737
-0.577645
-0.87513
-1.15817
-1.425
-1.6739
-1.90329
-2.11189
-2.29872
-2.46313
-2.60468
-2.72303
-2.81775
-2.88804
-2.93241
-2.94828
-2.93135
-2.87513
-2.77092
-2.6105
-2.394
-2.14046
-1.88389
-1.65009
-1.44352
-1.25515
-1.0731
-0.887555
-0.691714
-0.481403
-0.254393
-0.00979285
0.252417
0.531716
0.827269
1.13808
1.41237
1.07038
0.736966
0.412929
0.0992624
-0.202821
-0.491901
-0.766402
-1.02468
-1.26514
-1.48634
-1.68703
-1.86626
-2.02331
-2.15759
-2.26856
-2.35555
-2.41749
-2.45268
-2.45838
-2.43037
-2.36273
-2.24836
-2.08206
-1.86759
-1.62443
-1.38174
-1.16025
-0.963552
-0.784128
-0.611505
-0.436434
-0.252094
-0.0540194
0.16036
0.392227
0.641815
0.908748
1.19228
1.49147
1.75891
1.42406
1.09798
0.781498
0.475618
0.181535
-0.0993812
-0.365642
-0.615713
-0.848108
-1.06147
-1.25462
-1.4266
-1.57659
-1.70392
-1.80785
-1.88751
-1.94162
-1.9683
-1.96471
-1.92681
-1.84932
-1.72671
-1.55638
-1.34457
-1.11022
-0.878208
-0.665566
-0.475603
-0.302379
-0.136893
0.0294147
0.203354
0.389747
0.591637
0.810635
1.04731
1.30151
1.57265
1.85985
2.11488
1.78706
1.4682
1.15914
0.860884
0.574599
0.301598
0.0432877
-0.198896
-0.423562
-0.629434
-0.815369
-0.980392
-1.12365
-1.24433
-1.34157
-1.41434
-1.46118
-1.4801
-1.46824
-1.42181
-1.33623
-1.20745
-1.03498
-0.826572
-0.599909
-0.376194
-0.169701
0.0162505
0.186025
0.347044
0.506953
0.672345
0.848318
1.03842
1.24482
1.46854
1.70979
1.9682
2.24305
2.47957
2.15866
1.8469
1.54512
1.25431
0.97561
0.710276
0.459636
0.225036
0.00778297
-0.190908
-0.369928
-0.528294
-0.665097
-0.779447
-0.87037
-0.936687
-0.976853
-0.988786
-0.96971
-0.916129
-0.824233
-0.691266
-0.518367
-0.313988
-0.0942631
0.122765
0.324954
0.50889
0.677501
0.836622
0.992766
1.15201
1.31949
1.49916
1.69375
1.90487
2.1332
2.37871
2.64093
2.85236
2.53825
2.23345
1.93879
1.65525
1.38392
1.12601
0.882764
0.655457
0.445323
0.253519
0.0811286
-0.0708583
-0.201496
-0.309825
-0.394785
-0.455106
-0.489173
-0.494898
-0.469626
-0.410226
-0.313627
-0.178212
-0.0062729
0.193573
0.406861
0.618213
0.817197
1.00034
1.16937
1.32867
1.48352
1.63921
1.80059
1.97178
2.15596
2.35533
2.57114
2.80383
3.05328
-3.05052
2.92523
2.62725
2.33955
2.06308
1.79891
1.54818
1.31207
1.09178
0.888481
0.703287
0.537254
0.391374
0.266623
0.16401
0.0846562
0.0298902
0.00135513
0.00110163
0.0316114
0.0956207
0.195506
0.331938
0.501852
0.696828
0.904026
1.1103
1.30662
1.48954
1.65986
1.82074
1.97626
2.1308
2.28862
2.45369
2.62941
2.81845
3.02262
-3.04024
-2.80345
-2.66321
-2.9641
3.02778
2.74687
2.4773
2.22007
1.97627
1.74704
1.5335
1.33677
1.15792
0.997984
0.857949
0.738812
0.641616
0.56752
0.517883
0.494344
0.498873
0.533748
0.601303
0.703281
0.839601
1.00672
1.19663
1.398
1.59954
1.7934
1.9762
2.14811
2.31128
2.4688
2.62408
2.78067
2.9421
3.11168
-2.99088
-2.79693
-2.58808
-2.36348
-2.26938
-2.56386
-2.84864
-3.12292
2.89738
2.64688
2.40979
2.18719
1.98014
1.78973
1.61696
1.46287
1.32842
1.21463
1.12256
1.05339
1.00847
0.989425
0.998107
1.03657
1.10676
1.20985
1.3452
1.509
1.69377
1.88952
2.08652
2.27789
2.46042
2.6338
2.79946
2.95965
3.11696
-3.009
-2.84896
-2.68313
-2.50867
-2.32305
-2.12427
-1.91095
-1.86946
-2.15767
-2.43608
-2.70391
-2.96029
3.07891
2.8483
2.63209
2.4313
2.24695
2.08003
1.93153
1.80242
1.69372
1.6065
1.54192
1.50135
1.48632
1.49859
1.53996
1.612
1.71544
1.84918
2.00932
2.18896
2.37928
2.57186
2.76064
2.94258
3.1171
-2.99813
-2.8351
-2.67509
-2.51598
-2.35552
-2.19125
-2.02063
-1.84117
-1.65062
-1.44719
-1.46387
-1.74594
-2.01814
-2.27969
-2.52975
-2.76743
-2.99178
3.08135
2.88658
2.70805
2.54673
2.40359
2.27959
2.17573
2.09307
2.03279
1.9962
1.98477
2.00011
2.04379
2.11706
2.22023
2.35189
2.50818
2.68276
2.86784
3.05608
-3.04106
-2.86006
-2.68487
-2.51502
-2.34934
-2.18645
-2.02478
-1.86265
-1.69818
-1.52929
-1.35374
-1.16931
-0.97398
-1.05297
-1.32905
-1.59519
-1.85063
-2.09457
-2.32614
-2.54445
-2.74856
-2.93755
-3.11048
3.01676
2.87876
2.75963
2.66036
2.58201
2.52573
2.49278
2.48456
2.50252
2.54801
2.62198
2.7244
2.85367
3.00602
-3.10754
-2.92752
-2.74355
-2.56038
-2.38066
-2.20529
-2.03405
-1.86614
-1.70052
-1.53607
-1.37159
-1.2057
-1.03683
-0.863152
-0.682684
-0.493413
-0.637101
-0.907329
-1.16756
-1.41706
-1.65506
-1.88073
-2.0932
-2.2916
-2.47502
-2.64257
-2.79335
-2.92645
-3.04093
-3.13583
3.07306
3.02051
2.99089
2.98552
3.0057
3.05257
3.12681
-3.05505
-2.92838
-2.77999
-2.61518
-2.44004
-2.26027
-2.08009
-1.90198
-1.7269
-1.5548
-1.38515
-1.21719
-1.05009
-0.883018
-0.715014
-0.544961
-0.371499
-0.19302
-0.00773073
-0.216589
-0.481109
-0.735589
-0.979326
-1.21157
-1.43152
-1.63836
-1.83124
-2.00931
-2.17169
-2.31753
-2.44593
-2.55598
-2.64674
-2.71721
-2.7663
-2.79286
-2.7957
-2.77366
-2.72577
-2.65161
-2.55164
-2.42771
-2.28325
-2.12308
-1.95266
-1.777
-1.59992
-1.42369
-1.2493
-1.07686
-0.906007
-0.736174
-0.566767
-0.397187
-0.2268
-0.0548647
0.119555
0.297645
0.480851
0.208286
-0.050667
-0.299551
-0.537686
-0.764348
-0.978774
-1.18018
-1.36774
-1.54066
-1.69808
-1.83918
-1.96308
-2.06891
-2.15575
-2.22261
-2.26848
-2.29226
-2.29286
-2.26925
-2.22066
-2.14684
-2.04843
-1.9273
-1.7867
-1.63102
-1.46513
-1.29351
-1.11957
-0.945445
-0.77212
-0.599805
-0.42826
-0.257072
-0.0857946
0.0859963
0.258713
0.432818
0.608897
0.787745
0.970415
