1 
2 
0 
1600 
40 40 
0.070711 -0.141421 0.095000 0.067175 -0.137886 0.095000 0.067175 -0.137886 0.100000 0.070711 -0.141421 0.100000 
0.067175 -0.137886 0.095000 0.063640 -0.134350 0.095000 0.063640 -0.134350 0.100000 0.067175 -0.137886 0.100000 
0.063640 -0.134350 0.095000 0.060104 -0.130815 0.095000 0.060104 -0.130815 0.100000 0.063640 -0.134350 0.100000 
0.060104 -0.130815 0.095000 0.056569 -0.127279 0.095000 0.056569 -0.127279 0.100000 0.060104 -0.130815 0.100000 
0.056569 -0.127279 0.095000 0.053033 -0.123744 0.095000 0.053033 -0.123744 0.100000 0.056569 -0.127279 0.100000 
0.053033 -0.123744 0.095000 0.049497 -0.120208 0.095000 0.049497 -0.120208 0.100000 0.053033 -0.123744 0.100000 
0.049497 -0.120208 0.095000 0.045962 -0.116673 0.095000 0.045962 -0.116673 0.100000 0.049497 -0.120208 0.100000 
0.045962 -0.116673 0.095000 0.042426 -0.113137 0.095000 0.042426 -0.113137 0.100000 0.045962 -0.116673 0.100000 
0.042426 -0.113137 0.095000 0.038891 -0.109602 0.095000 0.038891 -0.109602 0.100000 0.042426 -0.113137 0.100000 
0.038891 -0.109602 0.095000 0.035355 -0.106066 0.095000 0.035355 -0.106066 0.100000 0.038891 -0.109602 0.100000 
0.035355 -0.106066 0.095000 0.031820 -0.102530 0.095000 0.031820 -0.102530 0.100000 0.035355 -0.106066 0.100000 
0.031820 -0.102530 0.095000 0.028284 -0.098995 0.095000 0.028284 -0.098995 0.100000 0.031820 -0.102530 0.100000 
0.028284 -0.098995 0.095000 0.024749 -0.095459 0.095000 0.024749 -0.095459 0.100000 0.028284 -0.098995 0.100000 
0.024749 -0.095459 0.095000 0.021213 -0.091924 0.095000 0.021213 -0.091924 0.100000 0.024749 -0.095459 0.100000 
0.021213 -0.091924 0.095000 0.017678 -0.088388 0.095000 0.017678 -0.088388 0.100000 0.021213 -0.091924 0.100000 
0.017678 -0.088388 0.095000 0.014142 -0.084853 0.095000 0.014142 -0.084853 0.100000 0.017678 -0.088388 0.100000 
0.014142 -0.084853 0.095000 0.010607 -0.081317 0.095000 0.010607 -0.081317 0.100000 0.014142 -0.084853 0.100000 
0.010607 -0.081317 0.095000 0.007071 -0.077782 0.095000 0.007071 -0.077782 0.100000 0.010607 -0.081317 0.100000 
0.007071 -0.077782 0.095000 0.003536 -0.074246 0.095000 0.003536 -0.074246 0.100000 0.007071 -0.077782 0.100000 
0.003536 -0.074246 0.095000 0.000000 -0.070711 0.095000 0.000000 -0.070711 0.100000 0.003536 -0.074246 0.100000 
0.000000 -0.070711 0.095000 -0.003536 -0.067175 0.095000 -0.003536 -0.067175 0.100000 0.000000 -0.070711 0.100000 
-0.003536 -0.067175 0.095000 -0.007071 -0.063640 0.095000 -0.007071 -0.063640 0.100000 -0.003536 -0.067175 0.100000 
-0.007071 -0.063640 0.095000 -0.010607 -0.060104 0.095000 -0.010607 -0.060104 0.100000 -0.007071 -0.063640 0.100000 
-0.010607 -0.060104 0.095000 -0.014142 -0.056569 0.095000 -0.014142 -0.056569 0.100000 -0.010607 -0.060104 0.100000 
-0.014142 -0.056569 0.095000 -0.017678 -0.053033 0.095000 -0.017678 -0.053033 0.100000 -0.014142 -0.056569 0.100000 
-0.017678 -0.053033 0.095000 -0.021213 -0.049497 0.095000 -0.021213 -0.049497 0.100000 -0.017678 -0.053033 0.100000 
-0.021213 -0.049497 0.095000 -0.024749 -0.045962 0.095000 -0.024749 -0.045962 0.100000 -0.021213 -0.049497 0.100000 
-0.024749 -0.045962 0.095000 -0.028284 -0.042426 0.095000 -0.028284 -0.042426 0.100000 -0.024749 -0.045962 0.100000 
-0.028284 -0.042426 0.095000 -0.031820 -0.038891 0.095000 -0.031820 -0.038891 0.100000 -0.028284 -0.042426 0.100000 
-0.031820 -0.038891 0.095000 -0.035355 -0.035355 0.095000 -0.035355 -0.035355 0.100000 -0.031820 -0.038891 0.100000 
-0.035355 -0.035355 0.095000 -0.038891 -0.031820 0.095000 -0.038891 -0.031820 0.100000 -0.035355 -0.035355 0.100000 
-0.038891 -0.031820 0.095000 -0.042426 -0.028284 0.095000 -0.042426 -0.028284 0.100000 -0.038891 -0.031820 0.100000 
-0.042426 -0.028284 0.095000 -0.045962 -0.024749 0.095000 -0.045962 -0.024749 0.100000 -0.042426 -0.028284 0.100000 
-0.045962 -0.024749 0.095000 -0.049497 -0.021213 0.095000 -0.049497 -0.021213 0.100000 -0.045962 -0.024749 0.100000 
-0.049497 -0.021213 0.095000 -0.053033 -0.017678 0.095000 -0.053033 -0.017678 0.100000 -0.049497 -0.021213 0.100000 
-0.053033 -0.017678 0.095000 -0.056569 -0.014142 0.095000 -0.056569 -0.014142 0.100000 -0.053033 -0.017678 0.100000 
-0.056569 -0.014142 0.095000 -0.060104 -0.010607 0.095000 -0.060104 -0.010607 0.100000 -0.056569 -0.014142 0.100000 
-0.060104 -0.010607 0.095000 -0.063640 -0.007071 0.095000 -0.063640 -0.007071 0.100000 -0.060104 -0.010607 0.100000 
-0.063640 -0.007071 0.095000 -0.067175 -0.003536 0.095000 -0.067175 -0.003536 0.100000 -0.063640 -0.007071 0.100000 
-0.067175 -0.003536 0.095000 -0.070711 -0.000000 0.095000 -0.070711 -0.000000 0.100000 -0.067175 -0.003536 0.100000 
0.070711 -0.141421 0.090000 0.067175 -0.137886 0.090000 0.067175 -0.137886 0.095000 0.070711 -0.141421 0.095000 
0.067175 -0.137886 0.090000 0.063640 -0.134350 0.090000 0.063640 -0.134350 0.095000 0.067175 -0.137886 0.095000 
0.063640 -0.134350 0.090000 0.060104 -0.130815 0.090000 0.060104 -0.130815 0.095000 0.063640 -0.134350 0.095000 
0.060104 -0.130815 0.090000 0.056569 -0.127279 0.090000 0.056569 -0.127279 0.095000 0.060104 -0.130815 0.095000 
0.056569 -0.127279 0.090000 0.053033 -0.123744 0.090000 0.053033 -0.123744 0.095000 0.056569 -0.127279 0.095000 
0.053033 -0.123744 0.090000 0.049497 -0.120208 0.090000 0.049497 -0.120208 0.095000 0.053033 -0.123744 0.095000 
0.049497 -0.120208 0.090000 0.045962 -0.116673 0.090000 0.045962 -0.116673 0.095000 0.049497 -0.120208 0.095000 
0.045962 -0.116673 0.090000 0.042426 -0.113137 0.090000 0.042426 -0.113137 0.095000 0.045962 -0.116673 0.095000 
0.042426 -0.113137 0.090000 0.038891 -0.109602 0.090000 0.038891 -0.109602 0.095000 0.042426 -0.113137 0.095000 
0.038891 -0.109602 0.090000 0.035355 -0.106066 0.090000 0.035355 -0.106066 0.095000 0.038891 -0.109602 0.095000 
0.035355 -0.106066 0.090000 0.031820 -0.102530 0.090000 0.031820 -0.102530 0.095000 0.035355 -0.106066 0.095000 
0.031820 -0.102530 0.090000 0.028284 -0.098995 0.090000 0.028284 -0.098995 0.095000 0.031820 -0.102530 0.095000 
0.028284 -0.098995 0.090000 0.024749 -0.095459 0.090000 0.024749 -0.095459 0.095000 0.028284 -0.098995 0.095000 
0.024749 -0.095459 0.090000 0.021213 -0.091924 0.090000 0.021213 -0.091924 0.095000 0.024749 -0.095459 0.095000 
0.021213 -0.091924 0.090000 0.017678 -0.088388 0.090000 0.017678 -0.088388 0.095000 0.021213 -0.091924 0.095000 
0.017678 -0.088388 0.090000 0.014142 -0.084853 0.090000 0.014142 -0.084853 0.095000 0.017678 -0.088388 0.095000 
0.014142 -0.084853 0.090000 0.010607 -0.081317 0.090000 0.010607 -0.081317 0.095000 0.014142 -0.084853 0.095000 
0.010607 -0.081317 0.090000 0.007071 -0.077782 0.090000 0.007071 -0.077782 0.095000 0.010607 -0.081317 0.095000 
0.007071 -0.077782 0.090000 0.003536 -0.074246 0.090000 0.003536 -0.074246 0.095000 0.007071 -0.077782 0.095000 
0.003536 -0.074246 0.090000 0.000000 -0.070711 0.090000 0.000000 -0.070711 0.095000 0.003536 -0.074246 0.095000 
0.000000 -0.070711 0.090000 -0.003536 -0.067175 0.090000 -0.003536 -0.067175 0.095000 0.000000 -0.070711 0.095000 
-0.003536 -0.067175 0.090000 -0.007071 -0.063640 0.090000 -0.007071 -0.063640 0.095000 -0.003536 -0.067175 0.095000 
-0.007071 -0.063640 0.090000 -0.010607 -0.060104 0.090000 -0.010607 -0.060104 0.095000 -0.007071 -0.063640 0.095000 
-0.010607 -0.060104 0.090000 -0.014142 -0.056569 0.090000 -0.014142 -0.056569 0.095000 -0.010607 -0.060104 0.095000 
-0.014142 -0.056569 0.090000 -0.017678 -0.053033 0.090000 -0.017678 -0.053033 0.095000 -0.014142 -0.056569 0.095000 
-0.017678 -0.053033 0.090000 -0.021213 -0.049497 0.090000 -0.021213 -0.049497 0.095000 -0.017678 -0.053033 0.095000 
-0.021213 -0.049497 0.090000 -0.024749 -0.045962 0.090000 -0.024749 -0.045962 0.095000 -0.021213 -0.049497 0.095000 
-0.024749 -0.045962 0.090000 -0.028284 -0.042426 0.090000 -0.028284 -0.042426 0.095000 -0.024749 -0.045962 0.095000 
-0.028284 -0.042426 0.090000 -0.031820 -0.038891 0.090000 -0.031820 -0.038891 0.095000 -0.028284 -0.042426 0.095000 
-0.031820 -0.038891 0.090000 -0.035355 -0.035355 0.090000 -0.035355 -0.035355 0.095000 -0.031820 -0.038891 0.095000 
-0.035355 -0.035355 0.090000 -0.038891 -0.031820 0.090000 -0.038891 -0.031820 0.095000 -0.035355 -0.035355 0.095000 
-0.038891 -0.031820 0.090000 -0.042426 -0.028284 0.090000 -0.042426 -0.028284 0.095000 -0.038891 -0.031820 0.095000 
-0.042426 -0.028284 0.090000 -0.045962 -0.024749 0.090000 -0.045962 -0.024749 0.095000 -0.042426 -0.028284 0.095000 
-0.045962 -0.024749 0.090000 -0.049497 -0.021213 0.090000 -0.049497 -0.021213 0.095000 -0.045962 -0.024749 0.095000 
-0.049497 -0.021213 0.090000 -0.053033 -0.017678 0.090000 -0.053033 -0.017678 0.095000 -0.049497 -0.021213 0.095000 
-0.053033 -0.017678 0.090000 -0.056569 -0.014142 0.090000 -0.056569 -0.014142 0.095000 -0.053033 -0.017678 0.095000 
-0.056569 -0.014142 0.090000 -0.060104 -0.010607 0.090000 -0.060104 -0.010607 0.095000 -0.056569 -0.014142 0.095000 
-0.060104 -0.010607 0.090000 -0.063640 -0.007071 0.090000 -0.063640 -0.007071 0.095000 -0.060104 -0.010607 0.095000 
-0.063640 -0.007071 0.090000 -0.067175 -0.003536 0.090000 -0.067175 -0.003536 0.095000 -0.063640 -0.007071 0.095000 
-0.067175 -0.003536 0.090000 -0.070711 -0.000000 0.090000 -0.070711 -0.000000 0.095000 -0.067175 -0.003536 0.095000 
0.070711 -0.141421 0.085000 0.067175 -0.137886 0.085000 0.067175 -0.137886 0.090000 0.070711 -0.141421 0.090000 
0.067175 -0.137886 0.085000 0.063640 -0.134350 0.085000 0.063640 -0.134350 0.090000 0.067175 -0.137886 0.090000 
0.063640 -0.134350 0.085000 0.060104 -0.130815 0.085000 0.060104 -0.130815 0.090000 0.063640 -0.134350 0.090000 
0.060104 -0.130815 0.085000 0.056569 -0.127279 0.085000 0.056569 -0.127279 0.090000 0.060104 -0.130815 0.090000 
0.056569 -0.127279 0.085000 0.053033 -0.123744 0.085000 0.053033 -0.123744 0.090000 0.056569 -0.127279 0.090000 
0.053033 -0.123744 0.085000 0.049497 -0.120208 0.085000 0.049497 -0.120208 0.090000 0.053033 -0.123744 0.090000 
0.049497 -0.120208 0.085000 0.045962 -0.116673 0.085000 0.045962 -0.116673 0.090000 0.049497 -0.120208 0.090000 
0.045962 -0.116673 0.085000 0.042426 -0.113137 0.085000 0.042426 -0.113137 0.090000 0.045962 -0.116673 0.090000 
0.042426 -0.113137 0.085000 0.038891 -0.109602 0.085000 0.038891 -0.109602 0.090000 0.042426 -0.113137 0.090000 
0.038891 -0.109602 0.085000 0.035355 -0.106066 0.085000 0.035355 -0.106066 0.090000 0.038891 -0.109602 0.090000 
0.035355 -0.106066 0.085000 0.031820 -0.102530 0.085000 0.031820 -0.102530 0.090000 0.035355 -0.106066 0.090000 
0.031820 -0.102530 0.085000 0.028284 -0.098995 0.085000 0.028284 -0.098995 0.090000 0.031820 -0.102530 0.090000 
0.028284 -0.098995 0.085000 0.024749 -0.095459 0.085000 0.024749 -0.095459 0.090000 0.028284 -0.098995 0.090000 
0.024749 -0.095459 0.085000 0.021213 -0.091924 0.085000 0.021213 -0.091924 0.090000 0.024749 -0.095459 0.090000 
0.021213 -0.091924 0.085000 0.017678 -0.088388 0.085000 0.017678 -0.088388 0.090000 0.021213 -0.091924 0.090000 
0.017678 -0.088388 0.085000 0.014142 -0.084853 0.085000 0.014142 -0.084853 0.090000 0.017678 -0.088388 0.090000 
0.014142 -0.084853 0.085000 0.010607 -0.081317 0.085000 0.010607 -0.081317 0.090000 0.014142 -0.084853 0.090000 
0.010607 -0.081317 0.085000 0.007071 -0.077782 0.085000 0.007071 -0.077782 0.090000 0.010607 -0.081317 0.090000 
0.007071 -0.077782 0.085000 0.003536 -0.074246 0.085000 0.003536 -0.074246 0.090000 0.007071 -0.077782 0.090000 
0.003536 -0.074246 0.085000 0.000000 -0.070711 0.085000 0.000000 -0.070711 0.090000 0.003536 -0.074246 0.090000 
0.000000 -0.070711 0.085000 -0.003536 -0.067175 0.085000 -0.003536 -0.067175 0.090000 0.000000 -0.070711 0.090000 
-0.003536 -0.067175 0.085000 -0.007071 -0.063640 0.085000 -0.007071 -0.063640 0.090000 -0.003536 -0.067175 0.090000 
-0.007071 -0.063640 0.085000 -0.010607 -0.060104 0.085000 -0.010607 -0.060104 0.090000 -0.007071 -0.063640 0.090000 
-0.010607 -0.060104 0.085000 -0.014142 -0.056569 0.085000 -0.014142 -0.056569 0.090000 -0.010607 -0.060104 0.090000 
-0.014142 -0.056569 0.085000 -0.017678 -0.053033 0.085000 -0.017678 -0.053033 0.090000 -0.014142 -0.056569 0.090000 
-0.017678 -0.053033 0.085000 -0.021213 -0.049497 0.085000 -0.021213 -0.049497 0.090000 -0.017678 -0.053033 0.090000 
-0.021213 -0.049497 0.085000 -0.024749 -0.045962 0.085000 -0.024749 -0.045962 0.090000 -0.021213 -0.049497 0.090000 
-0.024749 -0.045962 0.085000 -0.028284 -0.042426 0.085000 -0.028284 -0.042426 0.090000 -0.024749 -0.045962 0.090000 
-0.028284 -0.042426 0.085000 -0.031820 -0.038891 0.085000 -0.031820 -0.038891 0.090000 -0.028284 -0.042426 0.090000 
-0.031820 -0.038891 0.085000 -0.035355 -0.035355 0.085000 -0.035355 -0.035355 0.090000 -0.031820 -0.038891 0.090000 
-0.035355 -0.035355 0.085000 -0.038891 -0.031820 0.085000 -0.038891 -0.031820 0.090000 -0.035355 -0.035355 0.090000 
-0.038891 -0.031820 0.085000 -0.042426 -0.028284 0.085000 -0.042426 -0.028284 0.090000 -0.038891 -0.031820 0.090000 
-0.042426 -0.028284 0.085000 -0.045962 -0.024749 0.085000 -0.045962 -0.024749 0.090000 -0.042426 -0.028284 0.090000 
-0.045962 -0.024749 0.085000 -0.049497 -0.021213 0.085000 -0.049497 -0.021213 0.090000 -0.045962 -0.024749 0.090000 
-0.049497 -0.021213 0.085000 -0.053033 -0.017678 0.085000 -0.053033 -0.017678 0.090000 -0.049497 -0.021213 0.090000 
-0.053033 -0.017678 0.085000 -0.056569 -0.014142 0.085000 -0.056569 -0.014142 0.090000 -0.053033 -0.017678 0.090000 
-0.056569 -0.014142 0.085000 -0.060104 -0.010607 0.085000 -0.060104 -0.010607 0.090000 -0.056569 -0.014142 0.090000 
-0.060104 -0.010607 0.085000 -0.063640 -0.007071 0.085000 -0.063640 -0.007071 0.090000 -0.060104 -0.010607 0.090000 
-0.063640 -0.007071 0.085000 -0.067175 -0.003536 0.085000 -0.067175 -0.003536 0.090000 -0.063640 -0.007071 0.090000 
-0.067175 -0.003536 0.085000 -0.070711 -0.000000 0.085000 -0.070711 -0.000000 0.090000 -0.067175 -0.003536 0.090000 
0.070711 -0.141421 0.080000 0.067175 -0.137886 0.080000 0.067175 -0.137886 0.085000 0.070711 -0.141421 0.085000 
0.067175 -0.137886 0.080000 0.063640 -0.134350 0.080000 0.063640 -0.134350 0.085000 0.067175 -0.137886 0.085000 
0.063640 -0.134350 0.080000 0.060104 -0.130815 0.080000 0.060104 -0.130815 0.085000 0.063640 -0.134350 0.085000 
0.060104 -0.130815 0.080000 0.056569 -0.127279 0.080000 0.056569 -0.127279 0.085000 0.060104 -0.130815 0.085000 
0.056569 -0.127279 0.080000 0.053033 -0.123744 0.080000 0.053033 -0.123744 0.085000 0.056569 -0.127279 0.085000 
0.053033 -0.123744 0.080000 0.049497 -0.120208 0.080000 0.049497 -0.120208 0.085000 0.053033 -0.123744 0.085000 
0.049497 -0.120208 0.080000 0.045962 -0.116673 0.080000 0.045962 -0.116673 0.085000 0.049497 -0.120208 0.085000 
0.045962 -0.116673 0.080000 0.042426 -0.113137 0.080000 0.042426 -0.113137 0.085000 0.045962 -0.116673 0.085000 
0.042426 -0.113137 0.080000 0.038891 -0.109602 0.080000 0.038891 -0.109602 0.085000 0.042426 -0.113137 0.085000 
0.038891 -0.109602 0.080000 0.035355 -0.106066 0.080000 0.035355 -0.106066 0.085000 0.038891 -0.109602 0.085000 
0.035355 -0.106066 0.080000 0.031820 -0.102530 0.080000 0.031820 -0.102530 0.085000 0.035355 -0.106066 0.085000 
0.031820 -0.102530 0.080000 0.028284 -0.098995 0.080000 0.028284 -0.098995 0.085000 0.031820 -0.102530 0.085000 
0.028284 -0.098995 0.080000 0.024749 -0.095459 0.080000 0.024749 -0.095459 0.085000 0.028284 -0.098995 0.085000 
0.024749 -0.095459 0.080000 0.021213 -0.091924 0.080000 0.021213 -0.091924 0.085000 0.024749 -0.095459 0.085000 
0.021213 -0.091924 0.080000 0.017678 -0.088388 0.080000 0.017678 -0.088388 0.085000 0.021213 -0.091924 0.085000 
0.017678 -0.088388 0.080000 0.014142 -0.084853 0.080000 0.014142 -0.084853 0.085000 0.017678 -0.088388 0.085000 
0.014142 -0.084853 0.080000 0.010607 -0.081317 0.080000 0.010607 -0.081317 0.085000 0.014142 -0.084853 0.085000 
0.010607 -0.081317 0.080000 0.007071 -0.077782 0.080000 0.007071 -0.077782 0.085000 0.010607 -0.081317 0.085000 
0.007071 -0.077782 0.080000 0.003536 -0.074246 0.080000 0.003536 -0.074246 0.085000 0.007071 -0.077782 0.085000 
0.003536 -0.074246 0.080000 0.000000 -0.070711 0.080000 0.000000 -0.070711 0.085000 0.003536 -0.074246 0.085000 
0.000000 -0.070711 0.080000 -0.003536 -0.067175 0.080000 -0.003536 -0.067175 0.085000 0.000000 -0.070711 0.085000 
-0.003536 -0.067175 0.080000 -0.007071 -0.063640 0.080000 -0.007071 -0.063640 0.085000 -0.003536 -0.067175 0.085000 
-0.007071 -0.063640 0.080000 -0.010607 -0.060104 0.080000 -0.010607 -0.060104 0.085000 -0.007071 -0.063640 0.085000 
-0.010607 -0.060104 0.080000 -0.014142 -0.056569 0.080000 -0.014142 -0.056569 0.085000 -0.010607 -0.060104 0.085000 
-0.014142 -0.056569 0.080000 -0.017678 -0.053033 0.080000 -0.017678 -0.053033 0.085000 -0.014142 -0.056569 0.085000 
-0.017678 -0.053033 0.080000 -0.021213 -0.049497 0.080000 -0.021213 -0.049497 0.085000 -0.017678 -0.053033 0.085000 
-0.021213 -0.049497 0.080000 -0.024749 -0.045962 0.080000 -0.024749 -0.045962 0.085000 -0.021213 -0.049497 0.085000 
-0.024749 -0.045962 0.080000 -0.028284 -0.042426 0.080000 -0.028284 -0.042426 0.085000 -0.024749 -0.045962 0.085000 
-0.028284 -0.042426 0.080000 -0.031820 -0.038891 0.080000 -0.031820 -0.038891 0.085000 -0.028284 -0.042426 0.085000 
-0.031820 -0.038891 0.080000 -0.035355 -0.035355 0.080000 -0.035355 -0.035355 0.085000 -0.031820 -0.038891 0.085000 
-0.035355 -0.035355 0.080000 -0.038891 -0.031820 0.080000 -0.038891 -0.031820 0.085000 -0.035355 -0.035355 0.085000 
-0.038891 -0.031820 0.080000 -0.042426 -0.028284 0.080000 -0.042426 -0.028284 0.085000 -0.038891 -0.031820 0.085000 
-0.042426 -0.028284 0.080000 -0.045962 -0.024749 0.080000 -0.045962 -0.024749 0.085000 -0.042426 -0.028284 0.085000 
-0.045962 -0.024749 0.080000 -0.049497 -0.021213 0.080000 -0.049497 -0.021213 0.085000 -0.045962 -0.024749 0.085000 
-0.049497 -0.021213 0.080000 -0.053033 -0.017678 0.080000 -0.053033 -0.017678 0.085000 -0.049497 -0.021213 0.085000 
-0.053033 -0.017678 0.080000 -0.056569 -0.014142 0.080000 -0.056569 -0.014142 0.085000 -0.053033 -0.017678 0.085000 
-0.056569 -0.014142 0.080000 -0.060104 -0.010607 0.080000 -0.060104 -0.010607 0.085000 -0.056569 -0.014142 0.085000 
-0.060104 -0.010607 0.080000 -0.063640 -0.007071 0.080000 -0.063640 -0.007071 0.085000 -0.060104 -0.010607 0.085000 
-0.063640 -0.007071 0.080000 -0.067175 -0.003536 0.080000 -0.067175 -0.003536 0.085000 -0.063640 -0.007071 0.085000 
-0.067175 -0.003536 0.080000 -0.070711 -0.000000 0.080000 -0.070711 -0.000000 0.085000 -0.067175 -0.003536 0.085000 
0.070711 -0.141421 0.075000 0.067175 -0.137886 0.075000 0.067175 -0.137886 0.080000 0.070711 -0.141421 0.080000 
0.067175 -0.137886 0.075000 0.063640 -0.134350 0.075000 0.063640 -0.134350 0.080000 0.067175 -0.137886 0.080000 
0.063640 -0.134350 0.075000 0.060104 -0.130815 0.075000 0.060104 -0.130815 0.080000 0.063640 -0.134350 0.080000 
0.060104 -0.130815 0.075000 0.056569 -0.127279 0.075000 0.056569 -0.127279 0.080000 0.060104 -0.130815 0.080000 
0.056569 -0.127279 0.075000 0.053033 -0.123744 0.075000 0.053033 -0.123744 0.080000 0.056569 -0.127279 0.080000 
0.053033 -0.123744 0.075000 0.049497 -0.120208 0.075000 0.049497 -0.120208 0.080000 0.053033 -0.123744 0.080000 
0.049497 -0.120208 0.075000 0.045962 -0.116673 0.075000 0.045962 -0.116673 0.080000 0.049497 -0.120208 0.080000 
0.045962 -0.116673 0.075000 0.042426 -0.113137 0.075000 0.042426 -0.113137 0.080000 0.045962 -0.116673 0.080000 
0.042426 -0.113137 0.075000 0.038891 -0.109602 0.075000 0.038891 -0.109602 0.080000 0.042426 -0.113137 0.080000 
0.038891 -0.109602 0.075000 0.035355 -0.106066 0.075000 0.035355 -0.106066 0.080000 0.038891 -0.109602 0.080000 
0.035355 -0.106066 0.075000 0.031820 -0.102530 0.075000 0.031820 -0.102530 0.080000 0.035355 -0.106066 0.080000 
0.031820 -0.102530 0.075000 0.028284 -0.098995 0.075000 0.028284 -0.098995 0.080000 0.031820 -0.102530 0.080000 
0.028284 -0.098995 0.075000 0.024749 -0.095459 0.075000 0.024749 -0.095459 0.080000 0.028284 -0.098995 0.080000 
0.024749 -0.095459 0.075000 0.021213 -0.091924 0.075000 0.021213 -0.091924 0.080000 0.024749 -0.095459 0.080000 
0.021213 -0.091924 0.075000 0.017678 -0.088388 0.075000 0.017678 -0.088388 0.080000 0.021213 -0.091924 0.080000 
0.017678 -0.088388 0.075000 0.014142 -0.084853 0.075000 0.014142 -0.084853 0.080000 0.017678 -0.088388 0.080000 
0.014142 -0.084853 0.075000 0.010607 -0.081317 0.075000 0.010607 -0.081317 0.080000 0.014142 -0.084853 0.080000 
0.010607 -0.081317 0.075000 0.007071 -0.077782 0.075000 0.007071 -0.077782 0.080000 0.010607 -0.081317 0.080000 
0.007071 -0.077782 0.075000 0.003536 -0.074246 0.075000 0.003536 -0.074246 0.080000 0.007071 -0.077782 0.080000 
0.003536 -0.074246 0.075000 0.000000 -0.070711 0.075000 0.000000 -0.070711 0.080000 0.003536 -0.074246 0.080000 
0.000000 -0.070711 0.075000 -0.003536 -0.067175 0.075000 -0.003536 -0.067175 0.080000 0.000000 -0.070711 0.080000 
-0.003536 -0.067175 0.075000 -0.007071 -0.063640 0.075000 -0.007071 -0.063640 0.080000 -0.003536 -0.067175 0.080000 
-0.007071 -0.063640 0.075000 -0.010607 -0.060104 0.075000 -0.010607 -0.060104 0.080000 -0.007071 -0.063640 0.080000 
-0.010607 -0.060104 0.075000 -0.014142 -0.056569 0.075000 -0.014142 -0.056569 0.080000 -0.010607 -0.060104 0.080000 
-0.014142 -0.056569 0.075000 -0.017678 -0.053033 0.075000 -0.017678 -0.053033 0.080000 -0.014142 -0.056569 0.080000 
-0.017678 -0.053033 0.075000 -0.021213 -0.049497 0.075000 -0.021213 -0.049497 0.080000 -0.017678 -0.053033 0.080000 
-0.021213 -0.049497 0.075000 -0.024749 -0.045962 0.075000 -0.024749 -0.045962 0.080000 -0.021213 -0.049497 0.080000 
-0.024749 -0.045962 0.075000 -0.028284 -0.042426 0.075000 -0.028284 -0.042426 0.080000 -0.024749 -0.045962 0.080000 
-0.028284 -0.042426 0.075000 -0.031820 -0.038891 0.075000 -0.031820 -0.038891 0.080000 -0.028284 -0.042426 0.080000 
-0.031820 -0.038891 0.075000 -0.035355 -0.035355 0.075000 -0.035355 -0.035355 0.080000 -0.031820 -0.038891 0.080000 
-0.035355 -0.035355 0.075000 -0.038891 -0.031820 0.075000 -0.038891 -0.031820 0.080000 -0.035355 -0.035355 0.080000 
-0.038891 -0.031820 0.075000 -0.042426 -0.028284 0.075000 -0.042426 -0.028284 0.080000 -0.038891 -0.031820 0.080000 
-0.042426 -0.028284 0.075000 -0.045962 -0.024749 0.075000 -0.045962 -0.024749 0.080000 -0.042426 -0.028284 0.080000 
-0.045962 -0.024749 0.075000 -0.049497 -0.021213 0.075000 -0.049497 -0.021213 0.080000 -0.045962 -0.024749 0.080000 
-0.049497 -0.021213 0.075000 -0.053033 -0.017678 0.075000 -0.053033 -0.017678 0.080000 -0.049497 -0.021213 0.080000 
-0.053033 -0.017678 0.075000 -0.056569 -0.014142 0.075000 -0.056569 -0.014142 0.080000 -0.053033 -0.017678 0.080000 
-0.056569 -0.014142 0.075000 -0.060104 -0.010607 0.075000 -0.060104 -0.010607 0.080000 -0.056569 -0.014142 0.080000 
-0.060104 -0.010607 0.075000 -0.063640 -0.007071 0.075000 -0.063640 -0.007071 0.080000 -0.060104 -0.010607 0.080000 
-0.063640 -0.007071 0.075000 -0.067175 -0.003536 0.075000 -0.067175 -0.003536 0.080000 -0.063640 -0.007071 0.080000 
-0.067175 -0.003536 0.075000 -0.070711 -0.000000 0.075000 -0.070711 -0.000000 0.080000 -0.067175 -0.003536 0.080000 
0.070711 -0.141421 0.070000 0.067175 -0.137886 0.070000 0.067175 -0.137886 0.075000 0.070711 -0.141421 0.075000 
0.067175 -0.137886 0.070000 0.063640 -0.134350 0.070000 0.063640 -0.134350 0.075000 0.067175 -0.137886 0.075000 
0.063640 -0.134350 0.070000 0.060104 -0.130815 0.070000 0.060104 -0.130815 0.075000 0.063640 -0.134350 0.075000 
0.060104 -0.130815 0.070000 0.056569 -0.127279 0.070000 0.056569 -0.127279 0.075000 0.060104 -0.130815 0.075000 
0.056569 -0.127279 0.070000 0.053033 -0.123744 0.070000 0.053033 -0.123744 0.075000 0.056569 -0.127279 0.075000 
0.053033 -0.123744 0.070000 0.049497 -0.120208 0.070000 0.049497 -0.120208 0.075000 0.053033 -0.123744 0.075000 
0.049497 -0.120208 0.070000 0.045962 -0.116673 0.070000 0.045962 -0.116673 0.075000 0.049497 -0.120208 0.075000 
0.045962 -0.116673 0.070000 0.042426 -0.113137 0.070000 0.042426 -0.113137 0.075000 0.045962 -0.116673 0.075000 
0.042426 -0.113137 0.070000 0.038891 -0.109602 0.070000 0.038891 -0.109602 0.075000 0.042426 -0.113137 0.075000 
0.038891 -0.109602 0.070000 0.035355 -0.106066 0.070000 0.035355 -0.106066 0.075000 0.038891 -0.109602 0.075000 
0.035355 -0.106066 0.070000 0.031820 -0.102530 0.070000 0.031820 -0.102530 0.075000 0.035355 -0.106066 0.075000 
0.031820 -0.102530 0.070000 0.028284 -0.098995 0.070000 0.028284 -0.098995 0.075000 0.031820 -0.102530 0.075000 
0.028284 -0.098995 0.070000 0.024749 -0.095459 0.070000 0.024749 -0.095459 0.075000 0.028284 -0.098995 0.075000 
0.024749 -0.095459 0.070000 0.021213 -0.091924 0.070000 0.021213 -0.091924 0.075000 0.024749 -0.095459 0.075000 
0.021213 -0.091924 0.070000 0.017678 -0.088388 0.070000 0.017678 -0.088388 0.075000 0.021213 -0.091924 0.075000 
0.017678 -0.088388 0.070000 0.014142 -0.084853 0.070000 0.014142 -0.084853 0.075000 0.017678 -0.088388 0.075000 
0.014142 -0.084853 0.070000 0.010607 -0.081317 0.070000 0.010607 -0.081317 0.075000 0.014142 -0.084853 0.075000 
0.010607 -0.081317 0.070000 0.007071 -0.077782 0.070000 0.007071 -0.077782 0.075000 0.010607 -0.081317 0.075000 
0.007071 -0.077782 0.070000 0.003536 -0.074246 0.070000 0.003536 -0.074246 0.075000 0.007071 -0.077782 0.075000 
0.003536 -0.074246 0.070000 0.000000 -0.070711 0.070000 0.000000 -0.070711 0.075000 0.003536 -0.074246 0.075000 
0.000000 -0.070711 0.070000 -0.003536 -0.067175 0.070000 -0.003536 -0.067175 0.075000 0.000000 -0.070711 0.075000 
-0.003536 -0.067175 0.070000 -0.007071 -0.063640 0.070000 -0.007071 -0.063640 0.075000 -0.003536 -0.067175 0.075000 
-0.007071 -0.063640 0.070000 -0.010607 -0.060104 0.070000 -0.010607 -0.060104 0.075000 -0.007071 -0.063640 0.075000 
-0.010607 -0.060104 0.070000 -0.014142 -0.056569 0.070000 -0.014142 -0.056569 0.075000 -0.010607 -0.060104 0.075000 
-0.014142 -0.056569 0.070000 -0.017678 -0.053033 0.070000 -0.017678 -0.053033 0.075000 -0.014142 -0.056569 0.075000 
-0.017678 -0.053033 0.070000 -0.021213 -0.049497 0.070000 -0.021213 -0.049497 0.075000 -0.017678 -0.053033 0.075000 
-0.021213 -0.049497 0.070000 -0.024749 -0.045962 0.070000 -0.024749 -0.045962 0.075000 -0.021213 -0.049497 0.075000 
-0.024749 -0.045962 0.070000 -0.028284 -0.042426 0.070000 -0.028284 -0.042426 0.075000 -0.024749 -0.045962 0.075000 
-0.028284 -0.042426 0.070000 -0.031820 -0.038891 0.070000 -0.031820 -0.038891 0.075000 -0.028284 -0.042426 0.075000 
-0.031820 -0.038891 0.070000 -0.035355 -0.035355 0.070000 -0.035355 -0.035355 0.075000 -0.031820 -0.038891 0.075000 
-0.035355 -0.035355 0.070000 -0.038891 -0.031820 0.070000 -0.038891 -0.031820 0.075000 -0.035355 -0.035355 0.075000 
-0.038891 -0.031820 0.070000 -0.042426 -0.028284 0.070000 -0.042426 -0.028284 0.075000 -0.038891 -0.031820 0.075000 
-0.042426 -0.028284 0.070000 -0.045962 -0.024749 0.070000 -0.045962 -0.024749 0.075000 -0.042426 -0.028284 0.075000 
-0.045962 -0.024749 0.070000 -0.049497 -0.021213 0.070000 -0.049497 -0.021213 0.075000 -0.045962 -0.024749 0.075000 
-0.049497 -0.021213 0.070000 -0.053033 -0.017678 0.070000 -0.053033 -0.017678 0.075000 -0.049497 -0.021213 0.075000 
-0.053033 -0.017678 0.070000 -0.056569 -0.014142 0.070000 -0.056569 -0.014142 0.075000 -0.053033 -0.017678 0.075000 
-0.056569 -0.014142 0.070000 -0.060104 -0.010607 0.070000 -0.060104 -0.010607 0.075000 -0.056569 -0.014142 0.075000 
-0.060104 -0.010607 0.070000 -0.063640 -0.007071 0.070000 -0.063640 -0.007071 0.075000 -0.060104 -0.010607 0.075000 
-0.063640 -0.007071 0.070000 -0.067175 -0.003536 0.070000 -0.067175 -0.003536 0.075000 -0.063640 -0.007071 0.075000 
-0.067175 -0.003536 0.070000 -0.070711 -0.000000 0.070000 -0.070711 -0.000000 0.075000 -0.067175 -0.003536 0.075000 
0.070711 -0.141421 0.065000 0.067175 -0.137886 0.065000 0.067175 -0.137886 0.070000 0.070711 -0.141421 0.070000 
0.067175 -0.137886 0.065000 0.063640 -0.134350 0.065000 0.063640 -0.134350 0.070000 0.067175 -0.137886 0.070000 
0.063640 -0.134350 0.065000 0.060104 -0.130815 0.065000 0.060104 -0.130815 0.070000 0.063640 -0.134350 0.070000 
0.060104 -0.130815 0.065000 0.056569 -0.127279 0.065000 0.056569 -0.127279 0.070000 0.060104 -0.130815 0.070000 
0.056569 -0.127279 0.065000 0.053033 -0.123744 0.065000 0.053033 -0.123744 0.070000 0.056569 -0.127279 0.070000 
0.053033 -0.123744 0.065000 0.049497 -0.120208 0.065000 0.049497 -0.120208 0.070000 0.053033 -0.123744 0.070000 
0.049497 -0.120208 0.065000 0.045962 -0.116673 0.065000 0.045962 -0.116673 0.070000 0.049497 -0.120208 0.070000 
0.045962 -0.116673 0.065000 0.042426 -0.113137 0.065000 0.042426 -0.113137 0.070000 0.045962 -0.116673 0.070000 
0.042426 -0.113137 0.065000 0.038891 -0.109602 0.065000 0.038891 -0.109602 0.070000 0.042426 -0.113137 0.070000 
0.038891 -0.109602 0.065000 0.035355 -0.106066 0.065000 0.035355 -0.106066 0.070000 0.038891 -0.109602 0.070000 
0.035355 -0.106066 0.065000 0.031820 -0.102530 0.065000 0.031820 -0.102530 0.070000 0.035355 -0.106066 0.070000 
0.031820 -0.102530 0.065000 0.028284 -0.098995 0.065000 0.028284 -0.098995 0.070000 0.031820 -0.102530 0.070000 
0.028284 -0.098995 0.065000 0.024749 -0.095459 0.065000 0.024749 -0.095459 0.070000 0.028284 -0.098995 0.070000 
0.024749 -0.095459 0.065000 0.021213 -0.091924 0.065000 0.021213 -0.091924 0.070000 0.024749 -0.095459 0.070000 
0.021213 -0.091924 0.065000 0.017678 -0.088388 0.065000 0.017678 -0.088388 0.070000 0.021213 -0.091924 0.070000 
0.017678 -0.088388 0.065000 0.014142 -0.084853 0.065000 0.014142 -0.084853 0.070000 0.017678 -0.088388 0.070000 
0.014142 -0.084853 0.065000 0.010607 -0.081317 0.065000 0.010607 -0.081317 0.070000 0.014142 -0.084853 0.070000 
0.010607 -0.081317 0.065000 0.007071 -0.077782 0.065000 0.007071 -0.077782 0.070000 0.010607 -0.081317 0.070000 
0.007071 -0.077782 0.065000 0.003536 -0.074246 0.065000 0.003536 -0.074246 0.070000 0.007071 -0.077782 0.070000 
0.003536 -0.074246 0.065000 0.000000 -0.070711 0.065000 0.000000 -0.070711 0.070000 0.003536 -0.074246 0.070000 
0.000000 -0.070711 0.065000 -0.003536 -0.067175 0.065000 -0.003536 -0.067175 0.070000 0.000000 -0.070711 0.070000 
-0.003536 -0.067175 0.065000 -0.007071 -0.063640 0.065000 -0.007071 -0.063640 0.070000 -0.003536 -0.067175 0.070000 
-0.007071 -0.063640 0.065000 -0.010607 -0.060104 0.065000 -0.010607 -0.060104 0.070000 -0.007071 -0.063640 0.070000 
-0.010607 -0.060104 0.065000 -0.014142 -0.056569 0.065000 -0.014142 -0.056569 0.070000 -0.010607 -0.060104 0.070000 
-0.014142 -0.056569 0.065000 -0.017678 -0.053033 0.065000 -0.017678 -0.053033 0.070000 -0.014142 -0.056569 0.070000 
-0.017678 -0.053033 0.065000 -0.021213 -0.049497 0.065000 -0.021213 -0.049497 0.070000 -0.017678 -0.053033 0.070000 
-0.021213 -0.049497 0.065000 -0.024749 -0.045962 0.065000 -0.024749 -0.045962 0.070000 -0.021213 -0.049497 0.070000 
-0.024749 -0.045962 0.065000 -0.028284 -0.042426 0.065000 -0.028284 -0.042426 0.070000 -0.024749 -0.045962 0.070000 
-0.028284 -0.042426 0.065000 -0.031820 -0.038891 0.065000 -0.031820 -0.038891 0.070000 -0.028284 -0.042426 0.070000 
-0.031820 -0.038891 0.065000 -0.035355 -0.035355 0.065000 -0.035355 -0.035355 0.070000 -0.031820 -0.038891 0.070000 
-0.035355 -0.035355 0.065000 -0.038891 -0.031820 0.065000 -0.038891 -0.031820 0.070000 -0.035355 -0.035355 0.070000 
-0.038891 -0.031820 0.065000 -0.042426 -0.028284 0.065000 -0.042426 -0.028284 0.070000 -0.038891 -0.031820 0.070000 
-0.042426 -0.028284 0.065000 -0.045962 -0.024749 0.065000 -0.045962 -0.024749 0.070000 -0.042426 -0.028284 0.070000 
-0.045962 -0.024749 0.065000 -0.049497 -0.021213 0.065000 -0.049497 -0.021213 0.070000 -0.045962 -0.024749 0.070000 
-0.049497 -0.021213 0.065000 -0.053033 -0.017678 0.065000 -0.053033 -0.017678 0.070000 -0.049497 -0.021213 0.070000 
-0.053033 -0.017678 0.065000 -0.056569 -0.014142 0.065000 -0.056569 -0.014142 0.070000 -0.053033 -0.017678 0.070000 
-0.056569 -0.014142 0.065000 -0.060104 -0.010607 0.065000 -0.060104 -0.010607 0.070000 -0.056569 -0.014142 0.070000 
-0.060104 -0.010607 0.065000 -0.063640 -0.007071 0.065000 -0.063640 -0.007071 0.070000 -0.060104 -0.010607 0.070000 
-0.063640 -0.007071 0.065000 -0.067175 -0.003536 0.065000 -0.067175 -0.003536 0.070000 -0.063640 -0.007071 0.070000 
-0.067175 -0.003536 0.065000 -0.070711 -0.000000 0.065000 -0.070711 -0.000000 0.070000 -0.067175 -0.003536 0.070000 
0.070711 -0.141421 0.060000 0.067175 -0.137886 0.060000 0.067175 -0.137886 0.065000 0.070711 -0.141421 0.065000 
0.067175 -0.137886 0.060000 0.063640 -0.134350 0.060000 0.063640 -0.134350 0.065000 0.067175 -0.137886 0.065000 
0.063640 -0.134350 0.060000 0.060104 -0.130815 0.060000 0.060104 -0.130815 0.065000 0.063640 -0.134350 0.065000 
0.060104 -0.130815 0.060000 0.056569 -0.127279 0.060000 0.056569 -0.127279 0.065000 0.060104 -0.130815 0.065000 
0.056569 -0.127279 0.060000 0.053033 -0.123744 0.060000 0.053033 -0.123744 0.065000 0.056569 -0.127279 0.065000 
0.053033 -0.123744 0.060000 0.049497 -0.120208 0.060000 0.049497 -0.120208 0.065000 0.053033 -0.123744 0.065000 
0.049497 -0.120208 0.060000 0.045962 -0.116673 0.060000 0.045962 -0.116673 0.065000 0.049497 -0.120208 0.065000 
0.045962 -0.116673 0.060000 0.042426 -0.113137 0.060000 0.042426 -0.113137 0.065000 0.045962 -0.116673 0.065000 
0.042426 -0.113137 0.060000 0.038891 -0.109602 0.060000 0.038891 -0.109602 0.065000 0.042426 -0.113137 0.065000 
0.038891 -0.109602 0.060000 0.035355 -0.106066 0.060000 0.035355 -0.106066 0.065000 0.038891 -0.109602 0.065000 
0.035355 -0.106066 0.060000 0.031820 -0.102530 0.060000 0.031820 -0.102530 0.065000 0.035355 -0.106066 0.065000 
0.031820 -0.102530 0.060000 0.028284 -0.098995 0.060000 0.028284 -0.098995 0.065000 0.031820 -0.102530 0.065000 
0.028284 -0.098995 0.060000 0.024749 -0.095459 0.060000 0.024749 -0.095459 0.065000 0.028284 -0.098995 0.065000 
0.024749 -0.095459 0.060000 0.021213 -0.091924 0.060000 0.021213 -0.091924 0.065000 0.024749 -0.095459 0.065000 
0.021213 -0.091924 0.060000 0.017678 -0.088388 0.060000 0.017678 -0.088388 0.065000 0.021213 -0.091924 0.065000 
0.017678 -0.088388 0.060000 0.014142 -0.084853 0.060000 0.014142 -0.084853 0.065000 0.017678 -0.088388 0.065000 
0.014142 -0.084853 0.060000 0.010607 -0.081317 0.060000 0.010607 -0.081317 0.065000 0.014142 -0.084853 0.065000 
0.010607 -0.081317 0.060000 0.007071 -0.077782 0.060000 0.007071 -0.077782 0.065000 0.010607 -0.081317 0.065000 
0.007071 -0.077782 0.060000 0.003536 -0.074246 0.060000 0.003536 -0.074246 0.065000 0.007071 -0.077782 0.065000 
0.003536 -0.074246 0.060000 0.000000 -0.070711 0.060000 0.000000 -0.070711 0.065000 0.003536 -0.074246 0.065000 
0.000000 -0.070711 0.060000 -0.003536 -0.067175 0.060000 -0.003536 -0.067175 0.065000 0.000000 -0.070711 0.065000 
-0.003536 -0.067175 0.060000 -0.007071 -0.063640 0.060000 -0.007071 -0.063640 0.065000 -0.003536 -0.067175 0.065000 
-0.007071 -0.063640 0.060000 -0.010607 -0.060104 0.060000 -0.010607 -0.060104 0.065000 -0.007071 -0.063640 0.065000 
-0.010607 -0.060104 0.060000 -0.014142 -0.056569 0.060000 -0.014142 -0.056569 0.065000 -0.010607 -0.060104 0.065000 
-0.014142 -0.056569 0.060000 -0.017678 -0.053033 0.060000 -0.017678 -0.053033 0.065000 -0.014142 -0.056569 0.065000 
-0.017678 -0.053033 0.060000 -0.021213 -0.049497 0.060000 -0.021213 -0.049497 0.065000 -0.017678 -0.053033 0.065000 
-0.021213 -0.049497 0.060000 -0.024749 -0.045962 0.060000 -0.024749 -0.045962 0.065000 -0.021213 -0.049497 0.065000 
-0.024749 -0.045962 0.060000 -0.028284 -0.042426 0.060000 -0.028284 -0.042426 0.065000 -0.024749 -0.045962 0.065000 
-0.028284 -0.042426 0.060000 -0.031820 -0.038891 0.060000 -0.031820 -0.038891 0.065000 -0.028284 -0.042426 0.065000 
-0.031820 -0.038891 0.060000 -0.035355 -0.035355 0.060000 -0.035355 -0.035355 0.065000 -0.031820 -0.038891 0.065000 
-0.035355 -0.035355 0.060000 -0.038891 -0.031820 0.060000 -0.038891 -0.031820 0.065000 -0.035355 -0.035355 0.065000 
-0.038891 -0.031820 0.060000 -0.042426 -0.028284 0.060000 -0.042426 -0.028284 0.065000 -0.038891 -0.031820 0.065000 
-0.042426 -0.028284 0.060000 -0.045962 -0.024749 0.060000 -0.045962 -0.024749 0.065000 -0.042426 -0.028284 0.065000 
-0.045962 -0.024749 0.060000 -0.049497 -0.021213 0.060000 -0.049497 -0.021213 0.065000 -0.045962 -0.024749 0.065000 
-0.049497 -0.021213 0.060000 -0.053033 -0.017678 0.060000 -0.053033 -0.017678 0.065000 -0.049497 -0.021213 0.065000 
-0.053033 -0.017678 0.060000 -0.056569 -0.014142 0.060000 -0.056569 -0.014142 0.065000 -0.053033 -0.017678 0.065000 
-0.056569 -0.014142 0.060000 -0.060104 -0.010607 0.060000 -0.060104 -0.010607 0.065000 -0.056569 -0.014142 0.065000 
-0.060104 -0.010607 0.060000 -0.063640 -0.007071 0.060000 -0.063640 -0.007071 0.065000 -0.060104 -0.010607 0.065000 
-0.063640 -0.007071 0.060000 -0.067175 -0.003536 0.060000 -0.067175 -0.003536 0.065000 -0.063640 -0.007071 0.065000 
-0.067175 -0.003536 0.060000 -0.070711 -0.000000 0.060000 -0.070711 -0.000000 0.065000 -0.067175 -0.003536 0.065000 
0.070711 -0.141421 0.055000 0.067175 -0.137886 0.055000 0.067175 -0.137886 0.060000 0.070711 -0.141421 0.060000 
0.067175 -0.137886 0.055000 0.063640 -0.134350 0.055000 0.063640 -0.134350 0.060000 0.067175 -0.137886 0.060000 
0.063640 -0.134350 0.055000 0.060104 -0.130815 0.055000 0.060104 -0.130815 0.060000 0.063640 -0.134350 0.060000 
0.060104 -0.130815 0.055000 0.056569 -0.127279 0.055000 0.056569 -0.127279 0.060000 0.060104 -0.130815 0.060000 
0.056569 -0.127279 0.055000 0.053033 -0.123744 0.055000 0.053033 -0.123744 0.060000 0.056569 -0.127279 0.060000 
0.053033 -0.123744 0.055000 0.049497 -0.120208 0.055000 0.049497 -0.120208 0.060000 0.053033 -0.123744 0.060000 
0.049497 -0.120208 0.055000 0.045962 -0.116673 0.055000 0.045962 -0.116673 0.060000 0.049497 -0.120208 0.060000 
0.045962 -0.116673 0.055000 0.042426 -0.113137 0.055000 0.042426 -0.113137 0.060000 0.045962 -0.116673 0.060000 
0.042426 -0.113137 0.055000 0.038891 -0.109602 0.055000 0.038891 -0.109602 0.060000 0.042426 -0.113137 0.060000 
0.038891 -0.109602 0.055000 0.035355 -0.106066 0.055000 0.035355 -0.106066 0.060000 0.038891 -0.109602 0.060000 
0.035355 -0.106066 0.055000 0.031820 -0.102530 0.055000 0.031820 -0.102530 0.060000 0.035355 -0.106066 0.060000 
0.031820 -0.102530 0.055000 0.028284 -0.098995 0.055000 0.028284 -0.098995 0.060000 0.031820 -0.102530 0.060000 
0.028284 -0.098995 0.055000 0.024749 -0.095459 0.055000 0.024749 -0.095459 0.060000 0.028284 -0.098995 0.060000 
0.024749 -0.095459 0.055000 0.021213 -0.091924 0.055000 0.021213 -0.091924 0.060000 0.024749 -0.095459 0.060000 
0.021213 -0.091924 0.055000 0.017678 -0.088388 0.055000 0.017678 -0.088388 0.060000 0.021213 -0.091924 0.060000 
0.017678 -0.088388 0.055000 0.014142 -0.084853 0.055000 0.014142 -0.084853 0.060000 0.017678 -0.088388 0.060000 
0.014142 -0.084853 0.055000 0.010607 -0.081317 0.055000 0.010607 -0.081317 0.060000 0.014142 -0.084853 0.060000 
0.010607 -0.081317 0.055000 0.007071 -0.077782 0.055000 0.007071 -0.077782 0.060000 0.010607 -0.081317 0.060000 
0.007071 -0.077782 0.055000 0.003536 -0.074246 0.055000 0.003536 -0.074246 0.060000 0.007071 -0.077782 0.060000 
0.003536 -0.074246 0.055000 0.000000 -0.070711 0.055000 0.000000 -0.070711 0.060000 0.003536 -0.074246 0.060000 
0.000000 -0.070711 0.055000 -0.003536 -0.067175 0.055000 -0.003536 -0.067175 0.060000 0.000000 -0.070711 0.060000 
-0.003536 -0.067175 0.055000 -0.007071 -0.063640 0.055000 -0.007071 -0.063640 0.060000 -0.003536 -0.067175 0.060000 
-0.007071 -0.063640 0.055000 -0.010607 -0.060104 0.055000 -0.010607 -0.060104 0.060000 -0.007071 -0.063640 0.060000 
-0.010607 -0.060104 0.055000 -0.014142 -0.056569 0.055000 -0.014142 -0.056569 0.060000 -0.010607 -0.060104 0.060000 
-0.014142 -0.056569 0.055000 -0.017678 -0.053033 0.055000 -0.017678 -0.053033 0.060000 -0.014142 -0.056569 0.060000 
-0.017678 -0.053033 0.055000 -0.021213 -0.049497 0.055000 -0.021213 -0.049497 0.060000 -0.017678 -0.053033 0.060000 
-0.021213 -0.049497 0.055000 -0.024749 -0.045962 0.055000 -0.024749 -0.045962 0.060000 -0.021213 -0.049497 0.060000 
-0.024749 -0.045962 0.055000 -0.028284 -0.042426 0.055000 -0.028284 -0.042426 0.060000 -0.024749 -0.045962 0.060000 
-0.028284 -0.042426 0.055000 -0.031820 -0.038891 0.055000 -0.031820 -0.038891 0.060000 -0.028284 -0.042426 0.060000 
-0.031820 -0.038891 0.055000 -0.035355 -0.035355 0.055000 -0.035355 -0.035355 0.060000 -0.031820 -0.038891 0.060000 
-0.035355 -0.035355 0.055000 -0.038891 -0.031820 0.055000 -0.038891 -0.031820 0.060000 -0.035355 -0.035355 0.060000 
-0.038891 -0.031820 0.055000 -0.042426 -0.028284 0.055000 -0.042426 -0.028284 0.060000 -0.038891 -0.031820 0.060000 
-0.042426 -0.028284 0.055000 -0.045962 -0.024749 0.055000 -0.045962 -0.024749 0.060000 -0.042426 -0.028284 0.060000 
-0.045962 -0.024749 0.055000 -0.049497 -0.021213 0.055000 -0.049497 -0.021213 0.060000 -0.045962 -0.024749 0.060000 
-0.049497 -0.021213 0.055000 -0.053033 -0.017678 0.055000 -0.053033 -0.017678 0.060000 -0.049497 -0.021213 0.060000 
-0.053033 -0.017678 0.055000 -0.056569 -0.014142 0.055000 -0.056569 -0.014142 0.060000 -0.053033 -0.017678 0.060000 
-0.056569 -0.014142 0.055000 -0.060104 -0.010607 0.055000 -0.060104 -0.010607 0.060000 -0.056569 -0.014142 0.060000 
-0.060104 -0.010607 0.055000 -0.063640 -0.007071 0.055000 -0.063640 -0.007071 0.060000 -0.060104 -0.010607 0.060000 
-0.063640 -0.007071 0.055000 -0.067175 -0.003536 0.055000 -0.067175 -0.003536 0.060000 -0.063640 -0.007071 0.060000 
-0.067175 -0.003536 0.055000 -0.070711 -0.000000 0.055000 -0.070711 -0.000000 0.060000 -0.067175 -0.003536 0.060000 
0.070711 -0.141421 0.050000 0.067175 -0.137886 0.050000 0.067175 -0.137886 0.055000 0.070711 -0.141421 0.055000 
0.067175 -0.137886 0.050000 0.063640 -0.134350 0.050000 0.063640 -0.134350 0.055000 0.067175 -0.137886 0.055000 
0.063640 -0.134350 0.050000 0.060104 -0.130815 0.050000 0.060104 -0.130815 0.055000 0.063640 -0.134350 0.055000 
0.060104 -0.130815 0.050000 0.056569 -0.127279 0.050000 0.056569 -0.127279 0.055000 0.060104 -0.130815 0.055000 
0.056569 -0.127279 0.050000 0.053033 -0.123744 0.050000 0.053033 -0.123744 0.055000 0.056569 -0.127279 0.055000 
0.053033 -0.123744 0.050000 0.049497 -0.120208 0.050000 0.049497 -0.120208 0.055000 0.053033 -0.123744 0.055000 
0.049497 -0.120208 0.050000 0.045962 -0.116673 0.050000 0.045962 -0.116673 0.055000 0.049497 -0.120208 0.055000 
0.045962 -0.116673 0.050000 0.042426 -0.113137 0.050000 0.042426 -0.113137 0.055000 0.045962 -0.116673 0.055000 
0.042426 -0.113137 0.050000 0.038891 -0.109602 0.050000 0.038891 -0.109602 0.055000 0.042426 -0.113137 0.055000 
0.038891 -0.109602 0.050000 0.035355 -0.106066 0.050000 0.035355 -0.106066 0.055000 0.038891 -0.109602 0.055000 
0.035355 -0.106066 0.050000 0.031820 -0.102530 0.050000 0.031820 -0.102530 0.055000 0.035355 -0.106066 0.055000 
0.031820 -0.102530 0.050000 0.028284 -0.098995 0.050000 0.028284 -0.098995 0.055000 0.031820 -0.102530 0.055000 
0.028284 -0.098995 0.050000 0.024749 -0.095459 0.050000 0.024749 -0.095459 0.055000 0.028284 -0.098995 0.055000 
0.024749 -0.095459 0.050000 0.021213 -0.091924 0.050000 0.021213 -0.091924 0.055000 0.024749 -0.095459 0.055000 
0.021213 -0.091924 0.050000 0.017678 -0.088388 0.050000 0.017678 -0.088388 0.055000 0.021213 -0.091924 0.055000 
0.017678 -0.088388 0.050000 0.014142 -0.084853 0.050000 0.014142 -0.084853 0.055000 0.017678 -0.088388 0.055000 
0.014142 -0.084853 0.050000 0.010607 -0.081317 0.050000 0.010607 -0.081317 0.055000 0.014142 -0.084853 0.055000 
0.010607 -0.081317 0.050000 0.007071 -0.077782 0.050000 0.007071 -0.077782 0.055000 0.010607 -0.081317 0.055000 
0.007071 -0.077782 0.050000 0.003536 -0.074246 0.050000 0.003536 -0.074246 0.055000 0.007071 -0.077782 0.055000 
0.003536 -0.074246 0.050000 0.000000 -0.070711 0.050000 0.000000 -0.070711 0.055000 0.003536 -0.074246 0.055000 
0.000000 -0.070711 0.050000 -0.003536 -0.067175 0.050000 -0.003536 -0.067175 0.055000 0.000000 -0.070711 0.055000 
-0.003536 -0.067175 0.050000 -0.007071 -0.063640 0.050000 -0.007071 -0.063640 0.055000 -0.003536 -0.067175 0.055000 
-0.007071 -0.063640 0.050000 -0.010607 -0.060104 0.050000 -0.010607 -0.060104 0.055000 -0.007071 -0.063640 0.055000 
-0.010607 -0.060104 0.050000 -0.014142 -0.056569 0.050000 -0.014142 -0.056569 0.055000 -0.010607 -0.060104 0.055000 
-0.014142 -0.056569 0.050000 -0.017678 -0.053033 0.050000 -0.017678 -0.053033 0.055000 -0.014142 -0.056569 0.055000 
-0.017678 -0.053033 0.050000 -0.021213 -0.049497 0.050000 -0.021213 -0.049497 0.055000 -0.017678 -0.053033 0.055000 
-0.021213 -0.049497 0.050000 -0.024749 -0.045962 0.050000 -0.024749 -0.045962 0.055000 -0.021213 -0.049497 0.055000 
-0.024749 -0.045962 0.050000 -0.028284 -0.042426 0.050000 -0.028284 -0.042426 0.055000 -0.024749 -0.045962 0.055000 
-0.028284 -0.042426 0.050000 -0.031820 -0.038891 0.050000 -0.031820 -0.038891 0.055000 -0.028284 -0.042426 0.055000 
-0.031820 -0.038891 0.050000 -0.035355 -0.035355 0.050000 -0.035355 -0.035355 0.055000 -0.031820 -0.038891 0.055000 
-0.035355 -0.035355 0.050000 -0.038891 -0.031820 0.050000 -0.038891 -0.031820 0.055000 -0.035355 -0.035355 0.055000 
-0.038891 -0.031820 0.050000 -0.042426 -0.028284 0.050000 -0.042426 -0.028284 0.055000 -0.038891 -0.031820 0.055000 
-0.042426 -0.028284 0.050000 -0.045962 -0.024749 0.050000 -0.045962 -0.024749 0.055000 -0.042426 -0.028284 0.055000 
-0.045962 -0.024749 0.050000 -0.049497 -0.021213 0.050000 -0.049497 -0.021213 0.055000 -0.045962 -0.024749 0.055000 
-0.049497 -0.021213 0.050000 -0.053033 -0.017678 0.050000 -0.053033 -0.017678 0.055000 -0.049497 -0.021213 0.055000 
-0.053033 -0.017678 0.050000 -0.056569 -0.014142 0.050000 -0.056569 -0.014142 0.055000 -0.053033 -0.017678 0.055000 
-0.056569 -0.014142 0.050000 -0.060104 -0.010607 0.050000 -0.060104 -0.010607 0.055000 -0.056569 -0.014142 0.055000 
-0.060104 -0.010607 0.050000 -0.063640 -0.007071 0.050000 -0.063640 -0.007071 0.055000 -0.060104 -0.010607 0.055000 
-0.063640 -0.007071 0.050000 -0.067175 -0.003536 0.050000 -0.067175 -0.003536 0.055000 -0.063640 -0.007071 0.055000 
-0.067175 -0.003536 0.050000 -0.070711 -0.000000 0.050000 -0.070711 -0.000000 0.055000 -0.067175 -0.003536 0.055000 
0.070711 -0.141421 0.045000 0.067175 -0.137886 0.045000 0.067175 -0.137886 0.050000 0.070711 -0.141421 0.050000 
0.067175 -0.137886 0.045000 0.063640 -0.134350 0.045000 0.063640 -0.134350 0.050000 0.067175 -0.137886 0.050000 
0.063640 -0.134350 0.045000 0.060104 -0.130815 0.045000 0.060104 -0.130815 0.050000 0.063640 -0.134350 0.050000 
0.060104 -0.130815 0.045000 0.056569 -0.127279 0.045000 0.056569 -0.127279 0.050000 0.060104 -0.130815 0.050000 
0.056569 -0.127279 0.045000 0.053033 -0.123744 0.045000 0.053033 -0.123744 0.050000 0.056569 -0.127279 0.050000 
0.053033 -0.123744 0.045000 0.049497 -0.120208 0.045000 0.049497 -0.120208 0.050000 0.053033 -0.123744 0.050000 
0.049497 -0.120208 0.045000 0.045962 -0.116673 0.045000 0.045962 -0.116673 0.050000 0.049497 -0.120208 0.050000 
0.045962 -0.116673 0.045000 0.042426 -0.113137 0.045000 0.042426 -0.113137 0.050000 0.045962 -0.116673 0.050000 
0.042426 -0.113137 0.045000 0.038891 -0.109602 0.045000 0.038891 -0.109602 0.050000 0.042426 -0.113137 0.050000 
0.038891 -0.109602 0.045000 0.035355 -0.106066 0.045000 0.035355 -0.106066 0.050000 0.038891 -0.109602 0.050000 
0.035355 -0.106066 0.045000 0.031820 -0.102530 0.045000 0.031820 -0.102530 0.050000 0.035355 -0.106066 0.050000 
0.031820 -0.102530 0.045000 0.028284 -0.098995 0.045000 0.028284 -0.098995 0.050000 0.031820 -0.102530 0.050000 
0.028284 -0.098995 0.045000 0.024749 -0.095459 0.045000 0.024749 -0.095459 0.050000 0.028284 -0.098995 0.050000 
0.024749 -0.095459 0.045000 0.021213 -0.091924 0.045000 0.021213 -0.091924 0.050000 0.024749 -0.095459 0.050000 
0.021213 -0.091924 0.045000 0.017678 -0.088388 0.045000 0.017678 -0.088388 0.050000 0.021213 -0.091924 0.050000 
0.017678 -0.088388 0.045000 0.014142 -0.084853 0.045000 0.014142 -0.084853 0.050000 0.017678 -0.088388 0.050000 
0.014142 -0.084853 0.045000 0.010607 -0.081317 0.045000 0.010607 -0.081317 0.050000 0.014142 -0.084853 0.050000 
0.010607 -0.081317 0.045000 0.007071 -0.077782 0.045000 0.007071 -0.077782 0.050000 0.010607 -0.081317 0.050000 
0.007071 -0.077782 0.045000 0.003536 -0.074246 0.045000 0.003536 -0.074246 0.050000 0.007071 -0.077782 0.050000 
0.003536 -0.074246 0.045000 0.000000 -0.070711 0.045000 0.000000 -0.070711 0.050000 0.003536 -0.074246 0.050000 
0.000000 -0.070711 0.045000 -0.003536 -0.067175 0.045000 -0.003536 -0.067175 0.050000 0.000000 -0.070711 0.050000 
-0.003536 -0.067175 0.045000 -0.007071 -0.063640 0.045000 -0.007071 -0.063640 0.050000 -0.003536 -0.067175 0.050000 
-0.007071 -0.063640 0.045000 -0.010607 -0.060104 0.045000 -0.010607 -0.060104 0.050000 -0.007071 -0.063640 0.050000 
-0.010607 -0.060104 0.045000 -0.014142 -0.056569 0.045000 -0.014142 -0.056569 0.050000 -0.010607 -0.060104 0.050000 
-0.014142 -0.056569 0.045000 -0.017678 -0.053033 0.045000 -0.017678 -0.053033 0.050000 -0.014142 -0.056569 0.050000 
-0.017678 -0.053033 0.045000 -0.021213 -0.049497 0.045000 -0.021213 -0.049497 0.050000 -0.017678 -0.053033 0.050000 
-0.021213 -0.049497 0.045000 -0.024749 -0.045962 0.045000 -0.024749 -0.045962 0.050000 -0.021213 -0.049497 0.050000 
-0.024749 -0.045962 0.045000 -0.028284 -0.042426 0.045000 -0.028284 -0.042426 0.050000 -0.024749 -0.045962 0.050000 
-0.028284 -0.042426 0.045000 -0.031820 -0.038891 0.045000 -0.031820 -0.038891 0.050000 -0.028284 -0.042426 0.050000 
-0.031820 -0.038891 0.045000 -0.035355 -0.035355 0.045000 -0.035355 -0.035355 0.050000 -0.031820 -0.038891 0.050000 
-0.035355 -0.035355 0.045000 -0.038891 -0.031820 0.045000 -0.038891 -0.031820 0.050000 -0.035355 -0.035355 0.050000 
-0.038891 -0.031820 0.045000 -0.042426 -0.028284 0.045000 -0.042426 -0.028284 0.050000 -0.038891 -0.031820 0.050000 
-0.042426 -0.028284 0.045000 -0.045962 -0.024749 0.045000 -0.045962 -0.024749 0.050000 -0.042426 -0.028284 0.050000 
-0.045962 -0.024749 0.045000 -0.049497 -0.021213 0.045000 -0.049497 -0.021213 0.050000 -0.045962 -0.024749 0.050000 
-0.049497 -0.021213 0.045000 -0.053033 -0.017678 0.045000 -0.053033 -0.017678 0.050000 -0.049497 -0.021213 0.050000 
-0.053033 -0.017678 0.045000 -0.056569 -0.014142 0.045000 -0.056569 -0.014142 0.050000 -0.053033 -0.017678 0.050000 
-0.056569 -0.014142 0.045000 -0.060104 -0.010607 0.045000 -0.060104 -0.010607 0.050000 -0.056569 -0.014142 0.050000 
-0.060104 -0.010607 0.045000 -0.063640 -0.007071 0.045000 -0.063640 -0.007071 0.050000 -0.060104 -0.010607 0.050000 
-0.063640 -0.007071 0.045000 -0.067175 -0.003536 0.045000 -0.067175 -0.003536 0.050000 -0.063640 -0.007071 0.050000 
-0.067175 -0.003536 0.045000 -0.070711 -0.000000 0.045000 -0.070711 -0.000000 0.050000 -0.067175 -0.003536 0.050000 
0.070711 -0.141421 0.040000 0.067175 -0.137886 0.040000 0.067175 -0.137886 0.045000 0.070711 -0.141421 0.045000 
0.067175 -0.137886 0.040000 0.063640 -0.134350 0.040000 0.063640 -0.134350 0.045000 0.067175 -0.137886 0.045000 
0.063640 -0.134350 0.040000 0.060104 -0.130815 0.040000 0.060104 -0.130815 0.045000 0.063640 -0.134350 0.045000 
0.060104 -0.130815 0.040000 0.056569 -0.127279 0.040000 0.056569 -0.127279 0.045000 0.060104 -0.130815 0.045000 
0.056569 -0.127279 0.040000 0.053033 -0.123744 0.040000 0.053033 -0.123744 0.045000 0.056569 -0.127279 0.045000 
0.053033 -0.123744 0.040000 0.049497 -0.120208 0.040000 0.049497 -0.120208 0.045000 0.053033 -0.123744 0.045000 
0.049497 -0.120208 0.040000 0.045962 -0.116673 0.040000 0.045962 -0.116673 0.045000 0.049497 -0.120208 0.045000 
0.045962 -0.116673 0.040000 0.042426 -0.113137 0.040000 0.042426 -0.113137 0.045000 0.045962 -0.116673 0.045000 
0.042426 -0.113137 0.040000 0.038891 -0.109602 0.040000 0.038891 -0.109602 0.045000 0.042426 -0.113137 0.045000 
0.038891 -0.109602 0.040000 0.035355 -0.106066 0.040000 0.035355 -0.106066 0.045000 0.038891 -0.109602 0.045000 
0.035355 -0.106066 0.040000 0.031820 -0.102530 0.040000 0.031820 -0.102530 0.045000 0.035355 -0.106066 0.045000 
0.031820 -0.102530 0.040000 0.028284 -0.098995 0.040000 0.028284 -0.098995 0.045000 0.031820 -0.102530 0.045000 
0.028284 -0.098995 0.040000 0.024749 -0.095459 0.040000 0.024749 -0.095459 0.045000 0.028284 -0.098995 0.045000 
0.024749 -0.095459 0.040000 0.021213 -0.091924 0.040000 0.021213 -0.091924 0.045000 0.024749 -0.095459 0.045000 
0.021213 -0.091924 0.040000 0.017678 -0.088388 0.040000 0.017678 -0.088388 0.045000 0.021213 -0.091924 0.045000 
0.017678 -0.088388 0.040000 0.014142 -0.084853 0.040000 0.014142 -0.084853 0.045000 0.017678 -0.088388 0.045000 
0.014142 -0.084853 0.040000 0.010607 -0.081317 0.040000 0.010607 -0.081317 0.045000 0.014142 -0.084853 0.045000 
0.010607 -0.081317 0.040000 0.007071 -0.077782 0.040000 0.007071 -0.077782 0.045000 0.010607 -0.081317 0.045000 
0.007071 -0.077782 0.040000 0.003536 -0.074246 0.040000 0.003536 -0.074246 0.045000 0.007071 -0.077782 0.045000 
0.003536 -0.074246 0.040000 0.000000 -0.070711 0.040000 0.000000 -0.070711 0.045000 0.003536 -0.074246 0.045000 
0.000000 -0.070711 0.040000 -0.003536 -0.067175 0.040000 -0.003536 -0.067175 0.045000 0.000000 -0.070711 0.045000 
-0.003536 -0.067175 0.040000 -0.007071 -0.063640 0.040000 -0.007071 -0.063640 0.045000 -0.003536 -0.067175 0.045000 
-0.007071 -0.063640 0.040000 -0.010607 -0.060104 0.040000 -0.010607 -0.060104 0.045000 -0.007071 -0.063640 0.045000 
-0.010607 -0.060104 0.040000 -0.014142 -0.056569 0.040000 -0.014142 -0.056569 0.045000 -0.010607 -0.060104 0.045000 
-0.014142 -0.056569 0.040000 -0.017678 -0.053033 0.040000 -0.017678 -0.053033 0.045000 -0.014142 -0.056569 0.045000 
-0.017678 -0.053033 0.040000 -0.021213 -0.049497 0.040000 -0.021213 -0.049497 0.045000 -0.017678 -0.053033 0.045000 
-0.021213 -0.049497 0.040000 -0.024749 -0.045962 0.040000 -0.024749 -0.045962 0.045000 -0.021213 -0.049497 0.045000 
-0.024749 -0.045962 0.040000 -0.028284 -0.042426 0.040000 -0.028284 -0.042426 0.045000 -0.024749 -0.045962 0.045000 
-0.028284 -0.042426 0.040000 -0.031820 -0.038891 0.040000 -0.031820 -0.038891 0.045000 -0.028284 -0.042426 0.045000 
-0.031820 -0.038891 0.040000 -0.035355 -0.035355 0.040000 -0.035355 -0.035355 0.045000 -0.031820 -0.038891 0.045000 
-0.035355 -0.035355 0.040000 -0.038891 -0.031820 0.040000 -0.038891 -0.031820 0.045000 -0.035355 -0.035355 0.045000 
-0.038891 -0.031820 0.040000 -0.042426 -0.028284 0.040000 -0.042426 -0.028284 0.045000 -0.038891 -0.031820 0.045000 
-0.042426 -0.028284 0.040000 -0.045962 -0.024749 0.040000 -0.045962 -0.024749 0.045000 -0.042426 -0.028284 0.045000 
-0.045962 -0.024749 0.040000 -0.049497 -0.021213 0.040000 -0.049497 -0.021213 0.045000 -0.045962 -0.024749 0.045000 
-0.049497 -0.021213 0.040000 -0.053033 -0.017678 0.040000 -0.053033 -0.017678 0.045000 -0.049497 -0.021213 0.045000 
-0.053033 -0.017678 0.040000 -0.056569 -0.014142 0.040000 -0.056569 -0.014142 0.045000 -0.053033 -0.017678 0.045000 
-0.056569 -0.014142 0.040000 -0.060104 -0.010607 0.040000 -0.060104 -0.010607 0.045000 -0.056569 -0.014142 0.045000 
-0.060104 -0.010607 0.040000 -0.063640 -0.007071 0.040000 -0.063640 -0.007071 0.045000 -0.060104 -0.010607 0.045000 
-0.063640 -0.007071 0.040000 -0.067175 -0.003536 0.040000 -0.067175 -0.003536 0.045000 -0.063640 -0.007071 0.045000 
-0.067175 -0.003536 0.040000 -0.070711 -0.000000 0.040000 -0.070711 -0.000000 0.045000 -0.067175 -0.003536 0.045000 
0.070711 -0.141421 0.035000 0.067175 -0.137886 0.035000 0.067175 -0.137886 0.040000 0.070711 -0.141421 0.040000 
0.067175 -0.137886 0.035000 0.063640 -0.134350 0.035000 0.063640 -0.134350 0.040000 0.067175 -0.137886 0.040000 
0.063640 -0.134350 0.035000 0.060104 -0.130815 0.035000 0.060104 -0.130815 0.040000 0.063640 -0.134350 0.040000 
0.060104 -0.130815 0.035000 0.056569 -0.127279 0.035000 0.056569 -0.127279 0.040000 0.060104 -0.130815 0.040000 
0.056569 -0.127279 0.035000 0.053033 -0.123744 0.035000 0.053033 -0.123744 0.040000 0.056569 -0.127279 0.040000 
0.053033 -0.123744 0.035000 0.049497 -0.120208 0.035000 0.049497 -0.120208 0.040000 0.053033 -0.123744 0.040000 
0.049497 -0.120208 0.035000 0.045962 -0.116673 0.035000 0.045962 -0.116673 0.040000 0.049497 -0.120208 0.040000 
0.045962 -0.116673 0.035000 0.042426 -0.113137 0.035000 0.042426 -0.113137 0.040000 0.045962 -0.116673 0.040000 
0.042426 -0.113137 0.035000 0.038891 -0.109602 0.035000 0.038891 -0.109602 0.040000 0.042426 -0.113137 0.040000 
0.038891 -0.109602 0.035000 0.035355 -0.106066 0.035000 0.035355 -0.106066 0.040000 0.038891 -0.109602 0.040000 
0.035355 -0.106066 0.035000 0.031820 -0.102530 0.035000 0.031820 -0.102530 0.040000 0.035355 -0.106066 0.040000 
0.031820 -0.102530 0.035000 0.028284 -0.098995 0.035000 0.028284 -0.098995 0.040000 0.031820 -0.102530 0.040000 
0.028284 -0.098995 0.035000 0.024749 -0.095459 0.035000 0.024749 -0.095459 0.040000 0.028284 -0.098995 0.040000 
0.024749 -0.095459 0.035000 0.021213 -0.091924 0.035000 0.021213 -0.091924 0.040000 0.024749 -0.095459 0.040000 
0.021213 -0.091924 0.035000 0.017678 -0.088388 0.035000 0.017678 -0.088388 0.040000 0.021213 -0.091924 0.040000 
0.017678 -0.088388 0.035000 0.014142 -0.084853 0.035000 0.014142 -0.084853 0.040000 0.017678 -0.088388 0.040000 
0.014142 -0.084853 0.035000 0.010607 -0.081317 0.035000 0.010607 -0.081317 0.040000 0.014142 -0.084853 0.040000 
0.010607 -0.081317 0.035000 0.007071 -0.077782 0.035000 0.007071 -0.077782 0.040000 0.010607 -0.081317 0.040000 
0.007071 -0.077782 0.035000 0.003536 -0.074246 0.035000 0.003536 -0.074246 0.040000 0.007071 -0.077782 0.040000 
0.003536 -0.074246 0.035000 0.000000 -0.070711 0.035000 0.000000 -0.070711 0.040000 0.003536 -0.074246 0.040000 
0.000000 -0.070711 0.035000 -0.003536 -0.067175 0.035000 -0.003536 -0.067175 0.040000 0.000000 -0.070711 0.040000 
-0.003536 -0.067175 0.035000 -0.007071 -0.063640 0.035000 -0.007071 -0.063640 0.040000 -0.003536 -0.067175 0.040000 
-0.007071 -0.063640 0.035000 -0.010607 -0.060104 0.035000 -0.010607 -0.060104 0.040000 -0.007071 -0.063640 0.040000 
-0.010607 -0.060104 0.035000 -0.014142 -0.056569 0.035000 -0.014142 -0.056569 0.040000 -0.010607 -0.060104 0.040000 
-0.014142 -0.056569 0.035000 -0.017678 -0.053033 0.035000 -0.017678 -0.053033 0.040000 -0.014142 -0.056569 0.040000 
-0.017678 -0.053033 0.035000 -0.021213 -0.049497 0.035000 -0.021213 -0.049497 0.040000 -0.017678 -0.053033 0.040000 
-0.021213 -0.049497 0.035000 -0.024749 -0.045962 0.035000 -0.024749 -0.045962 0.040000 -0.021213 -0.049497 0.040000 
-0.024749 -0.045962 0.035000 -0.028284 -0.042426 0.035000 -0.028284 -0.042426 0.040000 -0.024749 -0.045962 0.040000 
-0.028284 -0.042426 0.035000 -0.031820 -0.038891 0.035000 -0.031820 -0.038891 0.040000 -0.028284 -0.042426 0.040000 
-0.031820 -0.038891 0.035000 -0.035355 -0.035355 0.035000 -0.035355 -0.035355 0.040000 -0.031820 -0.038891 0.040000 
-0.035355 -0.035355 0.035000 -0.038891 -0.031820 0.035000 -0.038891 -0.031820 0.040000 -0.035355 -0.035355 0.040000 
-0.038891 -0.031820 0.035000 -0.042426 -0.028284 0.035000 -0.042426 -0.028284 0.040000 -0.038891 -0.031820 0.040000 
-0.042426 -0.028284 0.035000 -0.045962 -0.024749 0.035000 -0.045962 -0.024749 0.040000 -0.042426 -0.028284 0.040000 
-0.045962 -0.024749 0.035000 -0.049497 -0.021213 0.035000 -0.049497 -0.021213 0.040000 -0.045962 -0.024749 0.040000 
-0.049497 -0.021213 0.035000 -0.053033 -0.017678 0.035000 -0.053033 -0.017678 0.040000 -0.049497 -0.021213 0.040000 
-0.053033 -0.017678 0.035000 -0.056569 -0.014142 0.035000 -0.056569 -0.014142 0.040000 -0.053033 -0.017678 0.040000 
-0.056569 -0.014142 0.035000 -0.060104 -0.010607 0.035000 -0.060104 -0.010607 0.040000 -0.056569 -0.014142 0.040000 
-0.060104 -0.010607 0.035000 -0.063640 -0.007071 0.035000 -0.063640 -0.007071 0.040000 -0.060104 -0.010607 0.040000 
-0.063640 -0.007071 0.035000 -0.067175 -0.003536 0.035000 -0.067175 -0.003536 0.040000 -0.063640 -0.007071 0.040000 
-0.067175 -0.003536 0.035000 -0.070711 -0.000000 0.035000 -0.070711 -0.000000 0.040000 -0.067175 -0.003536 0.040000 
0.070711 -0.141421 0.030000 0.067175 -0.137886 0.030000 0.067175 -0.137886 0.035000 0.070711 -0.141421 0.035000 
0.067175 -0.137886 0.030000 0.063640 -0.134350 0.030000 0.063640 -0.134350 0.035000 0.067175 -0.137886 0.035000 
0.063640 -0.134350 0.030000 0.060104 -0.130815 0.030000 0.060104 -0.130815 0.035000 0.063640 -0.134350 0.035000 
0.060104 -0.130815 0.030000 0.056569 -0.127279 0.030000 0.056569 -0.127279 0.035000 0.060104 -0.130815 0.035000 
0.056569 -0.127279 0.030000 0.053033 -0.123744 0.030000 0.053033 -0.123744 0.035000 0.056569 -0.127279 0.035000 
0.053033 -0.123744 0.030000 0.049497 -0.120208 0.030000 0.049497 -0.120208 0.035000 0.053033 -0.123744 0.035000 
0.049497 -0.120208 0.030000 0.045962 -0.116673 0.030000 0.045962 -0.116673 0.035000 0.049497 -0.120208 0.035000 
0.045962 -0.116673 0.030000 0.042426 -0.113137 0.030000 0.042426 -0.113137 0.035000 0.045962 -0.116673 0.035000 
0.042426 -0.113137 0.030000 0.038891 -0.109602 0.030000 0.038891 -0.109602 0.035000 0.042426 -0.113137 0.035000 
0.038891 -0.109602 0.030000 0.035355 -0.106066 0.030000 0.035355 -0.106066 0.035000 0.038891 -0.109602 0.035000 
0.035355 -0.106066 0.030000 0.031820 -0.102530 0.030000 0.031820 -0.102530 0.035000 0.035355 -0.106066 0.035000 
0.031820 -0.102530 0.030000 0.028284 -0.098995 0.030000 0.028284 -0.098995 0.035000 0.031820 -0.102530 0.035000 
0.028284 -0.098995 0.030000 0.024749 -0.095459 0.030000 0.024749 -0.095459 0.035000 0.028284 -0.098995 0.035000 
0.024749 -0.095459 0.030000 0.021213 -0.091924 0.030000 0.021213 -0.091924 0.035000 0.024749 -0.095459 0.035000 
0.021213 -0.091924 0.030000 0.017678 -0.088388 0.030000 0.017678 -0.088388 0.035000 0.021213 -0.091924 0.035000 
0.017678 -0.088388 0.030000 0.014142 -0.084853 0.030000 0.014142 -0.084853 0.035000 0.017678 -0.088388 0.035000 
0.014142 -0.084853 0.030000 0.010607 -0.081317 0.030000 0.010607 -0.081317 0.035000 0.014142 -0.084853 0.035000 
0.010607 -0.081317 0.030000 0.007071 -0.077782 0.030000 0.007071 -0.077782 0.035000 0.010607 -0.081317 0.035000 
0.007071 -0.077782 0.030000 0.003536 -0.074246 0.030000 0.003536 -0.074246 0.035000 0.007071 -0.077782 0.035000 
0.003536 -0.074246 0.030000 0.000000 -0.070711 0.030000 0.000000 -0.070711 0.035000 0.003536 -0.074246 0.035000 
0.000000 -0.070711 0.030000 -0.003536 -0.067175 0.030000 -0.003536 -0.067175 0.035000 0.000000 -0.070711 0.035000 
-0.003536 -0.067175 0.030000 -0.007071 -0.063640 0.030000 -0.007071 -0.063640 0.035000 -0.003536 -0.067175 0.035000 
-0.007071 -0.063640 0.030000 -0.010607 -0.060104 0.030000 -0.010607 -0.060104 0.035000 -0.007071 -0.063640 0.035000 
-0.010607 -0.060104 0.030000 -0.014142 -0.056569 0.030000 -0.014142 -0.056569 0.035000 -0.010607 -0.060104 0.035000 
-0.014142 -0.056569 0.030000 -0.017678 -0.053033 0.030000 -0.017678 -0.053033 0.035000 -0.014142 -0.056569 0.035000 
-0.017678 -0.053033 0.030000 -0.021213 -0.049497 0.030000 -0.021213 -0.049497 0.035000 -0.017678 -0.053033 0.035000 
-0.021213 -0.049497 0.030000 -0.024749 -0.045962 0.030000 -0.024749 -0.045962 0.035000 -0.021213 -0.049497 0.035000 
-0.024749 -0.045962 0.030000 -0.028284 -0.042426 0.030000 -0.028284 -0.042426 0.035000 -0.024749 -0.045962 0.035000 
-0.028284 -0.042426 0.030000 -0.031820 -0.038891 0.030000 -0.031820 -0.038891 0.035000 -0.028284 -0.042426 0.035000 
-0.031820 -0.038891 0.030000 -0.035355 -0.035355 0.030000 -0.035355 -0.035355 0.035000 -0.031820 -0.038891 0.035000 
-0.035355 -0.035355 0.030000 -0.038891 -0.031820 0.030000 -0.038891 -0.031820 0.035000 -0.035355 -0.035355 0.035000 
-0.038891 -0.031820 0.030000 -0.042426 -0.028284 0.030000 -0.042426 -0.028284 0.035000 -0.038891 -0.031820 0.035000 
-0.042426 -0.028284 0.030000 -0.045962 -0.024749 0.030000 -0.045962 -0.024749 0.035000 -0.042426 -0.028284 0.035000 
-0.045962 -0.024749 0.030000 -0.049497 -0.021213 0.030000 -0.049497 -0.021213 0.035000 -0.045962 -0.024749 0.035000 
-0.049497 -0.021213 0.030000 -0.053033 -0.017678 0.030000 -0.053033 -0.017678 0.035000 -0.049497 -0.021213 0.035000 
-0.053033 -0.017678 0.030000 -0.056569 -0.014142 0.030000 -0.056569 -0.014142 0.035000 -0.053033 -0.017678 0.035000 
-0.056569 -0.014142 0.030000 -0.060104 -0.010607 0.030000 -0.060104 -0.010607 0.035000 -0.056569 -0.014142 0.035000 
-0.060104 -0.010607 0.030000 -0.063640 -0.007071 0.030000 -0.063640 -0.007071 0.035000 -0.060104 -0.010607 0.035000 
-0.063640 -0.007071 0.030000 -0.067175 -0.003536 0.030000 -0.067175 -0.003536 0.035000 -0.063640 -0.007071 0.035000 
-0.067175 -0.003536 0.030000 -0.070711 -0.000000 0.030000 -0.070711 -0.000000 0.035000 -0.067175 -0.003536 0.035000 
0.070711 -0.141421 0.025000 0.067175 -0.137886 0.025000 0.067175 -0.137886 0.030000 0.070711 -0.141421 0.030000 
0.067175 -0.137886 0.025000 0.063640 -0.134350 0.025000 0.063640 -0.134350 0.030000 0.067175 -0.137886 0.030000 
0.063640 -0.134350 0.025000 0.060104 -0.130815 0.025000 0.060104 -0.130815 0.030000 0.063640 -0.134350 0.030000 
0.060104 -0.130815 0.025000 0.056569 -0.127279 0.025000 0.056569 -0.127279 0.030000 0.060104 -0.130815 0.030000 
0.056569 -0.127279 0.025000 0.053033 -0.123744 0.025000 0.053033 -0.123744 0.030000 0.056569 -0.127279 0.030000 
0.053033 -0.123744 0.025000 0.049497 -0.120208 0.025000 0.049497 -0.120208 0.030000 0.053033 -0.123744 0.030000 
0.049497 -0.120208 0.025000 0.045962 -0.116673 0.025000 0.045962 -0.116673 0.030000 0.049497 -0.120208 0.030000 
0.045962 -0.116673 0.025000 0.042426 -0.113137 0.025000 0.042426 -0.113137 0.030000 0.045962 -0.116673 0.030000 
0.042426 -0.113137 0.025000 0.038891 -0.109602 0.025000 0.038891 -0.109602 0.030000 0.042426 -0.113137 0.030000 
0.038891 -0.109602 0.025000 0.035355 -0.106066 0.025000 0.035355 -0.106066 0.030000 0.038891 -0.109602 0.030000 
0.035355 -0.106066 0.025000 0.031820 -0.102530 0.025000 0.031820 -0.102530 0.030000 0.035355 -0.106066 0.030000 
0.031820 -0.102530 0.025000 0.028284 -0.098995 0.025000 0.028284 -0.098995 0.030000 0.031820 -0.102530 0.030000 
0.028284 -0.098995 0.025000 0.024749 -0.095459 0.025000 0.024749 -0.095459 0.030000 0.028284 -0.098995 0.030000 
0.024749 -0.095459 0.025000 0.021213 -0.091924 0.025000 0.021213 -0.091924 0.030000 0.024749 -0.095459 0.030000 
0.021213 -0.091924 0.025000 0.017678 -0.088388 0.025000 0.017678 -0.088388 0.030000 0.021213 -0.091924 0.030000 
0.017678 -0.088388 0.025000 0.014142 -0.084853 0.025000 0.014142 -0.084853 0.030000 0.017678 -0.088388 0.030000 
0.014142 -0.084853 0.025000 0.010607 -0.081317 0.025000 0.010607 -0.081317 0.030000 0.014142 -0.084853 0.030000 
0.010607 -0.081317 0.025000 0.007071 -0.077782 0.025000 0.007071 -0.077782 0.030000 0.010607 -0.081317 0.030000 
0.007071 -0.077782 0.025000 0.003536 -0.074246 0.025000 0.003536 -0.074246 0.030000 0.007071 -0.077782 0.030000 
0.003536 -0.074246 0.025000 0.000000 -0.070711 0.025000 0.000000 -0.070711 0.030000 0.003536 -0.074246 0.030000 
0.000000 -0.070711 0.025000 -0.003536 -0.067175 0.025000 -0.003536 -0.067175 0.030000 0.000000 -0.070711 0.030000 
-0.003536 -0.067175 0.025000 -0.007071 -0.063640 0.025000 -0.007071 -0.063640 0.030000 -0.003536 -0.067175 0.030000 
-0.007071 -0.063640 0.025000 -0.010607 -0.060104 0.025000 -0.010607 -0.060104 0.030000 -0.007071 -0.063640 0.030000 
-0.010607 -0.060104 0.025000 -0.014142 -0.056569 0.025000 -0.014142 -0.056569 0.030000 -0.010607 -0.060104 0.030000 
-0.014142 -0.056569 0.025000 -0.017678 -0.053033 0.025000 -0.017678 -0.053033 0.030000 -0.014142 -0.056569 0.030000 
-0.017678 -0.053033 0.025000 -0.021213 -0.049497 0.025000 -0.021213 -0.049497 0.030000 -0.017678 -0.053033 0.030000 
-0.021213 -0.049497 0.025000 -0.024749 -0.045962 0.025000 -0.024749 -0.045962 0.030000 -0.021213 -0.049497 0.030000 
-0.024749 -0.045962 0.025000 -0.028284 -0.042426 0.025000 -0.028284 -0.042426 0.030000 -0.024749 -0.045962 0.030000 
-0.028284 -0.042426 0.025000 -0.031820 -0.038891 0.025000 -0.031820 -0.038891 0.030000 -0.028284 -0.042426 0.030000 
-0.031820 -0.038891 0.025000 -0.035355 -0.035355 0.025000 -0.035355 -0.035355 0.030000 -0.031820 -0.038891 0.030000 
-0.035355 -0.035355 0.025000 -0.038891 -0.031820 0.025000 -0.038891 -0.031820 0.030000 -0.035355 -0.035355 0.030000 
-0.038891 -0.031820 0.025000 -0.042426 -0.028284 0.025000 -0.042426 -0.028284 0.030000 -0.038891 -0.031820 0.030000 
-0.042426 -0.028284 0.025000 -0.045962 -0.024749 0.025000 -0.045962 -0.024749 0.030000 -0.042426 -0.028284 0.030000 
-0.045962 -0.024749 0.025000 -0.049497 -0.021213 0.025000 -0.049497 -0.021213 0.030000 -0.045962 -0.024749 0.030000 
-0.049497 -0.021213 0.025000 -0.053033 -0.017678 0.025000 -0.053033 -0.017678 0.030000 -0.049497 -0.021213 0.030000 
-0.053033 -0.017678 0.025000 -0.056569 -0.014142 0.025000 -0.056569 -0.014142 0.030000 -0.053033 -0.017678 0.030000 
-0.056569 -0.014142 0.025000 -0.060104 -0.010607 0.025000 -0.060104 -0.010607 0.030000 -0.056569 -0.014142 0.030000 
-0.060104 -0.010607 0.025000 -0.063640 -0.007071 0.025000 -0.063640 -0.007071 0.030000 -0.060104 -0.010607 0.030000 
-0.063640 -0.007071 0.025000 -0.067175 -0.003536 0.025000 -0.067175 -0.003536 0.030000 -0.063640 -0.007071 0.030000 
-0.067175 -0.003536 0.025000 -0.070711 -0.000000 0.025000 -0.070711 -0.000000 0.030000 -0.067175 -0.003536 0.030000 
0.070711 -0.141421 0.020000 0.067175 -0.137886 0.020000 0.067175 -0.137886 0.025000 0.070711 -0.141421 0.025000 
0.067175 -0.137886 0.020000 0.063640 -0.134350 0.020000 0.063640 -0.134350 0.025000 0.067175 -0.137886 0.025000 
0.063640 -0.134350 0.020000 0.060104 -0.130815 0.020000 0.060104 -0.130815 0.025000 0.063640 -0.134350 0.025000 
0.060104 -0.130815 0.020000 0.056569 -0.127279 0.020000 0.056569 -0.127279 0.025000 0.060104 -0.130815 0.025000 
0.056569 -0.127279 0.020000 0.053033 -0.123744 0.020000 0.053033 -0.123744 0.025000 0.056569 -0.127279 0.025000 
0.053033 -0.123744 0.020000 0.049497 -0.120208 0.020000 0.049497 -0.120208 0.025000 0.053033 -0.123744 0.025000 
0.049497 -0.120208 0.020000 0.045962 -0.116673 0.020000 0.045962 -0.116673 0.025000 0.049497 -0.120208 0.025000 
0.045962 -0.116673 0.020000 0.042426 -0.113137 0.020000 0.042426 -0.113137 0.025000 0.045962 -0.116673 0.025000 
0.042426 -0.113137 0.020000 0.038891 -0.109602 0.020000 0.038891 -0.109602 0.025000 0.042426 -0.113137 0.025000 
0.038891 -0.109602 0.020000 0.035355 -0.106066 0.020000 0.035355 -0.106066 0.025000 0.038891 -0.109602 0.025000 
0.035355 -0.106066 0.020000 0.031820 -0.102530 0.020000 0.031820 -0.102530 0.025000 0.035355 -0.106066 0.025000 
0.031820 -0.102530 0.020000 0.028284 -0.098995 0.020000 0.028284 -0.098995 0.025000 0.031820 -0.102530 0.025000 
0.028284 -0.098995 0.020000 0.024749 -0.095459 0.020000 0.024749 -0.095459 0.025000 0.028284 -0.098995 0.025000 
0.024749 -0.095459 0.020000 0.021213 -0.091924 0.020000 0.021213 -0.091924 0.025000 0.024749 -0.095459 0.025000 
0.021213 -0.091924 0.020000 0.017678 -0.088388 0.020000 0.017678 -0.088388 0.025000 0.021213 -0.091924 0.025000 
0.017678 -0.088388 0.020000 0.014142 -0.084853 0.020000 0.014142 -0.084853 0.025000 0.017678 -0.088388 0.025000 
0.014142 -0.084853 0.020000 0.010607 -0.081317 0.020000 0.010607 -0.081317 0.025000 0.014142 -0.084853 0.025000 
0.010607 -0.081317 0.020000 0.007071 -0.077782 0.020000 0.007071 -0.077782 0.025000 0.010607 -0.081317 0.025000 
0.007071 -0.077782 0.020000 0.003536 -0.074246 0.020000 0.003536 -0.074246 0.025000 0.007071 -0.077782 0.025000 
0.003536 -0.074246 0.020000 0.000000 -0.070711 0.020000 0.000000 -0.070711 0.025000 0.003536 -0.074246 0.025000 
0.000000 -0.070711 0.020000 -0.003536 -0.067175 0.020000 -0.003536 -0.067175 0.025000 0.000000 -0.070711 0.025000 
-0.003536 -0.067175 0.020000 -0.007071 -0.063640 0.020000 -0.007071 -0.063640 0.025000 -0.003536 -0.067175 0.025000 
-0.007071 -0.063640 0.020000 -0.010607 -0.060104 0.020000 -0.010607 -0.060104 0.025000 -0.007071 -0.063640 0.025000 
-0.010607 -0.060104 0.020000 -0.014142 -0.056569 0.020000 -0.014142 -0.056569 0.025000 -0.010607 -0.060104 0.025000 
-0.014142 -0.056569 0.020000 -0.017678 -0.053033 0.020000 -0.017678 -0.053033 0.025000 -0.014142 -0.056569 0.025000 
-0.017678 -0.053033 0.020000 -0.021213 -0.049497 0.020000 -0.021213 -0.049497 0.025000 -0.017678 -0.053033 0.025000 
-0.021213 -0.049497 0.020000 -0.024749 -0.045962 0.020000 -0.024749 -0.045962 0.025000 -0.021213 -0.049497 0.025000 
-0.024749 -0.045962 0.020000 -0.028284 -0.042426 0.020000 -0.028284 -0.042426 0.025000 -0.024749 -0.045962 0.025000 
-0.028284 -0.042426 0.020000 -0.031820 -0.038891 0.020000 -0.031820 -0.038891 0.025000 -0.028284 -0.042426 0.025000 
-0.031820 -0.038891 0.020000 -0.035355 -0.035355 0.020000 -0.035355 -0.035355 0.025000 -0.031820 -0.038891 0.025000 
-0.035355 -0.035355 0.020000 -0.038891 -0.031820 0.020000 -0.038891 -0.031820 0.025000 -0.035355 -0.035355 0.025000 
-0.038891 -0.031820 0.020000 -0.042426 -0.028284 0.020000 -0.042426 -0.028284 0.025000 -0.038891 -0.031820 0.025000 
-0.042426 -0.028284 0.020000 -0.045962 -0.024749 0.020000 -0.045962 -0.024749 0.025000 -0.042426 -0.028284 0.025000 
-0.045962 -0.024749 0.020000 -0.049497 -0.021213 0.020000 -0.049497 -0.021213 0.025000 -0.045962 -0.024749 0.025000 
-0.049497 -0.021213 0.020000 -0.053033 -0.017678 0.020000 -0.053033 -0.017678 0.025000 -0.049497 -0.021213 0.025000 
-0.053033 -0.017678 0.020000 -0.056569 -0.014142 0.020000 -0.056569 -0.014142 0.025000 -0.053033 -0.017678 0.025000 
-0.056569 -0.014142 0.020000 -0.060104 -0.010607 0.020000 -0.060104 -0.010607 0.025000 -0.056569 -0.014142 0.025000 
-0.060104 -0.010607 0.020000 -0.063640 -0.007071 0.020000 -0.063640 -0.007071 0.025000 -0.060104 -0.010607 0.025000 
-0.063640 -0.007071 0.020000 -0.067175 -0.003536 0.020000 -0.067175 -0.003536 0.025000 -0.063640 -0.007071 0.025000 
-0.067175 -0.003536 0.020000 -0.070711 -0.000000 0.020000 -0.070711 -0.000000 0.025000 -0.067175 -0.003536 0.025000 
0.070711 -0.141421 0.015000 0.067175 -0.137886 0.015000 0.067175 -0.137886 0.020000 0.070711 -0.141421 0.020000 
0.067175 -0.137886 0.015000 0.063640 -0.134350 0.015000 0.063640 -0.134350 0.020000 0.067175 -0.137886 0.020000 
0.063640 -0.134350 0.015000 0.060104 -0.130815 0.015000 0.060104 -0.130815 0.020000 0.063640 -0.134350 0.020000 
0.060104 -0.130815 0.015000 0.056569 -0.127279 0.015000 0.056569 -0.127279 0.020000 0.060104 -0.130815 0.020000 
0.056569 -0.127279 0.015000 0.053033 -0.123744 0.015000 0.053033 -0.123744 0.020000 0.056569 -0.127279 0.020000 
0.053033 -0.123744 0.015000 0.049497 -0.120208 0.015000 0.049497 -0.120208 0.020000 0.053033 -0.123744 0.020000 
0.049497 -0.120208 0.015000 0.045962 -0.116673 0.015000 0.045962 -0.116673 0.020000 0.049497 -0.120208 0.020000 
0.045962 -0.116673 0.015000 0.042426 -0.113137 0.015000 0.042426 -0.113137 0.020000 0.045962 -0.116673 0.020000 
0.042426 -0.113137 0.015000 0.038891 -0.109602 0.015000 0.038891 -0.109602 0.020000 0.042426 -0.113137 0.020000 
0.038891 -0.109602 0.015000 0.035355 -0.106066 0.015000 0.035355 -0.106066 0.020000 0.038891 -0.109602 0.020000 
0.035355 -0.106066 0.015000 0.031820 -0.102530 0.015000 0.031820 -0.102530 0.020000 0.035355 -0.106066 0.020000 
0.031820 -0.102530 0.015000 0.028284 -0.098995 0.015000 0.028284 -0.098995 0.020000 0.031820 -0.102530 0.020000 
0.028284 -0.098995 0.015000 0.024749 -0.095459 0.015000 0.024749 -0.095459 0.020000 0.028284 -0.098995 0.020000 
0.024749 -0.095459 0.015000 0.021213 -0.091924 0.015000 0.021213 -0.091924 0.020000 0.024749 -0.095459 0.020000 
0.021213 -0.091924 0.015000 0.017678 -0.088388 0.015000 0.017678 -0.088388 0.020000 0.021213 -0.091924 0.020000 
0.017678 -0.088388 0.015000 0.014142 -0.084853 0.015000 0.014142 -0.084853 0.020000 0.017678 -0.088388 0.020000 
0.014142 -0.084853 0.015000 0.010607 -0.081317 0.015000 0.010607 -0.081317 0.020000 0.014142 -0.084853 0.020000 
0.010607 -0.081317 0.015000 0.007071 -0.077782 0.015000 0.007071 -0.077782 0.020000 0.010607 -0.081317 0.020000 
0.007071 -0.077782 0.015000 0.003536 -0.074246 0.015000 0.003536 -0.074246 0.020000 0.007071 -0.077782 0.020000 
0.003536 -0.074246 0.015000 0.000000 -0.070711 0.015000 0.000000 -0.070711 0.020000 0.003536 -0.074246 0.020000 
0.000000 -0.070711 0.015000 -0.003536 -0.067175 0.015000 -0.003536 -0.067175 0.020000 0.000000 -0.070711 0.020000 
-0.003536 -0.067175 0.015000 -0.007071 -0.063640 0.015000 -0.007071 -0.063640 0.020000 -0.003536 -0.067175 0.020000 
-0.007071 -0.063640 0.015000 -0.010607 -0.060104 0.015000 -0.010607 -0.060104 0.020000 -0.007071 -0.063640 0.020000 
-0.010607 -0.060104 0.015000 -0.014142 -0.056569 0.015000 -0.014142 -0.056569 0.020000 -0.010607 -0.060104 0.020000 
-0.014142 -0.056569 0.015000 -0.017678 -0.053033 0.015000 -0.017678 -0.053033 0.020000 -0.014142 -0.056569 0.020000 
-0.017678 -0.053033 0.015000 -0.021213 -0.049497 0.015000 -0.021213 -0.049497 0.020000 -0.017678 -0.053033 0.020000 
-0.021213 -0.049497 0.015000 -0.024749 -0.045962 0.015000 -0.024749 -0.045962 0.020000 -0.021213 -0.049497 0.020000 
-0.024749 -0.045962 0.015000 -0.028284 -0.042426 0.015000 -0.028284 -0.042426 0.020000 -0.024749 -0.045962 0.020000 
-0.028284 -0.042426 0.015000 -0.031820 -0.038891 0.015000 -0.031820 -0.038891 0.020000 -0.028284 -0.042426 0.020000 
-0.031820 -0.038891 0.015000 -0.035355 -0.035355 0.015000 -0.035355 -0.035355 0.020000 -0.031820 -0.038891 0.020000 
-0.035355 -0.035355 0.015000 -0.038891 -0.031820 0.015000 -0.038891 -0.031820 0.020000 -0.035355 -0.035355 0.020000 
-0.038891 -0.031820 0.015000 -0.042426 -0.028284 0.015000 -0.042426 -0.028284 0.020000 -0.038891 -0.031820 0.020000 
-0.042426 -0.028284 0.015000 -0.045962 -0.024749 0.015000 -0.045962 -0.024749 0.020000 -0.042426 -0.028284 0.020000 
-0.045962 -0.024749 0.015000 -0.049497 -0.021213 0.015000 -0.049497 -0.021213 0.020000 -0.045962 -0.024749 0.020000 
-0.049497 -0.021213 0.015000 -0.053033 -0.017678 0.015000 -0.053033 -0.017678 0.020000 -0.049497 -0.021213 0.020000 
-0.053033 -0.017678 0.015000 -0.056569 -0.014142 0.015000 -0.056569 -0.014142 0.020000 -0.053033 -0.017678 0.020000 
-0.056569 -0.014142 0.015000 -0.060104 -0.010607 0.015000 -0.060104 -0.010607 0.020000 -0.056569 -0.014142 0.020000 
-0.060104 -0.010607 0.015000 -0.063640 -0.007071 0.015000 -0.063640 -0.007071 0.020000 -0.060104 -0.010607 0.020000 
-0.063640 -0.007071 0.015000 -0.067175 -0.003536 0.015000 -0.067175 -0.003536 0.020000 -0.063640 -0.007071 0.020000 
-0.067175 -0.003536 0.015000 -0.070711 -0.000000 0.015000 -0.070711 -0.000000 0.020000 -0.067175 -0.003536 0.020000 
0.070711 -0.141421 0.010000 0.067175 -0.137886 0.010000 0.067175 -0.137886 0.015000 0.070711 -0.141421 0.015000 
0.067175 -0.137886 0.010000 0.063640 -0.134350 0.010000 0.063640 -0.134350 0.015000 0.067175 -0.137886 0.015000 
0.063640 -0.134350 0.010000 0.060104 -0.130815 0.010000 0.060104 -0.130815 0.015000 0.063640 -0.134350 0.015000 
0.060104 -0.130815 0.010000 0.056569 -0.127279 0.010000 0.056569 -0.127279 0.015000 0.060104 -0.130815 0.015000 
0.056569 -0.127279 0.010000 0.053033 -0.123744 0.010000 0.053033 -0.123744 0.015000 0.056569 -0.127279 0.015000 
0.053033 -0.123744 0.010000 0.049497 -0.120208 0.010000 0.049497 -0.120208 0.015000 0.053033 -0.123744 0.015000 
0.049497 -0.120208 0.010000 0.045962 -0.116673 0.010000 0.045962 -0.116673 0.015000 0.049497 -0.120208 0.015000 
0.045962 -0.116673 0.010000 0.042426 -0.113137 0.010000 0.042426 -0.113137 0.015000 0.045962 -0.116673 0.015000 
0.042426 -0.113137 0.010000 0.038891 -0.109602 0.010000 0.038891 -0.109602 0.015000 0.042426 -0.113137 0.015000 
0.038891 -0.109602 0.010000 0.035355 -0.106066 0.010000 0.035355 -0.106066 0.015000 0.038891 -0.109602 0.015000 
0.035355 -0.106066 0.010000 0.031820 -0.102530 0.010000 0.031820 -0.102530 0.015000 0.035355 -0.106066 0.015000 
0.031820 -0.102530 0.010000 0.028284 -0.098995 0.010000 0.028284 -0.098995 0.015000 0.031820 -0.102530 0.015000 
0.028284 -0.098995 0.010000 0.024749 -0.095459 0.010000 0.024749 -0.095459 0.015000 0.028284 -0.098995 0.015000 
0.024749 -0.095459 0.010000 0.021213 -0.091924 0.010000 0.021213 -0.091924 0.015000 0.024749 -0.095459 0.015000 
0.021213 -0.091924 0.010000 0.017678 -0.088388 0.010000 0.017678 -0.088388 0.015000 0.021213 -0.091924 0.015000 
0.017678 -0.088388 0.010000 0.014142 -0.084853 0.010000 0.014142 -0.084853 0.015000 0.017678 -0.088388 0.015000 
0.014142 -0.084853 0.010000 0.010607 -0.081317 0.010000 0.010607 -0.081317 0.015000 0.014142 -0.084853 0.015000 
0.010607 -0.081317 0.010000 0.007071 -0.077782 0.010000 0.007071 -0.077782 0.015000 0.010607 -0.081317 0.015000 
0.007071 -0.077782 0.010000 0.003536 -0.074246 0.010000 0.003536 -0.074246 0.015000 0.007071 -0.077782 0.015000 
0.003536 -0.074246 0.010000 0.000000 -0.070711 0.010000 0.000000 -0.070711 0.015000 0.003536 -0.074246 0.015000 
0.000000 -0.070711 0.010000 -0.003536 -0.067175 0.010000 -0.003536 -0.067175 0.015000 0.000000 -0.070711 0.015000 
-0.003536 -0.067175 0.010000 -0.007071 -0.063640 0.010000 -0.007071 -0.063640 0.015000 -0.003536 -0.067175 0.015000 
-0.007071 -0.063640 0.010000 -0.010607 -0.060104 0.010000 -0.010607 -0.060104 0.015000 -0.007071 -0.063640 0.015000 
-0.010607 -0.060104 0.010000 -0.014142 -0.056569 0.010000 -0.014142 -0.056569 0.015000 -0.010607 -0.060104 0.015000 
-0.014142 -0.056569 0.010000 -0.017678 -0.053033 0.010000 -0.017678 -0.053033 0.015000 -0.014142 -0.056569 0.015000 
-0.017678 -0.053033 0.010000 -0.021213 -0.049497 0.010000 -0.021213 -0.049497 0.015000 -0.017678 -0.053033 0.015000 
-0.021213 -0.049497 0.010000 -0.024749 -0.045962 0.010000 -0.024749 -0.045962 0.015000 -0.021213 -0.049497 0.015000 
-0.024749 -0.045962 0.010000 -0.028284 -0.042426 0.010000 -0.028284 -0.042426 0.015000 -0.024749 -0.045962 0.015000 
-0.028284 -0.042426 0.010000 -0.031820 -0.038891 0.010000 -0.031820 -0.038891 0.015000 -0.028284 -0.042426 0.015000 
-0.031820 -0.038891 0.010000 -0.035355 -0.035355 0.010000 -0.035355 -0.035355 0.015000 -0.031820 -0.038891 0.015000 
-0.035355 -0.035355 0.010000 -0.038891 -0.031820 0.010000 -0.038891 -0.031820 0.015000 -0.035355 -0.035355 0.015000 
-0.038891 -0.031820 0.010000 -0.042426 -0.028284 0.010000 -0.042426 -0.028284 0.015000 -0.038891 -0.031820 0.015000 
-0.042426 -0.028284 0.010000 -0.045962 -0.024749 0.010000 -0.045962 -0.024749 0.015000 -0.042426 -0.028284 0.015000 
-0.045962 -0.024749 0.010000 -0.049497 -0.021213 0.010000 -0.049497 -0.021213 0.015000 -0.045962 -0.024749 0.015000 
-0.049497 -0.021213 0.010000 -0.053033 -0.017678 0.010000 -0.053033 -0.017678 0.015000 -0.049497 -0.021213 0.015000 
-0.053033 -0.017678 0.010000 -0.056569 -0.014142 0.010000 -0.056569 -0.014142 0.015000 -0.053033 -0.017678 0.015000 
-0.056569 -0.014142 0.010000 -0.060104 -0.010607 0.010000 -0.060104 -0.010607 0.015000 -0.056569 -0.014142 0.015000 
-0.060104 -0.010607 0.010000 -0.063640 -0.007071 0.010000 -0.063640 -0.007071 0.015000 -0.060104 -0.010607 0.015000 
-0.063640 -0.007071 0.010000 -0.067175 -0.003536 0.010000 -0.067175 -0.003536 0.015000 -0.063640 -0.007071 0.015000 
-0.067175 -0.003536 0.010000 -0.070711 -0.000000 0.010000 -0.070711 -0.000000 0.015000 -0.067175 -0.003536 0.015000 
0.070711 -0.141421 0.005000 0.067175 -0.137886 0.005000 0.067175 -0.137886 0.010000 0.070711 -0.141421 0.010000 
0.067175 -0.137886 0.005000 0.063640 -0.134350 0.005000 0.063640 -0.134350 0.010000 0.067175 -0.137886 0.010000 
0.063640 -0.134350 0.005000 0.060104 -0.130815 0.005000 0.060104 -0.130815 0.010000 0.063640 -0.134350 0.010000 
0.060104 -0.130815 0.005000 0.056569 -0.127279 0.005000 0.056569 -0.127279 0.010000 0.060104 -0.130815 0.010000 
0.056569 -0.127279 0.005000 0.053033 -0.123744 0.005000 0.053033 -0.123744 0.010000 0.056569 -0.127279 0.010000 
0.053033 -0.123744 0.005000 0.049497 -0.120208 0.005000 0.049497 -0.120208 0.010000 0.053033 -0.123744 0.010000 
0.049497 -0.120208 0.005000 0.045962 -0.116673 0.005000 0.045962 -0.116673 0.010000 0.049497 -0.120208 0.010000 
0.045962 -0.116673 0.005000 0.042426 -0.113137 0.005000 0.042426 -0.113137 0.010000 0.045962 -0.116673 0.010000 
0.042426 -0.113137 0.005000 0.038891 -0.109602 0.005000 0.038891 -0.109602 0.010000 0.042426 -0.113137 0.010000 
0.038891 -0.109602 0.005000 0.035355 -0.106066 0.005000 0.035355 -0.106066 0.010000 0.038891 -0.109602 0.010000 
0.035355 -0.106066 0.005000 0.031820 -0.102530 0.005000 0.031820 -0.102530 0.010000 0.035355 -0.106066 0.010000 
0.031820 -0.102530 0.005000 0.028284 -0.098995 0.005000 0.028284 -0.098995 0.010000 0.031820 -0.102530 0.010000 
0.028284 -0.098995 0.005000 0.024749 -0.095459 0.005000 0.024749 -0.095459 0.010000 0.028284 -0.098995 0.010000 
0.024749 -0.095459 0.005000 0.021213 -0.091924 0.005000 0.021213 -0.091924 0.010000 0.024749 -0.095459 0.010000 
0.021213 -0.091924 0.005000 0.017678 -0.088388 0.005000 0.017678 -0.088388 0.010000 0.021213 -0.091924 0.010000 
0.017678 -0.088388 0.005000 0.014142 -0.084853 0.005000 0.014142 -0.084853 0.010000 0.017678 -0.088388 0.010000 
0.014142 -0.084853 0.005000 0.010607 -0.081317 0.005000 0.010607 -0.081317 0.010000 0.014142 -0.084853 0.010000 
0.010607 -0.081317 0.005000 0.007071 -0.077782 0.005000 0.007071 -0.077782 0.010000 0.010607 -0.081317 0.010000 
0.007071 -0.077782 0.005000 0.003536 -0.074246 0.005000 0.003536 -0.074246 0.010000 0.007071 -0.077782 0.010000 
0.003536 -0.074246 0.005000 0.000000 -0.070711 0.005000 0.000000 -0.070711 0.010000 0.003536 -0.074246 0.010000 
0.000000 -0.070711 0.005000 -0.003536 -0.067175 0.005000 -0.003536 -0.067175 0.010000 0.000000 -0.070711 0.010000 
-0.003536 -0.067175 0.005000 -0.007071 -0.063640 0.005000 -0.007071 -0.063640 0.010000 -0.003536 -0.067175 0.010000 
-0.007071 -0.063640 0.005000 -0.010607 -0.060104 0.005000 -0.010607 -0.060104 0.010000 -0.007071 -0.063640 0.010000 
-0.010607 -0.060104 0.005000 -0.014142 -0.056569 0.005000 -0.014142 -0.056569 0.010000 -0.010607 -0.060104 0.010000 
-0.014142 -0.056569 0.005000 -0.017678 -0.053033 0.005000 -0.017678 -0.053033 0.010000 -0.014142 -0.056569 0.010000 
-0.017678 -0.053033 0.005000 -0.021213 -0.049497 0.005000 -0.021213 -0.049497 0.010000 -0.017678 -0.053033 0.010000 
-0.021213 -0.049497 0.005000 -0.024749 -0.045962 0.005000 -0.024749 -0.045962 0.010000 -0.021213 -0.049497 0.010000 
-0.024749 -0.045962 0.005000 -0.028284 -0.042426 0.005000 -0.028284 -0.042426 0.010000 -0.024749 -0.045962 0.010000 
-0.028284 -0.042426 0.005000 -0.031820 -0.038891 0.005000 -0.031820 -0.038891 0.010000 -0.028284 -0.042426 0.010000 
-0.031820 -0.038891 0.005000 -0.035355 -0.035355 0.005000 -0.035355 -0.035355 0.010000 -0.031820 -0.038891 0.010000 
-0.035355 -0.035355 0.005000 -0.038891 -0.031820 0.005000 -0.038891 -0.031820 0.010000 -0.035355 -0.035355 0.010000 
-0.038891 -0.031820 0.005000 -0.042426 -0.028284 0.005000 -0.042426 -0.028284 0.010000 -0.038891 -0.031820 0.010000 
-0.042426 -0.028284 0.005000 -0.045962 -0.024749 0.005000 -0.045962 -0.024749 0.010000 -0.042426 -0.028284 0.010000 
-0.045962 -0.024749 0.005000 -0.049497 -0.021213 0.005000 -0.049497 -0.021213 0.010000 -0.045962 -0.024749 0.010000 
-0.049497 -0.021213 0.005000 -0.053033 -0.017678 0.005000 -0.053033 -0.017678 0.010000 -0.049497 -0.021213 0.010000 
-0.053033 -0.017678 0.005000 -0.056569 -0.014142 0.005000 -0.056569 -0.014142 0.010000 -0.053033 -0.017678 0.010000 
-0.056569 -0.014142 0.005000 -0.060104 -0.010607 0.005000 -0.060104 -0.010607 0.010000 -0.056569 -0.014142 0.010000 
-0.060104 -0.010607 0.005000 -0.063640 -0.007071 0.005000 -0.063640 -0.007071 0.010000 -0.060104 -0.010607 0.010000 
-0.063640 -0.007071 0.005000 -0.067175 -0.003536 0.005000 -0.067175 -0.003536 0.010000 -0.063640 -0.007071 0.010000 
-0.067175 -0.003536 0.005000 -0.070711 -0.000000 0.005000 -0.070711 -0.000000 0.010000 -0.067175 -0.003536 0.010000 
0.070711 -0.141421 0.000000 0.067175 -0.137886 0.000000 0.067175 -0.137886 0.005000 0.070711 -0.141421 0.005000 
0.067175 -0.137886 0.000000 0.063640 -0.134350 0.000000 0.063640 -0.134350 0.005000 0.067175 -0.137886 0.005000 
0.063640 -0.134350 0.000000 0.060104 -0.130815 0.000000 0.060104 -0.130815 0.005000 0.063640 -0.134350 0.005000 
0.060104 -0.130815 0.000000 0.056569 -0.127279 0.000000 0.056569 -0.127279 0.005000 0.060104 -0.130815 0.005000 
0.056569 -0.127279 0.000000 0.053033 -0.123744 0.000000 0.053033 -0.123744 0.005000 0.056569 -0.127279 0.005000 
0.053033 -0.123744 0.000000 0.049497 -0.120208 0.000000 0.049497 -0.120208 0.005000 0.053033 -0.123744 0.005000 
0.049497 -0.120208 0.000000 0.045962 -0.116673 0.000000 0.045962 -0.116673 0.005000 0.049497 -0.120208 0.005000 
0.045962 -0.116673 0.000000 0.042426 -0.113137 0.000000 0.042426 -0.113137 0.005000 0.045962 -0.116673 0.005000 
0.042426 -0.113137 0.000000 0.038891 -0.109602 0.000000 0.038891 -0.109602 0.005000 0.042426 -0.113137 0.005000 
0.038891 -0.109602 0.000000 0.035355 -0.106066 0.000000 0.035355 -0.106066 0.005000 0.038891 -0.109602 0.005000 
0.035355 -0.106066 0.000000 0.031820 -0.102530 0.000000 0.031820 -0.102530 0.005000 0.035355 -0.106066 0.005000 
0.031820 -0.102530 0.000000 0.028284 -0.098995 0.000000 0.028284 -0.098995 0.005000 0.031820 -0.102530 0.005000 
0.028284 -0.098995 0.000000 0.024749 -0.095459 0.000000 0.024749 -0.095459 0.005000 0.028284 -0.098995 0.005000 
0.024749 -0.095459 0.000000 0.021213 -0.091924 0.000000 0.021213 -0.091924 0.005000 0.024749 -0.095459 0.005000 
0.021213 -0.091924 0.000000 0.017678 -0.088388 0.000000 0.017678 -0.088388 0.005000 0.021213 -0.091924 0.005000 
0.017678 -0.088388 0.000000 0.014142 -0.084853 0.000000 0.014142 -0.084853 0.005000 0.017678 -0.088388 0.005000 
0.014142 -0.084853 0.000000 0.010607 -0.081317 0.000000 0.010607 -0.081317 0.005000 0.014142 -0.084853 0.005000 
0.010607 -0.081317 0.000000 0.007071 -0.077782 0.000000 0.007071 -0.077782 0.005000 0.010607 -0.081317 0.005000 
0.007071 -0.077782 0.000000 0.003536 -0.074246 0.000000 0.003536 -0.074246 0.005000 0.007071 -0.077782 0.005000 
0.003536 -0.074246 0.000000 0.000000 -0.070711 0.000000 0.000000 -0.070711 0.005000 0.003536 -0.074246 0.005000 
0.000000 -0.070711 0.000000 -0.003536 -0.067175 0.000000 -0.003536 -0.067175 0.005000 0.000000 -0.070711 0.005000 
-0.003536 -0.067175 0.000000 -0.007071 -0.063640 0.000000 -0.007071 -0.063640 0.005000 -0.003536 -0.067175 0.005000 
-0.007071 -0.063640 0.000000 -0.010607 -0.060104 0.000000 -0.010607 -0.060104 0.005000 -0.007071 -0.063640 0.005000 
-0.010607 -0.060104 0.000000 -0.014142 -0.056569 0.000000 -0.014142 -0.056569 0.005000 -0.010607 -0.060104 0.005000 
-0.014142 -0.056569 0.000000 -0.017678 -0.053033 0.000000 -0.017678 -0.053033 0.005000 -0.014142 -0.056569 0.005000 
-0.017678 -0.053033 0.000000 -0.021213 -0.049497 0.000000 -0.021213 -0.049497 0.005000 -0.017678 -0.053033 0.005000 
-0.021213 -0.049497 0.000000 -0.024749 -0.045962 0.000000 -0.024749 -0.045962 0.005000 -0.021213 -0.049497 0.005000 
-0.024749 -0.045962 0.000000 -0.028284 -0.042426 0.000000 -0.028284 -0.042426 0.005000 -0.024749 -0.045962 0.005000 
-0.028284 -0.042426 0.000000 -0.031820 -0.038891 0.000000 -0.031820 -0.038891 0.005000 -0.028284 -0.042426 0.005000 
-0.031820 -0.038891 0.000000 -0.035355 -0.035355 0.000000 -0.035355 -0.035355 0.005000 -0.031820 -0.038891 0.005000 
-0.035355 -0.035355 0.000000 -0.038891 -0.031820 0.000000 -0.038891 -0.031820 0.005000 -0.035355 -0.035355 0.005000 
-0.038891 -0.031820 0.000000 -0.042426 -0.028284 0.000000 -0.042426 -0.028284 0.005000 -0.038891 -0.031820 0.005000 
-0.042426 -0.028284 0.000000 -0.045962 -0.024749 0.000000 -0.045962 -0.024749 0.005000 -0.042426 -0.028284 0.005000 
-0.045962 -0.024749 0.000000 -0.049497 -0.021213 0.000000 -0.049497 -0.021213 0.005000 -0.045962 -0.024749 0.005000 
-0.049497 -0.021213 0.000000 -0.053033 -0.017678 0.000000 -0.053033 -0.017678 0.005000 -0.049497 -0.021213 0.005000 
-0.053033 -0.017678 0.000000 -0.056569 -0.014142 0.000000 -0.056569 -0.014142 0.005000 -0.053033 -0.017678 0.005000 
-0.056569 -0.014142 0.000000 -0.060104 -0.010607 0.000000 -0.060104 -0.010607 0.005000 -0.056569 -0.014142 0.005000 
-0.060104 -0.010607 0.000000 -0.063640 -0.007071 0.000000 -0.063640 -0.007071 0.005000 -0.060104 -0.010607 0.005000 
-0.063640 -0.007071 0.000000 -0.067175 -0.003536 0.000000 -0.067175 -0.003536 0.005000 -0.063640 -0.007071 0.005000 
-0.067175 -0.003536 0.000000 -0.070711 -0.000000 0.000000 -0.070711 -0.000000 0.005000 -0.067175 -0.003536 0.005000 
0.070711 -0.141421 -0.005000 0.067175 -0.137886 -0.005000 0.067175 -0.137886 0.000000 0.070711 -0.141421 0.000000 
0.067175 -0.137886 -0.005000 0.063640 -0.134350 -0.005000 0.063640 -0.134350 0.000000 0.067175 -0.137886 0.000000 
0.063640 -0.134350 -0.005000 0.060104 -0.130815 -0.005000 0.060104 -0.130815 0.000000 0.063640 -0.134350 0.000000 
0.060104 -0.130815 -0.005000 0.056569 -0.127279 -0.005000 0.056569 -0.127279 0.000000 0.060104 -0.130815 0.000000 
0.056569 -0.127279 -0.005000 0.053033 -0.123744 -0.005000 0.053033 -0.123744 0.000000 0.056569 -0.127279 0.000000 
0.053033 -0.123744 -0.005000 0.049497 -0.120208 -0.005000 0.049497 -0.120208 0.000000 0.053033 -0.123744 0.000000 
0.049497 -0.120208 -0.005000 0.045962 -0.116673 -0.005000 0.045962 -0.116673 0.000000 0.049497 -0.120208 0.000000 
0.045962 -0.116673 -0.005000 0.042426 -0.113137 -0.005000 0.042426 -0.113137 0.000000 0.045962 -0.116673 0.000000 
0.042426 -0.113137 -0.005000 0.038891 -0.109602 -0.005000 0.038891 -0.109602 0.000000 0.042426 -0.113137 0.000000 
0.038891 -0.109602 -0.005000 0.035355 -0.106066 -0.005000 0.035355 -0.106066 0.000000 0.038891 -0.109602 0.000000 
0.035355 -0.106066 -0.005000 0.031820 -0.102530 -0.005000 0.031820 -0.102530 0.000000 0.035355 -0.106066 0.000000 
0.031820 -0.102530 -0.005000 0.028284 -0.098995 -0.005000 0.028284 -0.098995 0.000000 0.031820 -0.102530 0.000000 
0.028284 -0.098995 -0.005000 0.024749 -0.095459 -0.005000 0.024749 -0.095459 0.000000 0.028284 -0.098995 0.000000 
0.024749 -0.095459 -0.005000 0.021213 -0.091924 -0.005000 0.021213 -0.091924 0.000000 0.024749 -0.095459 0.000000 
0.021213 -0.091924 -0.005000 0.017678 -0.088388 -0.005000 0.017678 -0.088388 0.000000 0.021213 -0.091924 0.000000 
0.017678 -0.088388 -0.005000 0.014142 -0.084853 -0.005000 0.014142 -0.084853 0.000000 0.017678 -0.088388 0.000000 
0.014142 -0.084853 -0.005000 0.010607 -0.081317 -0.005000 0.010607 -0.081317 0.000000 0.014142 -0.084853 0.000000 
0.010607 -0.081317 -0.005000 0.007071 -0.077782 -0.005000 0.007071 -0.077782 0.000000 0.010607 -0.081317 0.000000 
0.007071 -0.077782 -0.005000 0.003536 -0.074246 -0.005000 0.003536 -0.074246 0.000000 0.007071 -0.077782 0.000000 
0.003536 -0.074246 -0.005000 0.000000 -0.070711 -0.005000 0.000000 -0.070711 0.000000 0.003536 -0.074246 0.000000 
0.000000 -0.070711 -0.005000 -0.003536 -0.067175 -0.005000 -0.003536 -0.067175 0.000000 0.000000 -0.070711 0.000000 
-0.003536 -0.067175 -0.005000 -0.007071 -0.063640 -0.005000 -0.007071 -0.063640 0.000000 -0.003536 -0.067175 0.000000 
-0.007071 -0.063640 -0.005000 -0.010607 -0.060104 -0.005000 -0.010607 -0.060104 0.000000 -0.007071 -0.063640 0.000000 
-0.010607 -0.060104 -0.005000 -0.014142 -0.056569 -0.005000 -0.014142 -0.056569 0.000000 -0.010607 -0.060104 0.000000 
-0.014142 -0.056569 -0.005000 -0.017678 -0.053033 -0.005000 -0.017678 -0.053033 0.000000 -0.014142 -0.056569 0.000000 
-0.017678 -0.053033 -0.005000 -0.021213 -0.049497 -0.005000 -0.021213 -0.049497 0.000000 -0.017678 -0.053033 0.000000 
-0.021213 -0.049497 -0.005000 -0.024749 -0.045962 -0.005000 -0.024749 -0.045962 0.000000 -0.021213 -0.049497 0.000000 
-0.024749 -0.045962 -0.005000 -0.028284 -0.042426 -0.005000 -0.028284 -0.042426 0.000000 -0.024749 -0.045962 0.000000 
-0.028284 -0.042426 -0.005000 -0.031820 -0.038891 -0.005000 -0.031820 -0.038891 0.000000 -0.028284 -0.042426 0.000000 
-0.031820 -0.038891 -0.005000 -0.035355 -0.035355 -0.005000 -0.035355 -0.035355 0.000000 -0.031820 -0.038891 0.000000 
-0.035355 -0.035355 -0.005000 -0.038891 -0.031820 -0.005000 -0.038891 -0.031820 0.000000 -0.035355 -0.035355 0.000000 
-0.038891 -0.031820 -0.005000 -0.042426 -0.028284 -0.005000 -0.042426 -0.028284 0.000000 -0.038891 -0.031820 0.000000 
-0.042426 -0.028284 -0.005000 -0.045962 -0.024749 -0.005000 -0.045962 -0.024749 0.000000 -0.042426 -0.028284 0.000000 
-0.045962 -0.024749 -0.005000 -0.049497 -0.021213 -0.005000 -0.049497 -0.021213 0.000000 -0.045962 -0.024749 0.000000 
-0.049497 -0.021213 -0.005000 -0.053033 -0.017678 -0.005000 -0.053033 -0.017678 0.000000 -0.049497 -0.021213 0.000000 
-0.053033 -0.017678 -0.005000 -0.056569 -0.014142 -0.005000 -0.056569 -0.014142 0.000000 -0.053033 -0.017678 0.000000 
-0.056569 -0.014142 -0.005000 -0.060104 -0.010607 -0.005000 -0.060104 -0.010607 0.000000 -0.056569 -0.014142 0.000000 
-0.060104 -0.010607 -0.005000 -0.063640 -0.007071 -0.005000 -0.063640 -0.007071 0.000000 -0.060104 -0.010607 0.000000 
-0.063640 -0.007071 -0.005000 -0.067175 -0.003536 -0.005000 -0.067175 -0.003536 0.000000 -0.063640 -0.007071 0.000000 
-0.067175 -0.003536 -0.005000 -0.070711 -0.000000 -0.005000 -0.070711 -0.000000 0.000000 -0.067175 -0.003536 0.000000 
0.070711 -0.141421 -0.010000 0.067175 -0.137886 -0.010000 0.067175 -0.137886 -0.005000 0.070711 -0.141421 -0.005000 
0.067175 -0.137886 -0.010000 0.063640 -0.134350 -0.010000 0.063640 -0.134350 -0.005000 0.067175 -0.137886 -0.005000 
0.063640 -0.134350 -0.010000 0.060104 -0.130815 -0.010000 0.060104 -0.130815 -0.005000 0.063640 -0.134350 -0.005000 
0.060104 -0.130815 -0.010000 0.056569 -0.127279 -0.010000 0.056569 -0.127279 -0.005000 0.060104 -0.130815 -0.005000 
0.056569 -0.127279 -0.010000 0.053033 -0.123744 -0.010000 0.053033 -0.123744 -0.005000 0.056569 -0.127279 -0.005000 
0.053033 -0.123744 -0.010000 0.049497 -0.120208 -0.010000 0.049497 -0.120208 -0.005000 0.053033 -0.123744 -0.005000 
0.049497 -0.120208 -0.010000 0.045962 -0.116673 -0.010000 0.045962 -0.116673 -0.005000 0.049497 -0.120208 -0.005000 
0.045962 -0.116673 -0.010000 0.042426 -0.113137 -0.010000 0.042426 -0.113137 -0.005000 0.045962 -0.116673 -0.005000 
0.042426 -0.113137 -0.010000 0.038891 -0.109602 -0.010000 0.038891 -0.109602 -0.005000 0.042426 -0.113137 -0.005000 
0.038891 -0.109602 -0.010000 0.035355 -0.106066 -0.010000 0.035355 -0.106066 -0.005000 0.038891 -0.109602 -0.005000 
0.035355 -0.106066 -0.010000 0.031820 -0.102530 -0.010000 0.031820 -0.102530 -0.005000 0.035355 -0.106066 -0.005000 
0.031820 -0.102530 -0.010000 0.028284 -0.098995 -0.010000 0.028284 -0.098995 -0.005000 0.031820 -0.102530 -0.005000 
0.028284 -0.098995 -0.010000 0.024749 -0.095459 -0.010000 0.024749 -0.095459 -0.005000 0.028284 -0.098995 -0.005000 
0.024749 -0.095459 -0.010000 0.021213 -0.091924 -0.010000 0.021213 -0.091924 -0.005000 0.024749 -0.095459 -0.005000 
0.021213 -0.091924 -0.010000 0.017678 -0.088388 -0.010000 0.017678 -0.088388 -0.005000 0.021213 -0.091924 -0.005000 
0.017678 -0.088388 -0.010000 0.014142 -0.084853 -0.010000 0.014142 -0.084853 -0.005000 0.017678 -0.088388 -0.005000 
0.014142 -0.084853 -0.010000 0.010607 -0.081317 -0.010000 0.010607 -0.081317 -0.005000 0.014142 -0.084853 -0.005000 
0.010607 -0.081317 -0.010000 0.007071 -0.077782 -0.010000 0.007071 -0.077782 -0.005000 0.010607 -0.081317 -0.005000 
0.007071 -0.077782 -0.010000 0.003536 -0.074246 -0.010000 0.003536 -0.074246 -0.005000 0.007071 -0.077782 -0.005000 
0.003536 -0.074246 -0.010000 0.000000 -0.070711 -0.010000 0.000000 -0.070711 -0.005000 0.003536 -0.074246 -0.005000 
0.000000 -0.070711 -0.010000 -0.003536 -0.067175 -0.010000 -0.003536 -0.067175 -0.005000 0.000000 -0.070711 -0.005000 
-0.003536 -0.067175 -0.010000 -0.007071 -0.063640 -0.010000 -0.007071 -0.063640 -0.005000 -0.003536 -0.067175 -0.005000 
-0.007071 -0.063640 -0.010000 -0.010607 -0.060104 -0.010000 -0.010607 -0.060104 -0.005000 -0.007071 -0.063640 -0.005000 
-0.010607 -0.060104 -0.010000 -0.014142 -0.056569 -0.010000 -0.014142 -0.056569 -0.005000 -0.010607 -0.060104 -0.005000 
-0.014142 -0.056569 -0.010000 -0.017678 -0.053033 -0.010000 -0.017678 -0.053033 -0.005000 -0.014142 -0.056569 -0.005000 
-0.017678 -0.053033 -0.010000 -0.021213 -0.049497 -0.010000 -0.021213 -0.049497 -0.005000 -0.017678 -0.053033 -0.005000 
-0.021213 -0.049497 -0.010000 -0.024749 -0.045962 -0.010000 -0.024749 -0.045962 -0.005000 -0.021213 -0.049497 -0.005000 
-0.024749 -0.045962 -0.010000 -0.028284 -0.042426 -0.010000 -0.028284 -0.042426 -0.005000 -0.024749 -0.045962 -0.005000 
-0.028284 -0.042426 -0.010000 -0.031820 -0.038891 -0.010000 -0.031820 -0.038891 -0.005000 -0.028284 -0.042426 -0.005000 
-0.031820 -0.038891 -0.010000 -0.035355 -0.035355 -0.010000 -0.035355 -0.035355 -0.005000 -0.031820 -0.038891 -0.005000 
-0.035355 -0.035355 -0.010000 -0.038891 -0.031820 -0.010000 -0.038891 -0.031820 -0.005000 -0.035355 -0.035355 -0.005000 
-0.038891 -0.031820 -0.010000 -0.042426 -0.028284 -0.010000 -0.042426 -0.028284 -0.005000 -0.038891 -0.031820 -0.005000 
-0.042426 -0.028284 -0.010000 -0.045962 -0.024749 -0.010000 -0.045962 -0.024749 -0.005000 -0.042426 -0.028284 -0.005000 
-0.045962 -0.024749 -0.010000 -0.049497 -0.021213 -0.010000 -0.049497 -0.021213 -0.005000 -0.045962 -0.024749 -0.005000 
-0.049497 -0.021213 -0.010000 -0.053033 -0.017678 -0.010000 -0.053033 -0.017678 -0.005000 -0.049497 -0.021213 -0.005000 
-0.053033 -0.017678 -0.010000 -0.056569 -0.014142 -0.010000 -0.056569 -0.014142 -0.005000 -0.053033 -0.017678 -0.005000 
-0.056569 -0.014142 -0.010000 -0.060104 -0.010607 -0.010000 -0.060104 -0.010607 -0.005000 -0.056569 -0.014142 -0.005000 
-0.060104 -0.010607 -0.010000 -0.063640 -0.007071 -0.010000 -0.063640 -0.007071 -0.005000 -0.060104 -0.010607 -0.005000 
-0.063640 -0.007071 -0.010000 -0.067175 -0.003536 -0.010000 -0.067175 -0.003536 -0.005000 -0.063640 -0.007071 -0.005000 
-0.067175 -0.003536 -0.010000 -0.070711 -0.000000 -0.010000 -0.070711 -0.000000 -0.005000 -0.067175 -0.003536 -0.005000 
0.070711 -0.141421 -0.015000 0.067175 -0.137886 -0.015000 0.067175 -0.137886 -0.010000 0.070711 -0.141421 -0.010000 
0.067175 -0.137886 -0.015000 0.063640 -0.134350 -0.015000 0.063640 -0.134350 -0.010000 0.067175 -0.137886 -0.010000 
0.063640 -0.134350 -0.015000 0.060104 -0.130815 -0.015000 0.060104 -0.130815 -0.010000 0.063640 -0.134350 -0.010000 
0.060104 -0.130815 -0.015000 0.056569 -0.127279 -0.015000 0.056569 -0.127279 -0.010000 0.060104 -0.130815 -0.010000 
0.056569 -0.127279 -0.015000 0.053033 -0.123744 -0.015000 0.053033 -0.123744 -0.010000 0.056569 -0.127279 -0.010000 
0.053033 -0.123744 -0.015000 0.049497 -0.120208 -0.015000 0.049497 -0.120208 -0.010000 0.053033 -0.123744 -0.010000 
0.049497 -0.120208 -0.015000 0.045962 -0.116673 -0.015000 0.045962 -0.116673 -0.010000 0.049497 -0.120208 -0.010000 
0.045962 -0.116673 -0.015000 0.042426 -0.113137 -0.015000 0.042426 -0.113137 -0.010000 0.045962 -0.116673 -0.010000 
0.042426 -0.113137 -0.015000 0.038891 -0.109602 -0.015000 0.038891 -0.109602 -0.010000 0.042426 -0.113137 -0.010000 
0.038891 -0.109602 -0.015000 0.035355 -0.106066 -0.015000 0.035355 -0.106066 -0.010000 0.038891 -0.109602 -0.010000 
0.035355 -0.106066 -0.015000 0.031820 -0.102530 -0.015000 0.031820 -0.102530 -0.010000 0.035355 -0.106066 -0.010000 
0.031820 -0.102530 -0.015000 0.028284 -0.098995 -0.015000 0.028284 -0.098995 -0.010000 0.031820 -0.102530 -0.010000 
0.028284 -0.098995 -0.015000 0.024749 -0.095459 -0.015000 0.024749 -0.095459 -0.010000 0.028284 -0.098995 -0.010000 
0.024749 -0.095459 -0.015000 0.021213 -0.091924 -0.015000 0.021213 -0.091924 -0.010000 0.024749 -0.095459 -0.010000 
0.021213 -0.091924 -0.015000 0.017678 -0.088388 -0.015000 0.017678 -0.088388 -0.010000 0.021213 -0.091924 -0.010000 
0.017678 -0.088388 -0.015000 0.014142 -0.084853 -0.015000 0.014142 -0.084853 -0.010000 0.017678 -0.088388 -0.010000 
0.014142 -0.084853 -0.015000 0.010607 -0.081317 -0.015000 0.010607 -0.081317 -0.010000 0.014142 -0.084853 -0.010000 
0.010607 -0.081317 -0.015000 0.007071 -0.077782 -0.015000 0.007071 -0.077782 -0.010000 0.010607 -0.081317 -0.010000 
0.007071 -0.077782 -0.015000 0.003536 -0.074246 -0.015000 0.003536 -0.074246 -0.010000 0.007071 -0.077782 -0.010000 
0.003536 -0.074246 -0.015000 0.000000 -0.070711 -0.015000 0.000000 -0.070711 -0.010000 0.003536 -0.074246 -0.010000 
0.000000 -0.070711 -0.015000 -0.003536 -0.067175 -0.015000 -0.003536 -0.067175 -0.010000 0.000000 -0.070711 -0.010000 
-0.003536 -0.067175 -0.015000 -0.007071 -0.063640 -0.015000 -0.007071 -0.063640 -0.010000 -0.003536 -0.067175 -0.010000 
-0.007071 -0.063640 -0.015000 -0.010607 -0.060104 -0.015000 -0.010607 -0.060104 -0.010000 -0.007071 -0.063640 -0.010000 
-0.010607 -0.060104 -0.015000 -0.014142 -0.056569 -0.015000 -0.014142 -0.056569 -0.010000 -0.010607 -0.060104 -0.010000 
-0.014142 -0.056569 -0.015000 -0.017678 -0.053033 -0.015000 -0.017678 -0.053033 -0.010000 -0.014142 -0.056569 -0.010000 
-0.017678 -0.053033 -0.015000 -0.021213 -0.049497 -0.015000 -0.021213 -0.049497 -0.010000 -0.017678 -0.053033 -0.010000 
-0.021213 -0.049497 -0.015000 -0.024749 -0.045962 -0.015000 -0.024749 -0.045962 -0.010000 -0.021213 -0.049497 -0.010000 
-0.024749 -0.045962 -0.015000 -0.028284 -0.042426 -0.015000 -0.028284 -0.042426 -0.010000 -0.024749 -0.045962 -0.010000 
-0.028284 -0.042426 -0.015000 -0.031820 -0.038891 -0.015000 -0.031820 -0.038891 -0.010000 -0.028284 -0.042426 -0.010000 
-0.031820 -0.038891 -0.015000 -0.035355 -0.035355 -0.015000 -0.035355 -0.035355 -0.010000 -0.031820 -0.038891 -0.010000 
-0.035355 -0.035355 -0.015000 -0.038891 -0.031820 -0.015000 -0.038891 -0.031820 -0.010000 -0.035355 -0.035355 -0.010000 
-0.038891 -0.031820 -0.015000 -0.042426 -0.028284 -0.015000 -0.042426 -0.028284 -0.010000 -0.038891 -0.031820 -0.010000 
-0.042426 -0.028284 -0.015000 -0.045962 -0.024749 -0.015000 -0.045962 -0.024749 -0.010000 -0.042426 -0.028284 -0.010000 
-0.045962 -0.024749 -0.015000 -0.049497 -0.021213 -0.015000 -0.049497 -0.021213 -0.010000 -0.045962 -0.024749 -0.010000 
-0.049497 -0.021213 -0.015000 -0.053033 -0.017678 -0.015000 -0.053033 -0.017678 -0.010000 -0.049497 -0.021213 -0.010000 
-0.053033 -0.017678 -0.015000 -0.056569 -0.014142 -0.015000 -0.056569 -0.014142 -0.010000 -0.053033 -0.017678 -0.010000 
-0.056569 -0.014142 -0.015000 -0.060104 -0.010607 -0.015000 -0.060104 -0.010607 -0.010000 -0.056569 -0.014142 -0.010000 
-0.060104 -0.010607 -0.015000 -0.063640 -0.007071 -0.015000 -0.063640 -0.007071 -0.010000 -0.060104 -0.010607 -0.010000 
-0.063640 -0.007071 -0.015000 -0.067175 -0.003536 -0.015000 -0.067175 -0.003536 -0.010000 -0.063640 -0.007071 -0.010000 
-0.067175 -0.003536 -0.015000 -0.070711 -0.000000 -0.015000 -0.070711 -0.000000 -0.010000 -0.067175 -0.003536 -0.010000 
0.070711 -0.141421 -0.020000 0.067175 -0.137886 -0.020000 0.067175 -0.137886 -0.015000 0.070711 -0.141421 -0.015000 
0.067175 -0.137886 -0.020000 0.063640 -0.134350 -0.020000 0.063640 -0.134350 -0.015000 0.067175 -0.137886 -0.015000 
0.063640 -0.134350 -0.020000 0.060104 -0.130815 -0.020000 0.060104 -0.130815 -0.015000 0.063640 -0.134350 -0.015000 
0.060104 -0.130815 -0.020000 0.056569 -0.127279 -0.020000 0.056569 -0.127279 -0.015000 0.060104 -0.130815 -0.015000 
0.056569 -0.127279 -0.020000 0.053033 -0.123744 -0.020000 0.053033 -0.123744 -0.015000 0.056569 -0.127279 -0.015000 
0.053033 -0.123744 -0.020000 0.049497 -0.120208 -0.020000 0.049497 -0.120208 -0.015000 0.053033 -0.123744 -0.015000 
0.049497 -0.120208 -0.020000 0.045962 -0.116673 -0.020000 0.045962 -0.116673 -0.015000 0.049497 -0.120208 -0.015000 
0.045962 -0.116673 -0.020000 0.042426 -0.113137 -0.020000 0.042426 -0.113137 -0.015000 0.045962 -0.116673 -0.015000 
0.042426 -0.113137 -0.020000 0.038891 -0.109602 -0.020000 0.038891 -0.109602 -0.015000 0.042426 -0.113137 -0.015000 
0.038891 -0.109602 -0.020000 0.035355 -0.106066 -0.020000 0.035355 -0.106066 -0.015000 0.038891 -0.109602 -0.015000 
0.035355 -0.106066 -0.020000 0.031820 -0.102530 -0.020000 0.031820 -0.102530 -0.015000 0.035355 -0.106066 -0.015000 
0.031820 -0.102530 -0.020000 0.028284 -0.098995 -0.020000 0.028284 -0.098995 -0.015000 0.031820 -0.102530 -0.015000 
0.028284 -0.098995 -0.020000 0.024749 -0.095459 -0.020000 0.024749 -0.095459 -0.015000 0.028284 -0.098995 -0.015000 
0.024749 -0.095459 -0.020000 0.021213 -0.091924 -0.020000 0.021213 -0.091924 -0.015000 0.024749 -0.095459 -0.015000 
0.021213 -0.091924 -0.020000 0.017678 -0.088388 -0.020000 0.017678 -0.088388 -0.015000 0.021213 -0.091924 -0.015000 
0.017678 -0.088388 -0.020000 0.014142 -0.084853 -0.020000 0.014142 -0.084853 -0.015000 0.017678 -0.088388 -0.015000 
0.014142 -0.084853 -0.020000 0.010607 -0.081317 -0.020000 0.010607 -0.081317 -0.015000 0.014142 -0.084853 -0.015000 
0.010607 -0.081317 -0.020000 0.007071 -0.077782 -0.020000 0.007071 -0.077782 -0.015000 0.010607 -0.081317 -0.015000 
0.007071 -0.077782 -0.020000 0.003536 -0.074246 -0.020000 0.003536 -0.074246 -0.015000 0.007071 -0.077782 -0.015000 
0.003536 -0.074246 -0.020000 0.000000 -0.070711 -0.020000 0.000000 -0.070711 -0.015000 0.003536 -0.074246 -0.015000 
0.000000 -0.070711 -0.020000 -0.003536 -0.067175 -0.020000 -0.003536 -0.067175 -0.015000 0.000000 -0.070711 -0.015000 
-0.003536 -0.067175 -0.020000 -0.007071 -0.063640 -0.020000 -0.007071 -0.063640 -0.015000 -0.003536 -0.067175 -0.015000 
-0.007071 -0.063640 -0.020000 -0.010607 -0.060104 -0.020000 -0.010607 -0.060104 -0.015000 -0.007071 -0.063640 -0.015000 
-0.010607 -0.060104 -0.020000 -0.014142 -0.056569 -0.020000 -0.014142 -0.056569 -0.015000 -0.010607 -0.060104 -0.015000 
-0.014142 -0.056569 -0.020000 -0.017678 -0.053033 -0.020000 -0.017678 -0.053033 -0.015000 -0.014142 -0.056569 -0.015000 
-0.017678 -0.053033 -0.020000 -0.021213 -0.049497 -0.020000 -0.021213 -0.049497 -0.015000 -0.017678 -0.053033 -0.015000 
-0.021213 -0.049497 -0.020000 -0.024749 -0.045962 -0.020000 -0.024749 -0.045962 -0.015000 -0.021213 -0.049497 -0.015000 
-0.024749 -0.045962 -0.020000 -0.028284 -0.042426 -0.020000 -0.028284 -0.042426 -0.015000 -0.024749 -0.045962 -0.015000 
-0.028284 -0.042426 -0.020000 -0.031820 -0.038891 -0.020000 -0.031820 -0.038891 -0.015000 -0.028284 -0.042426 -0.015000 
-0.031820 -0.038891 -0.020000 -0.035355 -0.035355 -0.020000 -0.035355 -0.035355 -0.015000 -0.031820 -0.038891 -0.015000 
-0.035355 -0.035355 -0.020000 -0.038891 -0.031820 -0.020000 -0.038891 -0.031820 -0.015000 -0.035355 -0.035355 -0.015000 
-0.038891 -0.031820 -0.020000 -0.042426 -0.028284 -0.020000 -0.042426 -0.028284 -0.015000 -0.038891 -0.031820 -0.015000 
-0.042426 -0.028284 -0.020000 -0.045962 -0.024749 -0.020000 -0.045962 -0.024749 -0.015000 -0.042426 -0.028284 -0.015000 
-0.045962 -0.024749 -0.020000 -0.049497 -0.021213 -0.020000 -0.049497 -0.021213 -0.015000 -0.045962 -0.024749 -0.015000 
-0.049497 -0.021213 -0.020000 -0.053033 -0.017678 -0.020000 -0.053033 -0.017678 -0.015000 -0.049497 -0.021213 -0.015000 
-0.053033 -0.017678 -0.020000 -0.056569 -0.014142 -0.020000 -0.056569 -0.014142 -0.015000 -0.053033 -0.017678 -0.015000 
-0.056569 -0.014142 -0.020000 -0.060104 -0.010607 -0.020000 -0.060104 -0.010607 -0.015000 -0.056569 -0.014142 -0.015000 
-0.060104 -0.010607 -0.020000 -0.063640 -0.007071 -0.020000 -0.063640 -0.007071 -0.015000 -0.060104 -0.010607 -0.015000 
-0.063640 -0.007071 -0.020000 -0.067175 -0.003536 -0.020000 -0.067175 -0.003536 -0.015000 -0.063640 -0.007071 -0.015000 
-0.067175 -0.003536 -0.020000 -0.070711 -0.000000 -0.020000 -0.070711 -0.000000 -0.015000 -0.067175 -0.003536 -0.015000 
0.070711 -0.141421 -0.025000 0.067175 -0.137886 -0.025000 0.067175 -0.137886 -0.020000 0.070711 -0.141421 -0.020000 
0.067175 -0.137886 -0.025000 0.063640 -0.134350 -0.025000 0.063640 -0.134350 -0.020000 0.067175 -0.137886 -0.020000 
0.063640 -0.134350 -0.025000 0.060104 -0.130815 -0.025000 0.060104 -0.130815 -0.020000 0.063640 -0.134350 -0.020000 
0.060104 -0.130815 -0.025000 0.056569 -0.127279 -0.025000 0.056569 -0.127279 -0.020000 0.060104 -0.130815 -0.020000 
0.056569 -0.127279 -0.025000 0.053033 -0.123744 -0.025000 0.053033 -0.123744 -0.020000 0.056569 -0.127279 -0.020000 
0.053033 -0.123744 -0.025000 0.049497 -0.120208 -0.025000 0.049497 -0.120208 -0.020000 0.053033 -0.123744 -0.020000 
0.049497 -0.120208 -0.025000 0.045962 -0.116673 -0.025000 0.045962 -0.116673 -0.020000 0.049497 -0.120208 -0.020000 
0.045962 -0.116673 -0.025000 0.042426 -0.113137 -0.025000 0.042426 -0.113137 -0.020000 0.045962 -0.116673 -0.020000 
0.042426 -0.113137 -0.025000 0.038891 -0.109602 -0.025000 0.038891 -0.109602 -0.020000 0.042426 -0.113137 -0.020000 
0.038891 -0.109602 -0.025000 0.035355 -0.106066 -0.025000 0.035355 -0.106066 -0.020000 0.038891 -0.109602 -0.020000 
0.035355 -0.106066 -0.025000 0.031820 -0.102530 -0.025000 0.031820 -0.102530 -0.020000 0.035355 -0.106066 -0.020000 
0.031820 -0.102530 -0.025000 0.028284 -0.098995 -0.025000 0.028284 -0.098995 -0.020000 0.031820 -0.102530 -0.020000 
0.028284 -0.098995 -0.025000 0.024749 -0.095459 -0.025000 0.024749 -0.095459 -0.020000 0.028284 -0.098995 -0.020000 
0.024749 -0.095459 -0.025000 0.021213 -0.091924 -0.025000 0.021213 -0.091924 -0.020000 0.024749 -0.095459 -0.020000 
0.021213 -0.091924 -0.025000 0.017678 -0.088388 -0.025000 0.017678 -0.088388 -0.020000 0.021213 -0.091924 -0.020000 
0.017678 -0.088388 -0.025000 0.014142 -0.084853 -0.025000 0.014142 -0.084853 -0.020000 0.017678 -0.088388 -0.020000 
0.014142 -0.084853 -0.025000 0.010607 -0.081317 -0.025000 0.010607 -0.081317 -0.020000 0.014142 -0.084853 -0.020000 
0.010607 -0.081317 -0.025000 0.007071 -0.077782 -0.025000 0.007071 -0.077782 -0.020000 0.010607 -0.081317 -0.020000 
0.007071 -0.077782 -0.025000 0.003536 -0.074246 -0.025000 0.003536 -0.074246 -0.020000 0.007071 -0.077782 -0.020000 
0.003536 -0.074246 -0.025000 0.000000 -0.070711 -0.025000 0.000000 -0.070711 -0.020000 0.003536 -0.074246 -0.020000 
0.000000 -0.070711 -0.025000 -0.003536 -0.067175 -0.025000 -0.003536 -0.067175 -0.020000 0.000000 -0.070711 -0.020000 
-0.003536 -0.067175 -0.025000 -0.007071 -0.063640 -0.025000 -0.007071 -0.063640 -0.020000 -0.003536 -0.067175 -0.020000 
-0.007071 -0.063640 -0.025000 -0.010607 -0.060104 -0.025000 -0.010607 -0.060104 -0.020000 -0.007071 -0.063640 -0.020000 
-0.010607 -0.060104 -0.025000 -0.014142 -0.056569 -0.025000 -0.014142 -0.056569 -0.020000 -0.010607 -0.060104 -0.020000 
-0.014142 -0.056569 -0.025000 -0.017678 -0.053033 -0.025000 -0.017678 -0.053033 -0.020000 -0.014142 -0.056569 -0.020000 
-0.017678 -0.053033 -0.025000 -0.021213 -0.049497 -0.025000 -0.021213 -0.049497 -0.020000 -0.017678 -0.053033 -0.020000 
-0.021213 -0.049497 -0.025000 -0.024749 -0.045962 -0.025000 -0.024749 -0.045962 -0.020000 -0.021213 -0.049497 -0.020000 
-0.024749 -0.045962 -0.025000 -0.028284 -0.042426 -0.025000 -0.028284 -0.042426 -0.020000 -0.024749 -0.045962 -0.020000 
-0.028284 -0.042426 -0.025000 -0.031820 -0.038891 -0.025000 -0.031820 -0.038891 -0.020000 -0.028284 -0.042426 -0.020000 
-0.031820 -0.038891 -0.025000 -0.035355 -0.035355 -0.025000 -0.035355 -0.035355 -0.020000 -0.031820 -0.038891 -0.020000 
-0.035355 -0.035355 -0.025000 -0.038891 -0.031820 -0.025000 -0.038891 -0.031820 -0.020000 -0.035355 -0.035355 -0.020000 
-0.038891 -0.031820 -0.025000 -0.042426 -0.028284 -0.025000 -0.042426 -0.028284 -0.020000 -0.038891 -0.031820 -0.020000 
-0.042426 -0.028284 -0.025000 -0.045962 -0.024749 -0.025000 -0.045962 -0.024749 -0.020000 -0.042426 -0.028284 -0.020000 
-0.045962 -0.024749 -0.025000 -0.049497 -0.021213 -0.025000 -0.049497 -0.021213 -0.020000 -0.045962 -0.024749 -0.020000 
-0.049497 -0.021213 -0.025000 -0.053033 -0.017678 -0.025000 -0.053033 -0.017678 -0.020000 -0.049497 -0.021213 -0.020000 
-0.053033 -0.017678 -0.025000 -0.056569 -0.014142 -0.025000 -0.056569 -0.014142 -0.020000 -0.053033 -0.017678 -0.020000 
-0.056569 -0.014142 -0.025000 -0.060104 -0.010607 -0.025000 -0.060104 -0.010607 -0.020000 -0.056569 -0.014142 -0.020000 
-0.060104 -0.010607 -0.025000 -0.063640 -0.007071 -0.025000 -0.063640 -0.007071 -0.020000 -0.060104 -0.010607 -0.020000 
-0.063640 -0.007071 -0.025000 -0.067175 -0.003536 -0.025000 -0.067175 -0.003536 -0.020000 -0.063640 -0.007071 -0.020000 
-0.067175 -0.003536 -0.025000 -0.070711 -0.000000 -0.025000 -0.070711 -0.000000 -0.020000 -0.067175 -0.003536 -0.020000 
0.070711 -0.141421 -0.030000 0.067175 -0.137886 -0.030000 0.067175 -0.137886 -0.025000 0.070711 -0.141421 -0.025000 
0.067175 -0.137886 -0.030000 0.063640 -0.134350 -0.030000 0.063640 -0.134350 -0.025000 0.067175 -0.137886 -0.025000 
0.063640 -0.134350 -0.030000 0.060104 -0.130815 -0.030000 0.060104 -0.130815 -0.025000 0.063640 -0.134350 -0.025000 
0.060104 -0.130815 -0.030000 0.056569 -0.127279 -0.030000 0.056569 -0.127279 -0.025000 0.060104 -0.130815 -0.025000 
0.056569 -0.127279 -0.030000 0.053033 -0.123744 -0.030000 0.053033 -0.123744 -0.025000 0.056569 -0.127279 -0.025000 
0.053033 -0.123744 -0.030000 0.049497 -0.120208 -0.030000 0.049497 -0.120208 -0.025000 0.053033 -0.123744 -0.025000 
0.049497 -0.120208 -0.030000 0.045962 -0.116673 -0.030000 0.045962 -0.116673 -0.025000 0.049497 -0.120208 -0.025000 
0.045962 -0.116673 -0.030000 0.042426 -0.113137 -0.030000 0.042426 -0.113137 -0.025000 0.045962 -0.116673 -0.025000 
0.042426 -0.113137 -0.030000 0.038891 -0.109602 -0.030000 0.038891 -0.109602 -0.025000 0.042426 -0.113137 -0.025000 
0.038891 -0.109602 -0.030000 0.035355 -0.106066 -0.030000 0.035355 -0.106066 -0.025000 0.038891 -0.109602 -0.025000 
0.035355 -0.106066 -0.030000 0.031820 -0.102530 -0.030000 0.031820 -0.102530 -0.025000 0.035355 -0.106066 -0.025000 
0.031820 -0.102530 -0.030000 0.028284 -0.098995 -0.030000 0.028284 -0.098995 -0.025000 0.031820 -0.102530 -0.025000 
0.028284 -0.098995 -0.030000 0.024749 -0.095459 -0.030000 0.024749 -0.095459 -0.025000 0.028284 -0.098995 -0.025000 
0.024749 -0.095459 -0.030000 0.021213 -0.091924 -0.030000 0.021213 -0.091924 -0.025000 0.024749 -0.095459 -0.025000 
0.021213 -0.091924 -0.030000 0.017678 -0.088388 -0.030000 0.017678 -0.088388 -0.025000 0.021213 -0.091924 -0.025000 
0.017678 -0.088388 -0.030000 0.014142 -0.084853 -0.030000 0.014142 -0.084853 -0.025000 0.017678 -0.088388 -0.025000 
0.014142 -0.084853 -0.030000 0.010607 -0.081317 -0.030000 0.010607 -0.081317 -0.025000 0.014142 -0.084853 -0.025000 
0.010607 -0.081317 -0.030000 0.007071 -0.077782 -0.030000 0.007071 -0.077782 -0.025000 0.010607 -0.081317 -0.025000 
0.007071 -0.077782 -0.030000 0.003536 -0.074246 -0.030000 0.003536 -0.074246 -0.025000 0.007071 -0.077782 -0.025000 
0.003536 -0.074246 -0.030000 0.000000 -0.070711 -0.030000 0.000000 -0.070711 -0.025000 0.003536 -0.074246 -0.025000 
0.000000 -0.070711 -0.030000 -0.003536 -0.067175 -0.030000 -0.003536 -0.067175 -0.025000 0.000000 -0.070711 -0.025000 
-0.003536 -0.067175 -0.030000 -0.007071 -0.063640 -0.030000 -0.007071 -0.063640 -0.025000 -0.003536 -0.067175 -0.025000 
-0.007071 -0.063640 -0.030000 -0.010607 -0.060104 -0.030000 -0.010607 -0.060104 -0.025000 -0.007071 -0.063640 -0.025000 
-0.010607 -0.060104 -0.030000 -0.014142 -0.056569 -0.030000 -0.014142 -0.056569 -0.025000 -0.010607 -0.060104 -0.025000 
-0.014142 -0.056569 -0.030000 -0.017678 -0.053033 -0.030000 -0.017678 -0.053033 -0.025000 -0.014142 -0.056569 -0.025000 
-0.017678 -0.053033 -0.030000 -0.021213 -0.049497 -0.030000 -0.021213 -0.049497 -0.025000 -0.017678 -0.053033 -0.025000 
-0.021213 -0.049497 -0.030000 -0.024749 -0.045962 -0.030000 -0.024749 -0.045962 -0.025000 -0.021213 -0.049497 -0.025000 
-0.024749 -0.045962 -0.030000 -0.028284 -0.042426 -0.030000 -0.028284 -0.042426 -0.025000 -0.024749 -0.045962 -0.025000 
-0.028284 -0.042426 -0.030000 -0.031820 -0.038891 -0.030000 -0.031820 -0.038891 -0.025000 -0.028284 -0.042426 -0.025000 
-0.031820 -0.038891 -0.030000 -0.035355 -0.035355 -0.030000 -0.035355 -0.035355 -0.025000 -0.031820 -0.038891 -0.025000 
-0.035355 -0.035355 -0.030000 -0.038891 -0.031820 -0.030000 -0.038891 -0.031820 -0.025000 -0.035355 -0.035355 -0.025000 
-0.038891 -0.031820 -0.030000 -0.042426 -0.028284 -0.030000 -0.042426 -0.028284 -0.025000 -0.038891 -0.031820 -0.025000 
-0.042426 -0.028284 -0.030000 -0.045962 -0.024749 -0.030000 -0.045962 -0.024749 -0.025000 -0.042426 -0.028284 -0.025000 
-0.045962 -0.024749 -0.030000 -0.049497 -0.021213 -0.030000 -0.049497 -0.021213 -0.025000 -0.045962 -0.024749 -0.025000 
-0.049497 -0.021213 -0.030000 -0.053033 -0.017678 -0.030000 -0.053033 -0.017678 -0.025000 -0.049497 -0.021213 -0.025000 
-0.053033 -0.017678 -0.030000 -0.056569 -0.014142 -0.030000 -0.056569 -0.014142 -0.025000 -0.053033 -0.017678 -0.025000 
-0.056569 -0.014142 -0.030000 -0.060104 -0.010607 -0.030000 -0.060104 -0.010607 -0.025000 -0.056569 -0.014142 -0.025000 
-0.060104 -0.010607 -0.030000 -0.063640 -0.007071 -0.030000 -0.063640 -0.007071 -0.025000 -0.060104 -0.010607 -0.025000 
-0.063640 -0.007071 -0.030000 -0.067175 -0.003536 -0.030000 -0.067175 -0.003536 -0.025000 -0.063640 -0.007071 -0.025000 
-0.067175 -0.003536 -0.030000 -0.070711 -0.000000 -0.030000 -0.070711 -0.000000 -0.025000 -0.067175 -0.003536 -0.025000 
0.070711 -0.141421 -0.035000 0.067175 -0.137886 -0.035000 0.067175 -0.137886 -0.030000 0.070711 -0.141421 -0.030000 
0.067175 -0.137886 -0.035000 0.063640 -0.134350 -0.035000 0.063640 -0.134350 -0.030000 0.067175 -0.137886 -0.030000 
0.063640 -0.134350 -0.035000 0.060104 -0.130815 -0.035000 0.060104 -0.130815 -0.030000 0.063640 -0.134350 -0.030000 
0.060104 -0.130815 -0.035000 0.056569 -0.127279 -0.035000 0.056569 -0.127279 -0.030000 0.060104 -0.130815 -0.030000 
0.056569 -0.127279 -0.035000 0.053033 -0.123744 -0.035000 0.053033 -0.123744 -0.030000 0.056569 -0.127279 -0.030000 
0.053033 -0.123744 -0.035000 0.049497 -0.120208 -0.035000 0.049497 -0.120208 -0.030000 0.053033 -0.123744 -0.030000 
0.049497 -0.120208 -0.035000 0.045962 -0.116673 -0.035000 0.045962 -0.116673 -0.030000 0.049497 -0.120208 -0.030000 
0.045962 -0.116673 -0.035000 0.042426 -0.113137 -0.035000 0.042426 -0.113137 -0.030000 0.045962 -0.116673 -0.030000 
0.042426 -0.113137 -0.035000 0.038891 -0.109602 -0.035000 0.038891 -0.109602 -0.030000 0.042426 -0.113137 -0.030000 
0.038891 -0.109602 -0.035000 0.035355 -0.106066 -0.035000 0.035355 -0.106066 -0.030000 0.038891 -0.109602 -0.030000 
0.035355 -0.106066 -0.035000 0.031820 -0.102530 -0.035000 0.031820 -0.102530 -0.030000 0.035355 -0.106066 -0.030000 
0.031820 -0.102530 -0.035000 0.028284 -0.098995 -0.035000 0.028284 -0.098995 -0.030000 0.031820 -0.102530 -0.030000 
0.028284 -0.098995 -0.035000 0.024749 -0.095459 -0.035000 0.024749 -0.095459 -0.030000 0.028284 -0.098995 -0.030000 
0.024749 -0.095459 -0.035000 0.021213 -0.091924 -0.035000 0.021213 -0.091924 -0.030000 0.024749 -0.095459 -0.030000 
0.021213 -0.091924 -0.035000 0.017678 -0.088388 -0.035000 0.017678 -0.088388 -0.030000 0.021213 -0.091924 -0.030000 
0.017678 -0.088388 -0.035000 0.014142 -0.084853 -0.035000 0.014142 -0.084853 -0.030000 0.017678 -0.088388 -0.030000 
0.014142 -0.084853 -0.035000 0.010607 -0.081317 -0.035000 0.010607 -0.081317 -0.030000 0.014142 -0.084853 -0.030000 
0.010607 -0.081317 -0.035000 0.007071 -0.077782 -0.035000 0.007071 -0.077782 -0.030000 0.010607 -0.081317 -0.030000 
0.007071 -0.077782 -0.035000 0.003536 -0.074246 -0.035000 0.003536 -0.074246 -0.030000 0.007071 -0.077782 -0.030000 
0.003536 -0.074246 -0.035000 0.000000 -0.070711 -0.035000 0.000000 -0.070711 -0.030000 0.003536 -0.074246 -0.030000 
0.000000 -0.070711 -0.035000 -0.003536 -0.067175 -0.035000 -0.003536 -0.067175 -0.030000 0.000000 -0.070711 -0.030000 
-0.003536 -0.067175 -0.035000 -0.007071 -0.063640 -0.035000 -0.007071 -0.063640 -0.030000 -0.003536 -0.067175 -0.030000 
-0.007071 -0.063640 -0.035000 -0.010607 -0.060104 -0.035000 -0.010607 -0.060104 -0.030000 -0.007071 -0.063640 -0.030000 
-0.010607 -0.060104 -0.035000 -0.014142 -0.056569 -0.035000 -0.014142 -0.056569 -0.030000 -0.010607 -0.060104 -0.030000 
-0.014142 -0.056569 -0.035000 -0.017678 -0.053033 -0.035000 -0.017678 -0.053033 -0.030000 -0.014142 -0.056569 -0.030000 
-0.017678 -0.053033 -0.035000 -0.021213 -0.049497 -0.035000 -0.021213 -0.049497 -0.030000 -0.017678 -0.053033 -0.030000 
-0.021213 -0.049497 -0.035000 -0.024749 -0.045962 -0.035000 -0.024749 -0.045962 -0.030000 -0.021213 -0.049497 -0.030000 
-0.024749 -0.045962 -0.035000 -0.028284 -0.042426 -0.035000 -0.028284 -0.042426 -0.030000 -0.024749 -0.045962 -0.030000 
-0.028284 -0.042426 -0.035000 -0.031820 -0.038891 -0.035000 -0.031820 -0.038891 -0.030000 -0.028284 -0.042426 -0.030000 
-0.031820 -0.038891 -0.035000 -0.035355 -0.035355 -0.035000 -0.035355 -0.035355 -0.030000 -0.031820 -0.038891 -0.030000 
-0.035355 -0.035355 -0.035000 -0.038891 -0.031820 -0.035000 -0.038891 -0.031820 -0.030000 -0.035355 -0.035355 -0.030000 
-0.038891 -0.031820 -0.035000 -0.042426 -0.028284 -0.035000 -0.042426 -0.028284 -0.030000 -0.038891 -0.031820 -0.030000 
-0.042426 -0.028284 -0.035000 -0.045962 -0.024749 -0.035000 -0.045962 -0.024749 -0.030000 -0.042426 -0.028284 -0.030000 
-0.045962 -0.024749 -0.035000 -0.049497 -0.021213 -0.035000 -0.049497 -0.021213 -0.030000 -0.045962 -0.024749 -0.030000 
-0.049497 -0.021213 -0.035000 -0.053033 -0.017678 -0.035000 -0.053033 -0.017678 -0.030000 -0.049497 -0.021213 -0.030000 
-0.053033 -0.017678 -0.035000 -0.056569 -0.014142 -0.035000 -0.056569 -0.014142 -0.030000 -0.053033 -0.017678 -0.030000 
-0.056569 -0.014142 -0.035000 -0.060104 -0.010607 -0.035000 -0.060104 -0.010607 -0.030000 -0.056569 -0.014142 -0.030000 
-0.060104 -0.010607 -0.035000 -0.063640 -0.007071 -0.035000 -0.063640 -0.007071 -0.030000 -0.060104 -0.010607 -0.030000 
-0.063640 -0.007071 -0.035000 -0.067175 -0.003536 -0.035000 -0.067175 -0.003536 -0.030000 -0.063640 -0.007071 -0.030000 
-0.067175 -0.003536 -0.035000 -0.070711 -0.000000 -0.035000 -0.070711 -0.000000 -0.030000 -0.067175 -0.003536 -0.030000 
0.070711 -0.141421 -0.040000 0.067175 -0.137886 -0.040000 0.067175 -0.137886 -0.035000 0.070711 -0.141421 -0.035000 
0.067175 -0.137886 -0.040000 0.063640 -0.134350 -0.040000 0.063640 -0.134350 -0.035000 0.067175 -0.137886 -0.035000 
0.063640 -0.134350 -0.040000 0.060104 -0.130815 -0.040000 0.060104 -0.130815 -0.035000 0.063640 -0.134350 -0.035000 
0.060104 -0.130815 -0.040000 0.056569 -0.127279 -0.040000 0.056569 -0.127279 -0.035000 0.060104 -0.130815 -0.035000 
0.056569 -0.127279 -0.040000 0.053033 -0.123744 -0.040000 0.053033 -0.123744 -0.035000 0.056569 -0.127279 -0.035000 
0.053033 -0.123744 -0.040000 0.049497 -0.120208 -0.040000 0.049497 -0.120208 -0.035000 0.053033 -0.123744 -0.035000 
0.049497 -0.120208 -0.040000 0.045962 -0.116673 -0.040000 0.045962 -0.116673 -0.035000 0.049497 -0.120208 -0.035000 
0.045962 -0.116673 -0.040000 0.042426 -0.113137 -0.040000 0.042426 -0.113137 -0.035000 0.045962 -0.116673 -0.035000 
0.042426 -0.113137 -0.040000 0.038891 -0.109602 -0.040000 0.038891 -0.109602 -0.035000 0.042426 -0.113137 -0.035000 
0.038891 -0.109602 -0.040000 0.035355 -0.106066 -0.040000 0.035355 -0.106066 -0.035000 0.038891 -0.109602 -0.035000 
0.035355 -0.106066 -0.040000 0.031820 -0.102530 -0.040000 0.031820 -0.102530 -0.035000 0.035355 -0.106066 -0.035000 
0.031820 -0.102530 -0.040000 0.028284 -0.098995 -0.040000 0.028284 -0.098995 -0.035000 0.031820 -0.102530 -0.035000 
0.028284 -0.098995 -0.040000 0.024749 -0.095459 -0.040000 0.024749 -0.095459 -0.035000 0.028284 -0.098995 -0.035000 
0.024749 -0.095459 -0.040000 0.021213 -0.091924 -0.040000 0.021213 -0.091924 -0.035000 0.024749 -0.095459 -0.035000 
0.021213 -0.091924 -0.040000 0.017678 -0.088388 -0.040000 0.017678 -0.088388 -0.035000 0.021213 -0.091924 -0.035000 
0.017678 -0.088388 -0.040000 0.014142 -0.084853 -0.040000 0.014142 -0.084853 -0.035000 0.017678 -0.088388 -0.035000 
0.014142 -0.084853 -0.040000 0.010607 -0.081317 -0.040000 0.010607 -0.081317 -0.035000 0.014142 -0.084853 -0.035000 
0.010607 -0.081317 -0.040000 0.007071 -0.077782 -0.040000 0.007071 -0.077782 -0.035000 0.010607 -0.081317 -0.035000 
0.007071 -0.077782 -0.040000 0.003536 -0.074246 -0.040000 0.003536 -0.074246 -0.035000 0.007071 -0.077782 -0.035000 
0.003536 -0.074246 -0.040000 0.000000 -0.070711 -0.040000 0.000000 -0.070711 -0.035000 0.003536 -0.074246 -0.035000 
0.000000 -0.070711 -0.040000 -0.003536 -0.067175 -0.040000 -0.003536 -0.067175 -0.035000 0.000000 -0.070711 -0.035000 
-0.003536 -0.067175 -0.040000 -0.007071 -0.063640 -0.040000 -0.007071 -0.063640 -0.035000 -0.003536 -0.067175 -0.035000 
-0.007071 -0.063640 -0.040000 -0.010607 -0.060104 -0.040000 -0.010607 -0.060104 -0.035000 -0.007071 -0.063640 -0.035000 
-0.010607 -0.060104 -0.040000 -0.014142 -0.056569 -0.040000 -0.014142 -0.056569 -0.035000 -0.010607 -0.060104 -0.035000 
-0.014142 -0.056569 -0.040000 -0.017678 -0.053033 -0.040000 -0.017678 -0.053033 -0.035000 -0.014142 -0.056569 -0.035000 
-0.017678 -0.053033 -0.040000 -0.021213 -0.049497 -0.040000 -0.021213 -0.049497 -0.035000 -0.017678 -0.053033 -0.035000 
-0.021213 -0.049497 -0.040000 -0.024749 -0.045962 -0.040000 -0.024749 -0.045962 -0.035000 -0.021213 -0.049497 -0.035000 
-0.024749 -0.045962 -0.040000 -0.028284 -0.042426 -0.040000 -0.028284 -0.042426 -0.035000 -0.024749 -0.045962 -0.035000 
-0.028284 -0.042426 -0.040000 -0.031820 -0.038891 -0.040000 -0.031820 -0.038891 -0.035000 -0.028284 -0.042426 -0.035000 
-0.031820 -0.038891 -0.040000 -0.035355 -0.035355 -0.040000 -0.035355 -0.035355 -0.035000 -0.031820 -0.038891 -0.035000 
-0.035355 -0.035355 -0.040000 -0.038891 -0.031820 -0.040000 -0.038891 -0.031820 -0.035000 -0.035355 -0.035355 -0.035000 
-0.038891 -0.031820 -0.040000 -0.042426 -0.028284 -0.040000 -0.042426 -0.028284 -0.035000 -0.038891 -0.031820 -0.035000 
-0.042426 -0.028284 -0.040000 -0.045962 -0.024749 -0.040000 -0.045962 -0.024749 -0.035000 -0.042426 -0.028284 -0.035000 
-0.045962 -0.024749 -0.040000 -0.049497 -0.021213 -0.040000 -0.049497 -0.021213 -0.035000 -0.045962 -0.024749 -0.035000 
-0.049497 -0.021213 -0.040000 -0.053033 -0.017678 -0.040000 -0.053033 -0.017678 -0.035000 -0.049497 -0.021213 -0.035000 
-0.053033 -0.017678 -0.040000 -0.056569 -0.014142 -0.040000 -0.056569 -0.014142 -0.035000 -0.053033 -0.017678 -0.035000 
-0.056569 -0.014142 -0.040000 -0.060104 -0.010607 -0.040000 -0.060104 -0.010607 -0.035000 -0.056569 -0.014142 -0.035000 
-0.060104 -0.010607 -0.040000 -0.063640 -0.007071 -0.040000 -0.063640 -0.007071 -0.035000 -0.060104 -0.010607 -0.035000 
-0.063640 -0.007071 -0.040000 -0.067175 -0.003536 -0.040000 -0.067175 -0.003536 -0.035000 -0.063640 -0.007071 -0.035000 
-0.067175 -0.003536 -0.040000 -0.070711 -0.000000 -0.040000 -0.070711 -0.000000 -0.035000 -0.067175 -0.003536 -0.035000 
0.070711 -0.141421 -0.045000 0.067175 -0.137886 -0.045000 0.067175 -0.137886 -0.040000 0.070711 -0.141421 -0.040000 
0.067175 -0.137886 -0.045000 0.063640 -0.134350 -0.045000 0.063640 -0.134350 -0.040000 0.067175 -0.137886 -0.040000 
0.063640 -0.134350 -0.045000 0.060104 -0.130815 -0.045000 0.060104 -0.130815 -0.040000 0.063640 -0.134350 -0.040000 
0.060104 -0.130815 -0.045000 0.056569 -0.127279 -0.045000 0.056569 -0.127279 -0.040000 0.060104 -0.130815 -0.040000 
0.056569 -0.127279 -0.045000 0.053033 -0.123744 -0.045000 0.053033 -0.123744 -0.040000 0.056569 -0.127279 -0.040000 
0.053033 -0.123744 -0.045000 0.049497 -0.120208 -0.045000 0.049497 -0.120208 -0.040000 0.053033 -0.123744 -0.040000 
0.049497 -0.120208 -0.045000 0.045962 -0.116673 -0.045000 0.045962 -0.116673 -0.040000 0.049497 -0.120208 -0.040000 
0.045962 -0.116673 -0.045000 0.042426 -0.113137 -0.045000 0.042426 -0.113137 -0.040000 0.045962 -0.116673 -0.040000 
0.042426 -0.113137 -0.045000 0.038891 -0.109602 -0.045000 0.038891 -0.109602 -0.040000 0.042426 -0.113137 -0.040000 
0.038891 -0.109602 -0.045000 0.035355 -0.106066 -0.045000 0.035355 -0.106066 -0.040000 0.038891 -0.109602 -0.040000 
0.035355 -0.106066 -0.045000 0.031820 -0.102530 -0.045000 0.031820 -0.102530 -0.040000 0.035355 -0.106066 -0.040000 
0.031820 -0.102530 -0.045000 0.028284 -0.098995 -0.045000 0.028284 -0.098995 -0.040000 0.031820 -0.102530 -0.040000 
0.028284 -0.098995 -0.045000 0.024749 -0.095459 -0.045000 0.024749 -0.095459 -0.040000 0.028284 -0.098995 -0.040000 
0.024749 -0.095459 -0.045000 0.021213 -0.091924 -0.045000 0.021213 -0.091924 -0.040000 0.024749 -0.095459 -0.040000 
0.021213 -0.091924 -0.045000 0.017678 -0.088388 -0.045000 0.017678 -0.088388 -0.040000 0.021213 -0.091924 -0.040000 
0.017678 -0.088388 -0.045000 0.014142 -0.084853 -0.045000 0.014142 -0.084853 -0.040000 0.017678 -0.088388 -0.040000 
0.014142 -0.084853 -0.045000 0.010607 -0.081317 -0.045000 0.010607 -0.081317 -0.040000 0.014142 -0.084853 -0.040000 
0.010607 -0.081317 -0.045000 0.007071 -0.077782 -0.045000 0.007071 -0.077782 -0.040000 0.010607 -0.081317 -0.040000 
0.007071 -0.077782 -0.045000 0.003536 -0.074246 -0.045000 0.003536 -0.074246 -0.040000 0.007071 -0.077782 -0.040000 
0.003536 -0.074246 -0.045000 0.000000 -0.070711 -0.045000 0.000000 -0.070711 -0.040000 0.003536 -0.074246 -0.040000 
0.000000 -0.070711 -0.045000 -0.003536 -0.067175 -0.045000 -0.003536 -0.067175 -0.040000 0.000000 -0.070711 -0.040000 
-0.003536 -0.067175 -0.045000 -0.007071 -0.063640 -0.045000 -0.007071 -0.063640 -0.040000 -0.003536 -0.067175 -0.040000 
-0.007071 -0.063640 -0.045000 -0.010607 -0.060104 -0.045000 -0.010607 -0.060104 -0.040000 -0.007071 -0.063640 -0.040000 
-0.010607 -0.060104 -0.045000 -0.014142 -0.056569 -0.045000 -0.014142 -0.056569 -0.040000 -0.010607 -0.060104 -0.040000 
-0.014142 -0.056569 -0.045000 -0.017678 -0.053033 -0.045000 -0.017678 -0.053033 -0.040000 -0.014142 -0.056569 -0.040000 
-0.017678 -0.053033 -0.045000 -0.021213 -0.049497 -0.045000 -0.021213 -0.049497 -0.040000 -0.017678 -0.053033 -0.040000 
-0.021213 -0.049497 -0.045000 -0.024749 -0.045962 -0.045000 -0.024749 -0.045962 -0.040000 -0.021213 -0.049497 -0.040000 
-0.024749 -0.045962 -0.045000 -0.028284 -0.042426 -0.045000 -0.028284 -0.042426 -0.040000 -0.024749 -0.045962 -0.040000 
-0.028284 -0.042426 -0.045000 -0.031820 -0.038891 -0.045000 -0.031820 -0.038891 -0.040000 -0.028284 -0.042426 -0.040000 
-0.031820 -0.038891 -0.045000 -0.035355 -0.035355 -0.045000 -0.035355 -0.035355 -0.040000 -0.031820 -0.038891 -0.040000 
-0.035355 -0.035355 -0.045000 -0.038891 -0.031820 -0.045000 -0.038891 -0.031820 -0.040000 -0.035355 -0.035355 -0.040000 
-0.038891 -0.031820 -0.045000 -0.042426 -0.028284 -0.045000 -0.042426 -0.028284 -0.040000 -0.038891 -0.031820 -0.040000 
-0.042426 -0.028284 -0.045000 -0.045962 -0.024749 -0.045000 -0.045962 -0.024749 -0.040000 -0.042426 -0.028284 -0.040000 
-0.045962 -0.024749 -0.045000 -0.049497 -0.021213 -0.045000 -0.049497 -0.021213 -0.040000 -0.045962 -0.024749 -0.040000 
-0.049497 -0.021213 -0.045000 -0.053033 -0.017678 -0.045000 -0.053033 -0.017678 -0.040000 -0.049497 -0.021213 -0.040000 
-0.053033 -0.017678 -0.045000 -0.056569 -0.014142 -0.045000 -0.056569 -0.014142 -0.040000 -0.053033 -0.017678 -0.040000 
-0.056569 -0.014142 -0.045000 -0.060104 -0.010607 -0.045000 -0.060104 -0.010607 -0.040000 -0.056569 -0.014142 -0.040000 
-0.060104 -0.010607 -0.045000 -0.063640 -0.007071 -0.045000 -0.063640 -0.007071 -0.040000 -0.060104 -0.010607 -0.040000 
-0.063640 -0.007071 -0.045000 -0.067175 -0.003536 -0.045000 -0.067175 -0.003536 -0.040000 -0.063640 -0.007071 -0.040000 
-0.067175 -0.003536 -0.045000 -0.070711 -0.000000 -0.045000 -0.070711 -0.000000 -0.040000 -0.067175 -0.003536 -0.040000 
0.070711 -0.141421 -0.050000 0.067175 -0.137886 -0.050000 0.067175 -0.137886 -0.045000 0.070711 -0.141421 -0.045000 
0.067175 -0.137886 -0.050000 0.063640 -0.134350 -0.050000 0.063640 -0.134350 -0.045000 0.067175 -0.137886 -0.045000 
0.063640 -0.134350 -0.050000 0.060104 -0.130815 -0.050000 0.060104 -0.130815 -0.045000 0.063640 -0.134350 -0.045000 
0.060104 -0.130815 -0.050000 0.056569 -0.127279 -0.050000 0.056569 -0.127279 -0.045000 0.060104 -0.130815 -0.045000 
0.056569 -0.127279 -0.050000 0.053033 -0.123744 -0.050000 0.053033 -0.123744 -0.045000 0.056569 -0.127279 -0.045000 
0.053033 -0.123744 -0.050000 0.049497 -0.120208 -0.050000 0.049497 -0.120208 -0.045000 0.053033 -0.123744 -0.045000 
0.049497 -0.120208 -0.050000 0.045962 -0.116673 -0.050000 0.045962 -0.116673 -0.045000 0.049497 -0.120208 -0.045000 
0.045962 -0.116673 -0.050000 0.042426 -0.113137 -0.050000 0.042426 -0.113137 -0.045000 0.045962 -0.116673 -0.045000 
0.042426 -0.113137 -0.050000 0.038891 -0.109602 -0.050000 0.038891 -0.109602 -0.045000 0.042426 -0.113137 -0.045000 
0.038891 -0.109602 -0.050000 0.035355 -0.106066 -0.050000 0.035355 -0.106066 -0.045000 0.038891 -0.109602 -0.045000 
0.035355 -0.106066 -0.050000 0.031820 -0.102530 -0.050000 0.031820 -0.102530 -0.045000 0.035355 -0.106066 -0.045000 
0.031820 -0.102530 -0.050000 0.028284 -0.098995 -0.050000 0.028284 -0.098995 -0.045000 0.031820 -0.102530 -0.045000 
0.028284 -0.098995 -0.050000 0.024749 -0.095459 -0.050000 0.024749 -0.095459 -0.045000 0.028284 -0.098995 -0.045000 
0.024749 -0.095459 -0.050000 0.021213 -0.091924 -0.050000 0.021213 -0.091924 -0.045000 0.024749 -0.095459 -0.045000 
0.021213 -0.091924 -0.050000 0.017678 -0.088388 -0.050000 0.017678 -0.088388 -0.045000 0.021213 -0.091924 -0.045000 
0.017678 -0.088388 -0.050000 0.014142 -0.084853 -0.050000 0.014142 -0.084853 -0.045000 0.017678 -0.088388 -0.045000 
0.014142 -0.084853 -0.050000 0.010607 -0.081317 -0.050000 0.010607 -0.081317 -0.045000 0.014142 -0.084853 -0.045000 
0.010607 -0.081317 -0.050000 0.007071 -0.077782 -0.050000 0.007071 -0.077782 -0.045000 0.010607 -0.081317 -0.045000 
0.007071 -0.077782 -0.050000 0.003536 -0.074246 -0.050000 0.003536 -0.074246 -0.045000 0.007071 -0.077782 -0.045000 
0.003536 -0.074246 -0.050000 0.000000 -0.070711 -0.050000 0.000000 -0.070711 -0.045000 0.003536 -0.074246 -0.045000 
0.000000 -0.070711 -0.050000 -0.003536 -0.067175 -0.050000 -0.003536 -0.067175 -0.045000 0.000000 -0.070711 -0.045000 
-0.003536 -0.067175 -0.050000 -0.007071 -0.063640 -0.050000 -0.007071 -0.063640 -0.045000 -0.003536 -0.067175 -0.045000 
-0.007071 -0.063640 -0.050000 -0.010607 -0.060104 -0.050000 -0.010607 -0.060104 -0.045000 -0.007071 -0.063640 -0.045000 
-0.010607 -0.060104 -0.050000 -0.014142 -0.056569 -0.050000 -0.014142 -0.056569 -0.045000 -0.010607 -0.060104 -0.045000 
-0.014142 -0.056569 -0.050000 -0.017678 -0.053033 -0.050000 -0.017678 -0.053033 -0.045000 -0.014142 -0.056569 -0.045000 
-0.017678 -0.053033 -0.050000 -0.021213 -0.049497 -0.050000 -0.021213 -0.049497 -0.045000 -0.017678 -0.053033 -0.045000 
-0.021213 -0.049497 -0.050000 -0.024749 -0.045962 -0.050000 -0.024749 -0.045962 -0.045000 -0.021213 -0.049497 -0.045000 
-0.024749 -0.045962 -0.050000 -0.028284 -0.042426 -0.050000 -0.028284 -0.042426 -0.045000 -0.024749 -0.045962 -0.045000 
-0.028284 -0.042426 -0.050000 -0.031820 -0.038891 -0.050000 -0.031820 -0.038891 -0.045000 -0.028284 -0.042426 -0.045000 
-0.031820 -0.038891 -0.050000 -0.035355 -0.035355 -0.050000 -0.035355 -0.035355 -0.045000 -0.031820 -0.038891 -0.045000 
-0.035355 -0.035355 -0.050000 -0.038891 -0.031820 -0.050000 -0.038891 -0.031820 -0.045000 -0.035355 -0.035355 -0.045000 
-0.038891 -0.031820 -0.050000 -0.042426 -0.028284 -0.050000 -0.042426 -0.028284 -0.045000 -0.038891 -0.031820 -0.045000 
-0.042426 -0.028284 -0.050000 -0.045962 -0.024749 -0.050000 -0.045962 -0.024749 -0.045000 -0.042426 -0.028284 -0.045000 
-0.045962 -0.024749 -0.050000 -0.049497 -0.021213 -0.050000 -0.049497 -0.021213 -0.045000 -0.045962 -0.024749 -0.045000 
-0.049497 -0.021213 -0.050000 -0.053033 -0.017678 -0.050000 -0.053033 -0.017678 -0.045000 -0.049497 -0.021213 -0.045000 
-0.053033 -0.017678 -0.050000 -0.056569 -0.014142 -0.050000 -0.056569 -0.014142 -0.045000 -0.053033 -0.017678 -0.045000 
-0.056569 -0.014142 -0.050000 -0.060104 -0.010607 -0.050000 -0.060104 -0.010607 -0.045000 -0.056569 -0.014142 -0.045000 
-0.060104 -0.010607 -0.050000 -0.063640 -0.007071 -0.050000 -0.063640 -0.007071 -0.045000 -0.060104 -0.010607 -0.045000 
-0.063640 -0.007071 -0.050000 -0.067175 -0.003536 -0.050000 -0.067175 -0.003536 -0.045000 -0.063640 -0.007071 -0.045000 
-0.067175 -0.003536 -0.050000 -0.070711 -0.000000 -0.050000 -0.070711 -0.000000 -0.045000 -0.067175 -0.003536 -0.045000 
0.070711 -0.141421 -0.055000 0.067175 -0.137886 -0.055000 0.067175 -0.137886 -0.050000 0.070711 -0.141421 -0.050000 
0.067175 -0.137886 -0.055000 0.063640 -0.134350 -0.055000 0.063640 -0.134350 -0.050000 0.067175 -0.137886 -0.050000 
0.063640 -0.134350 -0.055000 0.060104 -0.130815 -0.055000 0.060104 -0.130815 -0.050000 0.063640 -0.134350 -0.050000 
0.060104 -0.130815 -0.055000 0.056569 -0.127279 -0.055000 0.056569 -0.127279 -0.050000 0.060104 -0.130815 -0.050000 
0.056569 -0.127279 -0.055000 0.053033 -0.123744 -0.055000 0.053033 -0.123744 -0.050000 0.056569 -0.127279 -0.050000 
0.053033 -0.123744 -0.055000 0.049497 -0.120208 -0.055000 0.049497 -0.120208 -0.050000 0.053033 -0.123744 -0.050000 
0.049497 -0.120208 -0.055000 0.045962 -0.116673 -0.055000 0.045962 -0.116673 -0.050000 0.049497 -0.120208 -0.050000 
0.045962 -0.116673 -0.055000 0.042426 -0.113137 -0.055000 0.042426 -0.113137 -0.050000 0.045962 -0.116673 -0.050000 
0.042426 -0.113137 -0.055000 0.038891 -0.109602 -0.055000 0.038891 -0.109602 -0.050000 0.042426 -0.113137 -0.050000 
0.038891 -0.109602 -0.055000 0.035355 -0.106066 -0.055000 0.035355 -0.106066 -0.050000 0.038891 -0.109602 -0.050000 
0.035355 -0.106066 -0.055000 0.031820 -0.102530 -0.055000 0.031820 -0.102530 -0.050000 0.035355 -0.106066 -0.050000 
0.031820 -0.102530 -0.055000 0.028284 -0.098995 -0.055000 0.028284 -0.098995 -0.050000 0.031820 -0.102530 -0.050000 
0.028284 -0.098995 -0.055000 0.024749 -0.095459 -0.055000 0.024749 -0.095459 -0.050000 0.028284 -0.098995 -0.050000 
0.024749 -0.095459 -0.055000 0.021213 -0.091924 -0.055000 0.021213 -0.091924 -0.050000 0.024749 -0.095459 -0.050000 
0.021213 -0.091924 -0.055000 0.017678 -0.088388 -0.055000 0.017678 -0.088388 -0.050000 0.021213 -0.091924 -0.050000 
0.017678 -0.088388 -0.055000 0.014142 -0.084853 -0.055000 0.014142 -0.084853 -0.050000 0.017678 -0.088388 -0.050000 
0.014142 -0.084853 -0.055000 0.010607 -0.081317 -0.055000 0.010607 -0.081317 -0.050000 0.014142 -0.084853 -0.050000 
0.010607 -0.081317 -0.055000 0.007071 -0.077782 -0.055000 0.007071 -0.077782 -0.050000 0.010607 -0.081317 -0.050000 
0.007071 -0.077782 -0.055000 0.003536 -0.074246 -0.055000 0.003536 -0.074246 -0.050000 0.007071 -0.077782 -0.050000 
0.003536 -0.074246 -0.055000 0.000000 -0.070711 -0.055000 0.000000 -0.070711 -0.050000 0.003536 -0.074246 -0.050000 
0.000000 -0.070711 -0.055000 -0.003536 -0.067175 -0.055000 -0.003536 -0.067175 -0.050000 0.000000 -0.070711 -0.050000 
-0.003536 -0.067175 -0.055000 -0.007071 -0.063640 -0.055000 -0.007071 -0.063640 -0.050000 -0.003536 -0.067175 -0.050000 
-0.007071 -0.063640 -0.055000 -0.010607 -0.060104 -0.055000 -0.010607 -0.060104 -0.050000 -0.007071 -0.063640 -0.050000 
-0.010607 -0.060104 -0.055000 -0.014142 -0.056569 -0.055000 -0.014142 -0.056569 -0.050000 -0.010607 -0.060104 -0.050000 
-0.014142 -0.056569 -0.055000 -0.017678 -0.053033 -0.055000 -0.017678 -0.053033 -0.050000 -0.014142 -0.056569 -0.050000 
-0.017678 -0.053033 -0.055000 -0.021213 -0.049497 -0.055000 -0.021213 -0.049497 -0.050000 -0.017678 -0.053033 -0.050000 
-0.021213 -0.049497 -0.055000 -0.024749 -0.045962 -0.055000 -0.024749 -0.045962 -0.050000 -0.021213 -0.049497 -0.050000 
-0.024749 -0.045962 -0.055000 -0.028284 -0.042426 -0.055000 -0.028284 -0.042426 -0.050000 -0.024749 -0.045962 -0.050000 
-0.028284 -0.042426 -0.055000 -0.031820 -0.038891 -0.055000 -0.031820 -0.038891 -0.050000 -0.028284 -0.042426 -0.050000 
-0.031820 -0.038891 -0.055000 -0.035355 -0.035355 -0.055000 -0.035355 -0.035355 -0.050000 -0.031820 -0.038891 -0.050000 
-0.035355 -0.035355 -0.055000 -0.038891 -0.031820 -0.055000 -0.038891 -0.031820 -0.050000 -0.035355 -0.035355 -0.050000 
-0.038891 -0.031820 -0.055000 -0.042426 -0.028284 -0.055000 -0.042426 -0.028284 -0.050000 -0.038891 -0.031820 -0.050000 
-0.042426 -0.028284 -0.055000 -0.045962 -0.024749 -0.055000 -0.045962 -0.024749 -0.050000 -0.042426 -0.028284 -0.050000 
-0.045962 -0.024749 -0.055000 -0.049497 -0.021213 -0.055000 -0.049497 -0.021213 -0.050000 -0.045962 -0.024749 -0.050000 
-0.049497 -0.021213 -0.055000 -0.053033 -0.017678 -0.055000 -0.053033 -0.017678 -0.050000 -0.049497 -0.021213 -0.050000 
-0.053033 -0.017678 -0.055000 -0.056569 -0.014142 -0.055000 -0.056569 -0.014142 -0.050000 -0.053033 -0.017678 -0.050000 
-0.056569 -0.014142 -0.055000 -0.060104 -0.010607 -0.055000 -0.060104 -0.010607 -0.050000 -0.056569 -0.014142 -0.050000 
-0.060104 -0.010607 -0.055000 -0.063640 -0.007071 -0.055000 -0.063640 -0.007071 -0.050000 -0.060104 -0.010607 -0.050000 
-0.063640 -0.007071 -0.055000 -0.067175 -0.003536 -0.055000 -0.067175 -0.003536 -0.050000 -0.063640 -0.007071 -0.050000 
-0.067175 -0.003536 -0.055000 -0.070711 -0.000000 -0.055000 -0.070711 -0.000000 -0.050000 -0.067175 -0.003536 -0.050000 
0.070711 -0.141421 -0.060000 0.067175 -0.137886 -0.060000 0.067175 -0.137886 -0.055000 0.070711 -0.141421 -0.055000 
0.067175 -0.137886 -0.060000 0.063640 -0.134350 -0.060000 0.063640 -0.134350 -0.055000 0.067175 -0.137886 -0.055000 
0.063640 -0.134350 -0.060000 0.060104 -0.130815 -0.060000 0.060104 -0.130815 -0.055000 0.063640 -0.134350 -0.055000 
0.060104 -0.130815 -0.060000 0.056569 -0.127279 -0.060000 0.056569 -0.127279 -0.055000 0.060104 -0.130815 -0.055000 
0.056569 -0.127279 -0.060000 0.053033 -0.123744 -0.060000 0.053033 -0.123744 -0.055000 0.056569 -0.127279 -0.055000 
0.053033 -0.123744 -0.060000 0.049497 -0.120208 -0.060000 0.049497 -0.120208 -0.055000 0.053033 -0.123744 -0.055000 
0.049497 -0.120208 -0.060000 0.045962 -0.116673 -0.060000 0.045962 -0.116673 -0.055000 0.049497 -0.120208 -0.055000 
0.045962 -0.116673 -0.060000 0.042426 -0.113137 -0.060000 0.042426 -0.113137 -0.055000 0.045962 -0.116673 -0.055000 
0.042426 -0.113137 -0.060000 0.038891 -0.109602 -0.060000 0.038891 -0.109602 -0.055000 0.042426 -0.113137 -0.055000 
0.038891 -0.109602 -0.060000 0.035355 -0.106066 -0.060000 0.035355 -0.106066 -0.055000 0.038891 -0.109602 -0.055000 
0.035355 -0.106066 -0.060000 0.031820 -0.102530 -0.060000 0.031820 -0.102530 -0.055000 0.035355 -0.106066 -0.055000 
0.031820 -0.102530 -0.060000 0.028284 -0.098995 -0.060000 0.028284 -0.098995 -0.055000 0.031820 -0.102530 -0.055000 
0.028284 -0.098995 -0.060000 0.024749 -0.095459 -0.060000 0.024749 -0.095459 -0.055000 0.028284 -0.098995 -0.055000 
0.024749 -0.095459 -0.060000 0.021213 -0.091924 -0.060000 0.021213 -0.091924 -0.055000 0.024749 -0.095459 -0.055000 
0.021213 -0.091924 -0.060000 0.017678 -0.088388 -0.060000 0.017678 -0.088388 -0.055000 0.021213 -0.091924 -0.055000 
0.017678 -0.088388 -0.060000 0.014142 -0.084853 -0.060000 0.014142 -0.084853 -0.055000 0.017678 -0.088388 -0.055000 
0.014142 -0.084853 -0.060000 0.010607 -0.081317 -0.060000 0.010607 -0.081317 -0.055000 0.014142 -0.084853 -0.055000 
0.010607 -0.081317 -0.060000 0.007071 -0.077782 -0.060000 0.007071 -0.077782 -0.055000 0.010607 -0.081317 -0.055000 
0.007071 -0.077782 -0.060000 0.003536 -0.074246 -0.060000 0.003536 -0.074246 -0.055000 0.007071 -0.077782 -0.055000 
0.003536 -0.074246 -0.060000 0.000000 -0.070711 -0.060000 0.000000 -0.070711 -0.055000 0.003536 -0.074246 -0.055000 
0.000000 -0.070711 -0.060000 -0.003536 -0.067175 -0.060000 -0.003536 -0.067175 -0.055000 0.000000 -0.070711 -0.055000 
-0.003536 -0.067175 -0.060000 -0.007071 -0.063640 -0.060000 -0.007071 -0.063640 -0.055000 -0.003536 -0.067175 -0.055000 
-0.007071 -0.063640 -0.060000 -0.010607 -0.060104 -0.060000 -0.010607 -0.060104 -0.055000 -0.007071 -0.063640 -0.055000 
-0.010607 -0.060104 -0.060000 -0.014142 -0.056569 -0.060000 -0.014142 -0.056569 -0.055000 -0.010607 -0.060104 -0.055000 
-0.014142 -0.056569 -0.060000 -0.017678 -0.053033 -0.060000 -0.017678 -0.053033 -0.055000 -0.014142 -0.056569 -0.055000 
-0.017678 -0.053033 -0.060000 -0.021213 -0.049497 -0.060000 -0.021213 -0.049497 -0.055000 -0.017678 -0.053033 -0.055000 
-0.021213 -0.049497 -0.060000 -0.024749 -0.045962 -0.060000 -0.024749 -0.045962 -0.055000 -0.021213 -0.049497 -0.055000 
-0.024749 -0.045962 -0.060000 -0.028284 -0.042426 -0.060000 -0.028284 -0.042426 -0.055000 -0.024749 -0.045962 -0.055000 
-0.028284 -0.042426 -0.060000 -0.031820 -0.038891 -0.060000 -0.031820 -0.038891 -0.055000 -0.028284 -0.042426 -0.055000 
-0.031820 -0.038891 -0.060000 -0.035355 -0.035355 -0.060000 -0.035355 -0.035355 -0.055000 -0.031820 -0.038891 -0.055000 
-0.035355 -0.035355 -0.060000 -0.038891 -0.031820 -0.060000 -0.038891 -0.031820 -0.055000 -0.035355 -0.035355 -0.055000 
-0.038891 -0.031820 -0.060000 -0.042426 -0.028284 -0.060000 -0.042426 -0.028284 -0.055000 -0.038891 -0.031820 -0.055000 
-0.042426 -0.028284 -0.060000 -0.045962 -0.024749 -0.060000 -0.045962 -0.024749 -0.055000 -0.042426 -0.028284 -0.055000 
-0.045962 -0.024749 -0.060000 -0.049497 -0.021213 -0.060000 -0.049497 -0.021213 -0.055000 -0.045962 -0.024749 -0.055000 
-0.049497 -0.021213 -0.060000 -0.053033 -0.017678 -0.060000 -0.053033 -0.017678 -0.055000 -0.049497 -0.021213 -0.055000 
-0.053033 -0.017678 -0.060000 -0.056569 -0.014142 -0.060000 -0.056569 -0.014142 -0.055000 -0.053033 -0.017678 -0.055000 
-0.056569 -0.014142 -0.060000 -0.060104 -0.010607 -0.060000 -0.060104 -0.010607 -0.055000 -0.056569 -0.014142 -0.055000 
-0.060104 -0.010607 -0.060000 -0.063640 -0.007071 -0.060000 -0.063640 -0.007071 -0.055000 -0.060104 -0.010607 -0.055000 
-0.063640 -0.007071 -0.060000 -0.067175 -0.003536 -0.060000 -0.067175 -0.003536 -0.055000 -0.063640 -0.007071 -0.055000 
-0.067175 -0.003536 -0.060000 -0.070711 -0.000000 -0.060000 -0.070711 -0.000000 -0.055000 -0.067175 -0.003536 -0.055000 
0.070711 -0.141421 -0.065000 0.067175 -0.137886 -0.065000 0.067175 -0.137886 -0.060000 0.070711 -0.141421 -0.060000 
0.067175 -0.137886 -0.065000 0.063640 -0.134350 -0.065000 0.063640 -0.134350 -0.060000 0.067175 -0.137886 -0.060000 
0.063640 -0.134350 -0.065000 0.060104 -0.130815 -0.065000 0.060104 -0.130815 -0.060000 0.063640 -0.134350 -0.060000 
0.060104 -0.130815 -0.065000 0.056569 -0.127279 -0.065000 0.056569 -0.127279 -0.060000 0.060104 -0.130815 -0.060000 
0.056569 -0.127279 -0.065000 0.053033 -0.123744 -0.065000 0.053033 -0.123744 -0.060000 0.056569 -0.127279 -0.060000 
0.053033 -0.123744 -0.065000 0.049497 -0.120208 -0.065000 0.049497 -0.120208 -0.060000 0.053033 -0.123744 -0.060000 
0.049497 -0.120208 -0.065000 0.045962 -0.116673 -0.065000 0.045962 -0.116673 -0.060000 0.049497 -0.120208 -0.060000 
0.045962 -0.116673 -0.065000 0.042426 -0.113137 -0.065000 0.042426 -0.113137 -0.060000 0.045962 -0.116673 -0.060000 
0.042426 -0.113137 -0.065000 0.038891 -0.109602 -0.065000 0.038891 -0.109602 -0.060000 0.042426 -0.113137 -0.060000 
0.038891 -0.109602 -0.065000 0.035355 -0.106066 -0.065000 0.035355 -0.106066 -0.060000 0.038891 -0.109602 -0.060000 
0.035355 -0.106066 -0.065000 0.031820 -0.102530 -0.065000 0.031820 -0.102530 -0.060000 0.035355 -0.106066 -0.060000 
0.031820 -0.102530 -0.065000 0.028284 -0.098995 -0.065000 0.028284 -0.098995 -0.060000 0.031820 -0.102530 -0.060000 
0.028284 -0.098995 -0.065000 0.024749 -0.095459 -0.065000 0.024749 -0.095459 -0.060000 0.028284 -0.098995 -0.060000 
0.024749 -0.095459 -0.065000 0.021213 -0.091924 -0.065000 0.021213 -0.091924 -0.060000 0.024749 -0.095459 -0.060000 
0.021213 -0.091924 -0.065000 0.017678 -0.088388 -0.065000 0.017678 -0.088388 -0.060000 0.021213 -0.091924 -0.060000 
0.017678 -0.088388 -0.065000 0.014142 -0.084853 -0.065000 0.014142 -0.084853 -0.060000 0.017678 -0.088388 -0.060000 
0.014142 -0.084853 -0.065000 0.010607 -0.081317 -0.065000 0.010607 -0.081317 -0.060000 0.014142 -0.084853 -0.060000 
0.010607 -0.081317 -0.065000 0.007071 -0.077782 -0.065000 0.007071 -0.077782 -0.060000 0.010607 -0.081317 -0.060000 
0.007071 -0.077782 -0.065000 0.003536 -0.074246 -0.065000 0.003536 -0.074246 -0.060000 0.007071 -0.077782 -0.060000 
0.003536 -0.074246 -0.065000 0.000000 -0.070711 -0.065000 0.000000 -0.070711 -0.060000 0.003536 -0.074246 -0.060000 
0.000000 -0.070711 -0.065000 -0.003536 -0.067175 -0.065000 -0.003536 -0.067175 -0.060000 0.000000 -0.070711 -0.060000 
-0.003536 -0.067175 -0.065000 -0.007071 -0.063640 -0.065000 -0.007071 -0.063640 -0.060000 -0.003536 -0.067175 -0.060000 
-0.007071 -0.063640 -0.065000 -0.010607 -0.060104 -0.065000 -0.010607 -0.060104 -0.060000 -0.007071 -0.063640 -0.060000 
-0.010607 -0.060104 -0.065000 -0.014142 -0.056569 -0.065000 -0.014142 -0.056569 -0.060000 -0.010607 -0.060104 -0.060000 
-0.014142 -0.056569 -0.065000 -0.017678 -0.053033 -0.065000 -0.017678 -0.053033 -0.060000 -0.014142 -0.056569 -0.060000 
-0.017678 -0.053033 -0.065000 -0.021213 -0.049497 -0.065000 -0.021213 -0.049497 -0.060000 -0.017678 -0.053033 -0.060000 
-0.021213 -0.049497 -0.065000 -0.024749 -0.045962 -0.065000 -0.024749 -0.045962 -0.060000 -0.021213 -0.049497 -0.060000 
-0.024749 -0.045962 -0.065000 -0.028284 -0.042426 -0.065000 -0.028284 -0.042426 -0.060000 -0.024749 -0.045962 -0.060000 
-0.028284 -0.042426 -0.065000 -0.031820 -0.038891 -0.065000 -0.031820 -0.038891 -0.060000 -0.028284 -0.042426 -0.060000 
-0.031820 -0.038891 -0.065000 -0.035355 -0.035355 -0.065000 -0.035355 -0.035355 -0.060000 -0.031820 -0.038891 -0.060000 
-0.035355 -0.035355 -0.065000 -0.038891 -0.031820 -0.065000 -0.038891 -0.031820 -0.060000 -0.035355 -0.035355 -0.060000 
-0.038891 -0.031820 -0.065000 -0.042426 -0.028284 -0.065000 -0.042426 -0.028284 -0.060000 -0.038891 -0.031820 -0.060000 
-0.042426 -0.028284 -0.065000 -0.045962 -0.024749 -0.065000 -0.045962 -0.024749 -0.060000 -0.042426 -0.028284 -0.060000 
-0.045962 -0.024749 -0.065000 -0.049497 -0.021213 -0.065000 -0.049497 -0.021213 -0.060000 -0.045962 -0.024749 -0.060000 
-0.049497 -0.021213 -0.065000 -0.053033 -0.017678 -0.065000 -0.053033 -0.017678 -0.060000 -0.049497 -0.021213 -0.060000 
-0.053033 -0.017678 -0.065000 -0.056569 -0.014142 -0.065000 -0.056569 -0.014142 -0.060000 -0.053033 -0.017678 -0.060000 
-0.056569 -0.014142 -0.065000 -0.060104 -0.010607 -0.065000 -0.060104 -0.010607 -0.060000 -0.056569 -0.014142 -0.060000 
-0.060104 -0.010607 -0.065000 -0.063640 -0.007071 -0.065000 -0.063640 -0.007071 -0.060000 -0.060104 -0.010607 -0.060000 
-0.063640 -0.007071 -0.065000 -0.067175 -0.003536 -0.065000 -0.067175 -0.003536 -0.060000 -0.063640 -0.007071 -0.060000 
-0.067175 -0.003536 -0.065000 -0.070711 -0.000000 -0.065000 -0.070711 -0.000000 -0.060000 -0.067175 -0.003536 -0.060000 
0.070711 -0.141421 -0.070000 0.067175 -0.137886 -0.070000 0.067175 -0.137886 -0.065000 0.070711 -0.141421 -0.065000 
0.067175 -0.137886 -0.070000 0.063640 -0.134350 -0.070000 0.063640 -0.134350 -0.065000 0.067175 -0.137886 -0.065000 
0.063640 -0.134350 -0.070000 0.060104 -0.130815 -0.070000 0.060104 -0.130815 -0.065000 0.063640 -0.134350 -0.065000 
0.060104 -0.130815 -0.070000 0.056569 -0.127279 -0.070000 0.056569 -0.127279 -0.065000 0.060104 -0.130815 -0.065000 
0.056569 -0.127279 -0.070000 0.053033 -0.123744 -0.070000 0.053033 -0.123744 -0.065000 0.056569 -0.127279 -0.065000 
0.053033 -0.123744 -0.070000 0.049497 -0.120208 -0.070000 0.049497 -0.120208 -0.065000 0.053033 -0.123744 -0.065000 
0.049497 -0.120208 -0.070000 0.045962 -0.116673 -0.070000 0.045962 -0.116673 -0.065000 0.049497 -0.120208 -0.065000 
0.045962 -0.116673 -0.070000 0.042426 -0.113137 -0.070000 0.042426 -0.113137 -0.065000 0.045962 -0.116673 -0.065000 
0.042426 -0.113137 -0.070000 0.038891 -0.109602 -0.070000 0.038891 -0.109602 -0.065000 0.042426 -0.113137 -0.065000 
0.038891 -0.109602 -0.070000 0.035355 -0.106066 -0.070000 0.035355 -0.106066 -0.065000 0.038891 -0.109602 -0.065000 
0.035355 -0.106066 -0.070000 0.031820 -0.102530 -0.070000 0.031820 -0.102530 -0.065000 0.035355 -0.106066 -0.065000 
0.031820 -0.102530 -0.070000 0.028284 -0.098995 -0.070000 0.028284 -0.098995 -0.065000 0.031820 -0.102530 -0.065000 
0.028284 -0.098995 -0.070000 0.024749 -0.095459 -0.070000 0.024749 -0.095459 -0.065000 0.028284 -0.098995 -0.065000 
0.024749 -0.095459 -0.070000 0.021213 -0.091924 -0.070000 0.021213 -0.091924 -0.065000 0.024749 -0.095459 -0.065000 
0.021213 -0.091924 -0.070000 0.017678 -0.088388 -0.070000 0.017678 -0.088388 -0.065000 0.021213 -0.091924 -0.065000 
0.017678 -0.088388 -0.070000 0.014142 -0.084853 -0.070000 0.014142 -0.084853 -0.065000 0.017678 -0.088388 -0.065000 
0.014142 -0.084853 -0.070000 0.010607 -0.081317 -0.070000 0.010607 -0.081317 -0.065000 0.014142 -0.084853 -0.065000 
0.010607 -0.081317 -0.070000 0.007071 -0.077782 -0.070000 0.007071 -0.077782 -0.065000 0.010607 -0.081317 -0.065000 
0.007071 -0.077782 -0.070000 0.003536 -0.074246 -0.070000 0.003536 -0.074246 -0.065000 0.007071 -0.077782 -0.065000 
0.003536 -0.074246 -0.070000 0.000000 -0.070711 -0.070000 0.000000 -0.070711 -0.065000 0.003536 -0.074246 -0.065000 
0.000000 -0.070711 -0.070000 -0.003536 -0.067175 -0.070000 -0.003536 -0.067175 -0.065000 0.000000 -0.070711 -0.065000 
-0.003536 -0.067175 -0.070000 -0.007071 -0.063640 -0.070000 -0.007071 -0.063640 -0.065000 -0.003536 -0.067175 -0.065000 
-0.007071 -0.063640 -0.070000 -0.010607 -0.060104 -0.070000 -0.010607 -0.060104 -0.065000 -0.007071 -0.063640 -0.065000 
-0.010607 -0.060104 -0.070000 -0.014142 -0.056569 -0.070000 -0.014142 -0.056569 -0.065000 -0.010607 -0.060104 -0.065000 
-0.014142 -0.056569 -0.070000 -0.017678 -0.053033 -0.070000 -0.017678 -0.053033 -0.065000 -0.014142 -0.056569 -0.065000 
-0.017678 -0.053033 -0.070000 -0.021213 -0.049497 -0.070000 -0.021213 -0.049497 -0.065000 -0.017678 -0.053033 -0.065000 
-0.021213 -0.049497 -0.070000 -0.024749 -0.045962 -0.070000 -0.024749 -0.045962 -0.065000 -0.021213 -0.049497 -0.065000 
-0.024749 -0.045962 -0.070000 -0.028284 -0.042426 -0.070000 -0.028284 -0.042426 -0.065000 -0.024749 -0.045962 -0.065000 
-0.028284 -0.042426 -0.070000 -0.031820 -0.038891 -0.070000 -0.031820 -0.038891 -0.065000 -0.028284 -0.042426 -0.065000 
-0.031820 -0.038891 -0.070000 -0.035355 -0.035355 -0.070000 -0.035355 -0.035355 -0.065000 -0.031820 -0.038891 -0.065000 
-0.035355 -0.035355 -0.070000 -0.038891 -0.031820 -0.070000 -0.038891 -0.031820 -0.065000 -0.035355 -0.035355 -0.065000 
-0.038891 -0.031820 -0.070000 -0.042426 -0.028284 -0.070000 -0.042426 -0.028284 -0.065000 -0.038891 -0.031820 -0.065000 
-0.042426 -0.028284 -0.070000 -0.045962 -0.024749 -0.070000 -0.045962 -0.024749 -0.065000 -0.042426 -0.028284 -0.065000 
-0.045962 -0.024749 -0.070000 -0.049497 -0.021213 -0.070000 -0.049497 -0.021213 -0.065000 -0.045962 -0.024749 -0.065000 
-0.049497 -0.021213 -0.070000 -0.053033 -0.017678 -0.070000 -0.053033 -0.017678 -0.065000 -0.049497 -0.021213 -0.065000 
-0.053033 -0.017678 -0.070000 -0.056569 -0.014142 -0.070000 -0.056569 -0.014142 -0.065000 -0.053033 -0.017678 -0.065000 
-0.056569 -0.014142 -0.070000 -0.060104 -0.010607 -0.070000 -0.060104 -0.010607 -0.065000 -0.056569 -0.014142 -0.065000 
-0.060104 -0.010607 -0.070000 -0.063640 -0.007071 -0.070000 -0.063640 -0.007071 -0.065000 -0.060104 -0.010607 -0.065000 
-0.063640 -0.007071 -0.070000 -0.067175 -0.003536 -0.070000 -0.067175 -0.003536 -0.065000 -0.063640 -0.007071 -0.065000 
-0.067175 -0.003536 -0.070000 -0.070711 -0.000000 -0.070000 -0.070711 -0.000000 -0.065000 -0.067175 -0.003536 -0.065000 
0.070711 -0.141421 -0.075000 0.067175 -0.137886 -0.075000 0.067175 -0.137886 -0.070000 0.070711 -0.141421 -0.070000 
0.067175 -0.137886 -0.075000 0.063640 -0.134350 -0.075000 0.063640 -0.134350 -0.070000 0.067175 -0.137886 -0.070000 
0.063640 -0.134350 -0.075000 0.060104 -0.130815 -0.075000 0.060104 -0.130815 -0.070000 0.063640 -0.134350 -0.070000 
0.060104 -0.130815 -0.075000 0.056569 -0.127279 -0.075000 0.056569 -0.127279 -0.070000 0.060104 -0.130815 -0.070000 
0.056569 -0.127279 -0.075000 0.053033 -0.123744 -0.075000 0.053033 -0.123744 -0.070000 0.056569 -0.127279 -0.070000 
0.053033 -0.123744 -0.075000 0.049497 -0.120208 -0.075000 0.049497 -0.120208 -0.070000 0.053033 -0.123744 -0.070000 
0.049497 -0.120208 -0.075000 0.045962 -0.116673 -0.075000 0.045962 -0.116673 -0.070000 0.049497 -0.120208 -0.070000 
0.045962 -0.116673 -0.075000 0.042426 -0.113137 -0.075000 0.042426 -0.113137 -0.070000 0.045962 -0.116673 -0.070000 
0.042426 -0.113137 -0.075000 0.038891 -0.109602 -0.075000 0.038891 -0.109602 -0.070000 0.042426 -0.113137 -0.070000 
0.038891 -0.109602 -0.075000 0.035355 -0.106066 -0.075000 0.035355 -0.106066 -0.070000 0.038891 -0.109602 -0.070000 
0.035355 -0.106066 -0.075000 0.031820 -0.102530 -0.075000 0.031820 -0.102530 -0.070000 0.035355 -0.106066 -0.070000 
0.031820 -0.102530 -0.075000 0.028284 -0.098995 -0.075000 0.028284 -0.098995 -0.070000 0.031820 -0.102530 -0.070000 
0.028284 -0.098995 -0.075000 0.024749 -0.095459 -0.075000 0.024749 -0.095459 -0.070000 0.028284 -0.098995 -0.070000 
0.024749 -0.095459 -0.075000 0.021213 -0.091924 -0.075000 0.021213 -0.091924 -0.070000 0.024749 -0.095459 -0.070000 
0.021213 -0.091924 -0.075000 0.017678 -0.088388 -0.075000 0.017678 -0.088388 -0.070000 0.021213 -0.091924 -0.070000 
0.017678 -0.088388 -0.075000 0.014142 -0.084853 -0.075000 0.014142 -0.084853 -0.070000 0.017678 -0.088388 -0.070000 
0.014142 -0.084853 -0.075000 0.010607 -0.081317 -0.075000 0.010607 -0.081317 -0.070000 0.014142 -0.084853 -0.070000 
0.010607 -0.081317 -0.075000 0.007071 -0.077782 -0.075000 0.007071 -0.077782 -0.070000 0.010607 -0.081317 -0.070000 
0.007071 -0.077782 -0.075000 0.003536 -0.074246 -0.075000 0.003536 -0.074246 -0.070000 0.007071 -0.077782 -0.070000 
0.003536 -0.074246 -0.075000 0.000000 -0.070711 -0.075000 0.000000 -0.070711 -0.070000 0.003536 -0.074246 -0.070000 
0.000000 -0.070711 -0.075000 -0.003536 -0.067175 -0.075000 -0.003536 -0.067175 -0.070000 0.000000 -0.070711 -0.070000 
-0.003536 -0.067175 -0.075000 -0.007071 -0.063640 -0.075000 -0.007071 -0.063640 -0.070000 -0.003536 -0.067175 -0.070000 
-0.007071 -0.063640 -0.075000 -0.010607 -0.060104 -0.075000 -0.010607 -0.060104 -0.070000 -0.007071 -0.063640 -0.070000 
-0.010607 -0.060104 -0.075000 -0.014142 -0.056569 -0.075000 -0.014142 -0.056569 -0.070000 -0.010607 -0.060104 -0.070000 
-0.014142 -0.056569 -0.075000 -0.017678 -0.053033 -0.075000 -0.017678 -0.053033 -0.070000 -0.014142 -0.056569 -0.070000 
-0.017678 -0.053033 -0.075000 -0.021213 -0.049497 -0.075000 -0.021213 -0.049497 -0.070000 -0.017678 -0.053033 -0.070000 
-0.021213 -0.049497 -0.075000 -0.024749 -0.045962 -0.075000 -0.024749 -0.045962 -0.070000 -0.021213 -0.049497 -0.070000 
-0.024749 -0.045962 -0.075000 -0.028284 -0.042426 -0.075000 -0.028284 -0.042426 -0.070000 -0.024749 -0.045962 -0.070000 
-0.028284 -0.042426 -0.075000 -0.031820 -0.038891 -0.075000 -0.031820 -0.038891 -0.070000 -0.028284 -0.042426 -0.070000 
-0.031820 -0.038891 -0.075000 -0.035355 -0.035355 -0.075000 -0.035355 -0.035355 -0.070000 -0.031820 -0.038891 -0.070000 
-0.035355 -0.035355 -0.075000 -0.038891 -0.031820 -0.075000 -0.038891 -0.031820 -0.070000 -0.035355 -0.035355 -0.070000 
-0.038891 -0.031820 -0.075000 -0.042426 -0.028284 -0.075000 -0.042426 -0.028284 -0.070000 -0.038891 -0.031820 -0.070000 
-0.042426 -0.028284 -0.075000 -0.045962 -0.024749 -0.075000 -0.045962 -0.024749 -0.070000 -0.042426 -0.028284 -0.070000 
-0.045962 -0.024749 -0.075000 -0.049497 -0.021213 -0.075000 -0.049497 -0.021213 -0.070000 -0.045962 -0.024749 -0.070000 
-0.049497 -0.021213 -0.075000 -0.053033 -0.017678 -0.075000 -0.053033 -0.017678 -0.070000 -0.049497 -0.021213 -0.070000 
-0.053033 -0.017678 -0.075000 -0.056569 -0.014142 -0.075000 -0.056569 -0.014142 -0.070000 -0.053033 -0.017678 -0.070000 
-0.056569 -0.014142 -0.075000 -0.060104 -0.010607 -0.075000 -0.060104 -0.010607 -0.070000 -0.056569 -0.014142 -0.070000 
-0.060104 -0.010607 -0.075000 -0.063640 -0.007071 -0.075000 -0.063640 -0.007071 -0.070000 -0.060104 -0.010607 -0.070000 
-0.063640 -0.007071 -0.075000 -0.067175 -0.003536 -0.075000 -0.067175 -0.003536 -0.070000 -0.063640 -0.007071 -0.070000 
-0.067175 -0.003536 -0.075000 -0.070711 -0.000000 -0.075000 -0.070711 -0.000000 -0.070000 -0.067175 -0.003536 -0.070000 
0.070711 -0.141421 -0.080000 0.067175 -0.137886 -0.080000 0.067175 -0.137886 -0.075000 0.070711 -0.141421 -0.075000 
0.067175 -0.137886 -0.080000 0.063640 -0.134350 -0.080000 0.063640 -0.134350 -0.075000 0.067175 -0.137886 -0.075000 
0.063640 -0.134350 -0.080000 0.060104 -0.130815 -0.080000 0.060104 -0.130815 -0.075000 0.063640 -0.134350 -0.075000 
0.060104 -0.130815 -0.080000 0.056569 -0.127279 -0.080000 0.056569 -0.127279 -0.075000 0.060104 -0.130815 -0.075000 
0.056569 -0.127279 -0.080000 0.053033 -0.123744 -0.080000 0.053033 -0.123744 -0.075000 0.056569 -0.127279 -0.075000 
0.053033 -0.123744 -0.080000 0.049497 -0.120208 -0.080000 0.049497 -0.120208 -0.075000 0.053033 -0.123744 -0.075000 
0.049497 -0.120208 -0.080000 0.045962 -0.116673 -0.080000 0.045962 -0.116673 -0.075000 0.049497 -0.120208 -0.075000 
0.045962 -0.116673 -0.080000 0.042426 -0.113137 -0.080000 0.042426 -0.113137 -0.075000 0.045962 -0.116673 -0.075000 
0.042426 -0.113137 -0.080000 0.038891 -0.109602 -0.080000 0.038891 -0.109602 -0.075000 0.042426 -0.113137 -0.075000 
0.038891 -0.109602 -0.080000 0.035355 -0.106066 -0.080000 0.035355 -0.106066 -0.075000 0.038891 -0.109602 -0.075000 
0.035355 -0.106066 -0.080000 0.031820 -0.102530 -0.080000 0.031820 -0.102530 -0.075000 0.035355 -0.106066 -0.075000 
0.031820 -0.102530 -0.080000 0.028284 -0.098995 -0.080000 0.028284 -0.098995 -0.075000 0.031820 -0.102530 -0.075000 
0.028284 -0.098995 -0.080000 0.024749 -0.095459 -0.080000 0.024749 -0.095459 -0.075000 0.028284 -0.098995 -0.075000 
0.024749 -0.095459 -0.080000 0.021213 -0.091924 -0.080000 0.021213 -0.091924 -0.075000 0.024749 -0.095459 -0.075000 
0.021213 -0.091924 -0.080000 0.017678 -0.088388 -0.080000 0.017678 -0.088388 -0.075000 0.021213 -0.091924 -0.075000 
0.017678 -0.088388 -0.080000 0.014142 -0.084853 -0.080000 0.014142 -0.084853 -0.075000 0.017678 -0.088388 -0.075000 
0.014142 -0.084853 -0.080000 0.010607 -0.081317 -0.080000 0.010607 -0.081317 -0.075000 0.014142 -0.084853 -0.075000 
0.010607 -0.081317 -0.080000 0.007071 -0.077782 -0.080000 0.007071 -0.077782 -0.075000 0.010607 -0.081317 -0.075000 
0.007071 -0.077782 -0.080000 0.003536 -0.074246 -0.080000 0.003536 -0.074246 -0.075000 0.007071 -0.077782 -0.075000 
0.003536 -0.074246 -0.080000 0.000000 -0.070711 -0.080000 0.000000 -0.070711 -0.075000 0.003536 -0.074246 -0.075000 
0.000000 -0.070711 -0.080000 -0.003536 -0.067175 -0.080000 -0.003536 -0.067175 -0.075000 0.000000 -0.070711 -0.075000 
-0.003536 -0.067175 -0.080000 -0.007071 -0.063640 -0.080000 -0.007071 -0.063640 -0.075000 -0.003536 -0.067175 -0.075000 
-0.007071 -0.063640 -0.080000 -0.010607 -0.060104 -0.080000 -0.010607 -0.060104 -0.075000 -0.007071 -0.063640 -0.075000 
-0.010607 -0.060104 -0.080000 -0.014142 -0.056569 -0.080000 -0.014142 -0.056569 -0.075000 -0.010607 -0.060104 -0.075000 
-0.014142 -0.056569 -0.080000 -0.017678 -0.053033 -0.080000 -0.017678 -0.053033 -0.075000 -0.014142 -0.056569 -0.075000 
-0.017678 -0.053033 -0.080000 -0.021213 -0.049497 -0.080000 -0.021213 -0.049497 -0.075000 -0.017678 -0.053033 -0.075000 
-0.021213 -0.049497 -0.080000 -0.024749 -0.045962 -0.080000 -0.024749 -0.045962 -0.075000 -0.021213 -0.049497 -0.075000 
-0.024749 -0.045962 -0.080000 -0.028284 -0.042426 -0.080000 -0.028284 -0.042426 -0.075000 -0.024749 -0.045962 -0.075000 
-0.028284 -0.042426 -0.080000 -0.031820 -0.038891 -0.080000 -0.031820 -0.038891 -0.075000 -0.028284 -0.042426 -0.075000 
-0.031820 -0.038891 -0.080000 -0.035355 -0.035355 -0.080000 -0.035355 -0.035355 -0.075000 -0.031820 -0.038891 -0.075000 
-0.035355 -0.035355 -0.080000 -0.038891 -0.031820 -0.080000 -0.038891 -0.031820 -0.075000 -0.035355 -0.035355 -0.075000 
-0.038891 -0.031820 -0.080000 -0.042426 -0.028284 -0.080000 -0.042426 -0.028284 -0.075000 -0.038891 -0.031820 -0.075000 
-0.042426 -0.028284 -0.080000 -0.045962 -0.024749 -0.080000 -0.045962 -0.024749 -0.075000 -0.042426 -0.028284 -0.075000 
-0.045962 -0.024749 -0.080000 -0.049497 -0.021213 -0.080000 -0.049497 -0.021213 -0.075000 -0.045962 -0.024749 -0.075000 
-0.049497 -0.021213 -0.080000 -0.053033 -0.017678 -0.080000 -0.053033 -0.017678 -0.075000 -0.049497 -0.021213 -0.075000 
-0.053033 -0.017678 -0.080000 -0.056569 -0.014142 -0.080000 -0.056569 -0.014142 -0.075000 -0.053033 -0.017678 -0.075000 
-0.056569 -0.014142 -0.080000 -0.060104 -0.010607 -0.080000 -0.060104 -0.010607 -0.075000 -0.056569 -0.014142 -0.075000 
-0.060104 -0.010607 -0.080000 -0.063640 -0.007071 -0.080000 -0.063640 -0.007071 -0.075000 -0.060104 -0.010607 -0.075000 
-0.063640 -0.007071 -0.080000 -0.067175 -0.003536 -0.080000 -0.067175 -0.003536 -0.075000 -0.063640 -0.007071 -0.075000 
-0.067175 -0.003536 -0.080000 -0.070711 -0.000000 -0.080000 -0.070711 -0.000000 -0.075000 -0.067175 -0.003536 -0.075000 
0.070711 -0.141421 -0.085000 0.067175 -0.137886 -0.085000 0.067175 -0.137886 -0.080000 0.070711 -0.141421 -0.080000 
0.067175 -0.137886 -0.085000 0.063640 -0.134350 -0.085000 0.063640 -0.134350 -0.080000 0.067175 -0.137886 -0.080000 
0.063640 -0.134350 -0.085000 0.060104 -0.130815 -0.085000 0.060104 -0.130815 -0.080000 0.063640 -0.134350 -0.080000 
0.060104 -0.130815 -0.085000 0.056569 -0.127279 -0.085000 0.056569 -0.127279 -0.080000 0.060104 -0.130815 -0.080000 
0.056569 -0.127279 -0.085000 0.053033 -0.123744 -0.085000 0.053033 -0.123744 -0.080000 0.056569 -0.127279 -0.080000 
0.053033 -0.123744 -0.085000 0.049497 -0.120208 -0.085000 0.049497 -0.120208 -0.080000 0.053033 -0.123744 -0.080000 
0.049497 -0.120208 -0.085000 0.045962 -0.116673 -0.085000 0.045962 -0.116673 -0.080000 0.049497 -0.120208 -0.080000 
0.045962 -0.116673 -0.085000 0.042426 -0.113137 -0.085000 0.042426 -0.113137 -0.080000 0.045962 -0.116673 -0.080000 
0.042426 -0.113137 -0.085000 0.038891 -0.109602 -0.085000 0.038891 -0.109602 -0.080000 0.042426 -0.113137 -0.080000 
0.038891 -0.109602 -0.085000 0.035355 -0.106066 -0.085000 0.035355 -0.106066 -0.080000 0.038891 -0.109602 -0.080000 
0.035355 -0.106066 -0.085000 0.031820 -0.102530 -0.085000 0.031820 -0.102530 -0.080000 0.035355 -0.106066 -0.080000 
0.031820 -0.102530 -0.085000 0.028284 -0.098995 -0.085000 0.028284 -0.098995 -0.080000 0.031820 -0.102530 -0.080000 
0.028284 -0.098995 -0.085000 0.024749 -0.095459 -0.085000 0.024749 -0.095459 -0.080000 0.028284 -0.098995 -0.080000 
0.024749 -0.095459 -0.085000 0.021213 -0.091924 -0.085000 0.021213 -0.091924 -0.080000 0.024749 -0.095459 -0.080000 
0.021213 -0.091924 -0.085000 0.017678 -0.088388 -0.085000 0.017678 -0.088388 -0.080000 0.021213 -0.091924 -0.080000 
0.017678 -0.088388 -0.085000 0.014142 -0.084853 -0.085000 0.014142 -0.084853 -0.080000 0.017678 -0.088388 -0.080000 
0.014142 -0.084853 -0.085000 0.010607 -0.081317 -0.085000 0.010607 -0.081317 -0.080000 0.014142 -0.084853 -0.080000 
0.010607 -0.081317 -0.085000 0.007071 -0.077782 -0.085000 0.007071 -0.077782 -0.080000 0.010607 -0.081317 -0.080000 
0.007071 -0.077782 -0.085000 0.003536 -0.074246 -0.085000 0.003536 -0.074246 -0.080000 0.007071 -0.077782 -0.080000 
0.003536 -0.074246 -0.085000 0.000000 -0.070711 -0.085000 0.000000 -0.070711 -0.080000 0.003536 -0.074246 -0.080000 
0.000000 -0.070711 -0.085000 -0.003536 -0.067175 -0.085000 -0.003536 -0.067175 -0.080000 0.000000 -0.070711 -0.080000 
-0.003536 -0.067175 -0.085000 -0.007071 -0.063640 -0.085000 -0.007071 -0.063640 -0.080000 -0.003536 -0.067175 -0.080000 
-0.007071 -0.063640 -0.085000 -0.010607 -0.060104 -0.085000 -0.010607 -0.060104 -0.080000 -0.007071 -0.063640 -0.080000 
-0.010607 -0.060104 -0.085000 -0.014142 -0.056569 -0.085000 -0.014142 -0.056569 -0.080000 -0.010607 -0.060104 -0.080000 
-0.014142 -0.056569 -0.085000 -0.017678 -0.053033 -0.085000 -0.017678 -0.053033 -0.080000 -0.014142 -0.056569 -0.080000 
-0.017678 -0.053033 -0.085000 -0.021213 -0.049497 -0.085000 -0.021213 -0.049497 -0.080000 -0.017678 -0.053033 -0.080000 
-0.021213 -0.049497 -0.085000 -0.024749 -0.045962 -0.085000 -0.024749 -0.045962 -0.080000 -0.021213 -0.049497 -0.080000 
-0.024749 -0.045962 -0.085000 -0.028284 -0.042426 -0.085000 -0.028284 -0.042426 -0.080000 -0.024749 -0.045962 -0.080000 
-0.028284 -0.042426 -0.085000 -0.031820 -0.038891 -0.085000 -0.031820 -0.038891 -0.080000 -0.028284 -0.042426 -0.080000 
-0.031820 -0.038891 -0.085000 -0.035355 -0.035355 -0.085000 -0.035355 -0.035355 -0.080000 -0.031820 -0.038891 -0.080000 
-0.035355 -0.035355 -0.085000 -0.038891 -0.031820 -0.085000 -0.038891 -0.031820 -0.080000 -0.035355 -0.035355 -0.080000 
-0.038891 -0.031820 -0.085000 -0.042426 -0.028284 -0.085000 -0.042426 -0.028284 -0.080000 -0.038891 -0.031820 -0.080000 
-0.042426 -0.028284 -0.085000 -0.045962 -0.024749 -0.085000 -0.045962 -0.024749 -0.080000 -0.042426 -0.028284 -0.080000 
-0.045962 -0.024749 -0.085000 -0.049497 -0.021213 -0.085000 -0.049497 -0.021213 -0.080000 -0.045962 -0.024749 -0.080000 
-0.049497 -0.021213 -0.085000 -0.053033 -0.017678 -0.085000 -0.053033 -0.017678 -0.080000 -0.049497 -0.021213 -0.080000 
-0.053033 -0.017678 -0.085000 -0.056569 -0.014142 -0.085000 -0.056569 -0.014142 -0.080000 -0.053033 -0.017678 -0.080000 
-0.056569 -0.014142 -0.085000 -0.060104 -0.010607 -0.085000 -0.060104 -0.010607 -0.080000 -0.056569 -0.014142 -0.080000 
-0.060104 -0.010607 -0.085000 -0.063640 -0.007071 -0.085000 -0.063640 -0.007071 -0.080000 -0.060104 -0.010607 -0.080000 
-0.063640 -0.007071 -0.085000 -0.067175 -0.003536 -0.085000 -0.067175 -0.003536 -0.080000 -0.063640 -0.007071 -0.080000 
-0.067175 -0.003536 -0.085000 -0.070711 -0.000000 -0.085000 -0.070711 -0.000000 -0.080000 -0.067175 -0.003536 -0.080000 
0.070711 -0.141421 -0.090000 0.067175 -0.137886 -0.090000 0.067175 -0.137886 -0.085000 0.070711 -0.141421 -0.085000 
0.067175 -0.137886 -0.090000 0.063640 -0.134350 -0.090000 0.063640 -0.134350 -0.085000 0.067175 -0.137886 -0.085000 
0.063640 -0.134350 -0.090000 0.060104 -0.130815 -0.090000 0.060104 -0.130815 -0.085000 0.063640 -0.134350 -0.085000 
0.060104 -0.130815 -0.090000 0.056569 -0.127279 -0.090000 0.056569 -0.127279 -0.085000 0.060104 -0.130815 -0.085000 
0.056569 -0.127279 -0.090000 0.053033 -0.123744 -0.090000 0.053033 -0.123744 -0.085000 0.056569 -0.127279 -0.085000 
0.053033 -0.123744 -0.090000 0.049497 -0.120208 -0.090000 0.049497 -0.120208 -0.085000 0.053033 -0.123744 -0.085000 
0.049497 -0.120208 -0.090000 0.045962 -0.116673 -0.090000 0.045962 -0.116673 -0.085000 0.049497 -0.120208 -0.085000 
0.045962 -0.116673 -0.090000 0.042426 -0.113137 -0.090000 0.042426 -0.113137 -0.085000 0.045962 -0.116673 -0.085000 
0.042426 -0.113137 -0.090000 0.038891 -0.109602 -0.090000 0.038891 -0.109602 -0.085000 0.042426 -0.113137 -0.085000 
0.038891 -0.109602 -0.090000 0.035355 -0.106066 -0.090000 0.035355 -0.106066 -0.085000 0.038891 -0.109602 -0.085000 
0.035355 -0.106066 -0.090000 0.031820 -0.102530 -0.090000 0.031820 -0.102530 -0.085000 0.035355 -0.106066 -0.085000 
0.031820 -0.102530 -0.090000 0.028284 -0.098995 -0.090000 0.028284 -0.098995 -0.085000 0.031820 -0.102530 -0.085000 
0.028284 -0.098995 -0.090000 0.024749 -0.095459 -0.090000 0.024749 -0.095459 -0.085000 0.028284 -0.098995 -0.085000 
0.024749 -0.095459 -0.090000 0.021213 -0.091924 -0.090000 0.021213 -0.091924 -0.085000 0.024749 -0.095459 -0.085000 
0.021213 -0.091924 -0.090000 0.017678 -0.088388 -0.090000 0.017678 -0.088388 -0.085000 0.021213 -0.091924 -0.085000 
0.017678 -0.088388 -0.090000 0.014142 -0.084853 -0.090000 0.014142 -0.084853 -0.085000 0.017678 -0.088388 -0.085000 
0.014142 -0.084853 -0.090000 0.010607 -0.081317 -0.090000 0.010607 -0.081317 -0.085000 0.014142 -0.084853 -0.085000 
0.010607 -0.081317 -0.090000 0.007071 -0.077782 -0.090000 0.007071 -0.077782 -0.085000 0.010607 -0.081317 -0.085000 
0.007071 -0.077782 -0.090000 0.003536 -0.074246 -0.090000 0.003536 -0.074246 -0.085000 0.007071 -0.077782 -0.085000 
0.003536 -0.074246 -0.090000 0.000000 -0.070711 -0.090000 0.000000 -0.070711 -0.085000 0.003536 -0.074246 -0.085000 
0.000000 -0.070711 -0.090000 -0.003536 -0.067175 -0.090000 -0.003536 -0.067175 -0.085000 0.000000 -0.070711 -0.085000 
-0.003536 -0.067175 -0.090000 -0.007071 -0.063640 -0.090000 -0.007071 -0.063640 -0.085000 -0.003536 -0.067175 -0.085000 
-0.007071 -0.063640 -0.090000 -0.010607 -0.060104 -0.090000 -0.010607 -0.060104 -0.085000 -0.007071 -0.063640 -0.085000 
-0.010607 -0.060104 -0.090000 -0.014142 -0.056569 -0.090000 -0.014142 -0.056569 -0.085000 -0.010607 -0.060104 -0.085000 
-0.014142 -0.056569 -0.090000 -0.017678 -0.053033 -0.090000 -0.017678 -0.053033 -0.085000 -0.014142 -0.056569 -0.085000 
-0.017678 -0.053033 -0.090000 -0.021213 -0.049497 -0.090000 -0.021213 -0.049497 -0.085000 -0.017678 -0.053033 -0.085000 
-0.021213 -0.049497 -0.090000 -0.024749 -0.045962 -0.090000 -0.024749 -0.045962 -0.085000 -0.021213 -0.049497 -0.085000 
-0.024749 -0.045962 -0.090000 -0.028284 -0.042426 -0.090000 -0.028284 -0.042426 -0.085000 -0.024749 -0.045962 -0.085000 
-0.028284 -0.042426 -0.090000 -0.031820 -0.038891 -0.090000 -0.031820 -0.038891 -0.085000 -0.028284 -0.042426 -0.085000 
-0.031820 -0.038891 -0.090000 -0.035355 -0.035355 -0.090000 -0.035355 -0.035355 -0.085000 -0.031820 -0.038891 -0.085000 
-0.035355 -0.035355 -0.090000 -0.038891 -0.031820 -0.090000 -0.038891 -0.031820 -0.085000 -0.035355 -0.035355 -0.085000 
-0.038891 -0.031820 -0.090000 -0.042426 -0.028284 -0.090000 -0.042426 -0.028284 -0.085000 -0.038891 -0.031820 -0.085000 
-0.042426 -0.028284 -0.090000 -0.045962 -0.024749 -0.090000 -0.045962 -0.024749 -0.085000 -0.042426 -0.028284 -0.085000 
-0.045962 -0.024749 -0.090000 -0.049497 -0.021213 -0.090000 -0.049497 -0.021213 -0.085000 -0.045962 -0.024749 -0.085000 
-0.049497 -0.021213 -0.090000 -0.053033 -0.017678 -0.090000 -0.053033 -0.017678 -0.085000 -0.049497 -0.021213 -0.085000 
-0.053033 -0.017678 -0.090000 -0.056569 -0.014142 -0.090000 -0.056569 -0.014142 -0.085000 -0.053033 -0.017678 -0.085000 
-0.056569 -0.014142 -0.090000 -0.060104 -0.010607 -0.090000 -0.060104 -0.010607 -0.085000 -0.056569 -0.014142 -0.085000 
-0.060104 -0.010607 -0.090000 -0.063640 -0.007071 -0.090000 -0.063640 -0.007071 -0.085000 -0.060104 -0.010607 -0.085000 
-0.063640 -0.007071 -0.090000 -0.067175 -0.003536 -0.090000 -0.067175 -0.003536 -0.085000 -0.063640 -0.007071 -0.085000 
-0.067175 -0.003536 -0.090000 -0.070711 -0.000000 -0.090000 -0.070711 -0.000000 -0.085000 -0.067175 -0.003536 -0.085000 
0.070711 -0.141421 -0.095000 0.067175 -0.137886 -0.095000 0.067175 -0.137886 -0.090000 0.070711 -0.141421 -0.090000 
0.067175 -0.137886 -0.095000 0.063640 -0.134350 -0.095000 0.063640 -0.134350 -0.090000 0.067175 -0.137886 -0.090000 
0.063640 -0.134350 -0.095000 0.060104 -0.130815 -0.095000 0.060104 -0.130815 -0.090000 0.063640 -0.134350 -0.090000 
0.060104 -0.130815 -0.095000 0.056569 -0.127279 -0.095000 0.056569 -0.127279 -0.090000 0.060104 -0.130815 -0.090000 
0.056569 -0.127279 -0.095000 0.053033 -0.123744 -0.095000 0.053033 -0.123744 -0.090000 0.056569 -0.127279 -0.090000 
0.053033 -0.123744 -0.095000 0.049497 -0.120208 -0.095000 0.049497 -0.120208 -0.090000 0.053033 -0.123744 -0.090000 
0.049497 -0.120208 -0.095000 0.045962 -0.116673 -0.095000 0.045962 -0.116673 -0.090000 0.049497 -0.120208 -0.090000 
0.045962 -0.116673 -0.095000 0.042426 -0.113137 -0.095000 0.042426 -0.113137 -0.090000 0.045962 -0.116673 -0.090000 
0.042426 -0.113137 -0.095000 0.038891 -0.109602 -0.095000 0.038891 -0.109602 -0.090000 0.042426 -0.113137 -0.090000 
0.038891 -0.109602 -0.095000 0.035355 -0.106066 -0.095000 0.035355 -0.106066 -0.090000 0.038891 -0.109602 -0.090000 
0.035355 -0.106066 -0.095000 0.031820 -0.102530 -0.095000 0.031820 -0.102530 -0.090000 0.035355 -0.106066 -0.090000 
0.031820 -0.102530 -0.095000 0.028284 -0.098995 -0.095000 0.028284 -0.098995 -0.090000 0.031820 -0.102530 -0.090000 
0.028284 -0.098995 -0.095000 0.024749 -0.095459 -0.095000 0.024749 -0.095459 -0.090000 0.028284 -0.098995 -0.090000 
0.024749 -0.095459 -0.095000 0.021213 -0.091924 -0.095000 0.021213 -0.091924 -0.090000 0.024749 -0.095459 -0.090000 
0.021213 -0.091924 -0.095000 0.017678 -0.088388 -0.095000 0.017678 -0.088388 -0.090000 0.021213 -0.091924 -0.090000 
0.017678 -0.088388 -0.095000 0.014142 -0.084853 -0.095000 0.014142 -0.084853 -0.090000 0.017678 -0.088388 -0.090000 
0.014142 -0.084853 -0.095000 0.010607 -0.081317 -0.095000 0.010607 -0.081317 -0.090000 0.014142 -0.084853 -0.090000 
0.010607 -0.081317 -0.095000 0.007071 -0.077782 -0.095000 0.007071 -0.077782 -0.090000 0.010607 -0.081317 -0.090000 
0.007071 -0.077782 -0.095000 0.003536 -0.074246 -0.095000 0.003536 -0.074246 -0.090000 0.007071 -0.077782 -0.090000 
0.003536 -0.074246 -0.095000 0.000000 -0.070711 -0.095000 0.000000 -0.070711 -0.090000 0.003536 -0.074246 -0.090000 
0.000000 -0.070711 -0.095000 -0.003536 -0.067175 -0.095000 -0.003536 -0.067175 -0.090000 0.000000 -0.070711 -0.090000 
-0.003536 -0.067175 -0.095000 -0.007071 -0.063640 -0.095000 -0.007071 -0.063640 -0.090000 -0.003536 -0.067175 -0.090000 
-0.007071 -0.063640 -0.095000 -0.010607 -0.060104 -0.095000 -0.010607 -0.060104 -0.090000 -0.007071 -0.063640 -0.090000 
-0.010607 -0.060104 -0.095000 -0.014142 -0.056569 -0.095000 -0.014142 -0.056569 -0.090000 -0.010607 -0.060104 -0.090000 
-0.014142 -0.056569 -0.095000 -0.017678 -0.053033 -0.095000 -0.017678 -0.053033 -0.090000 -0.014142 -0.056569 -0.090000 
-0.017678 -0.053033 -0.095000 -0.021213 -0.049497 -0.095000 -0.021213 -0.049497 -0.090000 -0.017678 -0.053033 -0.090000 
-0.021213 -0.049497 -0.095000 -0.024749 -0.045962 -0.095000 -0.024749 -0.045962 -0.090000 -0.021213 -0.049497 -0.090000 
-0.024749 -0.045962 -0.095000 -0.028284 -0.042426 -0.095000 -0.028284 -0.042426 -0.090000 -0.024749 -0.045962 -0.090000 
-0.028284 -0.042426 -0.095000 -0.031820 -0.038891 -0.095000 -0.031820 -0.038891 -0.090000 -0.028284 -0.042426 -0.090000 
-0.031820 -0.038891 -0.095000 -0.035355 -0.035355 -0.095000 -0.035355 -0.035355 -0.090000 -0.031820 -0.038891 -0.090000 
-0.035355 -0.035355 -0.095000 -0.038891 -0.031820 -0.095000 -0.038891 -0.031820 -0.090000 -0.035355 -0.035355 -0.090000 
-0.038891 -0.031820 -0.095000 -0.042426 -0.028284 -0.095000 -0.042426 -0.028284 -0.090000 -0.038891 -0.031820 -0.090000 
-0.042426 -0.028284 -0.095000 -0.045962 -0.024749 -0.095000 -0.045962 -0.024749 -0.090000 -0.042426 -0.028284 -0.090000 
-0.045962 -0.024749 -0.095000 -0.049497 -0.021213 -0.095000 -0.049497 -0.021213 -0.090000 -0.045962 -0.024749 -0.090000 
-0.049497 -0.021213 -0.095000 -0.053033 -0.017678 -0.095000 -0.053033 -0.017678 -0.090000 -0.049497 -0.021213 -0.090000 
-0.053033 -0.017678 -0.095000 -0.056569 -0.014142 -0.095000 -0.056569 -0.014142 -0.090000 -0.053033 -0.017678 -0.090000 
-0.056569 -0.014142 -0.095000 -0.060104 -0.010607 -0.095000 -0.060104 -0.010607 -0.090000 -0.056569 -0.014142 -0.090000 
-0.060104 -0.010607 -0.095000 -0.063640 -0.007071 -0.095000 -0.063640 -0.007071 -0.090000 -0.060104 -0.010607 -0.090000 
-0.063640 -0.007071 -0.095000 -0.067175 -0.003536 -0.095000 -0.067175 -0.003536 -0.090000 -0.063640 -0.007071 -0.090000 
-0.067175 -0.003536 -0.095000 -0.070711 -0.000000 -0.095000 -0.070711 -0.000000 -0.090000 -0.067175 -0.003536 -0.090000 
0.070711 -0.141421 -0.100000 0.067175 -0.137886 -0.100000 0.067175 -0.137886 -0.095000 0.070711 -0.141421 -0.095000 
0.067175 -0.137886 -0.100000 0.063640 -0.134350 -0.100000 0.063640 -0.134350 -0.095000 0.067175 -0.137886 -0.095000 
0.063640 -0.134350 -0.100000 0.060104 -0.130815 -0.100000 0.060104 -0.130815 -0.095000 0.063640 -0.134350 -0.095000 
0.060104 -0.130815 -0.100000 0.056569 -0.127279 -0.100000 0.056569 -0.127279 -0.095000 0.060104 -0.130815 -0.095000 
0.056569 -0.127279 -0.100000 0.053033 -0.123744 -0.100000 0.053033 -0.123744 -0.095000 0.056569 -0.127279 -0.095000 
0.053033 -0.123744 -0.100000 0.049497 -0.120208 -0.100000 0.049497 -0.120208 -0.095000 0.053033 -0.123744 -0.095000 
0.049497 -0.120208 -0.100000 0.045962 -0.116673 -0.100000 0.045962 -0.116673 -0.095000 0.049497 -0.120208 -0.095000 
0.045962 -0.116673 -0.100000 0.042426 -0.113137 -0.100000 0.042426 -0.113137 -0.095000 0.045962 -0.116673 -0.095000 
0.042426 -0.113137 -0.100000 0.038891 -0.109602 -0.100000 0.038891 -0.109602 -0.095000 0.042426 -0.113137 -0.095000 
0.038891 -0.109602 -0.100000 0.035355 -0.106066 -0.100000 0.035355 -0.106066 -0.095000 0.038891 -0.109602 -0.095000 
0.035355 -0.106066 -0.100000 0.031820 -0.102530 -0.100000 0.031820 -0.102530 -0.095000 0.035355 -0.106066 -0.095000 
0.031820 -0.102530 -0.100000 0.028284 -0.098995 -0.100000 0.028284 -0.098995 -0.095000 0.031820 -0.102530 -0.095000 
0.028284 -0.098995 -0.100000 0.024749 -0.095459 -0.100000 0.024749 -0.095459 -0.095000 0.028284 -0.098995 -0.095000 
0.024749 -0.095459 -0.100000 0.021213 -0.091924 -0.100000 0.021213 -0.091924 -0.095000 0.024749 -0.095459 -0.095000 
0.021213 -0.091924 -0.100000 0.017678 -0.088388 -0.100000 0.017678 -0.088388 -0.095000 0.021213 -0.091924 -0.095000 
0.017678 -0.088388 -0.100000 0.014142 -0.084853 -0.100000 0.014142 -0.084853 -0.095000 0.017678 -0.088388 -0.095000 
0.014142 -0.084853 -0.100000 0.010607 -0.081317 -0.100000 0.010607 -0.081317 -0.095000 0.014142 -0.084853 -0.095000 
0.010607 -0.081317 -0.100000 0.007071 -0.077782 -0.100000 0.007071 -0.077782 -0.095000 0.010607 -0.081317 -0.095000 
0.007071 -0.077782 -0.100000 0.003536 -0.074246 -0.100000 0.003536 -0.074246 -0.095000 0.007071 -0.077782 -0.095000 
0.003536 -0.074246 -0.100000 0.000000 -0.070711 -0.100000 0.000000 -0.070711 -0.095000 0.003536 -0.074246 -0.095000 
0.000000 -0.070711 -0.100000 -0.003536 -0.067175 -0.100000 -0.003536 -0.067175 -0.095000 0.000000 -0.070711 -0.095000 
-0.003536 -0.067175 -0.100000 -0.007071 -0.063640 -0.100000 -0.007071 -0.063640 -0.095000 -0.003536 -0.067175 -0.095000 
-0.007071 -0.063640 -0.100000 -0.010607 -0.060104 -0.100000 -0.010607 -0.060104 -0.095000 -0.007071 -0.063640 -0.095000 
-0.010607 -0.060104 -0.100000 -0.014142 -0.056569 -0.100000 -0.014142 -0.056569 -0.095000 -0.010607 -0.060104 -0.095000 
-0.014142 -0.056569 -0.100000 -0.017678 -0.053033 -0.100000 -0.017678 -0.053033 -0.095000 -0.014142 -0.056569 -0.095000 
-0.017678 -0.053033 -0.100000 -0.021213 -0.049497 -0.100000 -0.021213 -0.049497 -0.095000 -0.017678 -0.053033 -0.095000 
-0.021213 -0.049497 -0.100000 -0.024749 -0.045962 -0.100000 -0.024749 -0.045962 -0.095000 -0.021213 -0.049497 -0.095000 
-0.024749 -0.045962 -0.100000 -0.028284 -0.042426 -0.100000 -0.028284 -0.042426 -0.095000 -0.024749 -0.045962 -0.095000 
-0.028284 -0.042426 -0.100000 -0.031820 -0.038891 -0.100000 -0.031820 -0.038891 -0.095000 -0.028284 -0.042426 -0.095000 
-0.031820 -0.038891 -0.100000 -0.035355 -0.035355 -0.100000 -0.035355 -0.035355 -0.095000 -0.031820 -0.038891 -0.095000 
-0.035355 -0.035355 -0.100000 -0.038891 -0.031820 -0.100000 -0.038891 -0.031820 -0.095000 -0.035355 -0.035355 -0.095000 
-0.038891 -0.031820 -0.100000 -0.042426 -0.028284 -0.100000 -0.042426 -0.028284 -0.095000 -0.038891 -0.031820 -0.095000 
-0.042426 -0.028284 -0.100000 -0.045962 -0.024749 -0.100000 -0.045962 -0.024749 -0.095000 -0.042426 -0.028284 -0.095000 
-0.045962 -0.024749 -0.100000 -0.049497 -0.021213 -0.100000 -0.049497 -0.021213 -0.095000 -0.045962 -0.024749 -0.095000 
-0.049497 -0.021213 -0.100000 -0.053033 -0.017678 -0.100000 -0.053033 -0.017678 -0.095000 -0.049497 -0.021213 -0.095000 
-0.053033 -0.017678 -0.100000 -0.056569 -0.014142 -0.100000 -0.056569 -0.014142 -0.095000 -0.053033 -0.017678 -0.095000 
-0.056569 -0.014142 -0.100000 -0.060104 -0.010607 -0.100000 -0.060104 -0.010607 -0.095000 -0.056569 -0.014142 -0.095000 
-0.060104 -0.010607 -0.100000 -0.063640 -0.007071 -0.100000 -0.063640 -0.007071 -0.095000 -0.060104 -0.010607 -0.095000 
-0.063640 -0.007071 -0.100000 -0.067175 -0.003536 -0.100000 -0.067175 -0.003536 -0.095000 -0.063640 -0.007071 -0.095000 
-0.067175 -0.003536 -0.100000 -0.070711 -0.000000 -0.100000 -0.070711 -0.000000 -0.095000 -0.067175 -0.003536 -0.095000 
0 
1600 
40 40 
-0.070711 -0.000000 0.095000 -0.067175 0.003536 0.095000 -0.067175 0.003536 0.100000 -0.070711 -0.000000 0.100000 
-0.067175 0.003536 0.095000 -0.063640 0.007071 0.095000 -0.063640 0.007071 0.100000 -0.067175 0.003536 0.100000 
-0.063640 0.007071 0.095000 -0.060104 0.010607 0.095000 -0.060104 0.010607 0.100000 -0.063640 0.007071 0.100000 
-0.060104 0.010607 0.095000 -0.056569 0.014142 0.095000 -0.056569 0.014142 0.100000 -0.060104 0.010607 0.100000 
-0.056569 0.014142 0.095000 -0.053033 0.017678 0.095000 -0.053033 0.017678 0.100000 -0.056569 0.014142 0.100000 
-0.053033 0.017678 0.095000 -0.049497 0.021213 0.095000 -0.049497 0.021213 0.100000 -0.053033 0.017678 0.100000 
-0.049497 0.021213 0.095000 -0.045962 0.024749 0.095000 -0.045962 0.024749 0.100000 -0.049497 0.021213 0.100000 
-0.045962 0.024749 0.095000 -0.042426 0.028284 0.095000 -0.042426 0.028284 0.100000 -0.045962 0.024749 0.100000 
-0.042426 0.028284 0.095000 -0.038891 0.031820 0.095000 -0.038891 0.031820 0.100000 -0.042426 0.028284 0.100000 
-0.038891 0.031820 0.095000 -0.035355 0.035355 0.095000 -0.035355 0.035355 0.100000 -0.038891 0.031820 0.100000 
-0.035355 0.035355 0.095000 -0.031820 0.038891 0.095000 -0.031820 0.038891 0.100000 -0.035355 0.035355 0.100000 
-0.031820 0.038891 0.095000 -0.028284 0.042426 0.095000 -0.028284 0.042426 0.100000 -0.031820 0.038891 0.100000 
-0.028284 0.042426 0.095000 -0.024749 0.045962 0.095000 -0.024749 0.045962 0.100000 -0.028284 0.042426 0.100000 
-0.024749 0.045962 0.095000 -0.021213 0.049497 0.095000 -0.021213 0.049497 0.100000 -0.024749 0.045962 0.100000 
-0.021213 0.049497 0.095000 -0.017678 0.053033 0.095000 -0.017678 0.053033 0.100000 -0.021213 0.049497 0.100000 
-0.017678 0.053033 0.095000 -0.014142 0.056569 0.095000 -0.014142 0.056569 0.100000 -0.017678 0.053033 0.100000 
-0.014142 0.056569 0.095000 -0.010607 0.060104 0.095000 -0.010607 0.060104 0.100000 -0.014142 0.056569 0.100000 
-0.010607 0.060104 0.095000 -0.007071 0.063640 0.095000 -0.007071 0.063640 0.100000 -0.010607 0.060104 0.100000 
-0.007071 0.063640 0.095000 -0.003536 0.067175 0.095000 -0.003536 0.067175 0.100000 -0.007071 0.063640 0.100000 
-0.003536 0.067175 0.095000 -0.000000 0.070711 0.095000 -0.000000 0.070711 0.100000 -0.003536 0.067175 0.100000 
-0.000000 0.070711 0.095000 0.003536 0.074246 0.095000 0.003536 0.074246 0.100000 -0.000000 0.070711 0.100000 
0.003536 0.074246 0.095000 0.007071 0.077782 0.095000 0.007071 0.077782 0.100000 0.003536 0.074246 0.100000 
0.007071 0.077782 0.095000 0.010607 0.081317 0.095000 0.010607 0.081317 0.100000 0.007071 0.077782 0.100000 
0.010607 0.081317 0.095000 0.014142 0.084853 0.095000 0.014142 0.084853 0.100000 0.010607 0.081317 0.100000 
0.014142 0.084853 0.095000 0.017678 0.088388 0.095000 0.017678 0.088388 0.100000 0.014142 0.084853 0.100000 
0.017678 0.088388 0.095000 0.021213 0.091924 0.095000 0.021213 0.091924 0.100000 0.017678 0.088388 0.100000 
0.021213 0.091924 0.095000 0.024749 0.095459 0.095000 0.024749 0.095459 0.100000 0.021213 0.091924 0.100000 
0.024749 0.095459 0.095000 0.028284 0.098995 0.095000 0.028284 0.098995 0.100000 0.024749 0.095459 0.100000 
0.028284 0.098995 0.095000 0.031820 0.102530 0.095000 0.031820 0.102530 0.100000 0.028284 0.098995 0.100000 
0.031820 0.102530 0.095000 0.035355 0.106066 0.095000 0.035355 0.106066 0.100000 0.031820 0.102530 0.100000 
0.035355 0.106066 0.095000 0.038891 0.109602 0.095000 0.038891 0.109602 0.100000 0.035355 0.106066 0.100000 
0.038891 0.109602 0.095000 0.042426 0.113137 0.095000 0.042426 0.113137 0.100000 0.038891 0.109602 0.100000 
0.042426 0.113137 0.095000 0.045962 0.116673 0.095000 0.045962 0.116673 0.100000 0.042426 0.113137 0.100000 
0.045962 0.116673 0.095000 0.049497 0.120208 0.095000 0.049497 0.120208 0.100000 0.045962 0.116673 0.100000 
0.049497 0.120208 0.095000 0.053033 0.123744 0.095000 0.053033 0.123744 0.100000 0.049497 0.120208 0.100000 
0.053033 0.123744 0.095000 0.056569 0.127279 0.095000 0.056569 0.127279 0.100000 0.053033 0.123744 0.100000 
0.056569 0.127279 0.095000 0.060104 0.130815 0.095000 0.060104 0.130815 0.100000 0.056569 0.127279 0.100000 
0.060104 0.130815 0.095000 0.063640 0.134350 0.095000 0.063640 0.134350 0.100000 0.060104 0.130815 0.100000 
0.063640 0.134350 0.095000 0.067175 0.137886 0.095000 0.067175 0.137886 0.100000 0.063640 0.134350 0.100000 
0.067175 0.137886 0.095000 0.070711 0.141421 0.095000 0.070711 0.141421 0.100000 0.067175 0.137886 0.100000 
-0.070711 -0.000000 0.090000 -0.067175 0.003536 0.090000 -0.067175 0.003536 0.095000 -0.070711 -0.000000 0.095000 
-0.067175 0.003536 0.090000 -0.063640 0.007071 0.090000 -0.063640 0.007071 0.095000 -0.067175 0.003536 0.095000 
-0.063640 0.007071 0.090000 -0.060104 0.010607 0.090000 -0.060104 0.010607 0.095000 -0.063640 0.007071 0.095000 
-0.060104 0.010607 0.090000 -0.056569 0.014142 0.090000 -0.056569 0.014142 0.095000 -0.060104 0.010607 0.095000 
-0.056569 0.014142 0.090000 -0.053033 0.017678 0.090000 -0.053033 0.017678 0.095000 -0.056569 0.014142 0.095000 
-0.053033 0.017678 0.090000 -0.049497 0.021213 0.090000 -0.049497 0.021213 0.095000 -0.053033 0.017678 0.095000 
-0.049497 0.021213 0.090000 -0.045962 0.024749 0.090000 -0.045962 0.024749 0.095000 -0.049497 0.021213 0.095000 
-0.045962 0.024749 0.090000 -0.042426 0.028284 0.090000 -0.042426 0.028284 0.095000 -0.045962 0.024749 0.095000 
-0.042426 0.028284 0.090000 -0.038891 0.031820 0.090000 -0.038891 0.031820 0.095000 -0.042426 0.028284 0.095000 
-0.038891 0.031820 0.090000 -0.035355 0.035355 0.090000 -0.035355 0.035355 0.095000 -0.038891 0.031820 0.095000 
-0.035355 0.035355 0.090000 -0.031820 0.038891 0.090000 -0.031820 0.038891 0.095000 -0.035355 0.035355 0.095000 
-0.031820 0.038891 0.090000 -0.028284 0.042426 0.090000 -0.028284 0.042426 0.095000 -0.031820 0.038891 0.095000 
-0.028284 0.042426 0.090000 -0.024749 0.045962 0.090000 -0.024749 0.045962 0.095000 -0.028284 0.042426 0.095000 
-0.024749 0.045962 0.090000 -0.021213 0.049497 0.090000 -0.021213 0.049497 0.095000 -0.024749 0.045962 0.095000 
-0.021213 0.049497 0.090000 -0.017678 0.053033 0.090000 -0.017678 0.053033 0.095000 -0.021213 0.049497 0.095000 
-0.017678 0.053033 0.090000 -0.014142 0.056569 0.090000 -0.014142 0.056569 0.095000 -0.017678 0.053033 0.095000 
-0.014142 0.056569 0.090000 -0.010607 0.060104 0.090000 -0.010607 0.060104 0.095000 -0.014142 0.056569 0.095000 
-0.010607 0.060104 0.090000 -0.007071 0.063640 0.090000 -0.007071 0.063640 0.095000 -0.010607 0.060104 0.095000 
-0.007071 0.063640 0.090000 -0.003536 0.067175 0.090000 -0.003536 0.067175 0.095000 -0.007071 0.063640 0.095000 
-0.003536 0.067175 0.090000 -0.000000 0.070711 0.090000 -0.000000 0.070711 0.095000 -0.003536 0.067175 0.095000 
-0.000000 0.070711 0.090000 0.003536 0.074246 0.090000 0.003536 0.074246 0.095000 -0.000000 0.070711 0.095000 
0.003536 0.074246 0.090000 0.007071 0.077782 0.090000 0.007071 0.077782 0.095000 0.003536 0.074246 0.095000 
0.007071 0.077782 0.090000 0.010607 0.081317 0.090000 0.010607 0.081317 0.095000 0.007071 0.077782 0.095000 
0.010607 0.081317 0.090000 0.014142 0.084853 0.090000 0.014142 0.084853 0.095000 0.010607 0.081317 0.095000 
0.014142 0.084853 0.090000 0.017678 0.088388 0.090000 0.017678 0.088388 0.095000 0.014142 0.084853 0.095000 
0.017678 0.088388 0.090000 0.021213 0.091924 0.090000 0.021213 0.091924 0.095000 0.017678 0.088388 0.095000 
0.021213 0.091924 0.090000 0.024749 0.095459 0.090000 0.024749 0.095459 0.095000 0.021213 0.091924 0.095000 
0.024749 0.095459 0.090000 0.028284 0.098995 0.090000 0.028284 0.098995 0.095000 0.024749 0.095459 0.095000 
0.028284 0.098995 0.090000 0.031820 0.102530 0.090000 0.031820 0.102530 0.095000 0.028284 0.098995 0.095000 
0.031820 0.102530 0.090000 0.035355 0.106066 0.090000 0.035355 0.106066 0.095000 0.031820 0.102530 0.095000 
0.035355 0.106066 0.090000 0.038891 0.109602 0.090000 0.038891 0.109602 0.095000 0.035355 0.106066 0.095000 
0.038891 0.109602 0.090000 0.042426 0.113137 0.090000 0.042426 0.113137 0.095000 0.038891 0.109602 0.095000 
0.042426 0.113137 0.090000 0.045962 0.116673 0.090000 0.045962 0.116673 0.095000 0.042426 0.113137 0.095000 
0.045962 0.116673 0.090000 0.049497 0.120208 0.090000 0.049497 0.120208 0.095000 0.045962 0.116673 0.095000 
0.049497 0.120208 0.090000 0.053033 0.123744 0.090000 0.053033 0.123744 0.095000 0.049497 0.120208 0.095000 
0.053033 0.123744 0.090000 0.056569 0.127279 0.090000 0.056569 0.127279 0.095000 0.053033 0.123744 0.095000 
0.056569 0.127279 0.090000 0.060104 0.130815 0.090000 0.060104 0.130815 0.095000 0.056569 0.127279 0.095000 
0.060104 0.130815 0.090000 0.063640 0.134350 0.090000 0.063640 0.134350 0.095000 0.060104 0.130815 0.095000 
0.063640 0.134350 0.090000 0.067175 0.137886 0.090000 0.067175 0.137886 0.095000 0.063640 0.134350 0.095000 
0.067175 0.137886 0.090000 0.070711 0.141421 0.090000 0.070711 0.141421 0.095000 0.067175 0.137886 0.095000 
-0.070711 -0.000000 0.085000 -0.067175 0.003536 0.085000 -0.067175 0.003536 0.090000 -0.070711 -0.000000 0.090000 
-0.067175 0.003536 0.085000 -0.063640 0.007071 0.085000 -0.063640 0.007071 0.090000 -0.067175 0.003536 0.090000 
-0.063640 0.007071 0.085000 -0.060104 0.010607 0.085000 -0.060104 0.010607 0.090000 -0.063640 0.007071 0.090000 
-0.060104 0.010607 0.085000 -0.056569 0.014142 0.085000 -0.056569 0.014142 0.090000 -0.060104 0.010607 0.090000 
-0.056569 0.014142 0.085000 -0.053033 0.017678 0.085000 -0.053033 0.017678 0.090000 -0.056569 0.014142 0.090000 
-0.053033 0.017678 0.085000 -0.049497 0.021213 0.085000 -0.049497 0.021213 0.090000 -0.053033 0.017678 0.090000 
-0.049497 0.021213 0.085000 -0.045962 0.024749 0.085000 -0.045962 0.024749 0.090000 -0.049497 0.021213 0.090000 
-0.045962 0.024749 0.085000 -0.042426 0.028284 0.085000 -0.042426 0.028284 0.090000 -0.045962 0.024749 0.090000 
-0.042426 0.028284 0.085000 -0.038891 0.031820 0.085000 -0.038891 0.031820 0.090000 -0.042426 0.028284 0.090000 
-0.038891 0.031820 0.085000 -0.035355 0.035355 0.085000 -0.035355 0.035355 0.090000 -0.038891 0.031820 0.090000 
-0.035355 0.035355 0.085000 -0.031820 0.038891 0.085000 -0.031820 0.038891 0.090000 -0.035355 0.035355 0.090000 
-0.031820 0.038891 0.085000 -0.028284 0.042426 0.085000 -0.028284 0.042426 0.090000 -0.031820 0.038891 0.090000 
-0.028284 0.042426 0.085000 -0.024749 0.045962 0.085000 -0.024749 0.045962 0.090000 -0.028284 0.042426 0.090000 
-0.024749 0.045962 0.085000 -0.021213 0.049497 0.085000 -0.021213 0.049497 0.090000 -0.024749 0.045962 0.090000 
-0.021213 0.049497 0.085000 -0.017678 0.053033 0.085000 -0.017678 0.053033 0.090000 -0.021213 0.049497 0.090000 
-0.017678 0.053033 0.085000 -0.014142 0.056569 0.085000 -0.014142 0.056569 0.090000 -0.017678 0.053033 0.090000 
-0.014142 0.056569 0.085000 -0.010607 0.060104 0.085000 -0.010607 0.060104 0.090000 -0.014142 0.056569 0.090000 
-0.010607 0.060104 0.085000 -0.007071 0.063640 0.085000 -0.007071 0.063640 0.090000 -0.010607 0.060104 0.090000 
-0.007071 0.063640 0.085000 -0.003536 0.067175 0.085000 -0.003536 0.067175 0.090000 -0.007071 0.063640 0.090000 
-0.003536 0.067175 0.085000 -0.000000 0.070711 0.085000 -0.000000 0.070711 0.090000 -0.003536 0.067175 0.090000 
-0.000000 0.070711 0.085000 0.003536 0.074246 0.085000 0.003536 0.074246 0.090000 -0.000000 0.070711 0.090000 
0.003536 0.074246 0.085000 0.007071 0.077782 0.085000 0.007071 0.077782 0.090000 0.003536 0.074246 0.090000 
0.007071 0.077782 0.085000 0.010607 0.081317 0.085000 0.010607 0.081317 0.090000 0.007071 0.077782 0.090000 
0.010607 0.081317 0.085000 0.014142 0.084853 0.085000 0.014142 0.084853 0.090000 0.010607 0.081317 0.090000 
0.014142 0.084853 0.085000 0.017678 0.088388 0.085000 0.017678 0.088388 0.090000 0.014142 0.084853 0.090000 
0.017678 0.088388 0.085000 0.021213 0.091924 0.085000 0.021213 0.091924 0.090000 0.017678 0.088388 0.090000 
0.021213 0.091924 0.085000 0.024749 0.095459 0.085000 0.024749 0.095459 0.090000 0.021213 0.091924 0.090000 
0.024749 0.095459 0.085000 0.028284 0.098995 0.085000 0.028284 0.098995 0.090000 0.024749 0.095459 0.090000 
0.028284 0.098995 0.085000 0.031820 0.102530 0.085000 0.031820 0.102530 0.090000 0.028284 0.098995 0.090000 
0.031820 0.102530 0.085000 0.035355 0.106066 0.085000 0.035355 0.106066 0.090000 0.031820 0.102530 0.090000 
0.035355 0.106066 0.085000 0.038891 0.109602 0.085000 0.038891 0.109602 0.090000 0.035355 0.106066 0.090000 
0.038891 0.109602 0.085000 0.042426 0.113137 0.085000 0.042426 0.113137 0.090000 0.038891 0.109602 0.090000 
0.042426 0.113137 0.085000 0.045962 0.116673 0.085000 0.045962 0.116673 0.090000 0.042426 0.113137 0.090000 
0.045962 0.116673 0.085000 0.049497 0.120208 0.085000 0.049497 0.120208 0.090000 0.045962 0.116673 0.090000 
0.049497 0.120208 0.085000 0.053033 0.123744 0.085000 0.053033 0.123744 0.090000 0.049497 0.120208 0.090000 
0.053033 0.123744 0.085000 0.056569 0.127279 0.085000 0.056569 0.127279 0.090000 0.053033 0.123744 0.090000 
0.056569 0.127279 0.085000 0.060104 0.130815 0.085000 0.060104 0.130815 0.090000 0.056569 0.127279 0.090000 
0.060104 0.130815 0.085000 0.063640 0.134350 0.085000 0.063640 0.134350 0.090000 0.060104 0.130815 0.090000 
0.063640 0.134350 0.085000 0.067175 0.137886 0.085000 0.067175 0.137886 0.090000 0.063640 0.134350 0.090000 
0.067175 0.137886 0.085000 0.070711 0.141421 0.085000 0.070711 0.141421 0.090000 0.067175 0.137886 0.090000 
-0.070711 -0.000000 0.080000 -0.067175 0.003536 0.080000 -0.067175 0.003536 0.085000 -0.070711 -0.000000 0.085000 
-0.067175 0.003536 0.080000 -0.063640 0.007071 0.080000 -0.063640 0.007071 0.085000 -0.067175 0.003536 0.085000 
-0.063640 0.007071 0.080000 -0.060104 0.010607 0.080000 -0.060104 0.010607 0.085000 -0.063640 0.007071 0.085000 
-0.060104 0.010607 0.080000 -0.056569 0.014142 0.080000 -0.056569 0.014142 0.085000 -0.060104 0.010607 0.085000 
-0.056569 0.014142 0.080000 -0.053033 0.017678 0.080000 -0.053033 0.017678 0.085000 -0.056569 0.014142 0.085000 
-0.053033 0.017678 0.080000 -0.049497 0.021213 0.080000 -0.049497 0.021213 0.085000 -0.053033 0.017678 0.085000 
-0.049497 0.021213 0.080000 -0.045962 0.024749 0.080000 -0.045962 0.024749 0.085000 -0.049497 0.021213 0.085000 
-0.045962 0.024749 0.080000 -0.042426 0.028284 0.080000 -0.042426 0.028284 0.085000 -0.045962 0.024749 0.085000 
-0.042426 0.028284 0.080000 -0.038891 0.031820 0.080000 -0.038891 0.031820 0.085000 -0.042426 0.028284 0.085000 
-0.038891 0.031820 0.080000 -0.035355 0.035355 0.080000 -0.035355 0.035355 0.085000 -0.038891 0.031820 0.085000 
-0.035355 0.035355 0.080000 -0.031820 0.038891 0.080000 -0.031820 0.038891 0.085000 -0.035355 0.035355 0.085000 
-0.031820 0.038891 0.080000 -0.028284 0.042426 0.080000 -0.028284 0.042426 0.085000 -0.031820 0.038891 0.085000 
-0.028284 0.042426 0.080000 -0.024749 0.045962 0.080000 -0.024749 0.045962 0.085000 -0.028284 0.042426 0.085000 
-0.024749 0.045962 0.080000 -0.021213 0.049497 0.080000 -0.021213 0.049497 0.085000 -0.024749 0.045962 0.085000 
-0.021213 0.049497 0.080000 -0.017678 0.053033 0.080000 -0.017678 0.053033 0.085000 -0.021213 0.049497 0.085000 
-0.017678 0.053033 0.080000 -0.014142 0.056569 0.080000 -0.014142 0.056569 0.085000 -0.017678 0.053033 0.085000 
-0.014142 0.056569 0.080000 -0.010607 0.060104 0.080000 -0.010607 0.060104 0.085000 -0.014142 0.056569 0.085000 
-0.010607 0.060104 0.080000 -0.007071 0.063640 0.080000 -0.007071 0.063640 0.085000 -0.010607 0.060104 0.085000 
-0.007071 0.063640 0.080000 -0.003536 0.067175 0.080000 -0.003536 0.067175 0.085000 -0.007071 0.063640 0.085000 
-0.003536 0.067175 0.080000 -0.000000 0.070711 0.080000 -0.000000 0.070711 0.085000 -0.003536 0.067175 0.085000 
-0.000000 0.070711 0.080000 0.003536 0.074246 0.080000 0.003536 0.074246 0.085000 -0.000000 0.070711 0.085000 
0.003536 0.074246 0.080000 0.007071 0.077782 0.080000 0.007071 0.077782 0.085000 0.003536 0.074246 0.085000 
0.007071 0.077782 0.080000 0.010607 0.081317 0.080000 0.010607 0.081317 0.085000 0.007071 0.077782 0.085000 
0.010607 0.081317 0.080000 0.014142 0.084853 0.080000 0.014142 0.084853 0.085000 0.010607 0.081317 0.085000 
0.014142 0.084853 0.080000 0.017678 0.088388 0.080000 0.017678 0.088388 0.085000 0.014142 0.084853 0.085000 
0.017678 0.088388 0.080000 0.021213 0.091924 0.080000 0.021213 0.091924 0.085000 0.017678 0.088388 0.085000 
0.021213 0.091924 0.080000 0.024749 0.095459 0.080000 0.024749 0.095459 0.085000 0.021213 0.091924 0.085000 
0.024749 0.095459 0.080000 0.028284 0.098995 0.080000 0.028284 0.098995 0.085000 0.024749 0.095459 0.085000 
0.028284 0.098995 0.080000 0.031820 0.102530 0.080000 0.031820 0.102530 0.085000 0.028284 0.098995 0.085000 
0.031820 0.102530 0.080000 0.035355 0.106066 0.080000 0.035355 0.106066 0.085000 0.031820 0.102530 0.085000 
0.035355 0.106066 0.080000 0.038891 0.109602 0.080000 0.038891 0.109602 0.085000 0.035355 0.106066 0.085000 
0.038891 0.109602 0.080000 0.042426 0.113137 0.080000 0.042426 0.113137 0.085000 0.038891 0.109602 0.085000 
0.042426 0.113137 0.080000 0.045962 0.116673 0.080000 0.045962 0.116673 0.085000 0.042426 0.113137 0.085000 
0.045962 0.116673 0.080000 0.049497 0.120208 0.080000 0.049497 0.120208 0.085000 0.045962 0.116673 0.085000 
0.049497 0.120208 0.080000 0.053033 0.123744 0.080000 0.053033 0.123744 0.085000 0.049497 0.120208 0.085000 
0.053033 0.123744 0.080000 0.056569 0.127279 0.080000 0.056569 0.127279 0.085000 0.053033 0.123744 0.085000 
0.056569 0.127279 0.080000 0.060104 0.130815 0.080000 0.060104 0.130815 0.085000 0.056569 0.127279 0.085000 
0.060104 0.130815 0.080000 0.063640 0.134350 0.080000 0.063640 0.134350 0.085000 0.060104 0.130815 0.085000 
0.063640 0.134350 0.080000 0.067175 0.137886 0.080000 0.067175 0.137886 0.085000 0.063640 0.134350 0.085000 
0.067175 0.137886 0.080000 0.070711 0.141421 0.080000 0.070711 0.141421 0.085000 0.067175 0.137886 0.085000 
-0.070711 -0.000000 0.075000 -0.067175 0.003536 0.075000 -0.067175 0.003536 0.080000 -0.070711 -0.000000 0.080000 
-0.067175 0.003536 0.075000 -0.063640 0.007071 0.075000 -0.063640 0.007071 0.080000 -0.067175 0.003536 0.080000 
-0.063640 0.007071 0.075000 -0.060104 0.010607 0.075000 -0.060104 0.010607 0.080000 -0.063640 0.007071 0.080000 
-0.060104 0.010607 0.075000 -0.056569 0.014142 0.075000 -0.056569 0.014142 0.080000 -0.060104 0.010607 0.080000 
-0.056569 0.014142 0.075000 -0.053033 0.017678 0.075000 -0.053033 0.017678 0.080000 -0.056569 0.014142 0.080000 
-0.053033 0.017678 0.075000 -0.049497 0.021213 0.075000 -0.049497 0.021213 0.080000 -0.053033 0.017678 0.080000 
-0.049497 0.021213 0.075000 -0.045962 0.024749 0.075000 -0.045962 0.024749 0.080000 -0.049497 0.021213 0.080000 
-0.045962 0.024749 0.075000 -0.042426 0.028284 0.075000 -0.042426 0.028284 0.080000 -0.045962 0.024749 0.080000 
-0.042426 0.028284 0.075000 -0.038891 0.031820 0.075000 -0.038891 0.031820 0.080000 -0.042426 0.028284 0.080000 
-0.038891 0.031820 0.075000 -0.035355 0.035355 0.075000 -0.035355 0.035355 0.080000 -0.038891 0.031820 0.080000 
-0.035355 0.035355 0.075000 -0.031820 0.038891 0.075000 -0.031820 0.038891 0.080000 -0.035355 0.035355 0.080000 
-0.031820 0.038891 0.075000 -0.028284 0.042426 0.075000 -0.028284 0.042426 0.080000 -0.031820 0.038891 0.080000 
-0.028284 0.042426 0.075000 -0.024749 0.045962 0.075000 -0.024749 0.045962 0.080000 -0.028284 0.042426 0.080000 
-0.024749 0.045962 0.075000 -0.021213 0.049497 0.075000 -0.021213 0.049497 0.080000 -0.024749 0.045962 0.080000 
-0.021213 0.049497 0.075000 -0.017678 0.053033 0.075000 -0.017678 0.053033 0.080000 -0.021213 0.049497 0.080000 
-0.017678 0.053033 0.075000 -0.014142 0.056569 0.075000 -0.014142 0.056569 0.080000 -0.017678 0.053033 0.080000 
-0.014142 0.056569 0.075000 -0.010607 0.060104 0.075000 -0.010607 0.060104 0.080000 -0.014142 0.056569 0.080000 
-0.010607 0.060104 0.075000 -0.007071 0.063640 0.075000 -0.007071 0.063640 0.080000 -0.010607 0.060104 0.080000 
-0.007071 0.063640 0.075000 -0.003536 0.067175 0.075000 -0.003536 0.067175 0.080000 -0.007071 0.063640 0.080000 
-0.003536 0.067175 0.075000 -0.000000 0.070711 0.075000 -0.000000 0.070711 0.080000 -0.003536 0.067175 0.080000 
-0.000000 0.070711 0.075000 0.003536 0.074246 0.075000 0.003536 0.074246 0.080000 -0.000000 0.070711 0.080000 
0.003536 0.074246 0.075000 0.007071 0.077782 0.075000 0.007071 0.077782 0.080000 0.003536 0.074246 0.080000 
0.007071 0.077782 0.075000 0.010607 0.081317 0.075000 0.010607 0.081317 0.080000 0.007071 0.077782 0.080000 
0.010607 0.081317 0.075000 0.014142 0.084853 0.075000 0.014142 0.084853 0.080000 0.010607 0.081317 0.080000 
0.014142 0.084853 0.075000 0.017678 0.088388 0.075000 0.017678 0.088388 0.080000 0.014142 0.084853 0.080000 
0.017678 0.088388 0.075000 0.021213 0.091924 0.075000 0.021213 0.091924 0.080000 0.017678 0.088388 0.080000 
0.021213 0.091924 0.075000 0.024749 0.095459 0.075000 0.024749 0.095459 0.080000 0.021213 0.091924 0.080000 
0.024749 0.095459 0.075000 0.028284 0.098995 0.075000 0.028284 0.098995 0.080000 0.024749 0.095459 0.080000 
0.028284 0.098995 0.075000 0.031820 0.102530 0.075000 0.031820 0.102530 0.080000 0.028284 0.098995 0.080000 
0.031820 0.102530 0.075000 0.035355 0.106066 0.075000 0.035355 0.106066 0.080000 0.031820 0.102530 0.080000 
0.035355 0.106066 0.075000 0.038891 0.109602 0.075000 0.038891 0.109602 0.080000 0.035355 0.106066 0.080000 
0.038891 0.109602 0.075000 0.042426 0.113137 0.075000 0.042426 0.113137 0.080000 0.038891 0.109602 0.080000 
0.042426 0.113137 0.075000 0.045962 0.116673 0.075000 0.045962 0.116673 0.080000 0.042426 0.113137 0.080000 
0.045962 0.116673 0.075000 0.049497 0.120208 0.075000 0.049497 0.120208 0.080000 0.045962 0.116673 0.080000 
0.049497 0.120208 0.075000 0.053033 0.123744 0.075000 0.053033 0.123744 0.080000 0.049497 0.120208 0.080000 
0.053033 0.123744 0.075000 0.056569 0.127279 0.075000 0.056569 0.127279 0.080000 0.053033 0.123744 0.080000 
0.056569 0.127279 0.075000 0.060104 0.130815 0.075000 0.060104 0.130815 0.080000 0.056569 0.127279 0.080000 
0.060104 0.130815 0.075000 0.063640 0.134350 0.075000 0.063640 0.134350 0.080000 0.060104 0.130815 0.080000 
0.063640 0.134350 0.075000 0.067175 0.137886 0.075000 0.067175 0.137886 0.080000 0.063640 0.134350 0.080000 
0.067175 0.137886 0.075000 0.070711 0.141421 0.075000 0.070711 0.141421 0.080000 0.067175 0.137886 0.080000 
-0.070711 -0.000000 0.070000 -0.067175 0.003536 0.070000 -0.067175 0.003536 0.075000 -0.070711 -0.000000 0.075000 
-0.067175 0.003536 0.070000 -0.063640 0.007071 0.070000 -0.063640 0.007071 0.075000 -0.067175 0.003536 0.075000 
-0.063640 0.007071 0.070000 -0.060104 0.010607 0.070000 -0.060104 0.010607 0.075000 -0.063640 0.007071 0.075000 
-0.060104 0.010607 0.070000 -0.056569 0.014142 0.070000 -0.056569 0.014142 0.075000 -0.060104 0.010607 0.075000 
-0.056569 0.014142 0.070000 -0.053033 0.017678 0.070000 -0.053033 0.017678 0.075000 -0.056569 0.014142 0.075000 
-0.053033 0.017678 0.070000 -0.049497 0.021213 0.070000 -0.049497 0.021213 0.075000 -0.053033 0.017678 0.075000 
-0.049497 0.021213 0.070000 -0.045962 0.024749 0.070000 -0.045962 0.024749 0.075000 -0.049497 0.021213 0.075000 
-0.045962 0.024749 0.070000 -0.042426 0.028284 0.070000 -0.042426 0.028284 0.075000 -0.045962 0.024749 0.075000 
-0.042426 0.028284 0.070000 -0.038891 0.031820 0.070000 -0.038891 0.031820 0.075000 -0.042426 0.028284 0.075000 
-0.038891 0.031820 0.070000 -0.035355 0.035355 0.070000 -0.035355 0.035355 0.075000 -0.038891 0.031820 0.075000 
-0.035355 0.035355 0.070000 -0.031820 0.038891 0.070000 -0.031820 0.038891 0.075000 -0.035355 0.035355 0.075000 
-0.031820 0.038891 0.070000 -0.028284 0.042426 0.070000 -0.028284 0.042426 0.075000 -0.031820 0.038891 0.075000 
-0.028284 0.042426 0.070000 -0.024749 0.045962 0.070000 -0.024749 0.045962 0.075000 -0.028284 0.042426 0.075000 
-0.024749 0.045962 0.070000 -0.021213 0.049497 0.070000 -0.021213 0.049497 0.075000 -0.024749 0.045962 0.075000 
-0.021213 0.049497 0.070000 -0.017678 0.053033 0.070000 -0.017678 0.053033 0.075000 -0.021213 0.049497 0.075000 
-0.017678 0.053033 0.070000 -0.014142 0.056569 0.070000 -0.014142 0.056569 0.075000 -0.017678 0.053033 0.075000 
-0.014142 0.056569 0.070000 -0.010607 0.060104 0.070000 -0.010607 0.060104 0.075000 -0.014142 0.056569 0.075000 
-0.010607 0.060104 0.070000 -0.007071 0.063640 0.070000 -0.007071 0.063640 0.075000 -0.010607 0.060104 0.075000 
-0.007071 0.063640 0.070000 -0.003536 0.067175 0.070000 -0.003536 0.067175 0.075000 -0.007071 0.063640 0.075000 
-0.003536 0.067175 0.070000 -0.000000 0.070711 0.070000 -0.000000 0.070711 0.075000 -0.003536 0.067175 0.075000 
-0.000000 0.070711 0.070000 0.003536 0.074246 0.070000 0.003536 0.074246 0.075000 -0.000000 0.070711 0.075000 
0.003536 0.074246 0.070000 0.007071 0.077782 0.070000 0.007071 0.077782 0.075000 0.003536 0.074246 0.075000 
0.007071 0.077782 0.070000 0.010607 0.081317 0.070000 0.010607 0.081317 0.075000 0.007071 0.077782 0.075000 
0.010607 0.081317 0.070000 0.014142 0.084853 0.070000 0.014142 0.084853 0.075000 0.010607 0.081317 0.075000 
0.014142 0.084853 0.070000 0.017678 0.088388 0.070000 0.017678 0.088388 0.075000 0.014142 0.084853 0.075000 
0.017678 0.088388 0.070000 0.021213 0.091924 0.070000 0.021213 0.091924 0.075000 0.017678 0.088388 0.075000 
0.021213 0.091924 0.070000 0.024749 0.095459 0.070000 0.024749 0.095459 0.075000 0.021213 0.091924 0.075000 
0.024749 0.095459 0.070000 0.028284 0.098995 0.070000 0.028284 0.098995 0.075000 0.024749 0.095459 0.075000 
0.028284 0.098995 0.070000 0.031820 0.102530 0.070000 0.031820 0.102530 0.075000 0.028284 0.098995 0.075000 
0.031820 0.102530 0.070000 0.035355 0.106066 0.070000 0.035355 0.106066 0.075000 0.031820 0.102530 0.075000 
0.035355 0.106066 0.070000 0.038891 0.109602 0.070000 0.038891 0.109602 0.075000 0.035355 0.106066 0.075000 
0.038891 0.109602 0.070000 0.042426 0.113137 0.070000 0.042426 0.113137 0.075000 0.038891 0.109602 0.075000 
0.042426 0.113137 0.070000 0.045962 0.116673 0.070000 0.045962 0.116673 0.075000 0.042426 0.113137 0.075000 
0.045962 0.116673 0.070000 0.049497 0.120208 0.070000 0.049497 0.120208 0.075000 0.045962 0.116673 0.075000 
0.049497 0.120208 0.070000 0.053033 0.123744 0.070000 0.053033 0.123744 0.075000 0.049497 0.120208 0.075000 
0.053033 0.123744 0.070000 0.056569 0.127279 0.070000 0.056569 0.127279 0.075000 0.053033 0.123744 0.075000 
0.056569 0.127279 0.070000 0.060104 0.130815 0.070000 0.060104 0.130815 0.075000 0.056569 0.127279 0.075000 
0.060104 0.130815 0.070000 0.063640 0.134350 0.070000 0.063640 0.134350 0.075000 0.060104 0.130815 0.075000 
0.063640 0.134350 0.070000 0.067175 0.137886 0.070000 0.067175 0.137886 0.075000 0.063640 0.134350 0.075000 
0.067175 0.137886 0.070000 0.070711 0.141421 0.070000 0.070711 0.141421 0.075000 0.067175 0.137886 0.075000 
-0.070711 -0.000000 0.065000 -0.067175 0.003536 0.065000 -0.067175 0.003536 0.070000 -0.070711 -0.000000 0.070000 
-0.067175 0.003536 0.065000 -0.063640 0.007071 0.065000 -0.063640 0.007071 0.070000 -0.067175 0.003536 0.070000 
-0.063640 0.007071 0.065000 -0.060104 0.010607 0.065000 -0.060104 0.010607 0.070000 -0.063640 0.007071 0.070000 
-0.060104 0.010607 0.065000 -0.056569 0.014142 0.065000 -0.056569 0.014142 0.070000 -0.060104 0.010607 0.070000 
-0.056569 0.014142 0.065000 -0.053033 0.017678 0.065000 -0.053033 0.017678 0.070000 -0.056569 0.014142 0.070000 
-0.053033 0.017678 0.065000 -0.049497 0.021213 0.065000 -0.049497 0.021213 0.070000 -0.053033 0.017678 0.070000 
-0.049497 0.021213 0.065000 -0.045962 0.024749 0.065000 -0.045962 0.024749 0.070000 -0.049497 0.021213 0.070000 
-0.045962 0.024749 0.065000 -0.042426 0.028284 0.065000 -0.042426 0.028284 0.070000 -0.045962 0.024749 0.070000 
-0.042426 0.028284 0.065000 -0.038891 0.031820 0.065000 -0.038891 0.031820 0.070000 -0.042426 0.028284 0.070000 
-0.038891 0.031820 0.065000 -0.035355 0.035355 0.065000 -0.035355 0.035355 0.070000 -0.038891 0.031820 0.070000 
-0.035355 0.035355 0.065000 -0.031820 0.038891 0.065000 -0.031820 0.038891 0.070000 -0.035355 0.035355 0.070000 
-0.031820 0.038891 0.065000 -0.028284 0.042426 0.065000 -0.028284 0.042426 0.070000 -0.031820 0.038891 0.070000 
-0.028284 0.042426 0.065000 -0.024749 0.045962 0.065000 -0.024749 0.045962 0.070000 -0.028284 0.042426 0.070000 
-0.024749 0.045962 0.065000 -0.021213 0.049497 0.065000 -0.021213 0.049497 0.070000 -0.024749 0.045962 0.070000 
-0.021213 0.049497 0.065000 -0.017678 0.053033 0.065000 -0.017678 0.053033 0.070000 -0.021213 0.049497 0.070000 
-0.017678 0.053033 0.065000 -0.014142 0.056569 0.065000 -0.014142 0.056569 0.070000 -0.017678 0.053033 0.070000 
-0.014142 0.056569 0.065000 -0.010607 0.060104 0.065000 -0.010607 0.060104 0.070000 -0.014142 0.056569 0.070000 
-0.010607 0.060104 0.065000 -0.007071 0.063640 0.065000 -0.007071 0.063640 0.070000 -0.010607 0.060104 0.070000 
-0.007071 0.063640 0.065000 -0.003536 0.067175 0.065000 -0.003536 0.067175 0.070000 -0.007071 0.063640 0.070000 
-0.003536 0.067175 0.065000 -0.000000 0.070711 0.065000 -0.000000 0.070711 0.070000 -0.003536 0.067175 0.070000 
-0.000000 0.070711 0.065000 0.003536 0.074246 0.065000 0.003536 0.074246 0.070000 -0.000000 0.070711 0.070000 
0.003536 0.074246 0.065000 0.007071 0.077782 0.065000 0.007071 0.077782 0.070000 0.003536 0.074246 0.070000 
0.007071 0.077782 0.065000 0.010607 0.081317 0.065000 0.010607 0.081317 0.070000 0.007071 0.077782 0.070000 
0.010607 0.081317 0.065000 0.014142 0.084853 0.065000 0.014142 0.084853 0.070000 0.010607 0.081317 0.070000 
0.014142 0.084853 0.065000 0.017678 0.088388 0.065000 0.017678 0.088388 0.070000 0.014142 0.084853 0.070000 
0.017678 0.088388 0.065000 0.021213 0.091924 0.065000 0.021213 0.091924 0.070000 0.017678 0.088388 0.070000 
0.021213 0.091924 0.065000 0.024749 0.095459 0.065000 0.024749 0.095459 0.070000 0.021213 0.091924 0.070000 
0.024749 0.095459 0.065000 0.028284 0.098995 0.065000 0.028284 0.098995 0.070000 0.024749 0.095459 0.070000 
0.028284 0.098995 0.065000 0.031820 0.102530 0.065000 0.031820 0.102530 0.070000 0.028284 0.098995 0.070000 
0.031820 0.102530 0.065000 0.035355 0.106066 0.065000 0.035355 0.106066 0.070000 0.031820 0.102530 0.070000 
0.035355 0.106066 0.065000 0.038891 0.109602 0.065000 0.038891 0.109602 0.070000 0.035355 0.106066 0.070000 
0.038891 0.109602 0.065000 0.042426 0.113137 0.065000 0.042426 0.113137 0.070000 0.038891 0.109602 0.070000 
0.042426 0.113137 0.065000 0.045962 0.116673 0.065000 0.045962 0.116673 0.070000 0.042426 0.113137 0.070000 
0.045962 0.116673 0.065000 0.049497 0.120208 0.065000 0.049497 0.120208 0.070000 0.045962 0.116673 0.070000 
0.049497 0.120208 0.065000 0.053033 0.123744 0.065000 0.053033 0.123744 0.070000 0.049497 0.120208 0.070000 
0.053033 0.123744 0.065000 0.056569 0.127279 0.065000 0.056569 0.127279 0.070000 0.053033 0.123744 0.070000 
0.056569 0.127279 0.065000 0.060104 0.130815 0.065000 0.060104 0.130815 0.070000 0.056569 0.127279 0.070000 
0.060104 0.130815 0.065000 0.063640 0.134350 0.065000 0.063640 0.134350 0.070000 0.060104 0.130815 0.070000 
0.063640 0.134350 0.065000 0.067175 0.137886 0.065000 0.067175 0.137886 0.070000 0.063640 0.134350 0.070000 
0.067175 0.137886 0.065000 0.070711 0.141421 0.065000 0.070711 0.141421 0.070000 0.067175 0.137886 0.070000 
-0.070711 -0.000000 0.060000 -0.067175 0.003536 0.060000 -0.067175 0.003536 0.065000 -0.070711 -0.000000 0.065000 
-0.067175 0.003536 0.060000 -0.063640 0.007071 0.060000 -0.063640 0.007071 0.065000 -0.067175 0.003536 0.065000 
-0.063640 0.007071 0.060000 -0.060104 0.010607 0.060000 -0.060104 0.010607 0.065000 -0.063640 0.007071 0.065000 
-0.060104 0.010607 0.060000 -0.056569 0.014142 0.060000 -0.056569 0.014142 0.065000 -0.060104 0.010607 0.065000 
-0.056569 0.014142 0.060000 -0.053033 0.017678 0.060000 -0.053033 0.017678 0.065000 -0.056569 0.014142 0.065000 
-0.053033 0.017678 0.060000 -0.049497 0.021213 0.060000 -0.049497 0.021213 0.065000 -0.053033 0.017678 0.065000 
-0.049497 0.021213 0.060000 -0.045962 0.024749 0.060000 -0.045962 0.024749 0.065000 -0.049497 0.021213 0.065000 
-0.045962 0.024749 0.060000 -0.042426 0.028284 0.060000 -0.042426 0.028284 0.065000 -0.045962 0.024749 0.065000 
-0.042426 0.028284 0.060000 -0.038891 0.031820 0.060000 -0.038891 0.031820 0.065000 -0.042426 0.028284 0.065000 
-0.038891 0.031820 0.060000 -0.035355 0.035355 0.060000 -0.035355 0.035355 0.065000 -0.038891 0.031820 0.065000 
-0.035355 0.035355 0.060000 -0.031820 0.038891 0.060000 -0.031820 0.038891 0.065000 -0.035355 0.035355 0.065000 
-0.031820 0.038891 0.060000 -0.028284 0.042426 0.060000 -0.028284 0.042426 0.065000 -0.031820 0.038891 0.065000 
-0.028284 0.042426 0.060000 -0.024749 0.045962 0.060000 -0.024749 0.045962 0.065000 -0.028284 0.042426 0.065000 
-0.024749 0.045962 0.060000 -0.021213 0.049497 0.060000 -0.021213 0.049497 0.065000 -0.024749 0.045962 0.065000 
-0.021213 0.049497 0.060000 -0.017678 0.053033 0.060000 -0.017678 0.053033 0.065000 -0.021213 0.049497 0.065000 
-0.017678 0.053033 0.060000 -0.014142 0.056569 0.060000 -0.014142 0.056569 0.065000 -0.017678 0.053033 0.065000 
-0.014142 0.056569 0.060000 -0.010607 0.060104 0.060000 -0.010607 0.060104 0.065000 -0.014142 0.056569 0.065000 
-0.010607 0.060104 0.060000 -0.007071 0.063640 0.060000 -0.007071 0.063640 0.065000 -0.010607 0.060104 0.065000 
-0.007071 0.063640 0.060000 -0.003536 0.067175 0.060000 -0.003536 0.067175 0.065000 -0.007071 0.063640 0.065000 
-0.003536 0.067175 0.060000 -0.000000 0.070711 0.060000 -0.000000 0.070711 0.065000 -0.003536 0.067175 0.065000 
-0.000000 0.070711 0.060000 0.003536 0.074246 0.060000 0.003536 0.074246 0.065000 -0.000000 0.070711 0.065000 
0.003536 0.074246 0.060000 0.007071 0.077782 0.060000 0.007071 0.077782 0.065000 0.003536 0.074246 0.065000 
0.007071 0.077782 0.060000 0.010607 0.081317 0.060000 0.010607 0.081317 0.065000 0.007071 0.077782 0.065000 
0.010607 0.081317 0.060000 0.014142 0.084853 0.060000 0.014142 0.084853 0.065000 0.010607 0.081317 0.065000 
0.014142 0.084853 0.060000 0.017678 0.088388 0.060000 0.017678 0.088388 0.065000 0.014142 0.084853 0.065000 
0.017678 0.088388 0.060000 0.021213 0.091924 0.060000 0.021213 0.091924 0.065000 0.017678 0.088388 0.065000 
0.021213 0.091924 0.060000 0.024749 0.095459 0.060000 0.024749 0.095459 0.065000 0.021213 0.091924 0.065000 
0.024749 0.095459 0.060000 0.028284 0.098995 0.060000 0.028284 0.098995 0.065000 0.024749 0.095459 0.065000 
0.028284 0.098995 0.060000 0.031820 0.102530 0.060000 0.031820 0.102530 0.065000 0.028284 0.098995 0.065000 
0.031820 0.102530 0.060000 0.035355 0.106066 0.060000 0.035355 0.106066 0.065000 0.031820 0.102530 0.065000 
0.035355 0.106066 0.060000 0.038891 0.109602 0.060000 0.038891 0.109602 0.065000 0.035355 0.106066 0.065000 
0.038891 0.109602 0.060000 0.042426 0.113137 0.060000 0.042426 0.113137 0.065000 0.038891 0.109602 0.065000 
0.042426 0.113137 0.060000 0.045962 0.116673 0.060000 0.045962 0.116673 0.065000 0.042426 0.113137 0.065000 
0.045962 0.116673 0.060000 0.049497 0.120208 0.060000 0.049497 0.120208 0.065000 0.045962 0.116673 0.065000 
0.049497 0.120208 0.060000 0.053033 0.123744 0.060000 0.053033 0.123744 0.065000 0.049497 0.120208 0.065000 
0.053033 0.123744 0.060000 0.056569 0.127279 0.060000 0.056569 0.127279 0.065000 0.053033 0.123744 0.065000 
0.056569 0.127279 0.060000 0.060104 0.130815 0.060000 0.060104 0.130815 0.065000 0.056569 0.127279 0.065000 
0.060104 0.130815 0.060000 0.063640 0.134350 0.060000 0.063640 0.134350 0.065000 0.060104 0.130815 0.065000 
0.063640 0.134350 0.060000 0.067175 0.137886 0.060000 0.067175 0.137886 0.065000 0.063640 0.134350 0.065000 
0.067175 0.137886 0.060000 0.070711 0.141421 0.060000 0.070711 0.141421 0.065000 0.067175 0.137886 0.065000 
-0.070711 -0.000000 0.055000 -0.067175 0.003536 0.055000 -0.067175 0.003536 0.060000 -0.070711 -0.000000 0.060000 
-0.067175 0.003536 0.055000 -0.063640 0.007071 0.055000 -0.063640 0.007071 0.060000 -0.067175 0.003536 0.060000 
-0.063640 0.007071 0.055000 -0.060104 0.010607 0.055000 -0.060104 0.010607 0.060000 -0.063640 0.007071 0.060000 
-0.060104 0.010607 0.055000 -0.056569 0.014142 0.055000 -0.056569 0.014142 0.060000 -0.060104 0.010607 0.060000 
-0.056569 0.014142 0.055000 -0.053033 0.017678 0.055000 -0.053033 0.017678 0.060000 -0.056569 0.014142 0.060000 
-0.053033 0.017678 0.055000 -0.049497 0.021213 0.055000 -0.049497 0.021213 0.060000 -0.053033 0.017678 0.060000 
-0.049497 0.021213 0.055000 -0.045962 0.024749 0.055000 -0.045962 0.024749 0.060000 -0.049497 0.021213 0.060000 
-0.045962 0.024749 0.055000 -0.042426 0.028284 0.055000 -0.042426 0.028284 0.060000 -0.045962 0.024749 0.060000 
-0.042426 0.028284 0.055000 -0.038891 0.031820 0.055000 -0.038891 0.031820 0.060000 -0.042426 0.028284 0.060000 
-0.038891 0.031820 0.055000 -0.035355 0.035355 0.055000 -0.035355 0.035355 0.060000 -0.038891 0.031820 0.060000 
-0.035355 0.035355 0.055000 -0.031820 0.038891 0.055000 -0.031820 0.038891 0.060000 -0.035355 0.035355 0.060000 
-0.031820 0.038891 0.055000 -0.028284 0.042426 0.055000 -0.028284 0.042426 0.060000 -0.031820 0.038891 0.060000 
-0.028284 0.042426 0.055000 -0.024749 0.045962 0.055000 -0.024749 0.045962 0.060000 -0.028284 0.042426 0.060000 
-0.024749 0.045962 0.055000 -0.021213 0.049497 0.055000 -0.021213 0.049497 0.060000 -0.024749 0.045962 0.060000 
-0.021213 0.049497 0.055000 -0.017678 0.053033 0.055000 -0.017678 0.053033 0.060000 -0.021213 0.049497 0.060000 
-0.017678 0.053033 0.055000 -0.014142 0.056569 0.055000 -0.014142 0.056569 0.060000 -0.017678 0.053033 0.060000 
-0.014142 0.056569 0.055000 -0.010607 0.060104 0.055000 -0.010607 0.060104 0.060000 -0.014142 0.056569 0.060000 
-0.010607 0.060104 0.055000 -0.007071 0.063640 0.055000 -0.007071 0.063640 0.060000 -0.010607 0.060104 0.060000 
-0.007071 0.063640 0.055000 -0.003536 0.067175 0.055000 -0.003536 0.067175 0.060000 -0.007071 0.063640 0.060000 
-0.003536 0.067175 0.055000 -0.000000 0.070711 0.055000 -0.000000 0.070711 0.060000 -0.003536 0.067175 0.060000 
-0.000000 0.070711 0.055000 0.003536 0.074246 0.055000 0.003536 0.074246 0.060000 -0.000000 0.070711 0.060000 
0.003536 0.074246 0.055000 0.007071 0.077782 0.055000 0.007071 0.077782 0.060000 0.003536 0.074246 0.060000 
0.007071 0.077782 0.055000 0.010607 0.081317 0.055000 0.010607 0.081317 0.060000 0.007071 0.077782 0.060000 
0.010607 0.081317 0.055000 0.014142 0.084853 0.055000 0.014142 0.084853 0.060000 0.010607 0.081317 0.060000 
0.014142 0.084853 0.055000 0.017678 0.088388 0.055000 0.017678 0.088388 0.060000 0.014142 0.084853 0.060000 
0.017678 0.088388 0.055000 0.021213 0.091924 0.055000 0.021213 0.091924 0.060000 0.017678 0.088388 0.060000 
0.021213 0.091924 0.055000 0.024749 0.095459 0.055000 0.024749 0.095459 0.060000 0.021213 0.091924 0.060000 
0.024749 0.095459 0.055000 0.028284 0.098995 0.055000 0.028284 0.098995 0.060000 0.024749 0.095459 0.060000 
0.028284 0.098995 0.055000 0.031820 0.102530 0.055000 0.031820 0.102530 0.060000 0.028284 0.098995 0.060000 
0.031820 0.102530 0.055000 0.035355 0.106066 0.055000 0.035355 0.106066 0.060000 0.031820 0.102530 0.060000 
0.035355 0.106066 0.055000 0.038891 0.109602 0.055000 0.038891 0.109602 0.060000 0.035355 0.106066 0.060000 
0.038891 0.109602 0.055000 0.042426 0.113137 0.055000 0.042426 0.113137 0.060000 0.038891 0.109602 0.060000 
0.042426 0.113137 0.055000 0.045962 0.116673 0.055000 0.045962 0.116673 0.060000 0.042426 0.113137 0.060000 
0.045962 0.116673 0.055000 0.049497 0.120208 0.055000 0.049497 0.120208 0.060000 0.045962 0.116673 0.060000 
0.049497 0.120208 0.055000 0.053033 0.123744 0.055000 0.053033 0.123744 0.060000 0.049497 0.120208 0.060000 
0.053033 0.123744 0.055000 0.056569 0.127279 0.055000 0.056569 0.127279 0.060000 0.053033 0.123744 0.060000 
0.056569 0.127279 0.055000 0.060104 0.130815 0.055000 0.060104 0.130815 0.060000 0.056569 0.127279 0.060000 
0.060104 0.130815 0.055000 0.063640 0.134350 0.055000 0.063640 0.134350 0.060000 0.060104 0.130815 0.060000 
0.063640 0.134350 0.055000 0.067175 0.137886 0.055000 0.067175 0.137886 0.060000 0.063640 0.134350 0.060000 
0.067175 0.137886 0.055000 0.070711 0.141421 0.055000 0.070711 0.141421 0.060000 0.067175 0.137886 0.060000 
-0.070711 -0.000000 0.050000 -0.067175 0.003536 0.050000 -0.067175 0.003536 0.055000 -0.070711 -0.000000 0.055000 
-0.067175 0.003536 0.050000 -0.063640 0.007071 0.050000 -0.063640 0.007071 0.055000 -0.067175 0.003536 0.055000 
-0.063640 0.007071 0.050000 -0.060104 0.010607 0.050000 -0.060104 0.010607 0.055000 -0.063640 0.007071 0.055000 
-0.060104 0.010607 0.050000 -0.056569 0.014142 0.050000 -0.056569 0.014142 0.055000 -0.060104 0.010607 0.055000 
-0.056569 0.014142 0.050000 -0.053033 0.017678 0.050000 -0.053033 0.017678 0.055000 -0.056569 0.014142 0.055000 
-0.053033 0.017678 0.050000 -0.049497 0.021213 0.050000 -0.049497 0.021213 0.055000 -0.053033 0.017678 0.055000 
-0.049497 0.021213 0.050000 -0.045962 0.024749 0.050000 -0.045962 0.024749 0.055000 -0.049497 0.021213 0.055000 
-0.045962 0.024749 0.050000 -0.042426 0.028284 0.050000 -0.042426 0.028284 0.055000 -0.045962 0.024749 0.055000 
-0.042426 0.028284 0.050000 -0.038891 0.031820 0.050000 -0.038891 0.031820 0.055000 -0.042426 0.028284 0.055000 
-0.038891 0.031820 0.050000 -0.035355 0.035355 0.050000 -0.035355 0.035355 0.055000 -0.038891 0.031820 0.055000 
-0.035355 0.035355 0.050000 -0.031820 0.038891 0.050000 -0.031820 0.038891 0.055000 -0.035355 0.035355 0.055000 
-0.031820 0.038891 0.050000 -0.028284 0.042426 0.050000 -0.028284 0.042426 0.055000 -0.031820 0.038891 0.055000 
-0.028284 0.042426 0.050000 -0.024749 0.045962 0.050000 -0.024749 0.045962 0.055000 -0.028284 0.042426 0.055000 
-0.024749 0.045962 0.050000 -0.021213 0.049497 0.050000 -0.021213 0.049497 0.055000 -0.024749 0.045962 0.055000 
-0.021213 0.049497 0.050000 -0.017678 0.053033 0.050000 -0.017678 0.053033 0.055000 -0.021213 0.049497 0.055000 
-0.017678 0.053033 0.050000 -0.014142 0.056569 0.050000 -0.014142 0.056569 0.055000 -0.017678 0.053033 0.055000 
-0.014142 0.056569 0.050000 -0.010607 0.060104 0.050000 -0.010607 0.060104 0.055000 -0.014142 0.056569 0.055000 
-0.010607 0.060104 0.050000 -0.007071 0.063640 0.050000 -0.007071 0.063640 0.055000 -0.010607 0.060104 0.055000 
-0.007071 0.063640 0.050000 -0.003536 0.067175 0.050000 -0.003536 0.067175 0.055000 -0.007071 0.063640 0.055000 
-0.003536 0.067175 0.050000 -0.000000 0.070711 0.050000 -0.000000 0.070711 0.055000 -0.003536 0.067175 0.055000 
-0.000000 0.070711 0.050000 0.003536 0.074246 0.050000 0.003536 0.074246 0.055000 -0.000000 0.070711 0.055000 
0.003536 0.074246 0.050000 0.007071 0.077782 0.050000 0.007071 0.077782 0.055000 0.003536 0.074246 0.055000 
0.007071 0.077782 0.050000 0.010607 0.081317 0.050000 0.010607 0.081317 0.055000 0.007071 0.077782 0.055000 
0.010607 0.081317 0.050000 0.014142 0.084853 0.050000 0.014142 0.084853 0.055000 0.010607 0.081317 0.055000 
0.014142 0.084853 0.050000 0.017678 0.088388 0.050000 0.017678 0.088388 0.055000 0.014142 0.084853 0.055000 
0.017678 0.088388 0.050000 0.021213 0.091924 0.050000 0.021213 0.091924 0.055000 0.017678 0.088388 0.055000 
0.021213 0.091924 0.050000 0.024749 0.095459 0.050000 0.024749 0.095459 0.055000 0.021213 0.091924 0.055000 
0.024749 0.095459 0.050000 0.028284 0.098995 0.050000 0.028284 0.098995 0.055000 0.024749 0.095459 0.055000 
0.028284 0.098995 0.050000 0.031820 0.102530 0.050000 0.031820 0.102530 0.055000 0.028284 0.098995 0.055000 
0.031820 0.102530 0.050000 0.035355 0.106066 0.050000 0.035355 0.106066 0.055000 0.031820 0.102530 0.055000 
0.035355 0.106066 0.050000 0.038891 0.109602 0.050000 0.038891 0.109602 0.055000 0.035355 0.106066 0.055000 
0.038891 0.109602 0.050000 0.042426 0.113137 0.050000 0.042426 0.113137 0.055000 0.038891 0.109602 0.055000 
0.042426 0.113137 0.050000 0.045962 0.116673 0.050000 0.045962 0.116673 0.055000 0.042426 0.113137 0.055000 
0.045962 0.116673 0.050000 0.049497 0.120208 0.050000 0.049497 0.120208 0.055000 0.045962 0.116673 0.055000 
0.049497 0.120208 0.050000 0.053033 0.123744 0.050000 0.053033 0.123744 0.055000 0.049497 0.120208 0.055000 
0.053033 0.123744 0.050000 0.056569 0.127279 0.050000 0.056569 0.127279 0.055000 0.053033 0.123744 0.055000 
0.056569 0.127279 0.050000 0.060104 0.130815 0.050000 0.060104 0.130815 0.055000 0.056569 0.127279 0.055000 
0.060104 0.130815 0.050000 0.063640 0.134350 0.050000 0.063640 0.134350 0.055000 0.060104 0.130815 0.055000 
0.063640 0.134350 0.050000 0.067175 0.137886 0.050000 0.067175 0.137886 0.055000 0.063640 0.134350 0.055000 
0.067175 0.137886 0.050000 0.070711 0.141421 0.050000 0.070711 0.141421 0.055000 0.067175 0.137886 0.055000 
-0.070711 -0.000000 0.045000 -0.067175 0.003536 0.045000 -0.067175 0.003536 0.050000 -0.070711 -0.000000 0.050000 
-0.067175 0.003536 0.045000 -0.063640 0.007071 0.045000 -0.063640 0.007071 0.050000 -0.067175 0.003536 0.050000 
-0.063640 0.007071 0.045000 -0.060104 0.010607 0.045000 -0.060104 0.010607 0.050000 -0.063640 0.007071 0.050000 
-0.060104 0.010607 0.045000 -0.056569 0.014142 0.045000 -0.056569 0.014142 0.050000 -0.060104 0.010607 0.050000 
-0.056569 0.014142 0.045000 -0.053033 0.017678 0.045000 -0.053033 0.017678 0.050000 -0.056569 0.014142 0.050000 
-0.053033 0.017678 0.045000 -0.049497 0.021213 0.045000 -0.049497 0.021213 0.050000 -0.053033 0.017678 0.050000 
-0.049497 0.021213 0.045000 -0.045962 0.024749 0.045000 -0.045962 0.024749 0.050000 -0.049497 0.021213 0.050000 
-0.045962 0.024749 0.045000 -0.042426 0.028284 0.045000 -0.042426 0.028284 0.050000 -0.045962 0.024749 0.050000 
-0.042426 0.028284 0.045000 -0.038891 0.031820 0.045000 -0.038891 0.031820 0.050000 -0.042426 0.028284 0.050000 
-0.038891 0.031820 0.045000 -0.035355 0.035355 0.045000 -0.035355 0.035355 0.050000 -0.038891 0.031820 0.050000 
-0.035355 0.035355 0.045000 -0.031820 0.038891 0.045000 -0.031820 0.038891 0.050000 -0.035355 0.035355 0.050000 
-0.031820 0.038891 0.045000 -0.028284 0.042426 0.045000 -0.028284 0.042426 0.050000 -0.031820 0.038891 0.050000 
-0.028284 0.042426 0.045000 -0.024749 0.045962 0.045000 -0.024749 0.045962 0.050000 -0.028284 0.042426 0.050000 
-0.024749 0.045962 0.045000 -0.021213 0.049497 0.045000 -0.021213 0.049497 0.050000 -0.024749 0.045962 0.050000 
-0.021213 0.049497 0.045000 -0.017678 0.053033 0.045000 -0.017678 0.053033 0.050000 -0.021213 0.049497 0.050000 
-0.017678 0.053033 0.045000 -0.014142 0.056569 0.045000 -0.014142 0.056569 0.050000 -0.017678 0.053033 0.050000 
-0.014142 0.056569 0.045000 -0.010607 0.060104 0.045000 -0.010607 0.060104 0.050000 -0.014142 0.056569 0.050000 
-0.010607 0.060104 0.045000 -0.007071 0.063640 0.045000 -0.007071 0.063640 0.050000 -0.010607 0.060104 0.050000 
-0.007071 0.063640 0.045000 -0.003536 0.067175 0.045000 -0.003536 0.067175 0.050000 -0.007071 0.063640 0.050000 
-0.003536 0.067175 0.045000 -0.000000 0.070711 0.045000 -0.000000 0.070711 0.050000 -0.003536 0.067175 0.050000 
-0.000000 0.070711 0.045000 0.003536 0.074246 0.045000 0.003536 0.074246 0.050000 -0.000000 0.070711 0.050000 
0.003536 0.074246 0.045000 0.007071 0.077782 0.045000 0.007071 0.077782 0.050000 0.003536 0.074246 0.050000 
0.007071 0.077782 0.045000 0.010607 0.081317 0.045000 0.010607 0.081317 0.050000 0.007071 0.077782 0.050000 
0.010607 0.081317 0.045000 0.014142 0.084853 0.045000 0.014142 0.084853 0.050000 0.010607 0.081317 0.050000 
0.014142 0.084853 0.045000 0.017678 0.088388 0.045000 0.017678 0.088388 0.050000 0.014142 0.084853 0.050000 
0.017678 0.088388 0.045000 0.021213 0.091924 0.045000 0.021213 0.091924 0.050000 0.017678 0.088388 0.050000 
0.021213 0.091924 0.045000 0.024749 0.095459 0.045000 0.024749 0.095459 0.050000 0.021213 0.091924 0.050000 
0.024749 0.095459 0.045000 0.028284 0.098995 0.045000 0.028284 0.098995 0.050000 0.024749 0.095459 0.050000 
0.028284 0.098995 0.045000 0.031820 0.102530 0.045000 0.031820 0.102530 0.050000 0.028284 0.098995 0.050000 
0.031820 0.102530 0.045000 0.035355 0.106066 0.045000 0.035355 0.106066 0.050000 0.031820 0.102530 0.050000 
0.035355 0.106066 0.045000 0.038891 0.109602 0.045000 0.038891 0.109602 0.050000 0.035355 0.106066 0.050000 
0.038891 0.109602 0.045000 0.042426 0.113137 0.045000 0.042426 0.113137 0.050000 0.038891 0.109602 0.050000 
0.042426 0.113137 0.045000 0.045962 0.116673 0.045000 0.045962 0.116673 0.050000 0.042426 0.113137 0.050000 
0.045962 0.116673 0.045000 0.049497 0.120208 0.045000 0.049497 0.120208 0.050000 0.045962 0.116673 0.050000 
0.049497 0.120208 0.045000 0.053033 0.123744 0.045000 0.053033 0.123744 0.050000 0.049497 0.120208 0.050000 
0.053033 0.123744 0.045000 0.056569 0.127279 0.045000 0.056569 0.127279 0.050000 0.053033 0.123744 0.050000 
0.056569 0.127279 0.045000 0.060104 0.130815 0.045000 0.060104 0.130815 0.050000 0.056569 0.127279 0.050000 
0.060104 0.130815 0.045000 0.063640 0.134350 0.045000 0.063640 0.134350 0.050000 0.060104 0.130815 0.050000 
0.063640 0.134350 0.045000 0.067175 0.137886 0.045000 0.067175 0.137886 0.050000 0.063640 0.134350 0.050000 
0.067175 0.137886 0.045000 0.070711 0.141421 0.045000 0.070711 0.141421 0.050000 0.067175 0.137886 0.050000 
-0.070711 -0.000000 0.040000 -0.067175 0.003536 0.040000 -0.067175 0.003536 0.045000 -0.070711 -0.000000 0.045000 
-0.067175 0.003536 0.040000 -0.063640 0.007071 0.040000 -0.063640 0.007071 0.045000 -0.067175 0.003536 0.045000 
-0.063640 0.007071 0.040000 -0.060104 0.010607 0.040000 -0.060104 0.010607 0.045000 -0.063640 0.007071 0.045000 
-0.060104 0.010607 0.040000 -0.056569 0.014142 0.040000 -0.056569 0.014142 0.045000 -0.060104 0.010607 0.045000 
-0.056569 0.014142 0.040000 -0.053033 0.017678 0.040000 -0.053033 0.017678 0.045000 -0.056569 0.014142 0.045000 
-0.053033 0.017678 0.040000 -0.049497 0.021213 0.040000 -0.049497 0.021213 0.045000 -0.053033 0.017678 0.045000 
-0.049497 0.021213 0.040000 -0.045962 0.024749 0.040000 -0.045962 0.024749 0.045000 -0.049497 0.021213 0.045000 
-0.045962 0.024749 0.040000 -0.042426 0.028284 0.040000 -0.042426 0.028284 0.045000 -0.045962 0.024749 0.045000 
-0.042426 0.028284 0.040000 -0.038891 0.031820 0.040000 -0.038891 0.031820 0.045000 -0.042426 0.028284 0.045000 
-0.038891 0.031820 0.040000 -0.035355 0.035355 0.040000 -0.035355 0.035355 0.045000 -0.038891 0.031820 0.045000 
-0.035355 0.035355 0.040000 -0.031820 0.038891 0.040000 -0.031820 0.038891 0.045000 -0.035355 0.035355 0.045000 
-0.031820 0.038891 0.040000 -0.028284 0.042426 0.040000 -0.028284 0.042426 0.045000 -0.031820 0.038891 0.045000 
-0.028284 0.042426 0.040000 -0.024749 0.045962 0.040000 -0.024749 0.045962 0.045000 -0.028284 0.042426 0.045000 
-0.024749 0.045962 0.040000 -0.021213 0.049497 0.040000 -0.021213 0.049497 0.045000 -0.024749 0.045962 0.045000 
-0.021213 0.049497 0.040000 -0.017678 0.053033 0.040000 -0.017678 0.053033 0.045000 -0.021213 0.049497 0.045000 
-0.017678 0.053033 0.040000 -0.014142 0.056569 0.040000 -0.014142 0.056569 0.045000 -0.017678 0.053033 0.045000 
-0.014142 0.056569 0.040000 -0.010607 0.060104 0.040000 -0.010607 0.060104 0.045000 -0.014142 0.056569 0.045000 
-0.010607 0.060104 0.040000 -0.007071 0.063640 0.040000 -0.007071 0.063640 0.045000 -0.010607 0.060104 0.045000 
-0.007071 0.063640 0.040000 -0.003536 0.067175 0.040000 -0.003536 0.067175 0.045000 -0.007071 0.063640 0.045000 
-0.003536 0.067175 0.040000 -0.000000 0.070711 0.040000 -0.000000 0.070711 0.045000 -0.003536 0.067175 0.045000 
-0.000000 0.070711 0.040000 0.003536 0.074246 0.040000 0.003536 0.074246 0.045000 -0.000000 0.070711 0.045000 
0.003536 0.074246 0.040000 0.007071 0.077782 0.040000 0.007071 0.077782 0.045000 0.003536 0.074246 0.045000 
0.007071 0.077782 0.040000 0.010607 0.081317 0.040000 0.010607 0.081317 0.045000 0.007071 0.077782 0.045000 
0.010607 0.081317 0.040000 0.014142 0.084853 0.040000 0.014142 0.084853 0.045000 0.010607 0.081317 0.045000 
0.014142 0.084853 0.040000 0.017678 0.088388 0.040000 0.017678 0.088388 0.045000 0.014142 0.084853 0.045000 
0.017678 0.088388 0.040000 0.021213 0.091924 0.040000 0.021213 0.091924 0.045000 0.017678 0.088388 0.045000 
0.021213 0.091924 0.040000 0.024749 0.095459 0.040000 0.024749 0.095459 0.045000 0.021213 0.091924 0.045000 
0.024749 0.095459 0.040000 0.028284 0.098995 0.040000 0.028284 0.098995 0.045000 0.024749 0.095459 0.045000 
0.028284 0.098995 0.040000 0.031820 0.102530 0.040000 0.031820 0.102530 0.045000 0.028284 0.098995 0.045000 
0.031820 0.102530 0.040000 0.035355 0.106066 0.040000 0.035355 0.106066 0.045000 0.031820 0.102530 0.045000 
0.035355 0.106066 0.040000 0.038891 0.109602 0.040000 0.038891 0.109602 0.045000 0.035355 0.106066 0.045000 
0.038891 0.109602 0.040000 0.042426 0.113137 0.040000 0.042426 0.113137 0.045000 0.038891 0.109602 0.045000 
0.042426 0.113137 0.040000 0.045962 0.116673 0.040000 0.045962 0.116673 0.045000 0.042426 0.113137 0.045000 
0.045962 0.116673 0.040000 0.049497 0.120208 0.040000 0.049497 0.120208 0.045000 0.045962 0.116673 0.045000 
0.049497 0.120208 0.040000 0.053033 0.123744 0.040000 0.053033 0.123744 0.045000 0.049497 0.120208 0.045000 
0.053033 0.123744 0.040000 0.056569 0.127279 0.040000 0.056569 0.127279 0.045000 0.053033 0.123744 0.045000 
0.056569 0.127279 0.040000 0.060104 0.130815 0.040000 0.060104 0.130815 0.045000 0.056569 0.127279 0.045000 
0.060104 0.130815 0.040000 0.063640 0.134350 0.040000 0.063640 0.134350 0.045000 0.060104 0.130815 0.045000 
0.063640 0.134350 0.040000 0.067175 0.137886 0.040000 0.067175 0.137886 0.045000 0.063640 0.134350 0.045000 
0.067175 0.137886 0.040000 0.070711 0.141421 0.040000 0.070711 0.141421 0.045000 0.067175 0.137886 0.045000 
-0.070711 -0.000000 0.035000 -0.067175 0.003536 0.035000 -0.067175 0.003536 0.040000 -0.070711 -0.000000 0.040000 
-0.067175 0.003536 0.035000 -0.063640 0.007071 0.035000 -0.063640 0.007071 0.040000 -0.067175 0.003536 0.040000 
-0.063640 0.007071 0.035000 -0.060104 0.010607 0.035000 -0.060104 0.010607 0.040000 -0.063640 0.007071 0.040000 
-0.060104 0.010607 0.035000 -0.056569 0.014142 0.035000 -0.056569 0.014142 0.040000 -0.060104 0.010607 0.040000 
-0.056569 0.014142 0.035000 -0.053033 0.017678 0.035000 -0.053033 0.017678 0.040000 -0.056569 0.014142 0.040000 
-0.053033 0.017678 0.035000 -0.049497 0.021213 0.035000 -0.049497 0.021213 0.040000 -0.053033 0.017678 0.040000 
-0.049497 0.021213 0.035000 -0.045962 0.024749 0.035000 -0.045962 0.024749 0.040000 -0.049497 0.021213 0.040000 
-0.045962 0.024749 0.035000 -0.042426 0.028284 0.035000 -0.042426 0.028284 0.040000 -0.045962 0.024749 0.040000 
-0.042426 0.028284 0.035000 -0.038891 0.031820 0.035000 -0.038891 0.031820 0.040000 -0.042426 0.028284 0.040000 
-0.038891 0.031820 0.035000 -0.035355 0.035355 0.035000 -0.035355 0.035355 0.040000 -0.038891 0.031820 0.040000 
-0.035355 0.035355 0.035000 -0.031820 0.038891 0.035000 -0.031820 0.038891 0.040000 -0.035355 0.035355 0.040000 
-0.031820 0.038891 0.035000 -0.028284 0.042426 0.035000 -0.028284 0.042426 0.040000 -0.031820 0.038891 0.040000 
-0.028284 0.042426 0.035000 -0.024749 0.045962 0.035000 -0.024749 0.045962 0.040000 -0.028284 0.042426 0.040000 
-0.024749 0.045962 0.035000 -0.021213 0.049497 0.035000 -0.021213 0.049497 0.040000 -0.024749 0.045962 0.040000 
-0.021213 0.049497 0.035000 -0.017678 0.053033 0.035000 -0.017678 0.053033 0.040000 -0.021213 0.049497 0.040000 
-0.017678 0.053033 0.035000 -0.014142 0.056569 0.035000 -0.014142 0.056569 0.040000 -0.017678 0.053033 0.040000 
-0.014142 0.056569 0.035000 -0.010607 0.060104 0.035000 -0.010607 0.060104 0.040000 -0.014142 0.056569 0.040000 
-0.010607 0.060104 0.035000 -0.007071 0.063640 0.035000 -0.007071 0.063640 0.040000 -0.010607 0.060104 0.040000 
-0.007071 0.063640 0.035000 -0.003536 0.067175 0.035000 -0.003536 0.067175 0.040000 -0.007071 0.063640 0.040000 
-0.003536 0.067175 0.035000 -0.000000 0.070711 0.035000 -0.000000 0.070711 0.040000 -0.003536 0.067175 0.040000 
-0.000000 0.070711 0.035000 0.003536 0.074246 0.035000 0.003536 0.074246 0.040000 -0.000000 0.070711 0.040000 
0.003536 0.074246 0.035000 0.007071 0.077782 0.035000 0.007071 0.077782 0.040000 0.003536 0.074246 0.040000 
0.007071 0.077782 0.035000 0.010607 0.081317 0.035000 0.010607 0.081317 0.040000 0.007071 0.077782 0.040000 
0.010607 0.081317 0.035000 0.014142 0.084853 0.035000 0.014142 0.084853 0.040000 0.010607 0.081317 0.040000 
0.014142 0.084853 0.035000 0.017678 0.088388 0.035000 0.017678 0.088388 0.040000 0.014142 0.084853 0.040000 
0.017678 0.088388 0.035000 0.021213 0.091924 0.035000 0.021213 0.091924 0.040000 0.017678 0.088388 0.040000 
0.021213 0.091924 0.035000 0.024749 0.095459 0.035000 0.024749 0.095459 0.040000 0.021213 0.091924 0.040000 
0.024749 0.095459 0.035000 0.028284 0.098995 0.035000 0.028284 0.098995 0.040000 0.024749 0.095459 0.040000 
0.028284 0.098995 0.035000 0.031820 0.102530 0.035000 0.031820 0.102530 0.040000 0.028284 0.098995 0.040000 
0.031820 0.102530 0.035000 0.035355 0.106066 0.035000 0.035355 0.106066 0.040000 0.031820 0.102530 0.040000 
0.035355 0.106066 0.035000 0.038891 0.109602 0.035000 0.038891 0.109602 0.040000 0.035355 0.106066 0.040000 
0.038891 0.109602 0.035000 0.042426 0.113137 0.035000 0.042426 0.113137 0.040000 0.038891 0.109602 0.040000 
0.042426 0.113137 0.035000 0.045962 0.116673 0.035000 0.045962 0.116673 0.040000 0.042426 0.113137 0.040000 
0.045962 0.116673 0.035000 0.049497 0.120208 0.035000 0.049497 0.120208 0.040000 0.045962 0.116673 0.040000 
0.049497 0.120208 0.035000 0.053033 0.123744 0.035000 0.053033 0.123744 0.040000 0.049497 0.120208 0.040000 
0.053033 0.123744 0.035000 0.056569 0.127279 0.035000 0.056569 0.127279 0.040000 0.053033 0.123744 0.040000 
0.056569 0.127279 0.035000 0.060104 0.130815 0.035000 0.060104 0.130815 0.040000 0.056569 0.127279 0.040000 
0.060104 0.130815 0.035000 0.063640 0.134350 0.035000 0.063640 0.134350 0.040000 0.060104 0.130815 0.040000 
0.063640 0.134350 0.035000 0.067175 0.137886 0.035000 0.067175 0.137886 0.040000 0.063640 0.134350 0.040000 
0.067175 0.137886 0.035000 0.070711 0.141421 0.035000 0.070711 0.141421 0.040000 0.067175 0.137886 0.040000 
-0.070711 -0.000000 0.030000 -0.067175 0.003536 0.030000 -0.067175 0.003536 0.035000 -0.070711 -0.000000 0.035000 
-0.067175 0.003536 0.030000 -0.063640 0.007071 0.030000 -0.063640 0.007071 0.035000 -0.067175 0.003536 0.035000 
-0.063640 0.007071 0.030000 -0.060104 0.010607 0.030000 -0.060104 0.010607 0.035000 -0.063640 0.007071 0.035000 
-0.060104 0.010607 0.030000 -0.056569 0.014142 0.030000 -0.056569 0.014142 0.035000 -0.060104 0.010607 0.035000 
-0.056569 0.014142 0.030000 -0.053033 0.017678 0.030000 -0.053033 0.017678 0.035000 -0.056569 0.014142 0.035000 
-0.053033 0.017678 0.030000 -0.049497 0.021213 0.030000 -0.049497 0.021213 0.035000 -0.053033 0.017678 0.035000 
-0.049497 0.021213 0.030000 -0.045962 0.024749 0.030000 -0.045962 0.024749 0.035000 -0.049497 0.021213 0.035000 
-0.045962 0.024749 0.030000 -0.042426 0.028284 0.030000 -0.042426 0.028284 0.035000 -0.045962 0.024749 0.035000 
-0.042426 0.028284 0.030000 -0.038891 0.031820 0.030000 -0.038891 0.031820 0.035000 -0.042426 0.028284 0.035000 
-0.038891 0.031820 0.030000 -0.035355 0.035355 0.030000 -0.035355 0.035355 0.035000 -0.038891 0.031820 0.035000 
-0.035355 0.035355 0.030000 -0.031820 0.038891 0.030000 -0.031820 0.038891 0.035000 -0.035355 0.035355 0.035000 
-0.031820 0.038891 0.030000 -0.028284 0.042426 0.030000 -0.028284 0.042426 0.035000 -0.031820 0.038891 0.035000 
-0.028284 0.042426 0.030000 -0.024749 0.045962 0.030000 -0.024749 0.045962 0.035000 -0.028284 0.042426 0.035000 
-0.024749 0.045962 0.030000 -0.021213 0.049497 0.030000 -0.021213 0.049497 0.035000 -0.024749 0.045962 0.035000 
-0.021213 0.049497 0.030000 -0.017678 0.053033 0.030000 -0.017678 0.053033 0.035000 -0.021213 0.049497 0.035000 
-0.017678 0.053033 0.030000 -0.014142 0.056569 0.030000 -0.014142 0.056569 0.035000 -0.017678 0.053033 0.035000 
-0.014142 0.056569 0.030000 -0.010607 0.060104 0.030000 -0.010607 0.060104 0.035000 -0.014142 0.056569 0.035000 
-0.010607 0.060104 0.030000 -0.007071 0.063640 0.030000 -0.007071 0.063640 0.035000 -0.010607 0.060104 0.035000 
-0.007071 0.063640 0.030000 -0.003536 0.067175 0.030000 -0.003536 0.067175 0.035000 -0.007071 0.063640 0.035000 
-0.003536 0.067175 0.030000 -0.000000 0.070711 0.030000 -0.000000 0.070711 0.035000 -0.003536 0.067175 0.035000 
-0.000000 0.070711 0.030000 0.003536 0.074246 0.030000 0.003536 0.074246 0.035000 -0.000000 0.070711 0.035000 
0.003536 0.074246 0.030000 0.007071 0.077782 0.030000 0.007071 0.077782 0.035000 0.003536 0.074246 0.035000 
0.007071 0.077782 0.030000 0.010607 0.081317 0.030000 0.010607 0.081317 0.035000 0.007071 0.077782 0.035000 
0.010607 0.081317 0.030000 0.014142 0.084853 0.030000 0.014142 0.084853 0.035000 0.010607 0.081317 0.035000 
0.014142 0.084853 0.030000 0.017678 0.088388 0.030000 0.017678 0.088388 0.035000 0.014142 0.084853 0.035000 
0.017678 0.088388 0.030000 0.021213 0.091924 0.030000 0.021213 0.091924 0.035000 0.017678 0.088388 0.035000 
0.021213 0.091924 0.030000 0.024749 0.095459 0.030000 0.024749 0.095459 0.035000 0.021213 0.091924 0.035000 
0.024749 0.095459 0.030000 0.028284 0.098995 0.030000 0.028284 0.098995 0.035000 0.024749 0.095459 0.035000 
0.028284 0.098995 0.030000 0.031820 0.102530 0.030000 0.031820 0.102530 0.035000 0.028284 0.098995 0.035000 
0.031820 0.102530 0.030000 0.035355 0.106066 0.030000 0.035355 0.106066 0.035000 0.031820 0.102530 0.035000 
0.035355 0.106066 0.030000 0.038891 0.109602 0.030000 0.038891 0.109602 0.035000 0.035355 0.106066 0.035000 
0.038891 0.109602 0.030000 0.042426 0.113137 0.030000 0.042426 0.113137 0.035000 0.038891 0.109602 0.035000 
0.042426 0.113137 0.030000 0.045962 0.116673 0.030000 0.045962 0.116673 0.035000 0.042426 0.113137 0.035000 
0.045962 0.116673 0.030000 0.049497 0.120208 0.030000 0.049497 0.120208 0.035000 0.045962 0.116673 0.035000 
0.049497 0.120208 0.030000 0.053033 0.123744 0.030000 0.053033 0.123744 0.035000 0.049497 0.120208 0.035000 
0.053033 0.123744 0.030000 0.056569 0.127279 0.030000 0.056569 0.127279 0.035000 0.053033 0.123744 0.035000 
0.056569 0.127279 0.030000 0.060104 0.130815 0.030000 0.060104 0.130815 0.035000 0.056569 0.127279 0.035000 
0.060104 0.130815 0.030000 0.063640 0.134350 0.030000 0.063640 0.134350 0.035000 0.060104 0.130815 0.035000 
0.063640 0.134350 0.030000 0.067175 0.137886 0.030000 0.067175 0.137886 0.035000 0.063640 0.134350 0.035000 
0.067175 0.137886 0.030000 0.070711 0.141421 0.030000 0.070711 0.141421 0.035000 0.067175 0.137886 0.035000 
-0.070711 -0.000000 0.025000 -0.067175 0.003536 0.025000 -0.067175 0.003536 0.030000 -0.070711 -0.000000 0.030000 
-0.067175 0.003536 0.025000 -0.063640 0.007071 0.025000 -0.063640 0.007071 0.030000 -0.067175 0.003536 0.030000 
-0.063640 0.007071 0.025000 -0.060104 0.010607 0.025000 -0.060104 0.010607 0.030000 -0.063640 0.007071 0.030000 
-0.060104 0.010607 0.025000 -0.056569 0.014142 0.025000 -0.056569 0.014142 0.030000 -0.060104 0.010607 0.030000 
-0.056569 0.014142 0.025000 -0.053033 0.017678 0.025000 -0.053033 0.017678 0.030000 -0.056569 0.014142 0.030000 
-0.053033 0.017678 0.025000 -0.049497 0.021213 0.025000 -0.049497 0.021213 0.030000 -0.053033 0.017678 0.030000 
-0.049497 0.021213 0.025000 -0.045962 0.024749 0.025000 -0.045962 0.024749 0.030000 -0.049497 0.021213 0.030000 
-0.045962 0.024749 0.025000 -0.042426 0.028284 0.025000 -0.042426 0.028284 0.030000 -0.045962 0.024749 0.030000 
-0.042426 0.028284 0.025000 -0.038891 0.031820 0.025000 -0.038891 0.031820 0.030000 -0.042426 0.028284 0.030000 
-0.038891 0.031820 0.025000 -0.035355 0.035355 0.025000 -0.035355 0.035355 0.030000 -0.038891 0.031820 0.030000 
-0.035355 0.035355 0.025000 -0.031820 0.038891 0.025000 -0.031820 0.038891 0.030000 -0.035355 0.035355 0.030000 
-0.031820 0.038891 0.025000 -0.028284 0.042426 0.025000 -0.028284 0.042426 0.030000 -0.031820 0.038891 0.030000 
-0.028284 0.042426 0.025000 -0.024749 0.045962 0.025000 -0.024749 0.045962 0.030000 -0.028284 0.042426 0.030000 
-0.024749 0.045962 0.025000 -0.021213 0.049497 0.025000 -0.021213 0.049497 0.030000 -0.024749 0.045962 0.030000 
-0.021213 0.049497 0.025000 -0.017678 0.053033 0.025000 -0.017678 0.053033 0.030000 -0.021213 0.049497 0.030000 
-0.017678 0.053033 0.025000 -0.014142 0.056569 0.025000 -0.014142 0.056569 0.030000 -0.017678 0.053033 0.030000 
-0.014142 0.056569 0.025000 -0.010607 0.060104 0.025000 -0.010607 0.060104 0.030000 -0.014142 0.056569 0.030000 
-0.010607 0.060104 0.025000 -0.007071 0.063640 0.025000 -0.007071 0.063640 0.030000 -0.010607 0.060104 0.030000 
-0.007071 0.063640 0.025000 -0.003536 0.067175 0.025000 -0.003536 0.067175 0.030000 -0.007071 0.063640 0.030000 
-0.003536 0.067175 0.025000 -0.000000 0.070711 0.025000 -0.000000 0.070711 0.030000 -0.003536 0.067175 0.030000 
-0.000000 0.070711 0.025000 0.003536 0.074246 0.025000 0.003536 0.074246 0.030000 -0.000000 0.070711 0.030000 
0.003536 0.074246 0.025000 0.007071 0.077782 0.025000 0.007071 0.077782 0.030000 0.003536 0.074246 0.030000 
0.007071 0.077782 0.025000 0.010607 0.081317 0.025000 0.010607 0.081317 0.030000 0.007071 0.077782 0.030000 
0.010607 0.081317 0.025000 0.014142 0.084853 0.025000 0.014142 0.084853 0.030000 0.010607 0.081317 0.030000 
0.014142 0.084853 0.025000 0.017678 0.088388 0.025000 0.017678 0.088388 0.030000 0.014142 0.084853 0.030000 
0.017678 0.088388 0.025000 0.021213 0.091924 0.025000 0.021213 0.091924 0.030000 0.017678 0.088388 0.030000 
0.021213 0.091924 0.025000 0.024749 0.095459 0.025000 0.024749 0.095459 0.030000 0.021213 0.091924 0.030000 
0.024749 0.095459 0.025000 0.028284 0.098995 0.025000 0.028284 0.098995 0.030000 0.024749 0.095459 0.030000 
0.028284 0.098995 0.025000 0.031820 0.102530 0.025000 0.031820 0.102530 0.030000 0.028284 0.098995 0.030000 
0.031820 0.102530 0.025000 0.035355 0.106066 0.025000 0.035355 0.106066 0.030000 0.031820 0.102530 0.030000 
0.035355 0.106066 0.025000 0.038891 0.109602 0.025000 0.038891 0.109602 0.030000 0.035355 0.106066 0.030000 
0.038891 0.109602 0.025000 0.042426 0.113137 0.025000 0.042426 0.113137 0.030000 0.038891 0.109602 0.030000 
0.042426 0.113137 0.025000 0.045962 0.116673 0.025000 0.045962 0.116673 0.030000 0.042426 0.113137 0.030000 
0.045962 0.116673 0.025000 0.049497 0.120208 0.025000 0.049497 0.120208 0.030000 0.045962 0.116673 0.030000 
0.049497 0.120208 0.025000 0.053033 0.123744 0.025000 0.053033 0.123744 0.030000 0.049497 0.120208 0.030000 
0.053033 0.123744 0.025000 0.056569 0.127279 0.025000 0.056569 0.127279 0.030000 0.053033 0.123744 0.030000 
0.056569 0.127279 0.025000 0.060104 0.130815 0.025000 0.060104 0.130815 0.030000 0.056569 0.127279 0.030000 
0.060104 0.130815 0.025000 0.063640 0.134350 0.025000 0.063640 0.134350 0.030000 0.060104 0.130815 0.030000 
0.063640 0.134350 0.025000 0.067175 0.137886 0.025000 0.067175 0.137886 0.030000 0.063640 0.134350 0.030000 
0.067175 0.137886 0.025000 0.070711 0.141421 0.025000 0.070711 0.141421 0.030000 0.067175 0.137886 0.030000 
-0.070711 -0.000000 0.020000 -0.067175 0.003536 0.020000 -0.067175 0.003536 0.025000 -0.070711 -0.000000 0.025000 
-0.067175 0.003536 0.020000 -0.063640 0.007071 0.020000 -0.063640 0.007071 0.025000 -0.067175 0.003536 0.025000 
-0.063640 0.007071 0.020000 -0.060104 0.010607 0.020000 -0.060104 0.010607 0.025000 -0.063640 0.007071 0.025000 
-0.060104 0.010607 0.020000 -0.056569 0.014142 0.020000 -0.056569 0.014142 0.025000 -0.060104 0.010607 0.025000 
-0.056569 0.014142 0.020000 -0.053033 0.017678 0.020000 -0.053033 0.017678 0.025000 -0.056569 0.014142 0.025000 
-0.053033 0.017678 0.020000 -0.049497 0.021213 0.020000 -0.049497 0.021213 0.025000 -0.053033 0.017678 0.025000 
-0.049497 0.021213 0.020000 -0.045962 0.024749 0.020000 -0.045962 0.024749 0.025000 -0.049497 0.021213 0.025000 
-0.045962 0.024749 0.020000 -0.042426 0.028284 0.020000 -0.042426 0.028284 0.025000 -0.045962 0.024749 0.025000 
-0.042426 0.028284 0.020000 -0.038891 0.031820 0.020000 -0.038891 0.031820 0.025000 -0.042426 0.028284 0.025000 
-0.038891 0.031820 0.020000 -0.035355 0.035355 0.020000 -0.035355 0.035355 0.025000 -0.038891 0.031820 0.025000 
-0.035355 0.035355 0.020000 -0.031820 0.038891 0.020000 -0.031820 0.038891 0.025000 -0.035355 0.035355 0.025000 
-0.031820 0.038891 0.020000 -0.028284 0.042426 0.020000 -0.028284 0.042426 0.025000 -0.031820 0.038891 0.025000 
-0.028284 0.042426 0.020000 -0.024749 0.045962 0.020000 -0.024749 0.045962 0.025000 -0.028284 0.042426 0.025000 
-0.024749 0.045962 0.020000 -0.021213 0.049497 0.020000 -0.021213 0.049497 0.025000 -0.024749 0.045962 0.025000 
-0.021213 0.049497 0.020000 -0.017678 0.053033 0.020000 -0.017678 0.053033 0.025000 -0.021213 0.049497 0.025000 
-0.017678 0.053033 0.020000 -0.014142 0.056569 0.020000 -0.014142 0.056569 0.025000 -0.017678 0.053033 0.025000 
-0.014142 0.056569 0.020000 -0.010607 0.060104 0.020000 -0.010607 0.060104 0.025000 -0.014142 0.056569 0.025000 
-0.010607 0.060104 0.020000 -0.007071 0.063640 0.020000 -0.007071 0.063640 0.025000 -0.010607 0.060104 0.025000 
-0.007071 0.063640 0.020000 -0.003536 0.067175 0.020000 -0.003536 0.067175 0.025000 -0.007071 0.063640 0.025000 
-0.003536 0.067175 0.020000 -0.000000 0.070711 0.020000 -0.000000 0.070711 0.025000 -0.003536 0.067175 0.025000 
-0.000000 0.070711 0.020000 0.003536 0.074246 0.020000 0.003536 0.074246 0.025000 -0.000000 0.070711 0.025000 
0.003536 0.074246 0.020000 0.007071 0.077782 0.020000 0.007071 0.077782 0.025000 0.003536 0.074246 0.025000 
0.007071 0.077782 0.020000 0.010607 0.081317 0.020000 0.010607 0.081317 0.025000 0.007071 0.077782 0.025000 
0.010607 0.081317 0.020000 0.014142 0.084853 0.020000 0.014142 0.084853 0.025000 0.010607 0.081317 0.025000 
0.014142 0.084853 0.020000 0.017678 0.088388 0.020000 0.017678 0.088388 0.025000 0.014142 0.084853 0.025000 
0.017678 0.088388 0.020000 0.021213 0.091924 0.020000 0.021213 0.091924 0.025000 0.017678 0.088388 0.025000 
0.021213 0.091924 0.020000 0.024749 0.095459 0.020000 0.024749 0.095459 0.025000 0.021213 0.091924 0.025000 
0.024749 0.095459 0.020000 0.028284 0.098995 0.020000 0.028284 0.098995 0.025000 0.024749 0.095459 0.025000 
0.028284 0.098995 0.020000 0.031820 0.102530 0.020000 0.031820 0.102530 0.025000 0.028284 0.098995 0.025000 
0.031820 0.102530 0.020000 0.035355 0.106066 0.020000 0.035355 0.106066 0.025000 0.031820 0.102530 0.025000 
0.035355 0.106066 0.020000 0.038891 0.109602 0.020000 0.038891 0.109602 0.025000 0.035355 0.106066 0.025000 
0.038891 0.109602 0.020000 0.042426 0.113137 0.020000 0.042426 0.113137 0.025000 0.038891 0.109602 0.025000 
0.042426 0.113137 0.020000 0.045962 0.116673 0.020000 0.045962 0.116673 0.025000 0.042426 0.113137 0.025000 
0.045962 0.116673 0.020000 0.049497 0.120208 0.020000 0.049497 0.120208 0.025000 0.045962 0.116673 0.025000 
0.049497 0.120208 0.020000 0.053033 0.123744 0.020000 0.053033 0.123744 0.025000 0.049497 0.120208 0.025000 
0.053033 0.123744 0.020000 0.056569 0.127279 0.020000 0.056569 0.127279 0.025000 0.053033 0.123744 0.025000 
0.056569 0.127279 0.020000 0.060104 0.130815 0.020000 0.060104 0.130815 0.025000 0.056569 0.127279 0.025000 
0.060104 0.130815 0.020000 0.063640 0.134350 0.020000 0.063640 0.134350 0.025000 0.060104 0.130815 0.025000 
0.063640 0.134350 0.020000 0.067175 0.137886 0.020000 0.067175 0.137886 0.025000 0.063640 0.134350 0.025000 
0.067175 0.137886 0.020000 0.070711 0.141421 0.020000 0.070711 0.141421 0.025000 0.067175 0.137886 0.025000 
-0.070711 -0.000000 0.015000 -0.067175 0.003536 0.015000 -0.067175 0.003536 0.020000 -0.070711 -0.000000 0.020000 
-0.067175 0.003536 0.015000 -0.063640 0.007071 0.015000 -0.063640 0.007071 0.020000 -0.067175 0.003536 0.020000 
-0.063640 0.007071 0.015000 -0.060104 0.010607 0.015000 -0.060104 0.010607 0.020000 -0.063640 0.007071 0.020000 
-0.060104 0.010607 0.015000 -0.056569 0.014142 0.015000 -0.056569 0.014142 0.020000 -0.060104 0.010607 0.020000 
-0.056569 0.014142 0.015000 -0.053033 0.017678 0.015000 -0.053033 0.017678 0.020000 -0.056569 0.014142 0.020000 
-0.053033 0.017678 0.015000 -0.049497 0.021213 0.015000 -0.049497 0.021213 0.020000 -0.053033 0.017678 0.020000 
-0.049497 0.021213 0.015000 -0.045962 0.024749 0.015000 -0.045962 0.024749 0.020000 -0.049497 0.021213 0.020000 
-0.045962 0.024749 0.015000 -0.042426 0.028284 0.015000 -0.042426 0.028284 0.020000 -0.045962 0.024749 0.020000 
-0.042426 0.028284 0.015000 -0.038891 0.031820 0.015000 -0.038891 0.031820 0.020000 -0.042426 0.028284 0.020000 
-0.038891 0.031820 0.015000 -0.035355 0.035355 0.015000 -0.035355 0.035355 0.020000 -0.038891 0.031820 0.020000 
-0.035355 0.035355 0.015000 -0.031820 0.038891 0.015000 -0.031820 0.038891 0.020000 -0.035355 0.035355 0.020000 
-0.031820 0.038891 0.015000 -0.028284 0.042426 0.015000 -0.028284 0.042426 0.020000 -0.031820 0.038891 0.020000 
-0.028284 0.042426 0.015000 -0.024749 0.045962 0.015000 -0.024749 0.045962 0.020000 -0.028284 0.042426 0.020000 
-0.024749 0.045962 0.015000 -0.021213 0.049497 0.015000 -0.021213 0.049497 0.020000 -0.024749 0.045962 0.020000 
-0.021213 0.049497 0.015000 -0.017678 0.053033 0.015000 -0.017678 0.053033 0.020000 -0.021213 0.049497 0.020000 
-0.017678 0.053033 0.015000 -0.014142 0.056569 0.015000 -0.014142 0.056569 0.020000 -0.017678 0.053033 0.020000 
-0.014142 0.056569 0.015000 -0.010607 0.060104 0.015000 -0.010607 0.060104 0.020000 -0.014142 0.056569 0.020000 
-0.010607 0.060104 0.015000 -0.007071 0.063640 0.015000 -0.007071 0.063640 0.020000 -0.010607 0.060104 0.020000 
-0.007071 0.063640 0.015000 -0.003536 0.067175 0.015000 -0.003536 0.067175 0.020000 -0.007071 0.063640 0.020000 
-0.003536 0.067175 0.015000 -0.000000 0.070711 0.015000 -0.000000 0.070711 0.020000 -0.003536 0.067175 0.020000 
-0.000000 0.070711 0.015000 0.003536 0.074246 0.015000 0.003536 0.074246 0.020000 -0.000000 0.070711 0.020000 
0.003536 0.074246 0.015000 0.007071 0.077782 0.015000 0.007071 0.077782 0.020000 0.003536 0.074246 0.020000 
0.007071 0.077782 0.015000 0.010607 0.081317 0.015000 0.010607 0.081317 0.020000 0.007071 0.077782 0.020000 
0.010607 0.081317 0.015000 0.014142 0.084853 0.015000 0.014142 0.084853 0.020000 0.010607 0.081317 0.020000 
0.014142 0.084853 0.015000 0.017678 0.088388 0.015000 0.017678 0.088388 0.020000 0.014142 0.084853 0.020000 
0.017678 0.088388 0.015000 0.021213 0.091924 0.015000 0.021213 0.091924 0.020000 0.017678 0.088388 0.020000 
0.021213 0.091924 0.015000 0.024749 0.095459 0.015000 0.024749 0.095459 0.020000 0.021213 0.091924 0.020000 
0.024749 0.095459 0.015000 0.028284 0.098995 0.015000 0.028284 0.098995 0.020000 0.024749 0.095459 0.020000 
0.028284 0.098995 0.015000 0.031820 0.102530 0.015000 0.031820 0.102530 0.020000 0.028284 0.098995 0.020000 
0.031820 0.102530 0.015000 0.035355 0.106066 0.015000 0.035355 0.106066 0.020000 0.031820 0.102530 0.020000 
0.035355 0.106066 0.015000 0.038891 0.109602 0.015000 0.038891 0.109602 0.020000 0.035355 0.106066 0.020000 
0.038891 0.109602 0.015000 0.042426 0.113137 0.015000 0.042426 0.113137 0.020000 0.038891 0.109602 0.020000 
0.042426 0.113137 0.015000 0.045962 0.116673 0.015000 0.045962 0.116673 0.020000 0.042426 0.113137 0.020000 
0.045962 0.116673 0.015000 0.049497 0.120208 0.015000 0.049497 0.120208 0.020000 0.045962 0.116673 0.020000 
0.049497 0.120208 0.015000 0.053033 0.123744 0.015000 0.053033 0.123744 0.020000 0.049497 0.120208 0.020000 
0.053033 0.123744 0.015000 0.056569 0.127279 0.015000 0.056569 0.127279 0.020000 0.053033 0.123744 0.020000 
0.056569 0.127279 0.015000 0.060104 0.130815 0.015000 0.060104 0.130815 0.020000 0.056569 0.127279 0.020000 
0.060104 0.130815 0.015000 0.063640 0.134350 0.015000 0.063640 0.134350 0.020000 0.060104 0.130815 0.020000 
0.063640 0.134350 0.015000 0.067175 0.137886 0.015000 0.067175 0.137886 0.020000 0.063640 0.134350 0.020000 
0.067175 0.137886 0.015000 0.070711 0.141421 0.015000 0.070711 0.141421 0.020000 0.067175 0.137886 0.020000 
-0.070711 -0.000000 0.010000 -0.067175 0.003536 0.010000 -0.067175 0.003536 0.015000 -0.070711 -0.000000 0.015000 
-0.067175 0.003536 0.010000 -0.063640 0.007071 0.010000 -0.063640 0.007071 0.015000 -0.067175 0.003536 0.015000 
-0.063640 0.007071 0.010000 -0.060104 0.010607 0.010000 -0.060104 0.010607 0.015000 -0.063640 0.007071 0.015000 
-0.060104 0.010607 0.010000 -0.056569 0.014142 0.010000 -0.056569 0.014142 0.015000 -0.060104 0.010607 0.015000 
-0.056569 0.014142 0.010000 -0.053033 0.017678 0.010000 -0.053033 0.017678 0.015000 -0.056569 0.014142 0.015000 
-0.053033 0.017678 0.010000 -0.049497 0.021213 0.010000 -0.049497 0.021213 0.015000 -0.053033 0.017678 0.015000 
-0.049497 0.021213 0.010000 -0.045962 0.024749 0.010000 -0.045962 0.024749 0.015000 -0.049497 0.021213 0.015000 
-0.045962 0.024749 0.010000 -0.042426 0.028284 0.010000 -0.042426 0.028284 0.015000 -0.045962 0.024749 0.015000 
-0.042426 0.028284 0.010000 -0.038891 0.031820 0.010000 -0.038891 0.031820 0.015000 -0.042426 0.028284 0.015000 
-0.038891 0.031820 0.010000 -0.035355 0.035355 0.010000 -0.035355 0.035355 0.015000 -0.038891 0.031820 0.015000 
-0.035355 0.035355 0.010000 -0.031820 0.038891 0.010000 -0.031820 0.038891 0.015000 -0.035355 0.035355 0.015000 
-0.031820 0.038891 0.010000 -0.028284 0.042426 0.010000 -0.028284 0.042426 0.015000 -0.031820 0.038891 0.015000 
-0.028284 0.042426 0.010000 -0.024749 0.045962 0.010000 -0.024749 0.045962 0.015000 -0.028284 0.042426 0.015000 
-0.024749 0.045962 0.010000 -0.021213 0.049497 0.010000 -0.021213 0.049497 0.015000 -0.024749 0.045962 0.015000 
-0.021213 0.049497 0.010000 -0.017678 0.053033 0.010000 -0.017678 0.053033 0.015000 -0.021213 0.049497 0.015000 
-0.017678 0.053033 0.010000 -0.014142 0.056569 0.010000 -0.014142 0.056569 0.015000 -0.017678 0.053033 0.015000 
-0.014142 0.056569 0.010000 -0.010607 0.060104 0.010000 -0.010607 0.060104 0.015000 -0.014142 0.056569 0.015000 
-0.010607 0.060104 0.010000 -0.007071 0.063640 0.010000 -0.007071 0.063640 0.015000 -0.010607 0.060104 0.015000 
-0.007071 0.063640 0.010000 -0.003536 0.067175 0.010000 -0.003536 0.067175 0.015000 -0.007071 0.063640 0.015000 
-0.003536 0.067175 0.010000 -0.000000 0.070711 0.010000 -0.000000 0.070711 0.015000 -0.003536 0.067175 0.015000 
-0.000000 0.070711 0.010000 0.003536 0.074246 0.010000 0.003536 0.074246 0.015000 -0.000000 0.070711 0.015000 
0.003536 0.074246 0.010000 0.007071 0.077782 0.010000 0.007071 0.077782 0.015000 0.003536 0.074246 0.015000 
0.007071 0.077782 0.010000 0.010607 0.081317 0.010000 0.010607 0.081317 0.015000 0.007071 0.077782 0.015000 
0.010607 0.081317 0.010000 0.014142 0.084853 0.010000 0.014142 0.084853 0.015000 0.010607 0.081317 0.015000 
0.014142 0.084853 0.010000 0.017678 0.088388 0.010000 0.017678 0.088388 0.015000 0.014142 0.084853 0.015000 
0.017678 0.088388 0.010000 0.021213 0.091924 0.010000 0.021213 0.091924 0.015000 0.017678 0.088388 0.015000 
0.021213 0.091924 0.010000 0.024749 0.095459 0.010000 0.024749 0.095459 0.015000 0.021213 0.091924 0.015000 
0.024749 0.095459 0.010000 0.028284 0.098995 0.010000 0.028284 0.098995 0.015000 0.024749 0.095459 0.015000 
0.028284 0.098995 0.010000 0.031820 0.102530 0.010000 0.031820 0.102530 0.015000 0.028284 0.098995 0.015000 
0.031820 0.102530 0.010000 0.035355 0.106066 0.010000 0.035355 0.106066 0.015000 0.031820 0.102530 0.015000 
0.035355 0.106066 0.010000 0.038891 0.109602 0.010000 0.038891 0.109602 0.015000 0.035355 0.106066 0.015000 
0.038891 0.109602 0.010000 0.042426 0.113137 0.010000 0.042426 0.113137 0.015000 0.038891 0.109602 0.015000 
0.042426 0.113137 0.010000 0.045962 0.116673 0.010000 0.045962 0.116673 0.015000 0.042426 0.113137 0.015000 
0.045962 0.116673 0.010000 0.049497 0.120208 0.010000 0.049497 0.120208 0.015000 0.045962 0.116673 0.015000 
0.049497 0.120208 0.010000 0.053033 0.123744 0.010000 0.053033 0.123744 0.015000 0.049497 0.120208 0.015000 
0.053033 0.123744 0.010000 0.056569 0.127279 0.010000 0.056569 0.127279 0.015000 0.053033 0.123744 0.015000 
0.056569 0.127279 0.010000 0.060104 0.130815 0.010000 0.060104 0.130815 0.015000 0.056569 0.127279 0.015000 
0.060104 0.130815 0.010000 0.063640 0.134350 0.010000 0.063640 0.134350 0.015000 0.060104 0.130815 0.015000 
0.063640 0.134350 0.010000 0.067175 0.137886 0.010000 0.067175 0.137886 0.015000 0.063640 0.134350 0.015000 
0.067175 0.137886 0.010000 0.070711 0.141421 0.010000 0.070711 0.141421 0.015000 0.067175 0.137886 0.015000 
-0.070711 -0.000000 0.005000 -0.067175 0.003536 0.005000 -0.067175 0.003536 0.010000 -0.070711 -0.000000 0.010000 
-0.067175 0.003536 0.005000 -0.063640 0.007071 0.005000 -0.063640 0.007071 0.010000 -0.067175 0.003536 0.010000 
-0.063640 0.007071 0.005000 -0.060104 0.010607 0.005000 -0.060104 0.010607 0.010000 -0.063640 0.007071 0.010000 
-0.060104 0.010607 0.005000 -0.056569 0.014142 0.005000 -0.056569 0.014142 0.010000 -0.060104 0.010607 0.010000 
-0.056569 0.014142 0.005000 -0.053033 0.017678 0.005000 -0.053033 0.017678 0.010000 -0.056569 0.014142 0.010000 
-0.053033 0.017678 0.005000 -0.049497 0.021213 0.005000 -0.049497 0.021213 0.010000 -0.053033 0.017678 0.010000 
-0.049497 0.021213 0.005000 -0.045962 0.024749 0.005000 -0.045962 0.024749 0.010000 -0.049497 0.021213 0.010000 
-0.045962 0.024749 0.005000 -0.042426 0.028284 0.005000 -0.042426 0.028284 0.010000 -0.045962 0.024749 0.010000 
-0.042426 0.028284 0.005000 -0.038891 0.031820 0.005000 -0.038891 0.031820 0.010000 -0.042426 0.028284 0.010000 
-0.038891 0.031820 0.005000 -0.035355 0.035355 0.005000 -0.035355 0.035355 0.010000 -0.038891 0.031820 0.010000 
-0.035355 0.035355 0.005000 -0.031820 0.038891 0.005000 -0.031820 0.038891 0.010000 -0.035355 0.035355 0.010000 
-0.031820 0.038891 0.005000 -0.028284 0.042426 0.005000 -0.028284 0.042426 0.010000 -0.031820 0.038891 0.010000 
-0.028284 0.042426 0.005000 -0.024749 0.045962 0.005000 -0.024749 0.045962 0.010000 -0.028284 0.042426 0.010000 
-0.024749 0.045962 0.005000 -0.021213 0.049497 0.005000 -0.021213 0.049497 0.010000 -0.024749 0.045962 0.010000 
-0.021213 0.049497 0.005000 -0.017678 0.053033 0.005000 -0.017678 0.053033 0.010000 -0.021213 0.049497 0.010000 
-0.017678 0.053033 0.005000 -0.014142 0.056569 0.005000 -0.014142 0.056569 0.010000 -0.017678 0.053033 0.010000 
-0.014142 0.056569 0.005000 -0.010607 0.060104 0.005000 -0.010607 0.060104 0.010000 -0.014142 0.056569 0.010000 
-0.010607 0.060104 0.005000 -0.007071 0.063640 0.005000 -0.007071 0.063640 0.010000 -0.010607 0.060104 0.010000 
-0.007071 0.063640 0.005000 -0.003536 0.067175 0.005000 -0.003536 0.067175 0.010000 -0.007071 0.063640 0.010000 
-0.003536 0.067175 0.005000 -0.000000 0.070711 0.005000 -0.000000 0.070711 0.010000 -0.003536 0.067175 0.010000 
-0.000000 0.070711 0.005000 0.003536 0.074246 0.005000 0.003536 0.074246 0.010000 -0.000000 0.070711 0.010000 
0.003536 0.074246 0.005000 0.007071 0.077782 0.005000 0.007071 0.077782 0.010000 0.003536 0.074246 0.010000 
0.007071 0.077782 0.005000 0.010607 0.081317 0.005000 0.010607 0.081317 0.010000 0.007071 0.077782 0.010000 
0.010607 0.081317 0.005000 0.014142 0.084853 0.005000 0.014142 0.084853 0.010000 0.010607 0.081317 0.010000 
0.014142 0.084853 0.005000 0.017678 0.088388 0.005000 0.017678 0.088388 0.010000 0.014142 0.084853 0.010000 
0.017678 0.088388 0.005000 0.021213 0.091924 0.005000 0.021213 0.091924 0.010000 0.017678 0.088388 0.010000 
0.021213 0.091924 0.005000 0.024749 0.095459 0.005000 0.024749 0.095459 0.010000 0.021213 0.091924 0.010000 
0.024749 0.095459 0.005000 0.028284 0.098995 0.005000 0.028284 0.098995 0.010000 0.024749 0.095459 0.010000 
0.028284 0.098995 0.005000 0.031820 0.102530 0.005000 0.031820 0.102530 0.010000 0.028284 0.098995 0.010000 
0.031820 0.102530 0.005000 0.035355 0.106066 0.005000 0.035355 0.106066 0.010000 0.031820 0.102530 0.010000 
0.035355 0.106066 0.005000 0.038891 0.109602 0.005000 0.038891 0.109602 0.010000 0.035355 0.106066 0.010000 
0.038891 0.109602 0.005000 0.042426 0.113137 0.005000 0.042426 0.113137 0.010000 0.038891 0.109602 0.010000 
0.042426 0.113137 0.005000 0.045962 0.116673 0.005000 0.045962 0.116673 0.010000 0.042426 0.113137 0.010000 
0.045962 0.116673 0.005000 0.049497 0.120208 0.005000 0.049497 0.120208 0.010000 0.045962 0.116673 0.010000 
0.049497 0.120208 0.005000 0.053033 0.123744 0.005000 0.053033 0.123744 0.010000 0.049497 0.120208 0.010000 
0.053033 0.123744 0.005000 0.056569 0.127279 0.005000 0.056569 0.127279 0.010000 0.053033 0.123744 0.010000 
0.056569 0.127279 0.005000 0.060104 0.130815 0.005000 0.060104 0.130815 0.010000 0.056569 0.127279 0.010000 
0.060104 0.130815 0.005000 0.063640 0.134350 0.005000 0.063640 0.134350 0.010000 0.060104 0.130815 0.010000 
0.063640 0.134350 0.005000 0.067175 0.137886 0.005000 0.067175 0.137886 0.010000 0.063640 0.134350 0.010000 
0.067175 0.137886 0.005000 0.070711 0.141421 0.005000 0.070711 0.141421 0.010000 0.067175 0.137886 0.010000 
-0.070711 -0.000000 0.000000 -0.067175 0.003536 0.000000 -0.067175 0.003536 0.005000 -0.070711 -0.000000 0.005000 
-0.067175 0.003536 0.000000 -0.063640 0.007071 0.000000 -0.063640 0.007071 0.005000 -0.067175 0.003536 0.005000 
-0.063640 0.007071 0.000000 -0.060104 0.010607 0.000000 -0.060104 0.010607 0.005000 -0.063640 0.007071 0.005000 
-0.060104 0.010607 0.000000 -0.056569 0.014142 0.000000 -0.056569 0.014142 0.005000 -0.060104 0.010607 0.005000 
-0.056569 0.014142 0.000000 -0.053033 0.017678 0.000000 -0.053033 0.017678 0.005000 -0.056569 0.014142 0.005000 
-0.053033 0.017678 0.000000 -0.049497 0.021213 0.000000 -0.049497 0.021213 0.005000 -0.053033 0.017678 0.005000 
-0.049497 0.021213 0.000000 -0.045962 0.024749 0.000000 -0.045962 0.024749 0.005000 -0.049497 0.021213 0.005000 
-0.045962 0.024749 0.000000 -0.042426 0.028284 0.000000 -0.042426 0.028284 0.005000 -0.045962 0.024749 0.005000 
-0.042426 0.028284 0.000000 -0.038891 0.031820 0.000000 -0.038891 0.031820 0.005000 -0.042426 0.028284 0.005000 
-0.038891 0.031820 0.000000 -0.035355 0.035355 0.000000 -0.035355 0.035355 0.005000 -0.038891 0.031820 0.005000 
-0.035355 0.035355 0.000000 -0.031820 0.038891 0.000000 -0.031820 0.038891 0.005000 -0.035355 0.035355 0.005000 
-0.031820 0.038891 0.000000 -0.028284 0.042426 0.000000 -0.028284 0.042426 0.005000 -0.031820 0.038891 0.005000 
-0.028284 0.042426 0.000000 -0.024749 0.045962 0.000000 -0.024749 0.045962 0.005000 -0.028284 0.042426 0.005000 
-0.024749 0.045962 0.000000 -0.021213 0.049497 0.000000 -0.021213 0.049497 0.005000 -0.024749 0.045962 0.005000 
-0.021213 0.049497 0.000000 -0.017678 0.053033 0.000000 -0.017678 0.053033 0.005000 -0.021213 0.049497 0.005000 
-0.017678 0.053033 0.000000 -0.014142 0.056569 0.000000 -0.014142 0.056569 0.005000 -0.017678 0.053033 0.005000 
-0.014142 0.056569 0.000000 -0.010607 0.060104 0.000000 -0.010607 0.060104 0.005000 -0.014142 0.056569 0.005000 
-0.010607 0.060104 0.000000 -0.007071 0.063640 0.000000 -0.007071 0.063640 0.005000 -0.010607 0.060104 0.005000 
-0.007071 0.063640 0.000000 -0.003536 0.067175 0.000000 -0.003536 0.067175 0.005000 -0.007071 0.063640 0.005000 
-0.003536 0.067175 0.000000 -0.000000 0.070711 0.000000 -0.000000 0.070711 0.005000 -0.003536 0.067175 0.005000 
-0.000000 0.070711 0.000000 0.003536 0.074246 0.000000 0.003536 0.074246 0.005000 -0.000000 0.070711 0.005000 
0.003536 0.074246 0.000000 0.007071 0.077782 0.000000 0.007071 0.077782 0.005000 0.003536 0.074246 0.005000 
0.007071 0.077782 0.000000 0.010607 0.081317 0.000000 0.010607 0.081317 0.005000 0.007071 0.077782 0.005000 
0.010607 0.081317 0.000000 0.014142 0.084853 0.000000 0.014142 0.084853 0.005000 0.010607 0.081317 0.005000 
0.014142 0.084853 0.000000 0.017678 0.088388 0.000000 0.017678 0.088388 0.005000 0.014142 0.084853 0.005000 
0.017678 0.088388 0.000000 0.021213 0.091924 0.000000 0.021213 0.091924 0.005000 0.017678 0.088388 0.005000 
0.021213 0.091924 0.000000 0.024749 0.095459 0.000000 0.024749 0.095459 0.005000 0.021213 0.091924 0.005000 
0.024749 0.095459 0.000000 0.028284 0.098995 0.000000 0.028284 0.098995 0.005000 0.024749 0.095459 0.005000 
0.028284 0.098995 0.000000 0.031820 0.102530 0.000000 0.031820 0.102530 0.005000 0.028284 0.098995 0.005000 
0.031820 0.102530 0.000000 0.035355 0.106066 0.000000 0.035355 0.106066 0.005000 0.031820 0.102530 0.005000 
0.035355 0.106066 0.000000 0.038891 0.109602 0.000000 0.038891 0.109602 0.005000 0.035355 0.106066 0.005000 
0.038891 0.109602 0.000000 0.042426 0.113137 0.000000 0.042426 0.113137 0.005000 0.038891 0.109602 0.005000 
0.042426 0.113137 0.000000 0.045962 0.116673 0.000000 0.045962 0.116673 0.005000 0.042426 0.113137 0.005000 
0.045962 0.116673 0.000000 0.049497 0.120208 0.000000 0.049497 0.120208 0.005000 0.045962 0.116673 0.005000 
0.049497 0.120208 0.000000 0.053033 0.123744 0.000000 0.053033 0.123744 0.005000 0.049497 0.120208 0.005000 
0.053033 0.123744 0.000000 0.056569 0.127279 0.000000 0.056569 0.127279 0.005000 0.053033 0.123744 0.005000 
0.056569 0.127279 0.000000 0.060104 0.130815 0.000000 0.060104 0.130815 0.005000 0.056569 0.127279 0.005000 
0.060104 0.130815 0.000000 0.063640 0.134350 0.000000 0.063640 0.134350 0.005000 0.060104 0.130815 0.005000 
0.063640 0.134350 0.000000 0.067175 0.137886 0.000000 0.067175 0.137886 0.005000 0.063640 0.134350 0.005000 
0.067175 0.137886 0.000000 0.070711 0.141421 0.000000 0.070711 0.141421 0.005000 0.067175 0.137886 0.005000 
-0.070711 -0.000000 -0.005000 -0.067175 0.003536 -0.005000 -0.067175 0.003536 0.000000 -0.070711 -0.000000 0.000000 
-0.067175 0.003536 -0.005000 -0.063640 0.007071 -0.005000 -0.063640 0.007071 0.000000 -0.067175 0.003536 0.000000 
-0.063640 0.007071 -0.005000 -0.060104 0.010607 -0.005000 -0.060104 0.010607 0.000000 -0.063640 0.007071 0.000000 
-0.060104 0.010607 -0.005000 -0.056569 0.014142 -0.005000 -0.056569 0.014142 0.000000 -0.060104 0.010607 0.000000 
-0.056569 0.014142 -0.005000 -0.053033 0.017678 -0.005000 -0.053033 0.017678 0.000000 -0.056569 0.014142 0.000000 
-0.053033 0.017678 -0.005000 -0.049497 0.021213 -0.005000 -0.049497 0.021213 0.000000 -0.053033 0.017678 0.000000 
-0.049497 0.021213 -0.005000 -0.045962 0.024749 -0.005000 -0.045962 0.024749 0.000000 -0.049497 0.021213 0.000000 
-0.045962 0.024749 -0.005000 -0.042426 0.028284 -0.005000 -0.042426 0.028284 0.000000 -0.045962 0.024749 0.000000 
-0.042426 0.028284 -0.005000 -0.038891 0.031820 -0.005000 -0.038891 0.031820 0.000000 -0.042426 0.028284 0.000000 
-0.038891 0.031820 -0.005000 -0.035355 0.035355 -0.005000 -0.035355 0.035355 0.000000 -0.038891 0.031820 0.000000 
-0.035355 0.035355 -0.005000 -0.031820 0.038891 -0.005000 -0.031820 0.038891 0.000000 -0.035355 0.035355 0.000000 
-0.031820 0.038891 -0.005000 -0.028284 0.042426 -0.005000 -0.028284 0.042426 0.000000 -0.031820 0.038891 0.000000 
-0.028284 0.042426 -0.005000 -0.024749 0.045962 -0.005000 -0.024749 0.045962 0.000000 -0.028284 0.042426 0.000000 
-0.024749 0.045962 -0.005000 -0.021213 0.049497 -0.005000 -0.021213 0.049497 0.000000 -0.024749 0.045962 0.000000 
-0.021213 0.049497 -0.005000 -0.017678 0.053033 -0.005000 -0.017678 0.053033 0.000000 -0.021213 0.049497 0.000000 
-0.017678 0.053033 -0.005000 -0.014142 0.056569 -0.005000 -0.014142 0.056569 0.000000 -0.017678 0.053033 0.000000 
-0.014142 0.056569 -0.005000 -0.010607 0.060104 -0.005000 -0.010607 0.060104 0.000000 -0.014142 0.056569 0.000000 
-0.010607 0.060104 -0.005000 -0.007071 0.063640 -0.005000 -0.007071 0.063640 0.000000 -0.010607 0.060104 0.000000 
-0.007071 0.063640 -0.005000 -0.003536 0.067175 -0.005000 -0.003536 0.067175 0.000000 -0.007071 0.063640 0.000000 
-0.003536 0.067175 -0.005000 -0.000000 0.070711 -0.005000 -0.000000 0.070711 0.000000 -0.003536 0.067175 0.000000 
-0.000000 0.070711 -0.005000 0.003536 0.074246 -0.005000 0.003536 0.074246 0.000000 -0.000000 0.070711 0.000000 
0.003536 0.074246 -0.005000 0.007071 0.077782 -0.005000 0.007071 0.077782 0.000000 0.003536 0.074246 0.000000 
0.007071 0.077782 -0.005000 0.010607 0.081317 -0.005000 0.010607 0.081317 0.000000 0.007071 0.077782 0.000000 
0.010607 0.081317 -0.005000 0.014142 0.084853 -0.005000 0.014142 0.084853 0.000000 0.010607 0.081317 0.000000 
0.014142 0.084853 -0.005000 0.017678 0.088388 -0.005000 0.017678 0.088388 0.000000 0.014142 0.084853 0.000000 
0.017678 0.088388 -0.005000 0.021213 0.091924 -0.005000 0.021213 0.091924 0.000000 0.017678 0.088388 0.000000 
0.021213 0.091924 -0.005000 0.024749 0.095459 -0.005000 0.024749 0.095459 0.000000 0.021213 0.091924 0.000000 
0.024749 0.095459 -0.005000 0.028284 0.098995 -0.005000 0.028284 0.098995 0.000000 0.024749 0.095459 0.000000 
0.028284 0.098995 -0.005000 0.031820 0.102530 -0.005000 0.031820 0.102530 0.000000 0.028284 0.098995 0.000000 
0.031820 0.102530 -0.005000 0.035355 0.106066 -0.005000 0.035355 0.106066 0.000000 0.031820 0.102530 0.000000 
0.035355 0.106066 -0.005000 0.038891 0.109602 -0.005000 0.038891 0.109602 0.000000 0.035355 0.106066 0.000000 
0.038891 0.109602 -0.005000 0.042426 0.113137 -0.005000 0.042426 0.113137 0.000000 0.038891 0.109602 0.000000 
0.042426 0.113137 -0.005000 0.045962 0.116673 -0.005000 0.045962 0.116673 0.000000 0.042426 0.113137 0.000000 
0.045962 0.116673 -0.005000 0.049497 0.120208 -0.005000 0.049497 0.120208 0.000000 0.045962 0.116673 0.000000 
0.049497 0.120208 -0.005000 0.053033 0.123744 -0.005000 0.053033 0.123744 0.000000 0.049497 0.120208 0.000000 
0.053033 0.123744 -0.005000 0.056569 0.127279 -0.005000 0.056569 0.127279 0.000000 0.053033 0.123744 0.000000 
0.056569 0.127279 -0.005000 0.060104 0.130815 -0.005000 0.060104 0.130815 0.000000 0.056569 0.127279 0.000000 
0.060104 0.130815 -0.005000 0.063640 0.134350 -0.005000 0.063640 0.134350 0.000000 0.060104 0.130815 0.000000 
0.063640 0.134350 -0.005000 0.067175 0.137886 -0.005000 0.067175 0.137886 0.000000 0.063640 0.134350 0.000000 
0.067175 0.137886 -0.005000 0.070711 0.141421 -0.005000 0.070711 0.141421 0.000000 0.067175 0.137886 0.000000 
-0.070711 -0.000000 -0.010000 -0.067175 0.003536 -0.010000 -0.067175 0.003536 -0.005000 -0.070711 -0.000000 -0.005000 
-0.067175 0.003536 -0.010000 -0.063640 0.007071 -0.010000 -0.063640 0.007071 -0.005000 -0.067175 0.003536 -0.005000 
-0.063640 0.007071 -0.010000 -0.060104 0.010607 -0.010000 -0.060104 0.010607 -0.005000 -0.063640 0.007071 -0.005000 
-0.060104 0.010607 -0.010000 -0.056569 0.014142 -0.010000 -0.056569 0.014142 -0.005000 -0.060104 0.010607 -0.005000 
-0.056569 0.014142 -0.010000 -0.053033 0.017678 -0.010000 -0.053033 0.017678 -0.005000 -0.056569 0.014142 -0.005000 
-0.053033 0.017678 -0.010000 -0.049497 0.021213 -0.010000 -0.049497 0.021213 -0.005000 -0.053033 0.017678 -0.005000 
-0.049497 0.021213 -0.010000 -0.045962 0.024749 -0.010000 -0.045962 0.024749 -0.005000 -0.049497 0.021213 -0.005000 
-0.045962 0.024749 -0.010000 -0.042426 0.028284 -0.010000 -0.042426 0.028284 -0.005000 -0.045962 0.024749 -0.005000 
-0.042426 0.028284 -0.010000 -0.038891 0.031820 -0.010000 -0.038891 0.031820 -0.005000 -0.042426 0.028284 -0.005000 
-0.038891 0.031820 -0.010000 -0.035355 0.035355 -0.010000 -0.035355 0.035355 -0.005000 -0.038891 0.031820 -0.005000 
-0.035355 0.035355 -0.010000 -0.031820 0.038891 -0.010000 -0.031820 0.038891 -0.005000 -0.035355 0.035355 -0.005000 
-0.031820 0.038891 -0.010000 -0.028284 0.042426 -0.010000 -0.028284 0.042426 -0.005000 -0.031820 0.038891 -0.005000 
-0.028284 0.042426 -0.010000 -0.024749 0.045962 -0.010000 -0.024749 0.045962 -0.005000 -0.028284 0.042426 -0.005000 
-0.024749 0.045962 -0.010000 -0.021213 0.049497 -0.010000 -0.021213 0.049497 -0.005000 -0.024749 0.045962 -0.005000 
-0.021213 0.049497 -0.010000 -0.017678 0.053033 -0.010000 -0.017678 0.053033 -0.005000 -0.021213 0.049497 -0.005000 
-0.017678 0.053033 -0.010000 -0.014142 0.056569 -0.010000 -0.014142 0.056569 -0.005000 -0.017678 0.053033 -0.005000 
-0.014142 0.056569 -0.010000 -0.010607 0.060104 -0.010000 -0.010607 0.060104 -0.005000 -0.014142 0.056569 -0.005000 
-0.010607 0.060104 -0.010000 -0.007071 0.063640 -0.010000 -0.007071 0.063640 -0.005000 -0.010607 0.060104 -0.005000 
-0.007071 0.063640 -0.010000 -0.003536 0.067175 -0.010000 -0.003536 0.067175 -0.005000 -0.007071 0.063640 -0.005000 
-0.003536 0.067175 -0.010000 -0.000000 0.070711 -0.010000 -0.000000 0.070711 -0.005000 -0.003536 0.067175 -0.005000 
-0.000000 0.070711 -0.010000 0.003536 0.074246 -0.010000 0.003536 0.074246 -0.005000 -0.000000 0.070711 -0.005000 
0.003536 0.074246 -0.010000 0.007071 0.077782 -0.010000 0.007071 0.077782 -0.005000 0.003536 0.074246 -0.005000 
0.007071 0.077782 -0.010000 0.010607 0.081317 -0.010000 0.010607 0.081317 -0.005000 0.007071 0.077782 -0.005000 
0.010607 0.081317 -0.010000 0.014142 0.084853 -0.010000 0.014142 0.084853 -0.005000 0.010607 0.081317 -0.005000 
0.014142 0.084853 -0.010000 0.017678 0.088388 -0.010000 0.017678 0.088388 -0.005000 0.014142 0.084853 -0.005000 
0.017678 0.088388 -0.010000 0.021213 0.091924 -0.010000 0.021213 0.091924 -0.005000 0.017678 0.088388 -0.005000 
0.021213 0.091924 -0.010000 0.024749 0.095459 -0.010000 0.024749 0.095459 -0.005000 0.021213 0.091924 -0.005000 
0.024749 0.095459 -0.010000 0.028284 0.098995 -0.010000 0.028284 0.098995 -0.005000 0.024749 0.095459 -0.005000 
0.028284 0.098995 -0.010000 0.031820 0.102530 -0.010000 0.031820 0.102530 -0.005000 0.028284 0.098995 -0.005000 
0.031820 0.102530 -0.010000 0.035355 0.106066 -0.010000 0.035355 0.106066 -0.005000 0.031820 0.102530 -0.005000 
0.035355 0.106066 -0.010000 0.038891 0.109602 -0.010000 0.038891 0.109602 -0.005000 0.035355 0.106066 -0.005000 
0.038891 0.109602 -0.010000 0.042426 0.113137 -0.010000 0.042426 0.113137 -0.005000 0.038891 0.109602 -0.005000 
0.042426 0.113137 -0.010000 0.045962 0.116673 -0.010000 0.045962 0.116673 -0.005000 0.042426 0.113137 -0.005000 
0.045962 0.116673 -0.010000 0.049497 0.120208 -0.010000 0.049497 0.120208 -0.005000 0.045962 0.116673 -0.005000 
0.049497 0.120208 -0.010000 0.053033 0.123744 -0.010000 0.053033 0.123744 -0.005000 0.049497 0.120208 -0.005000 
0.053033 0.123744 -0.010000 0.056569 0.127279 -0.010000 0.056569 0.127279 -0.005000 0.053033 0.123744 -0.005000 
0.056569 0.127279 -0.010000 0.060104 0.130815 -0.010000 0.060104 0.130815 -0.005000 0.056569 0.127279 -0.005000 
0.060104 0.130815 -0.010000 0.063640 0.134350 -0.010000 0.063640 0.134350 -0.005000 0.060104 0.130815 -0.005000 
0.063640 0.134350 -0.010000 0.067175 0.137886 -0.010000 0.067175 0.137886 -0.005000 0.063640 0.134350 -0.005000 
0.067175 0.137886 -0.010000 0.070711 0.141421 -0.010000 0.070711 0.141421 -0.005000 0.067175 0.137886 -0.005000 
-0.070711 -0.000000 -0.015000 -0.067175 0.003536 -0.015000 -0.067175 0.003536 -0.010000 -0.070711 -0.000000 -0.010000 
-0.067175 0.003536 -0.015000 -0.063640 0.007071 -0.015000 -0.063640 0.007071 -0.010000 -0.067175 0.003536 -0.010000 
-0.063640 0.007071 -0.015000 -0.060104 0.010607 -0.015000 -0.060104 0.010607 -0.010000 -0.063640 0.007071 -0.010000 
-0.060104 0.010607 -0.015000 -0.056569 0.014142 -0.015000 -0.056569 0.014142 -0.010000 -0.060104 0.010607 -0.010000 
-0.056569 0.014142 -0.015000 -0.053033 0.017678 -0.015000 -0.053033 0.017678 -0.010000 -0.056569 0.014142 -0.010000 
-0.053033 0.017678 -0.015000 -0.049497 0.021213 -0.015000 -0.049497 0.021213 -0.010000 -0.053033 0.017678 -0.010000 
-0.049497 0.021213 -0.015000 -0.045962 0.024749 -0.015000 -0.045962 0.024749 -0.010000 -0.049497 0.021213 -0.010000 
-0.045962 0.024749 -0.015000 -0.042426 0.028284 -0.015000 -0.042426 0.028284 -0.010000 -0.045962 0.024749 -0.010000 
-0.042426 0.028284 -0.015000 -0.038891 0.031820 -0.015000 -0.038891 0.031820 -0.010000 -0.042426 0.028284 -0.010000 
-0.038891 0.031820 -0.015000 -0.035355 0.035355 -0.015000 -0.035355 0.035355 -0.010000 -0.038891 0.031820 -0.010000 
-0.035355 0.035355 -0.015000 -0.031820 0.038891 -0.015000 -0.031820 0.038891 -0.010000 -0.035355 0.035355 -0.010000 
-0.031820 0.038891 -0.015000 -0.028284 0.042426 -0.015000 -0.028284 0.042426 -0.010000 -0.031820 0.038891 -0.010000 
-0.028284 0.042426 -0.015000 -0.024749 0.045962 -0.015000 -0.024749 0.045962 -0.010000 -0.028284 0.042426 -0.010000 
-0.024749 0.045962 -0.015000 -0.021213 0.049497 -0.015000 -0.021213 0.049497 -0.010000 -0.024749 0.045962 -0.010000 
-0.021213 0.049497 -0.015000 -0.017678 0.053033 -0.015000 -0.017678 0.053033 -0.010000 -0.021213 0.049497 -0.010000 
-0.017678 0.053033 -0.015000 -0.014142 0.056569 -0.015000 -0.014142 0.056569 -0.010000 -0.017678 0.053033 -0.010000 
-0.014142 0.056569 -0.015000 -0.010607 0.060104 -0.015000 -0.010607 0.060104 -0.010000 -0.014142 0.056569 -0.010000 
-0.010607 0.060104 -0.015000 -0.007071 0.063640 -0.015000 -0.007071 0.063640 -0.010000 -0.010607 0.060104 -0.010000 
-0.007071 0.063640 -0.015000 -0.003536 0.067175 -0.015000 -0.003536 0.067175 -0.010000 -0.007071 0.063640 -0.010000 
-0.003536 0.067175 -0.015000 -0.000000 0.070711 -0.015000 -0.000000 0.070711 -0.010000 -0.003536 0.067175 -0.010000 
-0.000000 0.070711 -0.015000 0.003536 0.074246 -0.015000 0.003536 0.074246 -0.010000 -0.000000 0.070711 -0.010000 
0.003536 0.074246 -0.015000 0.007071 0.077782 -0.015000 0.007071 0.077782 -0.010000 0.003536 0.074246 -0.010000 
0.007071 0.077782 -0.015000 0.010607 0.081317 -0.015000 0.010607 0.081317 -0.010000 0.007071 0.077782 -0.010000 
0.010607 0.081317 -0.015000 0.014142 0.084853 -0.015000 0.014142 0.084853 -0.010000 0.010607 0.081317 -0.010000 
0.014142 0.084853 -0.015000 0.017678 0.088388 -0.015000 0.017678 0.088388 -0.010000 0.014142 0.084853 -0.010000 
0.017678 0.088388 -0.015000 0.021213 0.091924 -0.015000 0.021213 0.091924 -0.010000 0.017678 0.088388 -0.010000 
0.021213 0.091924 -0.015000 0.024749 0.095459 -0.015000 0.024749 0.095459 -0.010000 0.021213 0.091924 -0.010000 
0.024749 0.095459 -0.015000 0.028284 0.098995 -0.015000 0.028284 0.098995 -0.010000 0.024749 0.095459 -0.010000 
0.028284 0.098995 -0.015000 0.031820 0.102530 -0.015000 0.031820 0.102530 -0.010000 0.028284 0.098995 -0.010000 
0.031820 0.102530 -0.015000 0.035355 0.106066 -0.015000 0.035355 0.106066 -0.010000 0.031820 0.102530 -0.010000 
0.035355 0.106066 -0.015000 0.038891 0.109602 -0.015000 0.038891 0.109602 -0.010000 0.035355 0.106066 -0.010000 
0.038891 0.109602 -0.015000 0.042426 0.113137 -0.015000 0.042426 0.113137 -0.010000 0.038891 0.109602 -0.010000 
0.042426 0.113137 -0.015000 0.045962 0.116673 -0.015000 0.045962 0.116673 -0.010000 0.042426 0.113137 -0.010000 
0.045962 0.116673 -0.015000 0.049497 0.120208 -0.015000 0.049497 0.120208 -0.010000 0.045962 0.116673 -0.010000 
0.049497 0.120208 -0.015000 0.053033 0.123744 -0.015000 0.053033 0.123744 -0.010000 0.049497 0.120208 -0.010000 
0.053033 0.123744 -0.015000 0.056569 0.127279 -0.015000 0.056569 0.127279 -0.010000 0.053033 0.123744 -0.010000 
0.056569 0.127279 -0.015000 0.060104 0.130815 -0.015000 0.060104 0.130815 -0.010000 0.056569 0.127279 -0.010000 
0.060104 0.130815 -0.015000 0.063640 0.134350 -0.015000 0.063640 0.134350 -0.010000 0.060104 0.130815 -0.010000 
0.063640 0.134350 -0.015000 0.067175 0.137886 -0.015000 0.067175 0.137886 -0.010000 0.063640 0.134350 -0.010000 
0.067175 0.137886 -0.015000 0.070711 0.141421 -0.015000 0.070711 0.141421 -0.010000 0.067175 0.137886 -0.010000 
-0.070711 -0.000000 -0.020000 -0.067175 0.003536 -0.020000 -0.067175 0.003536 -0.015000 -0.070711 -0.000000 -0.015000 
-0.067175 0.003536 -0.020000 -0.063640 0.007071 -0.020000 -0.063640 0.007071 -0.015000 -0.067175 0.003536 -0.015000 
-0.063640 0.007071 -0.020000 -0.060104 0.010607 -0.020000 -0.060104 0.010607 -0.015000 -0.063640 0.007071 -0.015000 
-0.060104 0.010607 -0.020000 -0.056569 0.014142 -0.020000 -0.056569 0.014142 -0.015000 -0.060104 0.010607 -0.015000 
-0.056569 0.014142 -0.020000 -0.053033 0.017678 -0.020000 -0.053033 0.017678 -0.015000 -0.056569 0.014142 -0.015000 
-0.053033 0.017678 -0.020000 -0.049497 0.021213 -0.020000 -0.049497 0.021213 -0.015000 -0.053033 0.017678 -0.015000 
-0.049497 0.021213 -0.020000 -0.045962 0.024749 -0.020000 -0.045962 0.024749 -0.015000 -0.049497 0.021213 -0.015000 
-0.045962 0.024749 -0.020000 -0.042426 0.028284 -0.020000 -0.042426 0.028284 -0.015000 -0.045962 0.024749 -0.015000 
-0.042426 0.028284 -0.020000 -0.038891 0.031820 -0.020000 -0.038891 0.031820 -0.015000 -0.042426 0.028284 -0.015000 
-0.038891 0.031820 -0.020000 -0.035355 0.035355 -0.020000 -0.035355 0.035355 -0.015000 -0.038891 0.031820 -0.015000 
-0.035355 0.035355 -0.020000 -0.031820 0.038891 -0.020000 -0.031820 0.038891 -0.015000 -0.035355 0.035355 -0.015000 
-0.031820 0.038891 -0.020000 -0.028284 0.042426 -0.020000 -0.028284 0.042426 -0.015000 -0.031820 0.038891 -0.015000 
-0.028284 0.042426 -0.020000 -0.024749 0.045962 -0.020000 -0.024749 0.045962 -0.015000 -0.028284 0.042426 -0.015000 
-0.024749 0.045962 -0.020000 -0.021213 0.049497 -0.020000 -0.021213 0.049497 -0.015000 -0.024749 0.045962 -0.015000 
-0.021213 0.049497 -0.020000 -0.017678 0.053033 -0.020000 -0.017678 0.053033 -0.015000 -0.021213 0.049497 -0.015000 
-0.017678 0.053033 -0.020000 -0.014142 0.056569 -0.020000 -0.014142 0.056569 -0.015000 -0.017678 0.053033 -0.015000 
-0.014142 0.056569 -0.020000 -0.010607 0.060104 -0.020000 -0.010607 0.060104 -0.015000 -0.014142 0.056569 -0.015000 
-0.010607 0.060104 -0.020000 -0.007071 0.063640 -0.020000 -0.007071 0.063640 -0.015000 -0.010607 0.060104 -0.015000 
-0.007071 0.063640 -0.020000 -0.003536 0.067175 -0.020000 -0.003536 0.067175 -0.015000 -0.007071 0.063640 -0.015000 
-0.003536 0.067175 -0.020000 -0.000000 0.070711 -0.020000 -0.000000 0.070711 -0.015000 -0.003536 0.067175 -0.015000 
-0.000000 0.070711 -0.020000 0.003536 0.074246 -0.020000 0.003536 0.074246 -0.015000 -0.000000 0.070711 -0.015000 
0.003536 0.074246 -0.020000 0.007071 0.077782 -0.020000 0.007071 0.077782 -0.015000 0.003536 0.074246 -0.015000 
0.007071 0.077782 -0.020000 0.010607 0.081317 -0.020000 0.010607 0.081317 -0.015000 0.007071 0.077782 -0.015000 
0.010607 0.081317 -0.020000 0.014142 0.084853 -0.020000 0.014142 0.084853 -0.015000 0.010607 0.081317 -0.015000 
0.014142 0.084853 -0.020000 0.017678 0.088388 -0.020000 0.017678 0.088388 -0.015000 0.014142 0.084853 -0.015000 
0.017678 0.088388 -0.020000 0.021213 0.091924 -0.020000 0.021213 0.091924 -0.015000 0.017678 0.088388 -0.015000 
0.021213 0.091924 -0.020000 0.024749 0.095459 -0.020000 0.024749 0.095459 -0.015000 0.021213 0.091924 -0.015000 
0.024749 0.095459 -0.020000 0.028284 0.098995 -0.020000 0.028284 0.098995 -0.015000 0.024749 0.095459 -0.015000 
0.028284 0.098995 -0.020000 0.031820 0.102530 -0.020000 0.031820 0.102530 -0.015000 0.028284 0.098995 -0.015000 
0.031820 0.102530 -0.020000 0.035355 0.106066 -0.020000 0.035355 0.106066 -0.015000 0.031820 0.102530 -0.015000 
0.035355 0.106066 -0.020000 0.038891 0.109602 -0.020000 0.038891 0.109602 -0.015000 0.035355 0.106066 -0.015000 
0.038891 0.109602 -0.020000 0.042426 0.113137 -0.020000 0.042426 0.113137 -0.015000 0.038891 0.109602 -0.015000 
0.042426 0.113137 -0.020000 0.045962 0.116673 -0.020000 0.045962 0.116673 -0.015000 0.042426 0.113137 -0.015000 
0.045962 0.116673 -0.020000 0.049497 0.120208 -0.020000 0.049497 0.120208 -0.015000 0.045962 0.116673 -0.015000 
0.049497 0.120208 -0.020000 0.053033 0.123744 -0.020000 0.053033 0.123744 -0.015000 0.049497 0.120208 -0.015000 
0.053033 0.123744 -0.020000 0.056569 0.127279 -0.020000 0.056569 0.127279 -0.015000 0.053033 0.123744 -0.015000 
0.056569 0.127279 -0.020000 0.060104 0.130815 -0.020000 0.060104 0.130815 -0.015000 0.056569 0.127279 -0.015000 
0.060104 0.130815 -0.020000 0.063640 0.134350 -0.020000 0.063640 0.134350 -0.015000 0.060104 0.130815 -0.015000 
0.063640 0.134350 -0.020000 0.067175 0.137886 -0.020000 0.067175 0.137886 -0.015000 0.063640 0.134350 -0.015000 
0.067175 0.137886 -0.020000 0.070711 0.141421 -0.020000 0.070711 0.141421 -0.015000 0.067175 0.137886 -0.015000 
-0.070711 -0.000000 -0.025000 -0.067175 0.003536 -0.025000 -0.067175 0.003536 -0.020000 -0.070711 -0.000000 -0.020000 
-0.067175 0.003536 -0.025000 -0.063640 0.007071 -0.025000 -0.063640 0.007071 -0.020000 -0.067175 0.003536 -0.020000 
-0.063640 0.007071 -0.025000 -0.060104 0.010607 -0.025000 -0.060104 0.010607 -0.020000 -0.063640 0.007071 -0.020000 
-0.060104 0.010607 -0.025000 -0.056569 0.014142 -0.025000 -0.056569 0.014142 -0.020000 -0.060104 0.010607 -0.020000 
-0.056569 0.014142 -0.025000 -0.053033 0.017678 -0.025000 -0.053033 0.017678 -0.020000 -0.056569 0.014142 -0.020000 
-0.053033 0.017678 -0.025000 -0.049497 0.021213 -0.025000 -0.049497 0.021213 -0.020000 -0.053033 0.017678 -0.020000 
-0.049497 0.021213 -0.025000 -0.045962 0.024749 -0.025000 -0.045962 0.024749 -0.020000 -0.049497 0.021213 -0.020000 
-0.045962 0.024749 -0.025000 -0.042426 0.028284 -0.025000 -0.042426 0.028284 -0.020000 -0.045962 0.024749 -0.020000 
-0.042426 0.028284 -0.025000 -0.038891 0.031820 -0.025000 -0.038891 0.031820 -0.020000 -0.042426 0.028284 -0.020000 
-0.038891 0.031820 -0.025000 -0.035355 0.035355 -0.025000 -0.035355 0.035355 -0.020000 -0.038891 0.031820 -0.020000 
-0.035355 0.035355 -0.025000 -0.031820 0.038891 -0.025000 -0.031820 0.038891 -0.020000 -0.035355 0.035355 -0.020000 
-0.031820 0.038891 -0.025000 -0.028284 0.042426 -0.025000 -0.028284 0.042426 -0.020000 -0.031820 0.038891 -0.020000 
-0.028284 0.042426 -0.025000 -0.024749 0.045962 -0.025000 -0.024749 0.045962 -0.020000 -0.028284 0.042426 -0.020000 
-0.024749 0.045962 -0.025000 -0.021213 0.049497 -0.025000 -0.021213 0.049497 -0.020000 -0.024749 0.045962 -0.020000 
-0.021213 0.049497 -0.025000 -0.017678 0.053033 -0.025000 -0.017678 0.053033 -0.020000 -0.021213 0.049497 -0.020000 
-0.017678 0.053033 -0.025000 -0.014142 0.056569 -0.025000 -0.014142 0.056569 -0.020000 -0.017678 0.053033 -0.020000 
-0.014142 0.056569 -0.025000 -0.010607 0.060104 -0.025000 -0.010607 0.060104 -0.020000 -0.014142 0.056569 -0.020000 
-0.010607 0.060104 -0.025000 -0.007071 0.063640 -0.025000 -0.007071 0.063640 -0.020000 -0.010607 0.060104 -0.020000 
-0.007071 0.063640 -0.025000 -0.003536 0.067175 -0.025000 -0.003536 0.067175 -0.020000 -0.007071 0.063640 -0.020000 
-0.003536 0.067175 -0.025000 -0.000000 0.070711 -0.025000 -0.000000 0.070711 -0.020000 -0.003536 0.067175 -0.020000 
-0.000000 0.070711 -0.025000 0.003536 0.074246 -0.025000 0.003536 0.074246 -0.020000 -0.000000 0.070711 -0.020000 
0.003536 0.074246 -0.025000 0.007071 0.077782 -0.025000 0.007071 0.077782 -0.020000 0.003536 0.074246 -0.020000 
0.007071 0.077782 -0.025000 0.010607 0.081317 -0.025000 0.010607 0.081317 -0.020000 0.007071 0.077782 -0.020000 
0.010607 0.081317 -0.025000 0.014142 0.084853 -0.025000 0.014142 0.084853 -0.020000 0.010607 0.081317 -0.020000 
0.014142 0.084853 -0.025000 0.017678 0.088388 -0.025000 0.017678 0.088388 -0.020000 0.014142 0.084853 -0.020000 
0.017678 0.088388 -0.025000 0.021213 0.091924 -0.025000 0.021213 0.091924 -0.020000 0.017678 0.088388 -0.020000 
0.021213 0.091924 -0.025000 0.024749 0.095459 -0.025000 0.024749 0.095459 -0.020000 0.021213 0.091924 -0.020000 
0.024749 0.095459 -0.025000 0.028284 0.098995 -0.025000 0.028284 0.098995 -0.020000 0.024749 0.095459 -0.020000 
0.028284 0.098995 -0.025000 0.031820 0.102530 -0.025000 0.031820 0.102530 -0.020000 0.028284 0.098995 -0.020000 
0.031820 0.102530 -0.025000 0.035355 0.106066 -0.025000 0.035355 0.106066 -0.020000 0.031820 0.102530 -0.020000 
0.035355 0.106066 -0.025000 0.038891 0.109602 -0.025000 0.038891 0.109602 -0.020000 0.035355 0.106066 -0.020000 
0.038891 0.109602 -0.025000 0.042426 0.113137 -0.025000 0.042426 0.113137 -0.020000 0.038891 0.109602 -0.020000 
0.042426 0.113137 -0.025000 0.045962 0.116673 -0.025000 0.045962 0.116673 -0.020000 0.042426 0.113137 -0.020000 
0.045962 0.116673 -0.025000 0.049497 0.120208 -0.025000 0.049497 0.120208 -0.020000 0.045962 0.116673 -0.020000 
0.049497 0.120208 -0.025000 0.053033 0.123744 -0.025000 0.053033 0.123744 -0.020000 0.049497 0.120208 -0.020000 
0.053033 0.123744 -0.025000 0.056569 0.127279 -0.025000 0.056569 0.127279 -0.020000 0.053033 0.123744 -0.020000 
0.056569 0.127279 -0.025000 0.060104 0.130815 -0.025000 0.060104 0.130815 -0.020000 0.056569 0.127279 -0.020000 
0.060104 0.130815 -0.025000 0.063640 0.134350 -0.025000 0.063640 0.134350 -0.020000 0.060104 0.130815 -0.020000 
0.063640 0.134350 -0.025000 0.067175 0.137886 -0.025000 0.067175 0.137886 -0.020000 0.063640 0.134350 -0.020000 
0.067175 0.137886 -0.025000 0.070711 0.141421 -0.025000 0.070711 0.141421 -0.020000 0.067175 0.137886 -0.020000 
-0.070711 -0.000000 -0.030000 -0.067175 0.003536 -0.030000 -0.067175 0.003536 -0.025000 -0.070711 -0.000000 -0.025000 
-0.067175 0.003536 -0.030000 -0.063640 0.007071 -0.030000 -0.063640 0.007071 -0.025000 -0.067175 0.003536 -0.025000 
-0.063640 0.007071 -0.030000 -0.060104 0.010607 -0.030000 -0.060104 0.010607 -0.025000 -0.063640 0.007071 -0.025000 
-0.060104 0.010607 -0.030000 -0.056569 0.014142 -0.030000 -0.056569 0.014142 -0.025000 -0.060104 0.010607 -0.025000 
-0.056569 0.014142 -0.030000 -0.053033 0.017678 -0.030000 -0.053033 0.017678 -0.025000 -0.056569 0.014142 -0.025000 
-0.053033 0.017678 -0.030000 -0.049497 0.021213 -0.030000 -0.049497 0.021213 -0.025000 -0.053033 0.017678 -0.025000 
-0.049497 0.021213 -0.030000 -0.045962 0.024749 -0.030000 -0.045962 0.024749 -0.025000 -0.049497 0.021213 -0.025000 
-0.045962 0.024749 -0.030000 -0.042426 0.028284 -0.030000 -0.042426 0.028284 -0.025000 -0.045962 0.024749 -0.025000 
-0.042426 0.028284 -0.030000 -0.038891 0.031820 -0.030000 -0.038891 0.031820 -0.025000 -0.042426 0.028284 -0.025000 
-0.038891 0.031820 -0.030000 -0.035355 0.035355 -0.030000 -0.035355 0.035355 -0.025000 -0.038891 0.031820 -0.025000 
-0.035355 0.035355 -0.030000 -0.031820 0.038891 -0.030000 -0.031820 0.038891 -0.025000 -0.035355 0.035355 -0.025000 
-0.031820 0.038891 -0.030000 -0.028284 0.042426 -0.030000 -0.028284 0.042426 -0.025000 -0.031820 0.038891 -0.025000 
-0.028284 0.042426 -0.030000 -0.024749 0.045962 -0.030000 -0.024749 0.045962 -0.025000 -0.028284 0.042426 -0.025000 
-0.024749 0.045962 -0.030000 -0.021213 0.049497 -0.030000 -0.021213 0.049497 -0.025000 -0.024749 0.045962 -0.025000 
-0.021213 0.049497 -0.030000 -0.017678 0.053033 -0.030000 -0.017678 0.053033 -0.025000 -0.021213 0.049497 -0.025000 
-0.017678 0.053033 -0.030000 -0.014142 0.056569 -0.030000 -0.014142 0.056569 -0.025000 -0.017678 0.053033 -0.025000 
-0.014142 0.056569 -0.030000 -0.010607 0.060104 -0.030000 -0.010607 0.060104 -0.025000 -0.014142 0.056569 -0.025000 
-0.010607 0.060104 -0.030000 -0.007071 0.063640 -0.030000 -0.007071 0.063640 -0.025000 -0.010607 0.060104 -0.025000 
-0.007071 0.063640 -0.030000 -0.003536 0.067175 -0.030000 -0.003536 0.067175 -0.025000 -0.007071 0.063640 -0.025000 
-0.003536 0.067175 -0.030000 -0.000000 0.070711 -0.030000 -0.000000 0.070711 -0.025000 -0.003536 0.067175 -0.025000 
-0.000000 0.070711 -0.030000 0.003536 0.074246 -0.030000 0.003536 0.074246 -0.025000 -0.000000 0.070711 -0.025000 
0.003536 0.074246 -0.030000 0.007071 0.077782 -0.030000 0.007071 0.077782 -0.025000 0.003536 0.074246 -0.025000 
0.007071 0.077782 -0.030000 0.010607 0.081317 -0.030000 0.010607 0.081317 -0.025000 0.007071 0.077782 -0.025000 
0.010607 0.081317 -0.030000 0.014142 0.084853 -0.030000 0.014142 0.084853 -0.025000 0.010607 0.081317 -0.025000 
0.014142 0.084853 -0.030000 0.017678 0.088388 -0.030000 0.017678 0.088388 -0.025000 0.014142 0.084853 -0.025000 
0.017678 0.088388 -0.030000 0.021213 0.091924 -0.030000 0.021213 0.091924 -0.025000 0.017678 0.088388 -0.025000 
0.021213 0.091924 -0.030000 0.024749 0.095459 -0.030000 0.024749 0.095459 -0.025000 0.021213 0.091924 -0.025000 
0.024749 0.095459 -0.030000 0.028284 0.098995 -0.030000 0.028284 0.098995 -0.025000 0.024749 0.095459 -0.025000 
0.028284 0.098995 -0.030000 0.031820 0.102530 -0.030000 0.031820 0.102530 -0.025000 0.028284 0.098995 -0.025000 
0.031820 0.102530 -0.030000 0.035355 0.106066 -0.030000 0.035355 0.106066 -0.025000 0.031820 0.102530 -0.025000 
0.035355 0.106066 -0.030000 0.038891 0.109602 -0.030000 0.038891 0.109602 -0.025000 0.035355 0.106066 -0.025000 
0.038891 0.109602 -0.030000 0.042426 0.113137 -0.030000 0.042426 0.113137 -0.025000 0.038891 0.109602 -0.025000 
0.042426 0.113137 -0.030000 0.045962 0.116673 -0.030000 0.045962 0.116673 -0.025000 0.042426 0.113137 -0.025000 
0.045962 0.116673 -0.030000 0.049497 0.120208 -0.030000 0.049497 0.120208 -0.025000 0.045962 0.116673 -0.025000 
0.049497 0.120208 -0.030000 0.053033 0.123744 -0.030000 0.053033 0.123744 -0.025000 0.049497 0.120208 -0.025000 
0.053033 0.123744 -0.030000 0.056569 0.127279 -0.030000 0.056569 0.127279 -0.025000 0.053033 0.123744 -0.025000 
0.056569 0.127279 -0.030000 0.060104 0.130815 -0.030000 0.060104 0.130815 -0.025000 0.056569 0.127279 -0.025000 
0.060104 0.130815 -0.030000 0.063640 0.134350 -0.030000 0.063640 0.134350 -0.025000 0.060104 0.130815 -0.025000 
0.063640 0.134350 -0.030000 0.067175 0.137886 -0.030000 0.067175 0.137886 -0.025000 0.063640 0.134350 -0.025000 
0.067175 0.137886 -0.030000 0.070711 0.141421 -0.030000 0.070711 0.141421 -0.025000 0.067175 0.137886 -0.025000 
-0.070711 -0.000000 -0.035000 -0.067175 0.003536 -0.035000 -0.067175 0.003536 -0.030000 -0.070711 -0.000000 -0.030000 
-0.067175 0.003536 -0.035000 -0.063640 0.007071 -0.035000 -0.063640 0.007071 -0.030000 -0.067175 0.003536 -0.030000 
-0.063640 0.007071 -0.035000 -0.060104 0.010607 -0.035000 -0.060104 0.010607 -0.030000 -0.063640 0.007071 -0.030000 
-0.060104 0.010607 -0.035000 -0.056569 0.014142 -0.035000 -0.056569 0.014142 -0.030000 -0.060104 0.010607 -0.030000 
-0.056569 0.014142 -0.035000 -0.053033 0.017678 -0.035000 -0.053033 0.017678 -0.030000 -0.056569 0.014142 -0.030000 
-0.053033 0.017678 -0.035000 -0.049497 0.021213 -0.035000 -0.049497 0.021213 -0.030000 -0.053033 0.017678 -0.030000 
-0.049497 0.021213 -0.035000 -0.045962 0.024749 -0.035000 -0.045962 0.024749 -0.030000 -0.049497 0.021213 -0.030000 
-0.045962 0.024749 -0.035000 -0.042426 0.028284 -0.035000 -0.042426 0.028284 -0.030000 -0.045962 0.024749 -0.030000 
-0.042426 0.028284 -0.035000 -0.038891 0.031820 -0.035000 -0.038891 0.031820 -0.030000 -0.042426 0.028284 -0.030000 
-0.038891 0.031820 -0.035000 -0.035355 0.035355 -0.035000 -0.035355 0.035355 -0.030000 -0.038891 0.031820 -0.030000 
-0.035355 0.035355 -0.035000 -0.031820 0.038891 -0.035000 -0.031820 0.038891 -0.030000 -0.035355 0.035355 -0.030000 
-0.031820 0.038891 -0.035000 -0.028284 0.042426 -0.035000 -0.028284 0.042426 -0.030000 -0.031820 0.038891 -0.030000 
-0.028284 0.042426 -0.035000 -0.024749 0.045962 -0.035000 -0.024749 0.045962 -0.030000 -0.028284 0.042426 -0.030000 
-0.024749 0.045962 -0.035000 -0.021213 0.049497 -0.035000 -0.021213 0.049497 -0.030000 -0.024749 0.045962 -0.030000 
-0.021213 0.049497 -0.035000 -0.017678 0.053033 -0.035000 -0.017678 0.053033 -0.030000 -0.021213 0.049497 -0.030000 
-0.017678 0.053033 -0.035000 -0.014142 0.056569 -0.035000 -0.014142 0.056569 -0.030000 -0.017678 0.053033 -0.030000 
-0.014142 0.056569 -0.035000 -0.010607 0.060104 -0.035000 -0.010607 0.060104 -0.030000 -0.014142 0.056569 -0.030000 
-0.010607 0.060104 -0.035000 -0.007071 0.063640 -0.035000 -0.007071 0.063640 -0.030000 -0.010607 0.060104 -0.030000 
-0.007071 0.063640 -0.035000 -0.003536 0.067175 -0.035000 -0.003536 0.067175 -0.030000 -0.007071 0.063640 -0.030000 
-0.003536 0.067175 -0.035000 -0.000000 0.070711 -0.035000 -0.000000 0.070711 -0.030000 -0.003536 0.067175 -0.030000 
-0.000000 0.070711 -0.035000 0.003536 0.074246 -0.035000 0.003536 0.074246 -0.030000 -0.000000 0.070711 -0.030000 
0.003536 0.074246 -0.035000 0.007071 0.077782 -0.035000 0.007071 0.077782 -0.030000 0.003536 0.074246 -0.030000 
0.007071 0.077782 -0.035000 0.010607 0.081317 -0.035000 0.010607 0.081317 -0.030000 0.007071 0.077782 -0.030000 
0.010607 0.081317 -0.035000 0.014142 0.084853 -0.035000 0.014142 0.084853 -0.030000 0.010607 0.081317 -0.030000 
0.014142 0.084853 -0.035000 0.017678 0.088388 -0.035000 0.017678 0.088388 -0.030000 0.014142 0.084853 -0.030000 
0.017678 0.088388 -0.035000 0.021213 0.091924 -0.035000 0.021213 0.091924 -0.030000 0.017678 0.088388 -0.030000 
0.021213 0.091924 -0.035000 0.024749 0.095459 -0.035000 0.024749 0.095459 -0.030000 0.021213 0.091924 -0.030000 
0.024749 0.095459 -0.035000 0.028284 0.098995 -0.035000 0.028284 0.098995 -0.030000 0.024749 0.095459 -0.030000 
0.028284 0.098995 -0.035000 0.031820 0.102530 -0.035000 0.031820 0.102530 -0.030000 0.028284 0.098995 -0.030000 
0.031820 0.102530 -0.035000 0.035355 0.106066 -0.035000 0.035355 0.106066 -0.030000 0.031820 0.102530 -0.030000 
0.035355 0.106066 -0.035000 0.038891 0.109602 -0.035000 0.038891 0.109602 -0.030000 0.035355 0.106066 -0.030000 
0.038891 0.109602 -0.035000 0.042426 0.113137 -0.035000 0.042426 0.113137 -0.030000 0.038891 0.109602 -0.030000 
0.042426 0.113137 -0.035000 0.045962 0.116673 -0.035000 0.045962 0.116673 -0.030000 0.042426 0.113137 -0.030000 
0.045962 0.116673 -0.035000 0.049497 0.120208 -0.035000 0.049497 0.120208 -0.030000 0.045962 0.116673 -0.030000 
0.049497 0.120208 -0.035000 0.053033 0.123744 -0.035000 0.053033 0.123744 -0.030000 0.049497 0.120208 -0.030000 
0.053033 0.123744 -0.035000 0.056569 0.127279 -0.035000 0.056569 0.127279 -0.030000 0.053033 0.123744 -0.030000 
0.056569 0.127279 -0.035000 0.060104 0.130815 -0.035000 0.060104 0.130815 -0.030000 0.056569 0.127279 -0.030000 
0.060104 0.130815 -0.035000 0.063640 0.134350 -0.035000 0.063640 0.134350 -0.030000 0.060104 0.130815 -0.030000 
0.063640 0.134350 -0.035000 0.067175 0.137886 -0.035000 0.067175 0.137886 -0.030000 0.063640 0.134350 -0.030000 
0.067175 0.137886 -0.035000 0.070711 0.141421 -0.035000 0.070711 0.141421 -0.030000 0.067175 0.137886 -0.030000 
-0.070711 -0.000000 -0.040000 -0.067175 0.003536 -0.040000 -0.067175 0.003536 -0.035000 -0.070711 -0.000000 -0.035000 
-0.067175 0.003536 -0.040000 -0.063640 0.007071 -0.040000 -0.063640 0.007071 -0.035000 -0.067175 0.003536 -0.035000 
-0.063640 0.007071 -0.040000 -0.060104 0.010607 -0.040000 -0.060104 0.010607 -0.035000 -0.063640 0.007071 -0.035000 
-0.060104 0.010607 -0.040000 -0.056569 0.014142 -0.040000 -0.056569 0.014142 -0.035000 -0.060104 0.010607 -0.035000 
-0.056569 0.014142 -0.040000 -0.053033 0.017678 -0.040000 -0.053033 0.017678 -0.035000 -0.056569 0.014142 -0.035000 
-0.053033 0.017678 -0.040000 -0.049497 0.021213 -0.040000 -0.049497 0.021213 -0.035000 -0.053033 0.017678 -0.035000 
-0.049497 0.021213 -0.040000 -0.045962 0.024749 -0.040000 -0.045962 0.024749 -0.035000 -0.049497 0.021213 -0.035000 
-0.045962 0.024749 -0.040000 -0.042426 0.028284 -0.040000 -0.042426 0.028284 -0.035000 -0.045962 0.024749 -0.035000 
-0.042426 0.028284 -0.040000 -0.038891 0.031820 -0.040000 -0.038891 0.031820 -0.035000 -0.042426 0.028284 -0.035000 
-0.038891 0.031820 -0.040000 -0.035355 0.035355 -0.040000 -0.035355 0.035355 -0.035000 -0.038891 0.031820 -0.035000 
-0.035355 0.035355 -0.040000 -0.031820 0.038891 -0.040000 -0.031820 0.038891 -0.035000 -0.035355 0.035355 -0.035000 
-0.031820 0.038891 -0.040000 -0.028284 0.042426 -0.040000 -0.028284 0.042426 -0.035000 -0.031820 0.038891 -0.035000 
-0.028284 0.042426 -0.040000 -0.024749 0.045962 -0.040000 -0.024749 0.045962 -0.035000 -0.028284 0.042426 -0.035000 
-0.024749 0.045962 -0.040000 -0.021213 0.049497 -0.040000 -0.021213 0.049497 -0.035000 -0.024749 0.045962 -0.035000 
-0.021213 0.049497 -0.040000 -0.017678 0.053033 -0.040000 -0.017678 0.053033 -0.035000 -0.021213 0.049497 -0.035000 
-0.017678 0.053033 -0.040000 -0.014142 0.056569 -0.040000 -0.014142 0.056569 -0.035000 -0.017678 0.053033 -0.035000 
-0.014142 0.056569 -0.040000 -0.010607 0.060104 -0.040000 -0.010607 0.060104 -0.035000 -0.014142 0.056569 -0.035000 
-0.010607 0.060104 -0.040000 -0.007071 0.063640 -0.040000 -0.007071 0.063640 -0.035000 -0.010607 0.060104 -0.035000 
-0.007071 0.063640 -0.040000 -0.003536 0.067175 -0.040000 -0.003536 0.067175 -0.035000 -0.007071 0.063640 -0.035000 
-0.003536 0.067175 -0.040000 -0.000000 0.070711 -0.040000 -0.000000 0.070711 -0.035000 -0.003536 0.067175 -0.035000 
-0.000000 0.070711 -0.040000 0.003536 0.074246 -0.040000 0.003536 0.074246 -0.035000 -0.000000 0.070711 -0.035000 
0.003536 0.074246 -0.040000 0.007071 0.077782 -0.040000 0.007071 0.077782 -0.035000 0.003536 0.074246 -0.035000 
0.007071 0.077782 -0.040000 0.010607 0.081317 -0.040000 0.010607 0.081317 -0.035000 0.007071 0.077782 -0.035000 
0.010607 0.081317 -0.040000 0.014142 0.084853 -0.040000 0.014142 0.084853 -0.035000 0.010607 0.081317 -0.035000 
0.014142 0.084853 -0.040000 0.017678 0.088388 -0.040000 0.017678 0.088388 -0.035000 0.014142 0.084853 -0.035000 
0.017678 0.088388 -0.040000 0.021213 0.091924 -0.040000 0.021213 0.091924 -0.035000 0.017678 0.088388 -0.035000 
0.021213 0.091924 -0.040000 0.024749 0.095459 -0.040000 0.024749 0.095459 -0.035000 0.021213 0.091924 -0.035000 
0.024749 0.095459 -0.040000 0.028284 0.098995 -0.040000 0.028284 0.098995 -0.035000 0.024749 0.095459 -0.035000 
0.028284 0.098995 -0.040000 0.031820 0.102530 -0.040000 0.031820 0.102530 -0.035000 0.028284 0.098995 -0.035000 
0.031820 0.102530 -0.040000 0.035355 0.106066 -0.040000 0.035355 0.106066 -0.035000 0.031820 0.102530 -0.035000 
0.035355 0.106066 -0.040000 0.038891 0.109602 -0.040000 0.038891 0.109602 -0.035000 0.035355 0.106066 -0.035000 
0.038891 0.109602 -0.040000 0.042426 0.113137 -0.040000 0.042426 0.113137 -0.035000 0.038891 0.109602 -0.035000 
0.042426 0.113137 -0.040000 0.045962 0.116673 -0.040000 0.045962 0.116673 -0.035000 0.042426 0.113137 -0.035000 
0.045962 0.116673 -0.040000 0.049497 0.120208 -0.040000 0.049497 0.120208 -0.035000 0.045962 0.116673 -0.035000 
0.049497 0.120208 -0.040000 0.053033 0.123744 -0.040000 0.053033 0.123744 -0.035000 0.049497 0.120208 -0.035000 
0.053033 0.123744 -0.040000 0.056569 0.127279 -0.040000 0.056569 0.127279 -0.035000 0.053033 0.123744 -0.035000 
0.056569 0.127279 -0.040000 0.060104 0.130815 -0.040000 0.060104 0.130815 -0.035000 0.056569 0.127279 -0.035000 
0.060104 0.130815 -0.040000 0.063640 0.134350 -0.040000 0.063640 0.134350 -0.035000 0.060104 0.130815 -0.035000 
0.063640 0.134350 -0.040000 0.067175 0.137886 -0.040000 0.067175 0.137886 -0.035000 0.063640 0.134350 -0.035000 
0.067175 0.137886 -0.040000 0.070711 0.141421 -0.040000 0.070711 0.141421 -0.035000 0.067175 0.137886 -0.035000 
-0.070711 -0.000000 -0.045000 -0.067175 0.003536 -0.045000 -0.067175 0.003536 -0.040000 -0.070711 -0.000000 -0.040000 
-0.067175 0.003536 -0.045000 -0.063640 0.007071 -0.045000 -0.063640 0.007071 -0.040000 -0.067175 0.003536 -0.040000 
-0.063640 0.007071 -0.045000 -0.060104 0.010607 -0.045000 -0.060104 0.010607 -0.040000 -0.063640 0.007071 -0.040000 
-0.060104 0.010607 -0.045000 -0.056569 0.014142 -0.045000 -0.056569 0.014142 -0.040000 -0.060104 0.010607 -0.040000 
-0.056569 0.014142 -0.045000 -0.053033 0.017678 -0.045000 -0.053033 0.017678 -0.040000 -0.056569 0.014142 -0.040000 
-0.053033 0.017678 -0.045000 -0.049497 0.021213 -0.045000 -0.049497 0.021213 -0.040000 -0.053033 0.017678 -0.040000 
-0.049497 0.021213 -0.045000 -0.045962 0.024749 -0.045000 -0.045962 0.024749 -0.040000 -0.049497 0.021213 -0.040000 
-0.045962 0.024749 -0.045000 -0.042426 0.028284 -0.045000 -0.042426 0.028284 -0.040000 -0.045962 0.024749 -0.040000 
-0.042426 0.028284 -0.045000 -0.038891 0.031820 -0.045000 -0.038891 0.031820 -0.040000 -0.042426 0.028284 -0.040000 
-0.038891 0.031820 -0.045000 -0.035355 0.035355 -0.045000 -0.035355 0.035355 -0.040000 -0.038891 0.031820 -0.040000 
-0.035355 0.035355 -0.045000 -0.031820 0.038891 -0.045000 -0.031820 0.038891 -0.040000 -0.035355 0.035355 -0.040000 
-0.031820 0.038891 -0.045000 -0.028284 0.042426 -0.045000 -0.028284 0.042426 -0.040000 -0.031820 0.038891 -0.040000 
-0.028284 0.042426 -0.045000 -0.024749 0.045962 -0.045000 -0.024749 0.045962 -0.040000 -0.028284 0.042426 -0.040000 
-0.024749 0.045962 -0.045000 -0.021213 0.049497 -0.045000 -0.021213 0.049497 -0.040000 -0.024749 0.045962 -0.040000 
-0.021213 0.049497 -0.045000 -0.017678 0.053033 -0.045000 -0.017678 0.053033 -0.040000 -0.021213 0.049497 -0.040000 
-0.017678 0.053033 -0.045000 -0.014142 0.056569 -0.045000 -0.014142 0.056569 -0.040000 -0.017678 0.053033 -0.040000 
-0.014142 0.056569 -0.045000 -0.010607 0.060104 -0.045000 -0.010607 0.060104 -0.040000 -0.014142 0.056569 -0.040000 
-0.010607 0.060104 -0.045000 -0.007071 0.063640 -0.045000 -0.007071 0.063640 -0.040000 -0.010607 0.060104 -0.040000 
-0.007071 0.063640 -0.045000 -0.003536 0.067175 -0.045000 -0.003536 0.067175 -0.040000 -0.007071 0.063640 -0.040000 
-0.003536 0.067175 -0.045000 -0.000000 0.070711 -0.045000 -0.000000 0.070711 -0.040000 -0.003536 0.067175 -0.040000 
-0.000000 0.070711 -0.045000 0.003536 0.074246 -0.045000 0.003536 0.074246 -0.040000 -0.000000 0.070711 -0.040000 
0.003536 0.074246 -0.045000 0.007071 0.077782 -0.045000 0.007071 0.077782 -0.040000 0.003536 0.074246 -0.040000 
0.007071 0.077782 -0.045000 0.010607 0.081317 -0.045000 0.010607 0.081317 -0.040000 0.007071 0.077782 -0.040000 
0.010607 0.081317 -0.045000 0.014142 0.084853 -0.045000 0.014142 0.084853 -0.040000 0.010607 0.081317 -0.040000 
0.014142 0.084853 -0.045000 0.017678 0.088388 -0.045000 0.017678 0.088388 -0.040000 0.014142 0.084853 -0.040000 
0.017678 0.088388 -0.045000 0.021213 0.091924 -0.045000 0.021213 0.091924 -0.040000 0.017678 0.088388 -0.040000 
0.021213 0.091924 -0.045000 0.024749 0.095459 -0.045000 0.024749 0.095459 -0.040000 0.021213 0.091924 -0.040000 
0.024749 0.095459 -0.045000 0.028284 0.098995 -0.045000 0.028284 0.098995 -0.040000 0.024749 0.095459 -0.040000 
0.028284 0.098995 -0.045000 0.031820 0.102530 -0.045000 0.031820 0.102530 -0.040000 0.028284 0.098995 -0.040000 
0.031820 0.102530 -0.045000 0.035355 0.106066 -0.045000 0.035355 0.106066 -0.040000 0.031820 0.102530 -0.040000 
0.035355 0.106066 -0.045000 0.038891 0.109602 -0.045000 0.038891 0.109602 -0.040000 0.035355 0.106066 -0.040000 
0.038891 0.109602 -0.045000 0.042426 0.113137 -0.045000 0.042426 0.113137 -0.040000 0.038891 0.109602 -0.040000 
0.042426 0.113137 -0.045000 0.045962 0.116673 -0.045000 0.045962 0.116673 -0.040000 0.042426 0.113137 -0.040000 
0.045962 0.116673 -0.045000 0.049497 0.120208 -0.045000 0.049497 0.120208 -0.040000 0.045962 0.116673 -0.040000 
0.049497 0.120208 -0.045000 0.053033 0.123744 -0.045000 0.053033 0.123744 -0.040000 0.049497 0.120208 -0.040000 
0.053033 0.123744 -0.045000 0.056569 0.127279 -0.045000 0.056569 0.127279 -0.040000 0.053033 0.123744 -0.040000 
0.056569 0.127279 -0.045000 0.060104 0.130815 -0.045000 0.060104 0.130815 -0.040000 0.056569 0.127279 -0.040000 
0.060104 0.130815 -0.045000 0.063640 0.134350 -0.045000 0.063640 0.134350 -0.040000 0.060104 0.130815 -0.040000 
0.063640 0.134350 -0.045000 0.067175 0.137886 -0.045000 0.067175 0.137886 -0.040000 0.063640 0.134350 -0.040000 
0.067175 0.137886 -0.045000 0.070711 0.141421 -0.045000 0.070711 0.141421 -0.040000 0.067175 0.137886 -0.040000 
-0.070711 -0.000000 -0.050000 -0.067175 0.003536 -0.050000 -0.067175 0.003536 -0.045000 -0.070711 -0.000000 -0.045000 
-0.067175 0.003536 -0.050000 -0.063640 0.007071 -0.050000 -0.063640 0.007071 -0.045000 -0.067175 0.003536 -0.045000 
-0.063640 0.007071 -0.050000 -0.060104 0.010607 -0.050000 -0.060104 0.010607 -0.045000 -0.063640 0.007071 -0.045000 
-0.060104 0.010607 -0.050000 -0.056569 0.014142 -0.050000 -0.056569 0.014142 -0.045000 -0.060104 0.010607 -0.045000 
-0.056569 0.014142 -0.050000 -0.053033 0.017678 -0.050000 -0.053033 0.017678 -0.045000 -0.056569 0.014142 -0.045000 
-0.053033 0.017678 -0.050000 -0.049497 0.021213 -0.050000 -0.049497 0.021213 -0.045000 -0.053033 0.017678 -0.045000 
-0.049497 0.021213 -0.050000 -0.045962 0.024749 -0.050000 -0.045962 0.024749 -0.045000 -0.049497 0.021213 -0.045000 
-0.045962 0.024749 -0.050000 -0.042426 0.028284 -0.050000 -0.042426 0.028284 -0.045000 -0.045962 0.024749 -0.045000 
-0.042426 0.028284 -0.050000 -0.038891 0.031820 -0.050000 -0.038891 0.031820 -0.045000 -0.042426 0.028284 -0.045000 
-0.038891 0.031820 -0.050000 -0.035355 0.035355 -0.050000 -0.035355 0.035355 -0.045000 -0.038891 0.031820 -0.045000 
-0.035355 0.035355 -0.050000 -0.031820 0.038891 -0.050000 -0.031820 0.038891 -0.045000 -0.035355 0.035355 -0.045000 
-0.031820 0.038891 -0.050000 -0.028284 0.042426 -0.050000 -0.028284 0.042426 -0.045000 -0.031820 0.038891 -0.045000 
-0.028284 0.042426 -0.050000 -0.024749 0.045962 -0.050000 -0.024749 0.045962 -0.045000 -0.028284 0.042426 -0.045000 
-0.024749 0.045962 -0.050000 -0.021213 0.049497 -0.050000 -0.021213 0.049497 -0.045000 -0.024749 0.045962 -0.045000 
-0.021213 0.049497 -0.050000 -0.017678 0.053033 -0.050000 -0.017678 0.053033 -0.045000 -0.021213 0.049497 -0.045000 
-0.017678 0.053033 -0.050000 -0.014142 0.056569 -0.050000 -0.014142 0.056569 -0.045000 -0.017678 0.053033 -0.045000 
-0.014142 0.056569 -0.050000 -0.010607 0.060104 -0.050000 -0.010607 0.060104 -0.045000 -0.014142 0.056569 -0.045000 
-0.010607 0.060104 -0.050000 -0.007071 0.063640 -0.050000 -0.007071 0.063640 -0.045000 -0.010607 0.060104 -0.045000 
-0.007071 0.063640 -0.050000 -0.003536 0.067175 -0.050000 -0.003536 0.067175 -0.045000 -0.007071 0.063640 -0.045000 
-0.003536 0.067175 -0.050000 -0.000000 0.070711 -0.050000 -0.000000 0.070711 -0.045000 -0.003536 0.067175 -0.045000 
-0.000000 0.070711 -0.050000 0.003536 0.074246 -0.050000 0.003536 0.074246 -0.045000 -0.000000 0.070711 -0.045000 
0.003536 0.074246 -0.050000 0.007071 0.077782 -0.050000 0.007071 0.077782 -0.045000 0.003536 0.074246 -0.045000 
0.007071 0.077782 -0.050000 0.010607 0.081317 -0.050000 0.010607 0.081317 -0.045000 0.007071 0.077782 -0.045000 
0.010607 0.081317 -0.050000 0.014142 0.084853 -0.050000 0.014142 0.084853 -0.045000 0.010607 0.081317 -0.045000 
0.014142 0.084853 -0.050000 0.017678 0.088388 -0.050000 0.017678 0.088388 -0.045000 0.014142 0.084853 -0.045000 
0.017678 0.088388 -0.050000 0.021213 0.091924 -0.050000 0.021213 0.091924 -0.045000 0.017678 0.088388 -0.045000 
0.021213 0.091924 -0.050000 0.024749 0.095459 -0.050000 0.024749 0.095459 -0.045000 0.021213 0.091924 -0.045000 
0.024749 0.095459 -0.050000 0.028284 0.098995 -0.050000 0.028284 0.098995 -0.045000 0.024749 0.095459 -0.045000 
0.028284 0.098995 -0.050000 0.031820 0.102530 -0.050000 0.031820 0.102530 -0.045000 0.028284 0.098995 -0.045000 
0.031820 0.102530 -0.050000 0.035355 0.106066 -0.050000 0.035355 0.106066 -0.045000 0.031820 0.102530 -0.045000 
0.035355 0.106066 -0.050000 0.038891 0.109602 -0.050000 0.038891 0.109602 -0.045000 0.035355 0.106066 -0.045000 
0.038891 0.109602 -0.050000 0.042426 0.113137 -0.050000 0.042426 0.113137 -0.045000 0.038891 0.109602 -0.045000 
0.042426 0.113137 -0.050000 0.045962 0.116673 -0.050000 0.045962 0.116673 -0.045000 0.042426 0.113137 -0.045000 
0.045962 0.116673 -0.050000 0.049497 0.120208 -0.050000 0.049497 0.120208 -0.045000 0.045962 0.116673 -0.045000 
0.049497 0.120208 -0.050000 0.053033 0.123744 -0.050000 0.053033 0.123744 -0.045000 0.049497 0.120208 -0.045000 
0.053033 0.123744 -0.050000 0.056569 0.127279 -0.050000 0.056569 0.127279 -0.045000 0.053033 0.123744 -0.045000 
0.056569 0.127279 -0.050000 0.060104 0.130815 -0.050000 0.060104 0.130815 -0.045000 0.056569 0.127279 -0.045000 
0.060104 0.130815 -0.050000 0.063640 0.134350 -0.050000 0.063640 0.134350 -0.045000 0.060104 0.130815 -0.045000 
0.063640 0.134350 -0.050000 0.067175 0.137886 -0.050000 0.067175 0.137886 -0.045000 0.063640 0.134350 -0.045000 
0.067175 0.137886 -0.050000 0.070711 0.141421 -0.050000 0.070711 0.141421 -0.045000 0.067175 0.137886 -0.045000 
-0.070711 -0.000000 -0.055000 -0.067175 0.003536 -0.055000 -0.067175 0.003536 -0.050000 -0.070711 -0.000000 -0.050000 
-0.067175 0.003536 -0.055000 -0.063640 0.007071 -0.055000 -0.063640 0.007071 -0.050000 -0.067175 0.003536 -0.050000 
-0.063640 0.007071 -0.055000 -0.060104 0.010607 -0.055000 -0.060104 0.010607 -0.050000 -0.063640 0.007071 -0.050000 
-0.060104 0.010607 -0.055000 -0.056569 0.014142 -0.055000 -0.056569 0.014142 -0.050000 -0.060104 0.010607 -0.050000 
-0.056569 0.014142 -0.055000 -0.053033 0.017678 -0.055000 -0.053033 0.017678 -0.050000 -0.056569 0.014142 -0.050000 
-0.053033 0.017678 -0.055000 -0.049497 0.021213 -0.055000 -0.049497 0.021213 -0.050000 -0.053033 0.017678 -0.050000 
-0.049497 0.021213 -0.055000 -0.045962 0.024749 -0.055000 -0.045962 0.024749 -0.050000 -0.049497 0.021213 -0.050000 
-0.045962 0.024749 -0.055000 -0.042426 0.028284 -0.055000 -0.042426 0.028284 -0.050000 -0.045962 0.024749 -0.050000 
-0.042426 0.028284 -0.055000 -0.038891 0.031820 -0.055000 -0.038891 0.031820 -0.050000 -0.042426 0.028284 -0.050000 
-0.038891 0.031820 -0.055000 -0.035355 0.035355 -0.055000 -0.035355 0.035355 -0.050000 -0.038891 0.031820 -0.050000 
-0.035355 0.035355 -0.055000 -0.031820 0.038891 -0.055000 -0.031820 0.038891 -0.050000 -0.035355 0.035355 -0.050000 
-0.031820 0.038891 -0.055000 -0.028284 0.042426 -0.055000 -0.028284 0.042426 -0.050000 -0.031820 0.038891 -0.050000 
-0.028284 0.042426 -0.055000 -0.024749 0.045962 -0.055000 -0.024749 0.045962 -0.050000 -0.028284 0.042426 -0.050000 
-0.024749 0.045962 -0.055000 -0.021213 0.049497 -0.055000 -0.021213 0.049497 -0.050000 -0.024749 0.045962 -0.050000 
-0.021213 0.049497 -0.055000 -0.017678 0.053033 -0.055000 -0.017678 0.053033 -0.050000 -0.021213 0.049497 -0.050000 
-0.017678 0.053033 -0.055000 -0.014142 0.056569 -0.055000 -0.014142 0.056569 -0.050000 -0.017678 0.053033 -0.050000 
-0.014142 0.056569 -0.055000 -0.010607 0.060104 -0.055000 -0.010607 0.060104 -0.050000 -0.014142 0.056569 -0.050000 
-0.010607 0.060104 -0.055000 -0.007071 0.063640 -0.055000 -0.007071 0.063640 -0.050000 -0.010607 0.060104 -0.050000 
-0.007071 0.063640 -0.055000 -0.003536 0.067175 -0.055000 -0.003536 0.067175 -0.050000 -0.007071 0.063640 -0.050000 
-0.003536 0.067175 -0.055000 -0.000000 0.070711 -0.055000 -0.000000 0.070711 -0.050000 -0.003536 0.067175 -0.050000 
-0.000000 0.070711 -0.055000 0.003536 0.074246 -0.055000 0.003536 0.074246 -0.050000 -0.000000 0.070711 -0.050000 
0.003536 0.074246 -0.055000 0.007071 0.077782 -0.055000 0.007071 0.077782 -0.050000 0.003536 0.074246 -0.050000 
0.007071 0.077782 -0.055000 0.010607 0.081317 -0.055000 0.010607 0.081317 -0.050000 0.007071 0.077782 -0.050000 
0.010607 0.081317 -0.055000 0.014142 0.084853 -0.055000 0.014142 0.084853 -0.050000 0.010607 0.081317 -0.050000 
0.014142 0.084853 -0.055000 0.017678 0.088388 -0.055000 0.017678 0.088388 -0.050000 0.014142 0.084853 -0.050000 
0.017678 0.088388 -0.055000 0.021213 0.091924 -0.055000 0.021213 0.091924 -0.050000 0.017678 0.088388 -0.050000 
0.021213 0.091924 -0.055000 0.024749 0.095459 -0.055000 0.024749 0.095459 -0.050000 0.021213 0.091924 -0.050000 
0.024749 0.095459 -0.055000 0.028284 0.098995 -0.055000 0.028284 0.098995 -0.050000 0.024749 0.095459 -0.050000 
0.028284 0.098995 -0.055000 0.031820 0.102530 -0.055000 0.031820 0.102530 -0.050000 0.028284 0.098995 -0.050000 
0.031820 0.102530 -0.055000 0.035355 0.106066 -0.055000 0.035355 0.106066 -0.050000 0.031820 0.102530 -0.050000 
0.035355 0.106066 -0.055000 0.038891 0.109602 -0.055000 0.038891 0.109602 -0.050000 0.035355 0.106066 -0.050000 
0.038891 0.109602 -0.055000 0.042426 0.113137 -0.055000 0.042426 0.113137 -0.050000 0.038891 0.109602 -0.050000 
0.042426 0.113137 -0.055000 0.045962 0.116673 -0.055000 0.045962 0.116673 -0.050000 0.042426 0.113137 -0.050000 
0.045962 0.116673 -0.055000 0.049497 0.120208 -0.055000 0.049497 0.120208 -0.050000 0.045962 0.116673 -0.050000 
0.049497 0.120208 -0.055000 0.053033 0.123744 -0.055000 0.053033 0.123744 -0.050000 0.049497 0.120208 -0.050000 
0.053033 0.123744 -0.055000 0.056569 0.127279 -0.055000 0.056569 0.127279 -0.050000 0.053033 0.123744 -0.050000 
0.056569 0.127279 -0.055000 0.060104 0.130815 -0.055000 0.060104 0.130815 -0.050000 0.056569 0.127279 -0.050000 
0.060104 0.130815 -0.055000 0.063640 0.134350 -0.055000 0.063640 0.134350 -0.050000 0.060104 0.130815 -0.050000 
0.063640 0.134350 -0.055000 0.067175 0.137886 -0.055000 0.067175 0.137886 -0.050000 0.063640 0.134350 -0.050000 
0.067175 0.137886 -0.055000 0.070711 0.141421 -0.055000 0.070711 0.141421 -0.050000 0.067175 0.137886 -0.050000 
-0.070711 -0.000000 -0.060000 -0.067175 0.003536 -0.060000 -0.067175 0.003536 -0.055000 -0.070711 -0.000000 -0.055000 
-0.067175 0.003536 -0.060000 -0.063640 0.007071 -0.060000 -0.063640 0.007071 -0.055000 -0.067175 0.003536 -0.055000 
-0.063640 0.007071 -0.060000 -0.060104 0.010607 -0.060000 -0.060104 0.010607 -0.055000 -0.063640 0.007071 -0.055000 
-0.060104 0.010607 -0.060000 -0.056569 0.014142 -0.060000 -0.056569 0.014142 -0.055000 -0.060104 0.010607 -0.055000 
-0.056569 0.014142 -0.060000 -0.053033 0.017678 -0.060000 -0.053033 0.017678 -0.055000 -0.056569 0.014142 -0.055000 
-0.053033 0.017678 -0.060000 -0.049497 0.021213 -0.060000 -0.049497 0.021213 -0.055000 -0.053033 0.017678 -0.055000 
-0.049497 0.021213 -0.060000 -0.045962 0.024749 -0.060000 -0.045962 0.024749 -0.055000 -0.049497 0.021213 -0.055000 
-0.045962 0.024749 -0.060000 -0.042426 0.028284 -0.060000 -0.042426 0.028284 -0.055000 -0.045962 0.024749 -0.055000 
-0.042426 0.028284 -0.060000 -0.038891 0.031820 -0.060000 -0.038891 0.031820 -0.055000 -0.042426 0.028284 -0.055000 
-0.038891 0.031820 -0.060000 -0.035355 0.035355 -0.060000 -0.035355 0.035355 -0.055000 -0.038891 0.031820 -0.055000 
-0.035355 0.035355 -0.060000 -0.031820 0.038891 -0.060000 -0.031820 0.038891 -0.055000 -0.035355 0.035355 -0.055000 
-0.031820 0.038891 -0.060000 -0.028284 0.042426 -0.060000 -0.028284 0.042426 -0.055000 -0.031820 0.038891 -0.055000 
-0.028284 0.042426 -0.060000 -0.024749 0.045962 -0.060000 -0.024749 0.045962 -0.055000 -0.028284 0.042426 -0.055000 
-0.024749 0.045962 -0.060000 -0.021213 0.049497 -0.060000 -0.021213 0.049497 -0.055000 -0.024749 0.045962 -0.055000 
-0.021213 0.049497 -0.060000 -0.017678 0.053033 -0.060000 -0.017678 0.053033 -0.055000 -0.021213 0.049497 -0.055000 
-0.017678 0.053033 -0.060000 -0.014142 0.056569 -0.060000 -0.014142 0.056569 -0.055000 -0.017678 0.053033 -0.055000 
-0.014142 0.056569 -0.060000 -0.010607 0.060104 -0.060000 -0.010607 0.060104 -0.055000 -0.014142 0.056569 -0.055000 
-0.010607 0.060104 -0.060000 -0.007071 0.063640 -0.060000 -0.007071 0.063640 -0.055000 -0.010607 0.060104 -0.055000 
-0.007071 0.063640 -0.060000 -0.003536 0.067175 -0.060000 -0.003536 0.067175 -0.055000 -0.007071 0.063640 -0.055000 
-0.003536 0.067175 -0.060000 -0.000000 0.070711 -0.060000 -0.000000 0.070711 -0.055000 -0.003536 0.067175 -0.055000 
-0.000000 0.070711 -0.060000 0.003536 0.074246 -0.060000 0.003536 0.074246 -0.055000 -0.000000 0.070711 -0.055000 
0.003536 0.074246 -0.060000 0.007071 0.077782 -0.060000 0.007071 0.077782 -0.055000 0.003536 0.074246 -0.055000 
0.007071 0.077782 -0.060000 0.010607 0.081317 -0.060000 0.010607 0.081317 -0.055000 0.007071 0.077782 -0.055000 
0.010607 0.081317 -0.060000 0.014142 0.084853 -0.060000 0.014142 0.084853 -0.055000 0.010607 0.081317 -0.055000 
0.014142 0.084853 -0.060000 0.017678 0.088388 -0.060000 0.017678 0.088388 -0.055000 0.014142 0.084853 -0.055000 
0.017678 0.088388 -0.060000 0.021213 0.091924 -0.060000 0.021213 0.091924 -0.055000 0.017678 0.088388 -0.055000 
0.021213 0.091924 -0.060000 0.024749 0.095459 -0.060000 0.024749 0.095459 -0.055000 0.021213 0.091924 -0.055000 
0.024749 0.095459 -0.060000 0.028284 0.098995 -0.060000 0.028284 0.098995 -0.055000 0.024749 0.095459 -0.055000 
0.028284 0.098995 -0.060000 0.031820 0.102530 -0.060000 0.031820 0.102530 -0.055000 0.028284 0.098995 -0.055000 
0.031820 0.102530 -0.060000 0.035355 0.106066 -0.060000 0.035355 0.106066 -0.055000 0.031820 0.102530 -0.055000 
0.035355 0.106066 -0.060000 0.038891 0.109602 -0.060000 0.038891 0.109602 -0.055000 0.035355 0.106066 -0.055000 
0.038891 0.109602 -0.060000 0.042426 0.113137 -0.060000 0.042426 0.113137 -0.055000 0.038891 0.109602 -0.055000 
0.042426 0.113137 -0.060000 0.045962 0.116673 -0.060000 0.045962 0.116673 -0.055000 0.042426 0.113137 -0.055000 
0.045962 0.116673 -0.060000 0.049497 0.120208 -0.060000 0.049497 0.120208 -0.055000 0.045962 0.116673 -0.055000 
0.049497 0.120208 -0.060000 0.053033 0.123744 -0.060000 0.053033 0.123744 -0.055000 0.049497 0.120208 -0.055000 
0.053033 0.123744 -0.060000 0.056569 0.127279 -0.060000 0.056569 0.127279 -0.055000 0.053033 0.123744 -0.055000 
0.056569 0.127279 -0.060000 0.060104 0.130815 -0.060000 0.060104 0.130815 -0.055000 0.056569 0.127279 -0.055000 
0.060104 0.130815 -0.060000 0.063640 0.134350 -0.060000 0.063640 0.134350 -0.055000 0.060104 0.130815 -0.055000 
0.063640 0.134350 -0.060000 0.067175 0.137886 -0.060000 0.067175 0.137886 -0.055000 0.063640 0.134350 -0.055000 
0.067175 0.137886 -0.060000 0.070711 0.141421 -0.060000 0.070711 0.141421 -0.055000 0.067175 0.137886 -0.055000 
-0.070711 -0.000000 -0.065000 -0.067175 0.003536 -0.065000 -0.067175 0.003536 -0.060000 -0.070711 -0.000000 -0.060000 
-0.067175 0.003536 -0.065000 -0.063640 0.007071 -0.065000 -0.063640 0.007071 -0.060000 -0.067175 0.003536 -0.060000 
-0.063640 0.007071 -0.065000 -0.060104 0.010607 -0.065000 -0.060104 0.010607 -0.060000 -0.063640 0.007071 -0.060000 
-0.060104 0.010607 -0.065000 -0.056569 0.014142 -0.065000 -0.056569 0.014142 -0.060000 -0.060104 0.010607 -0.060000 
-0.056569 0.014142 -0.065000 -0.053033 0.017678 -0.065000 -0.053033 0.017678 -0.060000 -0.056569 0.014142 -0.060000 
-0.053033 0.017678 -0.065000 -0.049497 0.021213 -0.065000 -0.049497 0.021213 -0.060000 -0.053033 0.017678 -0.060000 
-0.049497 0.021213 -0.065000 -0.045962 0.024749 -0.065000 -0.045962 0.024749 -0.060000 -0.049497 0.021213 -0.060000 
-0.045962 0.024749 -0.065000 -0.042426 0.028284 -0.065000 -0.042426 0.028284 -0.060000 -0.045962 0.024749 -0.060000 
-0.042426 0.028284 -0.065000 -0.038891 0.031820 -0.065000 -0.038891 0.031820 -0.060000 -0.042426 0.028284 -0.060000 
-0.038891 0.031820 -0.065000 -0.035355 0.035355 -0.065000 -0.035355 0.035355 -0.060000 -0.038891 0.031820 -0.060000 
-0.035355 0.035355 -0.065000 -0.031820 0.038891 -0.065000 -0.031820 0.038891 -0.060000 -0.035355 0.035355 -0.060000 
-0.031820 0.038891 -0.065000 -0.028284 0.042426 -0.065000 -0.028284 0.042426 -0.060000 -0.031820 0.038891 -0.060000 
-0.028284 0.042426 -0.065000 -0.024749 0.045962 -0.065000 -0.024749 0.045962 -0.060000 -0.028284 0.042426 -0.060000 
-0.024749 0.045962 -0.065000 -0.021213 0.049497 -0.065000 -0.021213 0.049497 -0.060000 -0.024749 0.045962 -0.060000 
-0.021213 0.049497 -0.065000 -0.017678 0.053033 -0.065000 -0.017678 0.053033 -0.060000 -0.021213 0.049497 -0.060000 
-0.017678 0.053033 -0.065000 -0.014142 0.056569 -0.065000 -0.014142 0.056569 -0.060000 -0.017678 0.053033 -0.060000 
-0.014142 0.056569 -0.065000 -0.010607 0.060104 -0.065000 -0.010607 0.060104 -0.060000 -0.014142 0.056569 -0.060000 
-0.010607 0.060104 -0.065000 -0.007071 0.063640 -0.065000 -0.007071 0.063640 -0.060000 -0.010607 0.060104 -0.060000 
-0.007071 0.063640 -0.065000 -0.003536 0.067175 -0.065000 -0.003536 0.067175 -0.060000 -0.007071 0.063640 -0.060000 
-0.003536 0.067175 -0.065000 -0.000000 0.070711 -0.065000 -0.000000 0.070711 -0.060000 -0.003536 0.067175 -0.060000 
-0.000000 0.070711 -0.065000 0.003536 0.074246 -0.065000 0.003536 0.074246 -0.060000 -0.000000 0.070711 -0.060000 
0.003536 0.074246 -0.065000 0.007071 0.077782 -0.065000 0.007071 0.077782 -0.060000 0.003536 0.074246 -0.060000 
0.007071 0.077782 -0.065000 0.010607 0.081317 -0.065000 0.010607 0.081317 -0.060000 0.007071 0.077782 -0.060000 
0.010607 0.081317 -0.065000 0.014142 0.084853 -0.065000 0.014142 0.084853 -0.060000 0.010607 0.081317 -0.060000 
0.014142 0.084853 -0.065000 0.017678 0.088388 -0.065000 0.017678 0.088388 -0.060000 0.014142 0.084853 -0.060000 
0.017678 0.088388 -0.065000 0.021213 0.091924 -0.065000 0.021213 0.091924 -0.060000 0.017678 0.088388 -0.060000 
0.021213 0.091924 -0.065000 0.024749 0.095459 -0.065000 0.024749 0.095459 -0.060000 0.021213 0.091924 -0.060000 
0.024749 0.095459 -0.065000 0.028284 0.098995 -0.065000 0.028284 0.098995 -0.060000 0.024749 0.095459 -0.060000 
0.028284 0.098995 -0.065000 0.031820 0.102530 -0.065000 0.031820 0.102530 -0.060000 0.028284 0.098995 -0.060000 
0.031820 0.102530 -0.065000 0.035355 0.106066 -0.065000 0.035355 0.106066 -0.060000 0.031820 0.102530 -0.060000 
0.035355 0.106066 -0.065000 0.038891 0.109602 -0.065000 0.038891 0.109602 -0.060000 0.035355 0.106066 -0.060000 
0.038891 0.109602 -0.065000 0.042426 0.113137 -0.065000 0.042426 0.113137 -0.060000 0.038891 0.109602 -0.060000 
0.042426 0.113137 -0.065000 0.045962 0.116673 -0.065000 0.045962 0.116673 -0.060000 0.042426 0.113137 -0.060000 
0.045962 0.116673 -0.065000 0.049497 0.120208 -0.065000 0.049497 0.120208 -0.060000 0.045962 0.116673 -0.060000 
0.049497 0.120208 -0.065000 0.053033 0.123744 -0.065000 0.053033 0.123744 -0.060000 0.049497 0.120208 -0.060000 
0.053033 0.123744 -0.065000 0.056569 0.127279 -0.065000 0.056569 0.127279 -0.060000 0.053033 0.123744 -0.060000 
0.056569 0.127279 -0.065000 0.060104 0.130815 -0.065000 0.060104 0.130815 -0.060000 0.056569 0.127279 -0.060000 
0.060104 0.130815 -0.065000 0.063640 0.134350 -0.065000 0.063640 0.134350 -0.060000 0.060104 0.130815 -0.060000 
0.063640 0.134350 -0.065000 0.067175 0.137886 -0.065000 0.067175 0.137886 -0.060000 0.063640 0.134350 -0.060000 
0.067175 0.137886 -0.065000 0.070711 0.141421 -0.065000 0.070711 0.141421 -0.060000 0.067175 0.137886 -0.060000 
-0.070711 -0.000000 -0.070000 -0.067175 0.003536 -0.070000 -0.067175 0.003536 -0.065000 -0.070711 -0.000000 -0.065000 
-0.067175 0.003536 -0.070000 -0.063640 0.007071 -0.070000 -0.063640 0.007071 -0.065000 -0.067175 0.003536 -0.065000 
-0.063640 0.007071 -0.070000 -0.060104 0.010607 -0.070000 -0.060104 0.010607 -0.065000 -0.063640 0.007071 -0.065000 
-0.060104 0.010607 -0.070000 -0.056569 0.014142 -0.070000 -0.056569 0.014142 -0.065000 -0.060104 0.010607 -0.065000 
-0.056569 0.014142 -0.070000 -0.053033 0.017678 -0.070000 -0.053033 0.017678 -0.065000 -0.056569 0.014142 -0.065000 
-0.053033 0.017678 -0.070000 -0.049497 0.021213 -0.070000 -0.049497 0.021213 -0.065000 -0.053033 0.017678 -0.065000 
-0.049497 0.021213 -0.070000 -0.045962 0.024749 -0.070000 -0.045962 0.024749 -0.065000 -0.049497 0.021213 -0.065000 
-0.045962 0.024749 -0.070000 -0.042426 0.028284 -0.070000 -0.042426 0.028284 -0.065000 -0.045962 0.024749 -0.065000 
-0.042426 0.028284 -0.070000 -0.038891 0.031820 -0.070000 -0.038891 0.031820 -0.065000 -0.042426 0.028284 -0.065000 
-0.038891 0.031820 -0.070000 -0.035355 0.035355 -0.070000 -0.035355 0.035355 -0.065000 -0.038891 0.031820 -0.065000 
-0.035355 0.035355 -0.070000 -0.031820 0.038891 -0.070000 -0.031820 0.038891 -0.065000 -0.035355 0.035355 -0.065000 
-0.031820 0.038891 -0.070000 -0.028284 0.042426 -0.070000 -0.028284 0.042426 -0.065000 -0.031820 0.038891 -0.065000 
-0.028284 0.042426 -0.070000 -0.024749 0.045962 -0.070000 -0.024749 0.045962 -0.065000 -0.028284 0.042426 -0.065000 
-0.024749 0.045962 -0.070000 -0.021213 0.049497 -0.070000 -0.021213 0.049497 -0.065000 -0.024749 0.045962 -0.065000 
-0.021213 0.049497 -0.070000 -0.017678 0.053033 -0.070000 -0.017678 0.053033 -0.065000 -0.021213 0.049497 -0.065000 
-0.017678 0.053033 -0.070000 -0.014142 0.056569 -0.070000 -0.014142 0.056569 -0.065000 -0.017678 0.053033 -0.065000 
-0.014142 0.056569 -0.070000 -0.010607 0.060104 -0.070000 -0.010607 0.060104 -0.065000 -0.014142 0.056569 -0.065000 
-0.010607 0.060104 -0.070000 -0.007071 0.063640 -0.070000 -0.007071 0.063640 -0.065000 -0.010607 0.060104 -0.065000 
-0.007071 0.063640 -0.070000 -0.003536 0.067175 -0.070000 -0.003536 0.067175 -0.065000 -0.007071 0.063640 -0.065000 
-0.003536 0.067175 -0.070000 -0.000000 0.070711 -0.070000 -0.000000 0.070711 -0.065000 -0.003536 0.067175 -0.065000 
-0.000000 0.070711 -0.070000 0.003536 0.074246 -0.070000 0.003536 0.074246 -0.065000 -0.000000 0.070711 -0.065000 
0.003536 0.074246 -0.070000 0.007071 0.077782 -0.070000 0.007071 0.077782 -0.065000 0.003536 0.074246 -0.065000 
0.007071 0.077782 -0.070000 0.010607 0.081317 -0.070000 0.010607 0.081317 -0.065000 0.007071 0.077782 -0.065000 
0.010607 0.081317 -0.070000 0.014142 0.084853 -0.070000 0.014142 0.084853 -0.065000 0.010607 0.081317 -0.065000 
0.014142 0.084853 -0.070000 0.017678 0.088388 -0.070000 0.017678 0.088388 -0.065000 0.014142 0.084853 -0.065000 
0.017678 0.088388 -0.070000 0.021213 0.091924 -0.070000 0.021213 0.091924 -0.065000 0.017678 0.088388 -0.065000 
0.021213 0.091924 -0.070000 0.024749 0.095459 -0.070000 0.024749 0.095459 -0.065000 0.021213 0.091924 -0.065000 
0.024749 0.095459 -0.070000 0.028284 0.098995 -0.070000 0.028284 0.098995 -0.065000 0.024749 0.095459 -0.065000 
0.028284 0.098995 -0.070000 0.031820 0.102530 -0.070000 0.031820 0.102530 -0.065000 0.028284 0.098995 -0.065000 
0.031820 0.102530 -0.070000 0.035355 0.106066 -0.070000 0.035355 0.106066 -0.065000 0.031820 0.102530 -0.065000 
0.035355 0.106066 -0.070000 0.038891 0.109602 -0.070000 0.038891 0.109602 -0.065000 0.035355 0.106066 -0.065000 
0.038891 0.109602 -0.070000 0.042426 0.113137 -0.070000 0.042426 0.113137 -0.065000 0.038891 0.109602 -0.065000 
0.042426 0.113137 -0.070000 0.045962 0.116673 -0.070000 0.045962 0.116673 -0.065000 0.042426 0.113137 -0.065000 
0.045962 0.116673 -0.070000 0.049497 0.120208 -0.070000 0.049497 0.120208 -0.065000 0.045962 0.116673 -0.065000 
0.049497 0.120208 -0.070000 0.053033 0.123744 -0.070000 0.053033 0.123744 -0.065000 0.049497 0.120208 -0.065000 
0.053033 0.123744 -0.070000 0.056569 0.127279 -0.070000 0.056569 0.127279 -0.065000 0.053033 0.123744 -0.065000 
0.056569 0.127279 -0.070000 0.060104 0.130815 -0.070000 0.060104 0.130815 -0.065000 0.056569 0.127279 -0.065000 
0.060104 0.130815 -0.070000 0.063640 0.134350 -0.070000 0.063640 0.134350 -0.065000 0.060104 0.130815 -0.065000 
0.063640 0.134350 -0.070000 0.067175 0.137886 -0.070000 0.067175 0.137886 -0.065000 0.063640 0.134350 -0.065000 
0.067175 0.137886 -0.070000 0.070711 0.141421 -0.070000 0.070711 0.141421 -0.065000 0.067175 0.137886 -0.065000 
-0.070711 -0.000000 -0.075000 -0.067175 0.003536 -0.075000 -0.067175 0.003536 -0.070000 -0.070711 -0.000000 -0.070000 
-0.067175 0.003536 -0.075000 -0.063640 0.007071 -0.075000 -0.063640 0.007071 -0.070000 -0.067175 0.003536 -0.070000 
-0.063640 0.007071 -0.075000 -0.060104 0.010607 -0.075000 -0.060104 0.010607 -0.070000 -0.063640 0.007071 -0.070000 
-0.060104 0.010607 -0.075000 -0.056569 0.014142 -0.075000 -0.056569 0.014142 -0.070000 -0.060104 0.010607 -0.070000 
-0.056569 0.014142 -0.075000 -0.053033 0.017678 -0.075000 -0.053033 0.017678 -0.070000 -0.056569 0.014142 -0.070000 
-0.053033 0.017678 -0.075000 -0.049497 0.021213 -0.075000 -0.049497 0.021213 -0.070000 -0.053033 0.017678 -0.070000 
-0.049497 0.021213 -0.075000 -0.045962 0.024749 -0.075000 -0.045962 0.024749 -0.070000 -0.049497 0.021213 -0.070000 
-0.045962 0.024749 -0.075000 -0.042426 0.028284 -0.075000 -0.042426 0.028284 -0.070000 -0.045962 0.024749 -0.070000 
-0.042426 0.028284 -0.075000 -0.038891 0.031820 -0.075000 -0.038891 0.031820 -0.070000 -0.042426 0.028284 -0.070000 
-0.038891 0.031820 -0.075000 -0.035355 0.035355 -0.075000 -0.035355 0.035355 -0.070000 -0.038891 0.031820 -0.070000 
-0.035355 0.035355 -0.075000 -0.031820 0.038891 -0.075000 -0.031820 0.038891 -0.070000 -0.035355 0.035355 -0.070000 
-0.031820 0.038891 -0.075000 -0.028284 0.042426 -0.075000 -0.028284 0.042426 -0.070000 -0.031820 0.038891 -0.070000 
-0.028284 0.042426 -0.075000 -0.024749 0.045962 -0.075000 -0.024749 0.045962 -0.070000 -0.028284 0.042426 -0.070000 
-0.024749 0.045962 -0.075000 -0.021213 0.049497 -0.075000 -0.021213 0.049497 -0.070000 -0.024749 0.045962 -0.070000 
-0.021213 0.049497 -0.075000 -0.017678 0.053033 -0.075000 -0.017678 0.053033 -0.070000 -0.021213 0.049497 -0.070000 
-0.017678 0.053033 -0.075000 -0.014142 0.056569 -0.075000 -0.014142 0.056569 -0.070000 -0.017678 0.053033 -0.070000 
-0.014142 0.056569 -0.075000 -0.010607 0.060104 -0.075000 -0.010607 0.060104 -0.070000 -0.014142 0.056569 -0.070000 
-0.010607 0.060104 -0.075000 -0.007071 0.063640 -0.075000 -0.007071 0.063640 -0.070000 -0.010607 0.060104 -0.070000 
-0.007071 0.063640 -0.075000 -0.003536 0.067175 -0.075000 -0.003536 0.067175 -0.070000 -0.007071 0.063640 -0.070000 
-0.003536 0.067175 -0.075000 -0.000000 0.070711 -0.075000 -0.000000 0.070711 -0.070000 -0.003536 0.067175 -0.070000 
-0.000000 0.070711 -0.075000 0.003536 0.074246 -0.075000 0.003536 0.074246 -0.070000 -0.000000 0.070711 -0.070000 
0.003536 0.074246 -0.075000 0.007071 0.077782 -0.075000 0.007071 0.077782 -0.070000 0.003536 0.074246 -0.070000 
0.007071 0.077782 -0.075000 0.010607 0.081317 -0.075000 0.010607 0.081317 -0.070000 0.007071 0.077782 -0.070000 
0.010607 0.081317 -0.075000 0.014142 0.084853 -0.075000 0.014142 0.084853 -0.070000 0.010607 0.081317 -0.070000 
0.014142 0.084853 -0.075000 0.017678 0.088388 -0.075000 0.017678 0.088388 -0.070000 0.014142 0.084853 -0.070000 
0.017678 0.088388 -0.075000 0.021213 0.091924 -0.075000 0.021213 0.091924 -0.070000 0.017678 0.088388 -0.070000 
0.021213 0.091924 -0.075000 0.024749 0.095459 -0.075000 0.024749 0.095459 -0.070000 0.021213 0.091924 -0.070000 
0.024749 0.095459 -0.075000 0.028284 0.098995 -0.075000 0.028284 0.098995 -0.070000 0.024749 0.095459 -0.070000 
0.028284 0.098995 -0.075000 0.031820 0.102530 -0.075000 0.031820 0.102530 -0.070000 0.028284 0.098995 -0.070000 
0.031820 0.102530 -0.075000 0.035355 0.106066 -0.075000 0.035355 0.106066 -0.070000 0.031820 0.102530 -0.070000 
0.035355 0.106066 -0.075000 0.038891 0.109602 -0.075000 0.038891 0.109602 -0.070000 0.035355 0.106066 -0.070000 
0.038891 0.109602 -0.075000 0.042426 0.113137 -0.075000 0.042426 0.113137 -0.070000 0.038891 0.109602 -0.070000 
0.042426 0.113137 -0.075000 0.045962 0.116673 -0.075000 0.045962 0.116673 -0.070000 0.042426 0.113137 -0.070000 
0.045962 0.116673 -0.075000 0.049497 0.120208 -0.075000 0.049497 0.120208 -0.070000 0.045962 0.116673 -0.070000 
0.049497 0.120208 -0.075000 0.053033 0.123744 -0.075000 0.053033 0.123744 -0.070000 0.049497 0.120208 -0.070000 
0.053033 0.123744 -0.075000 0.056569 0.127279 -0.075000 0.056569 0.127279 -0.070000 0.053033 0.123744 -0.070000 
0.056569 0.127279 -0.075000 0.060104 0.130815 -0.075000 0.060104 0.130815 -0.070000 0.056569 0.127279 -0.070000 
0.060104 0.130815 -0.075000 0.063640 0.134350 -0.075000 0.063640 0.134350 -0.070000 0.060104 0.130815 -0.070000 
0.063640 0.134350 -0.075000 0.067175 0.137886 -0.075000 0.067175 0.137886 -0.070000 0.063640 0.134350 -0.070000 
0.067175 0.137886 -0.075000 0.070711 0.141421 -0.075000 0.070711 0.141421 -0.070000 0.067175 0.137886 -0.070000 
-0.070711 -0.000000 -0.080000 -0.067175 0.003536 -0.080000 -0.067175 0.003536 -0.075000 -0.070711 -0.000000 -0.075000 
-0.067175 0.003536 -0.080000 -0.063640 0.007071 -0.080000 -0.063640 0.007071 -0.075000 -0.067175 0.003536 -0.075000 
-0.063640 0.007071 -0.080000 -0.060104 0.010607 -0.080000 -0.060104 0.010607 -0.075000 -0.063640 0.007071 -0.075000 
-0.060104 0.010607 -0.080000 -0.056569 0.014142 -0.080000 -0.056569 0.014142 -0.075000 -0.060104 0.010607 -0.075000 
-0.056569 0.014142 -0.080000 -0.053033 0.017678 -0.080000 -0.053033 0.017678 -0.075000 -0.056569 0.014142 -0.075000 
-0.053033 0.017678 -0.080000 -0.049497 0.021213 -0.080000 -0.049497 0.021213 -0.075000 -0.053033 0.017678 -0.075000 
-0.049497 0.021213 -0.080000 -0.045962 0.024749 -0.080000 -0.045962 0.024749 -0.075000 -0.049497 0.021213 -0.075000 
-0.045962 0.024749 -0.080000 -0.042426 0.028284 -0.080000 -0.042426 0.028284 -0.075000 -0.045962 0.024749 -0.075000 
-0.042426 0.028284 -0.080000 -0.038891 0.031820 -0.080000 -0.038891 0.031820 -0.075000 -0.042426 0.028284 -0.075000 
-0.038891 0.031820 -0.080000 -0.035355 0.035355 -0.080000 -0.035355 0.035355 -0.075000 -0.038891 0.031820 -0.075000 
-0.035355 0.035355 -0.080000 -0.031820 0.038891 -0.080000 -0.031820 0.038891 -0.075000 -0.035355 0.035355 -0.075000 
-0.031820 0.038891 -0.080000 -0.028284 0.042426 -0.080000 -0.028284 0.042426 -0.075000 -0.031820 0.038891 -0.075000 
-0.028284 0.042426 -0.080000 -0.024749 0.045962 -0.080000 -0.024749 0.045962 -0.075000 -0.028284 0.042426 -0.075000 
-0.024749 0.045962 -0.080000 -0.021213 0.049497 -0.080000 -0.021213 0.049497 -0.075000 -0.024749 0.045962 -0.075000 
-0.021213 0.049497 -0.080000 -0.017678 0.053033 -0.080000 -0.017678 0.053033 -0.075000 -0.021213 0.049497 -0.075000 
-0.017678 0.053033 -0.080000 -0.014142 0.056569 -0.080000 -0.014142 0.056569 -0.075000 -0.017678 0.053033 -0.075000 
-0.014142 0.056569 -0.080000 -0.010607 0.060104 -0.080000 -0.010607 0.060104 -0.075000 -0.014142 0.056569 -0.075000 
-0.010607 0.060104 -0.080000 -0.007071 0.063640 -0.080000 -0.007071 0.063640 -0.075000 -0.010607 0.060104 -0.075000 
-0.007071 0.063640 -0.080000 -0.003536 0.067175 -0.080000 -0.003536 0.067175 -0.075000 -0.007071 0.063640 -0.075000 
-0.003536 0.067175 -0.080000 -0.000000 0.070711 -0.080000 -0.000000 0.070711 -0.075000 -0.003536 0.067175 -0.075000 
-0.000000 0.070711 -0.080000 0.003536 0.074246 -0.080000 0.003536 0.074246 -0.075000 -0.000000 0.070711 -0.075000 
0.003536 0.074246 -0.080000 0.007071 0.077782 -0.080000 0.007071 0.077782 -0.075000 0.003536 0.074246 -0.075000 
0.007071 0.077782 -0.080000 0.010607 0.081317 -0.080000 0.010607 0.081317 -0.075000 0.007071 0.077782 -0.075000 
0.010607 0.081317 -0.080000 0.014142 0.084853 -0.080000 0.014142 0.084853 -0.075000 0.010607 0.081317 -0.075000 
0.014142 0.084853 -0.080000 0.017678 0.088388 -0.080000 0.017678 0.088388 -0.075000 0.014142 0.084853 -0.075000 
0.017678 0.088388 -0.080000 0.021213 0.091924 -0.080000 0.021213 0.091924 -0.075000 0.017678 0.088388 -0.075000 
0.021213 0.091924 -0.080000 0.024749 0.095459 -0.080000 0.024749 0.095459 -0.075000 0.021213 0.091924 -0.075000 
0.024749 0.095459 -0.080000 0.028284 0.098995 -0.080000 0.028284 0.098995 -0.075000 0.024749 0.095459 -0.075000 
0.028284 0.098995 -0.080000 0.031820 0.102530 -0.080000 0.031820 0.102530 -0.075000 0.028284 0.098995 -0.075000 
0.031820 0.102530 -0.080000 0.035355 0.106066 -0.080000 0.035355 0.106066 -0.075000 0.031820 0.102530 -0.075000 
0.035355 0.106066 -0.080000 0.038891 0.109602 -0.080000 0.038891 0.109602 -0.075000 0.035355 0.106066 -0.075000 
0.038891 0.109602 -0.080000 0.042426 0.113137 -0.080000 0.042426 0.113137 -0.075000 0.038891 0.109602 -0.075000 
0.042426 0.113137 -0.080000 0.045962 0.116673 -0.080000 0.045962 0.116673 -0.075000 0.042426 0.113137 -0.075000 
0.045962 0.116673 -0.080000 0.049497 0.120208 -0.080000 0.049497 0.120208 -0.075000 0.045962 0.116673 -0.075000 
0.049497 0.120208 -0.080000 0.053033 0.123744 -0.080000 0.053033 0.123744 -0.075000 0.049497 0.120208 -0.075000 
0.053033 0.123744 -0.080000 0.056569 0.127279 -0.080000 0.056569 0.127279 -0.075000 0.053033 0.123744 -0.075000 
0.056569 0.127279 -0.080000 0.060104 0.130815 -0.080000 0.060104 0.130815 -0.075000 0.056569 0.127279 -0.075000 
0.060104 0.130815 -0.080000 0.063640 0.134350 -0.080000 0.063640 0.134350 -0.075000 0.060104 0.130815 -0.075000 
0.063640 0.134350 -0.080000 0.067175 0.137886 -0.080000 0.067175 0.137886 -0.075000 0.063640 0.134350 -0.075000 
0.067175 0.137886 -0.080000 0.070711 0.141421 -0.080000 0.070711 0.141421 -0.075000 0.067175 0.137886 -0.075000 
-0.070711 -0.000000 -0.085000 -0.067175 0.003536 -0.085000 -0.067175 0.003536 -0.080000 -0.070711 -0.000000 -0.080000 
-0.067175 0.003536 -0.085000 -0.063640 0.007071 -0.085000 -0.063640 0.007071 -0.080000 -0.067175 0.003536 -0.080000 
-0.063640 0.007071 -0.085000 -0.060104 0.010607 -0.085000 -0.060104 0.010607 -0.080000 -0.063640 0.007071 -0.080000 
-0.060104 0.010607 -0.085000 -0.056569 0.014142 -0.085000 -0.056569 0.014142 -0.080000 -0.060104 0.010607 -0.080000 
-0.056569 0.014142 -0.085000 -0.053033 0.017678 -0.085000 -0.053033 0.017678 -0.080000 -0.056569 0.014142 -0.080000 
-0.053033 0.017678 -0.085000 -0.049497 0.021213 -0.085000 -0.049497 0.021213 -0.080000 -0.053033 0.017678 -0.080000 
-0.049497 0.021213 -0.085000 -0.045962 0.024749 -0.085000 -0.045962 0.024749 -0.080000 -0.049497 0.021213 -0.080000 
-0.045962 0.024749 -0.085000 -0.042426 0.028284 -0.085000 -0.042426 0.028284 -0.080000 -0.045962 0.024749 -0.080000 
-0.042426 0.028284 -0.085000 -0.038891 0.031820 -0.085000 -0.038891 0.031820 -0.080000 -0.042426 0.028284 -0.080000 
-0.038891 0.031820 -0.085000 -0.035355 0.035355 -0.085000 -0.035355 0.035355 -0.080000 -0.038891 0.031820 -0.080000 
-0.035355 0.035355 -0.085000 -0.031820 0.038891 -0.085000 -0.031820 0.038891 -0.080000 -0.035355 0.035355 -0.080000 
-0.031820 0.038891 -0.085000 -0.028284 0.042426 -0.085000 -0.028284 0.042426 -0.080000 -0.031820 0.038891 -0.080000 
-0.028284 0.042426 -0.085000 -0.024749 0.045962 -0.085000 -0.024749 0.045962 -0.080000 -0.028284 0.042426 -0.080000 
-0.024749 0.045962 -0.085000 -0.021213 0.049497 -0.085000 -0.021213 0.049497 -0.080000 -0.024749 0.045962 -0.080000 
-0.021213 0.049497 -0.085000 -0.017678 0.053033 -0.085000 -0.017678 0.053033 -0.080000 -0.021213 0.049497 -0.080000 
-0.017678 0.053033 -0.085000 -0.014142 0.056569 -0.085000 -0.014142 0.056569 -0.080000 -0.017678 0.053033 -0.080000 
-0.014142 0.056569 -0.085000 -0.010607 0.060104 -0.085000 -0.010607 0.060104 -0.080000 -0.014142 0.056569 -0.080000 
-0.010607 0.060104 -0.085000 -0.007071 0.063640 -0.085000 -0.007071 0.063640 -0.080000 -0.010607 0.060104 -0.080000 
-0.007071 0.063640 -0.085000 -0.003536 0.067175 -0.085000 -0.003536 0.067175 -0.080000 -0.007071 0.063640 -0.080000 
-0.003536 0.067175 -0.085000 -0.000000 0.070711 -0.085000 -0.000000 0.070711 -0.080000 -0.003536 0.067175 -0.080000 
-0.000000 0.070711 -0.085000 0.003536 0.074246 -0.085000 0.003536 0.074246 -0.080000 -0.000000 0.070711 -0.080000 
0.003536 0.074246 -0.085000 0.007071 0.077782 -0.085000 0.007071 0.077782 -0.080000 0.003536 0.074246 -0.080000 
0.007071 0.077782 -0.085000 0.010607 0.081317 -0.085000 0.010607 0.081317 -0.080000 0.007071 0.077782 -0.080000 
0.010607 0.081317 -0.085000 0.014142 0.084853 -0.085000 0.014142 0.084853 -0.080000 0.010607 0.081317 -0.080000 
0.014142 0.084853 -0.085000 0.017678 0.088388 -0.085000 0.017678 0.088388 -0.080000 0.014142 0.084853 -0.080000 
0.017678 0.088388 -0.085000 0.021213 0.091924 -0.085000 0.021213 0.091924 -0.080000 0.017678 0.088388 -0.080000 
0.021213 0.091924 -0.085000 0.024749 0.095459 -0.085000 0.024749 0.095459 -0.080000 0.021213 0.091924 -0.080000 
0.024749 0.095459 -0.085000 0.028284 0.098995 -0.085000 0.028284 0.098995 -0.080000 0.024749 0.095459 -0.080000 
0.028284 0.098995 -0.085000 0.031820 0.102530 -0.085000 0.031820 0.102530 -0.080000 0.028284 0.098995 -0.080000 
0.031820 0.102530 -0.085000 0.035355 0.106066 -0.085000 0.035355 0.106066 -0.080000 0.031820 0.102530 -0.080000 
0.035355 0.106066 -0.085000 0.038891 0.109602 -0.085000 0.038891 0.109602 -0.080000 0.035355 0.106066 -0.080000 
0.038891 0.109602 -0.085000 0.042426 0.113137 -0.085000 0.042426 0.113137 -0.080000 0.038891 0.109602 -0.080000 
0.042426 0.113137 -0.085000 0.045962 0.116673 -0.085000 0.045962 0.116673 -0.080000 0.042426 0.113137 -0.080000 
0.045962 0.116673 -0.085000 0.049497 0.120208 -0.085000 0.049497 0.120208 -0.080000 0.045962 0.116673 -0.080000 
0.049497 0.120208 -0.085000 0.053033 0.123744 -0.085000 0.053033 0.123744 -0.080000 0.049497 0.120208 -0.080000 
0.053033 0.123744 -0.085000 0.056569 0.127279 -0.085000 0.056569 0.127279 -0.080000 0.053033 0.123744 -0.080000 
0.056569 0.127279 -0.085000 0.060104 0.130815 -0.085000 0.060104 0.130815 -0.080000 0.056569 0.127279 -0.080000 
0.060104 0.130815 -0.085000 0.063640 0.134350 -0.085000 0.063640 0.134350 -0.080000 0.060104 0.130815 -0.080000 
0.063640 0.134350 -0.085000 0.067175 0.137886 -0.085000 0.067175 0.137886 -0.080000 0.063640 0.134350 -0.080000 
0.067175 0.137886 -0.085000 0.070711 0.141421 -0.085000 0.070711 0.141421 -0.080000 0.067175 0.137886 -0.080000 
-0.070711 -0.000000 -0.090000 -0.067175 0.003536 -0.090000 -0.067175 0.003536 -0.085000 -0.070711 -0.000000 -0.085000 
-0.067175 0.003536 -0.090000 -0.063640 0.007071 -0.090000 -0.063640 0.007071 -0.085000 -0.067175 0.003536 -0.085000 
-0.063640 0.007071 -0.090000 -0.060104 0.010607 -0.090000 -0.060104 0.010607 -0.085000 -0.063640 0.007071 -0.085000 
-0.060104 0.010607 -0.090000 -0.056569 0.014142 -0.090000 -0.056569 0.014142 -0.085000 -0.060104 0.010607 -0.085000 
-0.056569 0.014142 -0.090000 -0.053033 0.017678 -0.090000 -0.053033 0.017678 -0.085000 -0.056569 0.014142 -0.085000 
-0.053033 0.017678 -0.090000 -0.049497 0.021213 -0.090000 -0.049497 0.021213 -0.085000 -0.053033 0.017678 -0.085000 
-0.049497 0.021213 -0.090000 -0.045962 0.024749 -0.090000 -0.045962 0.024749 -0.085000 -0.049497 0.021213 -0.085000 
-0.045962 0.024749 -0.090000 -0.042426 0.028284 -0.090000 -0.042426 0.028284 -0.085000 -0.045962 0.024749 -0.085000 
-0.042426 0.028284 -0.090000 -0.038891 0.031820 -0.090000 -0.038891 0.031820 -0.085000 -0.042426 0.028284 -0.085000 
-0.038891 0.031820 -0.090000 -0.035355 0.035355 -0.090000 -0.035355 0.035355 -0.085000 -0.038891 0.031820 -0.085000 
-0.035355 0.035355 -0.090000 -0.031820 0.038891 -0.090000 -0.031820 0.038891 -0.085000 -0.035355 0.035355 -0.085000 
-0.031820 0.038891 -0.090000 -0.028284 0.042426 -0.090000 -0.028284 0.042426 -0.085000 -0.031820 0.038891 -0.085000 
-0.028284 0.042426 -0.090000 -0.024749 0.045962 -0.090000 -0.024749 0.045962 -0.085000 -0.028284 0.042426 -0.085000 
-0.024749 0.045962 -0.090000 -0.021213 0.049497 -0.090000 -0.021213 0.049497 -0.085000 -0.024749 0.045962 -0.085000 
-0.021213 0.049497 -0.090000 -0.017678 0.053033 -0.090000 -0.017678 0.053033 -0.085000 -0.021213 0.049497 -0.085000 
-0.017678 0.053033 -0.090000 -0.014142 0.056569 -0.090000 -0.014142 0.056569 -0.085000 -0.017678 0.053033 -0.085000 
-0.014142 0.056569 -0.090000 -0.010607 0.060104 -0.090000 -0.010607 0.060104 -0.085000 -0.014142 0.056569 -0.085000 
-0.010607 0.060104 -0.090000 -0.007071 0.063640 -0.090000 -0.007071 0.063640 -0.085000 -0.010607 0.060104 -0.085000 
-0.007071 0.063640 -0.090000 -0.003536 0.067175 -0.090000 -0.003536 0.067175 -0.085000 -0.007071 0.063640 -0.085000 
-0.003536 0.067175 -0.090000 -0.000000 0.070711 -0.090000 -0.000000 0.070711 -0.085000 -0.003536 0.067175 -0.085000 
-0.000000 0.070711 -0.090000 0.003536 0.074246 -0.090000 0.003536 0.074246 -0.085000 -0.000000 0.070711 -0.085000 
0.003536 0.074246 -0.090000 0.007071 0.077782 -0.090000 0.007071 0.077782 -0.085000 0.003536 0.074246 -0.085000 
0.007071 0.077782 -0.090000 0.010607 0.081317 -0.090000 0.010607 0.081317 -0.085000 0.007071 0.077782 -0.085000 
0.010607 0.081317 -0.090000 0.014142 0.084853 -0.090000 0.014142 0.084853 -0.085000 0.010607 0.081317 -0.085000 
0.014142 0.084853 -0.090000 0.017678 0.088388 -0.090000 0.017678 0.088388 -0.085000 0.014142 0.084853 -0.085000 
0.017678 0.088388 -0.090000 0.021213 0.091924 -0.090000 0.021213 0.091924 -0.085000 0.017678 0.088388 -0.085000 
0.021213 0.091924 -0.090000 0.024749 0.095459 -0.090000 0.024749 0.095459 -0.085000 0.021213 0.091924 -0.085000 
0.024749 0.095459 -0.090000 0.028284 0.098995 -0.090000 0.028284 0.098995 -0.085000 0.024749 0.095459 -0.085000 
0.028284 0.098995 -0.090000 0.031820 0.102530 -0.090000 0.031820 0.102530 -0.085000 0.028284 0.098995 -0.085000 
0.031820 0.102530 -0.090000 0.035355 0.106066 -0.090000 0.035355 0.106066 -0.085000 0.031820 0.102530 -0.085000 
0.035355 0.106066 -0.090000 0.038891 0.109602 -0.090000 0.038891 0.109602 -0.085000 0.035355 0.106066 -0.085000 
0.038891 0.109602 -0.090000 0.042426 0.113137 -0.090000 0.042426 0.113137 -0.085000 0.038891 0.109602 -0.085000 
0.042426 0.113137 -0.090000 0.045962 0.116673 -0.090000 0.045962 0.116673 -0.085000 0.042426 0.113137 -0.085000 
0.045962 0.116673 -0.090000 0.049497 0.120208 -0.090000 0.049497 0.120208 -0.085000 0.045962 0.116673 -0.085000 
0.049497 0.120208 -0.090000 0.053033 0.123744 -0.090000 0.053033 0.123744 -0.085000 0.049497 0.120208 -0.085000 
0.053033 0.123744 -0.090000 0.056569 0.127279 -0.090000 0.056569 0.127279 -0.085000 0.053033 0.123744 -0.085000 
0.056569 0.127279 -0.090000 0.060104 0.130815 -0.090000 0.060104 0.130815 -0.085000 0.056569 0.127279 -0.085000 
0.060104 0.130815 -0.090000 0.063640 0.134350 -0.090000 0.063640 0.134350 -0.085000 0.060104 0.130815 -0.085000 
0.063640 0.134350 -0.090000 0.067175 0.137886 -0.090000 0.067175 0.137886 -0.085000 0.063640 0.134350 -0.085000 
0.067175 0.137886 -0.090000 0.070711 0.141421 -0.090000 0.070711 0.141421 -0.085000 0.067175 0.137886 -0.085000 
-0.070711 -0.000000 -0.095000 -0.067175 0.003536 -0.095000 -0.067175 0.003536 -0.090000 -0.070711 -0.000000 -0.090000 
-0.067175 0.003536 -0.095000 -0.063640 0.007071 -0.095000 -0.063640 0.007071 -0.090000 -0.067175 0.003536 -0.090000 
-0.063640 0.007071 -0.095000 -0.060104 0.010607 -0.095000 -0.060104 0.010607 -0.090000 -0.063640 0.007071 -0.090000 
-0.060104 0.010607 -0.095000 -0.056569 0.014142 -0.095000 -0.056569 0.014142 -0.090000 -0.060104 0.010607 -0.090000 
-0.056569 0.014142 -0.095000 -0.053033 0.017678 -0.095000 -0.053033 0.017678 -0.090000 -0.056569 0.014142 -0.090000 
-0.053033 0.017678 -0.095000 -0.049497 0.021213 -0.095000 -0.049497 0.021213 -0.090000 -0.053033 0.017678 -0.090000 
-0.049497 0.021213 -0.095000 -0.045962 0.024749 -0.095000 -0.045962 0.024749 -0.090000 -0.049497 0.021213 -0.090000 
-0.045962 0.024749 -0.095000 -0.042426 0.028284 -0.095000 -0.042426 0.028284 -0.090000 -0.045962 0.024749 -0.090000 
-0.042426 0.028284 -0.095000 -0.038891 0.031820 -0.095000 -0.038891 0.031820 -0.090000 -0.042426 0.028284 -0.090000 
-0.038891 0.031820 -0.095000 -0.035355 0.035355 -0.095000 -0.035355 0.035355 -0.090000 -0.038891 0.031820 -0.090000 
-0.035355 0.035355 -0.095000 -0.031820 0.038891 -0.095000 -0.031820 0.038891 -0.090000 -0.035355 0.035355 -0.090000 
-0.031820 0.038891 -0.095000 -0.028284 0.042426 -0.095000 -0.028284 0.042426 -0.090000 -0.031820 0.038891 -0.090000 
-0.028284 0.042426 -0.095000 -0.024749 0.045962 -0.095000 -0.024749 0.045962 -0.090000 -0.028284 0.042426 -0.090000 
-0.024749 0.045962 -0.095000 -0.021213 0.049497 -0.095000 -0.021213 0.049497 -0.090000 -0.024749 0.045962 -0.090000 
-0.021213 0.049497 -0.095000 -0.017678 0.053033 -0.095000 -0.017678 0.053033 -0.090000 -0.021213 0.049497 -0.090000 
-0.017678 0.053033 -0.095000 -0.014142 0.056569 -0.095000 -0.014142 0.056569 -0.090000 -0.017678 0.053033 -0.090000 
-0.014142 0.056569 -0.095000 -0.010607 0.060104 -0.095000 -0.010607 0.060104 -0.090000 -0.014142 0.056569 -0.090000 
-0.010607 0.060104 -0.095000 -0.007071 0.063640 -0.095000 -0.007071 0.063640 -0.090000 -0.010607 0.060104 -0.090000 
-0.007071 0.063640 -0.095000 -0.003536 0.067175 -0.095000 -0.003536 0.067175 -0.090000 -0.007071 0.063640 -0.090000 
-0.003536 0.067175 -0.095000 -0.000000 0.070711 -0.095000 -0.000000 0.070711 -0.090000 -0.003536 0.067175 -0.090000 
-0.000000 0.070711 -0.095000 0.003536 0.074246 -0.095000 0.003536 0.074246 -0.090000 -0.000000 0.070711 -0.090000 
0.003536 0.074246 -0.095000 0.007071 0.077782 -0.095000 0.007071 0.077782 -0.090000 0.003536 0.074246 -0.090000 
0.007071 0.077782 -0.095000 0.010607 0.081317 -0.095000 0.010607 0.081317 -0.090000 0.007071 0.077782 -0.090000 
0.010607 0.081317 -0.095000 0.014142 0.084853 -0.095000 0.014142 0.084853 -0.090000 0.010607 0.081317 -0.090000 
0.014142 0.084853 -0.095000 0.017678 0.088388 -0.095000 0.017678 0.088388 -0.090000 0.014142 0.084853 -0.090000 
0.017678 0.088388 -0.095000 0.021213 0.091924 -0.095000 0.021213 0.091924 -0.090000 0.017678 0.088388 -0.090000 
0.021213 0.091924 -0.095000 0.024749 0.095459 -0.095000 0.024749 0.095459 -0.090000 0.021213 0.091924 -0.090000 
0.024749 0.095459 -0.095000 0.028284 0.098995 -0.095000 0.028284 0.098995 -0.090000 0.024749 0.095459 -0.090000 
0.028284 0.098995 -0.095000 0.031820 0.102530 -0.095000 0.031820 0.102530 -0.090000 0.028284 0.098995 -0.090000 
0.031820 0.102530 -0.095000 0.035355 0.106066 -0.095000 0.035355 0.106066 -0.090000 0.031820 0.102530 -0.090000 
0.035355 0.106066 -0.095000 0.038891 0.109602 -0.095000 0.038891 0.109602 -0.090000 0.035355 0.106066 -0.090000 
0.038891 0.109602 -0.095000 0.042426 0.113137 -0.095000 0.042426 0.113137 -0.090000 0.038891 0.109602 -0.090000 
0.042426 0.113137 -0.095000 0.045962 0.116673 -0.095000 0.045962 0.116673 -0.090000 0.042426 0.113137 -0.090000 
0.045962 0.116673 -0.095000 0.049497 0.120208 -0.095000 0.049497 0.120208 -0.090000 0.045962 0.116673 -0.090000 
0.049497 0.120208 -0.095000 0.053033 0.123744 -0.095000 0.053033 0.123744 -0.090000 0.049497 0.120208 -0.090000 
0.053033 0.123744 -0.095000 0.056569 0.127279 -0.095000 0.056569 0.127279 -0.090000 0.053033 0.123744 -0.090000 
0.056569 0.127279 -0.095000 0.060104 0.130815 -0.095000 0.060104 0.130815 -0.090000 0.056569 0.127279 -0.090000 
0.060104 0.130815 -0.095000 0.063640 0.134350 -0.095000 0.063640 0.134350 -0.090000 0.060104 0.130815 -0.090000 
0.063640 0.134350 -0.095000 0.067175 0.137886 -0.095000 0.067175 0.137886 -0.090000 0.063640 0.134350 -0.090000 
0.067175 0.137886 -0.095000 0.070711 0.141421 -0.095000 0.070711 0.141421 -0.090000 0.067175 0.137886 -0.090000 
-0.070711 -0.000000 -0.100000 -0.067175 0.003536 -0.100000 -0.067175 0.003536 -0.095000 -0.070711 -0.000000 -0.095000 
-0.067175 0.003536 -0.100000 -0.063640 0.007071 -0.100000 -0.063640 0.007071 -0.095000 -0.067175 0.003536 -0.095000 
-0.063640 0.007071 -0.100000 -0.060104 0.010607 -0.100000 -0.060104 0.010607 -0.095000 -0.063640 0.007071 -0.095000 
-0.060104 0.010607 -0.100000 -0.056569 0.014142 -0.100000 -0.056569 0.014142 -0.095000 -0.060104 0.010607 -0.095000 
-0.056569 0.014142 -0.100000 -0.053033 0.017678 -0.100000 -0.053033 0.017678 -0.095000 -0.056569 0.014142 -0.095000 
-0.053033 0.017678 -0.100000 -0.049497 0.021213 -0.100000 -0.049497 0.021213 -0.095000 -0.053033 0.017678 -0.095000 
-0.049497 0.021213 -0.100000 -0.045962 0.024749 -0.100000 -0.045962 0.024749 -0.095000 -0.049497 0.021213 -0.095000 
-0.045962 0.024749 -0.100000 -0.042426 0.028284 -0.100000 -0.042426 0.028284 -0.095000 -0.045962 0.024749 -0.095000 
-0.042426 0.028284 -0.100000 -0.038891 0.031820 -0.100000 -0.038891 0.031820 -0.095000 -0.042426 0.028284 -0.095000 
-0.038891 0.031820 -0.100000 -0.035355 0.035355 -0.100000 -0.035355 0.035355 -0.095000 -0.038891 0.031820 -0.095000 
-0.035355 0.035355 -0.100000 -0.031820 0.038891 -0.100000 -0.031820 0.038891 -0.095000 -0.035355 0.035355 -0.095000 
-0.031820 0.038891 -0.100000 -0.028284 0.042426 -0.100000 -0.028284 0.042426 -0.095000 -0.031820 0.038891 -0.095000 
-0.028284 0.042426 -0.100000 -0.024749 0.045962 -0.100000 -0.024749 0.045962 -0.095000 -0.028284 0.042426 -0.095000 
-0.024749 0.045962 -0.100000 -0.021213 0.049497 -0.100000 -0.021213 0.049497 -0.095000 -0.024749 0.045962 -0.095000 
-0.021213 0.049497 -0.100000 -0.017678 0.053033 -0.100000 -0.017678 0.053033 -0.095000 -0.021213 0.049497 -0.095000 
-0.017678 0.053033 -0.100000 -0.014142 0.056569 -0.100000 -0.014142 0.056569 -0.095000 -0.017678 0.053033 -0.095000 
-0.014142 0.056569 -0.100000 -0.010607 0.060104 -0.100000 -0.010607 0.060104 -0.095000 -0.014142 0.056569 -0.095000 
-0.010607 0.060104 -0.100000 -0.007071 0.063640 -0.100000 -0.007071 0.063640 -0.095000 -0.010607 0.060104 -0.095000 
-0.007071 0.063640 -0.100000 -0.003536 0.067175 -0.100000 -0.003536 0.067175 -0.095000 -0.007071 0.063640 -0.095000 
-0.003536 0.067175 -0.100000 -0.000000 0.070711 -0.100000 -0.000000 0.070711 -0.095000 -0.003536 0.067175 -0.095000 
-0.000000 0.070711 -0.100000 0.003536 0.074246 -0.100000 0.003536 0.074246 -0.095000 -0.000000 0.070711 -0.095000 
0.003536 0.074246 -0.100000 0.007071 0.077782 -0.100000 0.007071 0.077782 -0.095000 0.003536 0.074246 -0.095000 
0.007071 0.077782 -0.100000 0.010607 0.081317 -0.100000 0.010607 0.081317 -0.095000 0.007071 0.077782 -0.095000 
0.010607 0.081317 -0.100000 0.014142 0.084853 -0.100000 0.014142 0.084853 -0.095000 0.010607 0.081317 -0.095000 
0.014142 0.084853 -0.100000 0.017678 0.088388 -0.100000 0.017678 0.088388 -0.095000 0.014142 0.084853 -0.095000 
0.017678 0.088388 -0.100000 0.021213 0.091924 -0.100000 0.021213 0.091924 -0.095000 0.017678 0.088388 -0.095000 
0.021213 0.091924 -0.100000 0.024749 0.095459 -0.100000 0.024749 0.095459 -0.095000 0.021213 0.091924 -0.095000 
0.024749 0.095459 -0.100000 0.028284 0.098995 -0.100000 0.028284 0.098995 -0.095000 0.024749 0.095459 -0.095000 
0.028284 0.098995 -0.100000 0.031820 0.102530 -0.100000 0.031820 0.102530 -0.095000 0.028284 0.098995 -0.095000 
0.031820 0.102530 -0.100000 0.035355 0.106066 -0.100000 0.035355 0.106066 -0.095000 0.031820 0.102530 -0.095000 
0.035355 0.106066 -0.100000 0.038891 0.109602 -0.100000 0.038891 0.109602 -0.095000 0.035355 0.106066 -0.095000 
0.038891 0.109602 -0.100000 0.042426 0.113137 -0.100000 0.042426 0.113137 -0.095000 0.038891 0.109602 -0.095000 
0.042426 0.113137 -0.100000 0.045962 0.116673 -0.100000 0.045962 0.116673 -0.095000 0.042426 0.113137 -0.095000 
0.045962 0.116673 -0.100000 0.049497 0.120208 -0.100000 0.049497 0.120208 -0.095000 0.045962 0.116673 -0.095000 
0.049497 0.120208 -0.100000 0.053033 0.123744 -0.100000 0.053033 0.123744 -0.095000 0.049497 0.120208 -0.095000 
0.053033 0.123744 -0.100000 0.056569 0.127279 -0.100000 0.056569 0.127279 -0.095000 0.053033 0.123744 -0.095000 
0.056569 0.127279 -0.100000 0.060104 0.130815 -0.100000 0.060104 0.130815 -0.095000 0.056569 0.127279 -0.095000 
0.060104 0.130815 -0.100000 0.063640 0.134350 -0.100000 0.063640 0.134350 -0.095000 0.060104 0.130815 -0.095000 
0.063640 0.134350 -0.100000 0.067175 0.137886 -0.100000 0.067175 0.137886 -0.095000 0.063640 0.134350 -0.095000 
0.067175 0.137886 -0.100000 0.070711 0.141421 -0.100000 0.070711 0.141421 -0.095000 0.067175 0.137886 -0.095000 

 0 
0 

 0 
