1 
1 
1 
4050 
90 45 
0.000000 -0.000000 1.000000 -0.000000 -0.000000 1.000000 0.004866 0.069587 0.997564 0.000000 0.069756 0.997564 
-0.000000 -0.000000 1.000000 -0.000000 -0.000000 1.000000 0.009708 0.069078 0.997564 0.004866 0.069587 0.997564 
-0.000000 -0.000000 1.000000 -0.000000 -0.000000 1.000000 0.014503 0.068232 0.997564 0.009708 0.069078 0.997564 
-0.000000 -0.000000 1.000000 -0.000000 -0.000000 1.000000 0.019227 0.067054 0.997564 0.014503 0.068232 0.997564 
-0.000000 -0.000000 1.000000 -0.000000 -0.000000 1.000000 0.023858 0.065550 0.997564 0.019227 0.067054 0.997564 
-0.000000 -0.000000 1.000000 -0.000000 -0.000000 1.000000 0.028372 0.063726 0.997564 0.023858 0.065550 0.997564 
-0.000000 -0.000000 1.000000 -0.000000 -0.000000 1.000000 0.032749 0.061591 0.997564 0.028372 0.063726 0.997564 
-0.000000 -0.000000 1.000000 -0.000000 -0.000000 1.000000 0.036965 0.059157 0.997564 0.032749 0.061591 0.997564 
-0.000000 -0.000000 1.000000 -0.000000 -0.000000 1.000000 0.041002 0.056434 0.997564 0.036965 0.059157 0.997564 
-0.000000 -0.000000 1.000000 -0.000000 -0.000000 1.000000 0.044839 0.053437 0.997564 0.041002 0.056434 0.997564 
-0.000000 -0.000000 1.000000 -0.000000 -0.000000 1.000000 0.048457 0.050179 0.997564 0.044839 0.053437 0.997564 
-0.000000 -0.000000 1.000000 -0.000000 -0.000000 1.000000 0.051839 0.046676 0.997564 0.048457 0.050179 0.997564 
-0.000000 -0.000000 1.000000 -0.000000 -0.000000 1.000000 0.054969 0.042946 0.997564 0.051839 0.046676 0.997564 
-0.000000 -0.000000 1.000000 -0.000000 -0.000000 1.000000 0.057831 0.039007 0.997564 0.054969 0.042946 0.997564 
-0.000000 -0.000000 1.000000 -0.000000 -0.000000 1.000000 0.060411 0.034878 0.997564 0.057831 0.039007 0.997564 
-0.000000 -0.000000 1.000000 -0.000000 -0.000000 1.000000 0.062697 0.030579 0.997564 0.060411 0.034878 0.997564 
-0.000000 -0.000000 1.000000 -0.000000 -0.000000 1.000000 0.064677 0.026131 0.997564 0.062697 0.030579 0.997564 
-0.000000 -0.000000 1.000000 -0.000000 -0.000000 1.000000 0.066342 0.021556 0.997564 0.064677 0.026131 0.997564 
-0.000000 -0.000000 1.000000 -0.000000 -0.000000 1.000000 0.067684 0.016876 0.997564 0.066342 0.021556 0.997564 
-0.000000 -0.000000 1.000000 -0.000000 -0.000000 1.000000 0.068697 0.012113 0.997564 0.067684 0.016876 0.997564 
-0.000000 -0.000000 1.000000 -0.000000 -0.000000 1.000000 0.069374 0.007292 0.997564 0.068697 0.012113 0.997564 
-0.000000 -0.000000 1.000000 -0.000000 -0.000000 1.000000 0.069714 0.002434 0.997564 0.069374 0.007292 0.997564 
-0.000000 -0.000000 1.000000 -0.000000 0.000000 1.000000 0.069714 -0.002434 0.997564 0.069714 0.002434 0.997564 
-0.000000 0.000000 1.000000 -0.000000 0.000000 1.000000 0.069374 -0.007292 0.997564 0.069714 -0.002434 0.997564 
-0.000000 0.000000 1.000000 -0.000000 0.000000 1.000000 0.068697 -0.012113 0.997564 0.069374 -0.007292 0.997564 
-0.000000 0.000000 1.000000 -0.000000 0.000000 1.000000 0.067684 -0.016876 0.997564 0.068697 -0.012113 0.997564 
-0.000000 0.000000 1.000000 -0.000000 0.000000 1.000000 0.066342 -0.021556 0.997564 0.067684 -0.016876 0.997564 
-0.000000 0.000000 1.000000 -0.000000 0.000000 1.000000 0.064677 -0.026131 0.997564 0.066342 -0.021556 0.997564 
-0.000000 0.000000 1.000000 -0.000000 0.000000 1.000000 0.062697 -0.030579 0.997564 0.064677 -0.026131 0.997564 
-0.000000 0.000000 1.000000 -0.000000 0.000000 1.000000 0.060411 -0.034878 0.997564 0.062697 -0.030579 0.997564 
-0.000000 0.000000 1.000000 -0.000000 0.000000 1.000000 0.057831 -0.039007 0.997564 0.060411 -0.034878 0.997564 
-0.000000 0.000000 1.000000 -0.000000 0.000000 1.000000 0.054969 -0.042946 0.997564 0.057831 -0.039007 0.997564 
-0.000000 0.000000 1.000000 -0.000000 0.000000 1.000000 0.051839 -0.046676 0.997564 0.054969 -0.042946 0.997564 
-0.000000 0.000000 1.000000 -0.000000 0.000000 1.000000 0.048457 -0.050179 0.997564 0.051839 -0.046676 0.997564 
-0.000000 0.000000 1.000000 -0.000000 0.000000 1.000000 0.044839 -0.053437 0.997564 0.048457 -0.050179 0.997564 
-0.000000 0.000000 1.000000 -0.000000 0.000000 1.000000 0.041002 -0.056434 0.997564 0.044839 -0.053437 0.997564 
-0.000000 0.000000 1.000000 -0.000000 0.000000 1.000000 0.036965 -0.059157 0.997564 0.041002 -0.056434 0.997564 
-0.000000 0.000000 1.000000 -0.000000 0.000000 1.000000 0.032749 -0.061591 0.997564 0.036965 -0.059157 0.997564 
-0.000000 0.000000 1.000000 -0.000000 0.000000 1.000000 0.028372 -0.063726 0.997564 0.032749 -0.061591 0.997564 
-0.000000 0.000000 1.000000 -0.000000 0.000000 1.000000 0.023858 -0.065550 0.997564 0.028372 -0.063726 0.997564 
-0.000000 0.000000 1.000000 -0.000000 0.000000 1.000000 0.019227 -0.067054 0.997564 0.023858 -0.065550 0.997564 
-0.000000 0.000000 1.000000 -0.000000 0.000000 1.000000 0.014503 -0.068232 0.997564 0.019227 -0.067054 0.997564 
-0.000000 0.000000 1.000000 -0.000000 0.000000 1.000000 0.009708 -0.069078 0.997564 0.014503 -0.068232 0.997564 
-0.000000 0.000000 1.000000 -0.000000 0.000000 1.000000 0.004866 -0.069587 0.997564 0.009708 -0.069078 0.997564 
-0.000000 0.000000 1.000000 -0.000000 0.000000 1.000000 0.000000 -0.069756 0.997564 0.004866 -0.069587 0.997564 
-0.000000 0.000000 1.000000 0.000000 0.000000 1.000000 -0.004866 -0.069587 0.997564 0.000000 -0.069756 0.997564 
0.000000 0.000000 1.000000 0.000000 0.000000 1.000000 -0.009708 -0.069078 0.997564 -0.004866 -0.069587 0.997564 
0.000000 0.000000 1.000000 0.000000 0.000000 1.000000 -0.014503 -0.068232 0.997564 -0.009708 -0.069078 0.997564 
0.000000 0.000000 1.000000 0.000000 0.000000 1.000000 -0.019227 -0.067054 0.997564 -0.014503 -0.068232 0.997564 
0.000000 0.000000 1.000000 0.000000 0.000000 1.000000 -0.023858 -0.065550 0.997564 -0.019227 -0.067054 0.997564 
0.000000 0.000000 1.000000 0.000000 0.000000 1.000000 -0.028372 -0.063726 0.997564 -0.023858 -0.065550 0.997564 
0.000000 0.000000 1.000000 0.000000 0.000000 1.000000 -0.032749 -0.061591 0.997564 -0.028372 -0.063726 0.997564 
0.000000 0.000000 1.000000 0.000000 0.000000 1.000000 -0.036965 -0.059157 0.997564 -0.032749 -0.061591 0.997564 
0.000000 0.000000 1.000000 0.000000 0.000000 1.000000 -0.041002 -0.056434 0.997564 -0.036965 -0.059157 0.997564 
0.000000 0.000000 1.000000 0.000000 0.000000 1.000000 -0.044839 -0.053437 0.997564 -0.041002 -0.056434 0.997564 
0.000000 0.000000 1.000000 0.000000 0.000000 1.000000 -0.048457 -0.050179 0.997564 -0.044839 -0.053437 0.997564 
0.000000 0.000000 1.000000 0.000000 0.000000 1.000000 -0.051839 -0.046676 0.997564 -0.048457 -0.050179 0.997564 
0.000000 0.000000 1.000000 0.000000 0.000000 1.000000 -0.054969 -0.042946 0.997564 -0.051839 -0.046676 0.997564 
0.000000 0.000000 1.000000 0.000000 0.000000 1.000000 -0.057831 -0.039007 0.997564 -0.054969 -0.042946 0.997564 
0.000000 0.000000 1.000000 0.000000 0.000000 1.000000 -0.060411 -0.034878 0.997564 -0.057831 -0.039007 0.997564 
0.000000 0.000000 1.000000 0.000000 0.000000 1.000000 -0.062697 -0.030579 0.997564 -0.060411 -0.034878 0.997564 
0.000000 0.000000 1.000000 0.000000 0.000000 1.000000 -0.064677 -0.026131 0.997564 -0.062697 -0.030579 0.997564 
0.000000 0.000000 1.000000 0.000000 0.000000 1.000000 -0.066342 -0.021556 0.997564 -0.064677 -0.026131 0.997564 
0.000000 0.000000 1.000000 0.000000 0.000000 1.000000 -0.067684 -0.016876 0.997564 -0.066342 -0.021556 0.997564 
0.000000 0.000000 1.000000 0.000000 0.000000 1.000000 -0.068697 -0.012113 0.997564 -0.067684 -0.016876 0.997564 
0.000000 0.000000 1.000000 0.000000 0.000000 1.000000 -0.069374 -0.007292 0.997564 -0.068697 -0.012113 0.997564 
0.000000 0.000000 1.000000 0.000000 0.000000 1.000000 -0.069714 -0.002434 0.997564 -0.069374 -0.007292 0.997564 
0.000000 0.000000 1.000000 0.000000 -0.000000 1.000000 -0.069714 0.002434 0.997564 -0.069714 -0.002434 0.997564 
0.000000 -0.000000 1.000000 0.000000 -0.000000 1.000000 -0.069374 0.007292 0.997564 -0.069714 0.002434 0.997564 
0.000000 -0.000000 1.000000 0.000000 -0.000000 1.000000 -0.068697 0.012113 0.997564 -0.069374 0.007292 0.997564 
0.000000 -0.000000 1.000000 0.000000 -0.000000 1.000000 -0.067684 0.016876 0.997564 -0.068697 0.012113 0.997564 
0.000000 -0.000000 1.000000 0.000000 -0.000000 1.000000 -0.066342 0.021556 0.997564 -0.067684 0.016876 0.997564 
0.000000 -0.000000 1.000000 0.000000 -0.000000 1.000000 -0.064677 0.026131 0.997564 -0.066342 0.021556 0.997564 
0.000000 -0.000000 1.000000 0.000000 -0.000000 1.000000 -0.062697 0.030579 0.997564 -0.064677 0.026131 0.997564 
0.000000 -0.000000 1.000000 0.000000 -0.000000 1.000000 -0.060411 0.034878 0.997564 -0.062697 0.030579 0.997564 
0.000000 -0.000000 1.000000 0.000000 -0.000000 1.000000 -0.057831 0.039007 0.997564 -0.060411 0.034878 0.997564 
0.000000 -0.000000 1.000000 0.000000 -0.000000 1.000000 -0.054969 0.042946 0.997564 -0.057831 0.039007 0.997564 
0.000000 -0.000000 1.000000 0.000000 -0.000000 1.000000 -0.051839 0.046676 0.997564 -0.054969 0.042946 0.997564 
0.000000 -0.000000 1.000000 0.000000 -0.000000 1.000000 -0.048457 0.050179 0.997564 -0.051839 0.046676 0.997564 
0.000000 -0.000000 1.000000 0.000000 -0.000000 1.000000 -0.044839 0.053437 0.997564 -0.048457 0.050179 0.997564 
0.000000 -0.000000 1.000000 0.000000 -0.000000 1.000000 -0.041002 0.056434 0.997564 -0.044839 0.053437 0.997564 
0.000000 -0.000000 1.000000 0.000000 -0.000000 1.000000 -0.036965 0.059157 0.997564 -0.041002 0.056434 0.997564 
0.000000 -0.000000 1.000000 0.000000 -0.000000 1.000000 -0.032749 0.061591 0.997564 -0.036965 0.059157 0.997564 
0.000000 -0.000000 1.000000 0.000000 -0.000000 1.000000 -0.028372 0.063726 0.997564 -0.032749 0.061591 0.997564 
0.000000 -0.000000 1.000000 0.000000 -0.000000 1.000000 -0.023858 0.065550 0.997564 -0.028372 0.063726 0.997564 
0.000000 -0.000000 1.000000 0.000000 -0.000000 1.000000 -0.019227 0.067054 0.997564 -0.023858 0.065550 0.997564 
0.000000 -0.000000 1.000000 0.000000 -0.000000 1.000000 -0.014503 0.068232 0.997564 -0.019227 0.067054 0.997564 
0.000000 -0.000000 1.000000 0.000000 -0.000000 1.000000 -0.009708 0.069078 0.997564 -0.014503 0.068232 0.997564 
0.000000 -0.000000 1.000000 0.000000 -0.000000 1.000000 -0.004866 0.069587 0.997564 -0.009708 0.069078 0.997564 
0.000000 -0.000000 1.000000 0.000000 -0.000000 1.000000 -0.000000 0.069756 0.997564 -0.004866 0.069587 0.997564 
0.000000 0.069756 0.997564 0.004866 0.069586 0.997564 0.009708 0.138834 0.990268 0.000000 0.139173 0.990268 
0.004866 0.069586 0.997564 0.009708 0.069078 0.997564 0.019369 0.137819 0.990268 0.009708 0.138834 0.990268 
0.009708 0.069078 0.997564 0.014503 0.068232 0.997564 0.028936 0.136132 0.990268 0.019369 0.137819 0.990268 
0.014503 0.068232 0.997564 0.019227 0.067054 0.997564 0.038361 0.133782 0.990268 0.028936 0.136132 0.990268 
0.019227 0.067054 0.997564 0.023858 0.065550 0.997564 0.047600 0.130780 0.990268 0.038361 0.133782 0.990268 
0.023858 0.065550 0.997564 0.028372 0.063726 0.997564 0.056607 0.127141 0.990268 0.047600 0.130780 0.990268 
0.028372 0.063726 0.997564 0.032749 0.061591 0.997564 0.065338 0.122882 0.990268 0.056607 0.127141 0.990268 
0.032749 0.061591 0.997564 0.036965 0.059157 0.997564 0.073750 0.118025 0.990268 0.065338 0.122882 0.990268 
0.036965 0.059157 0.997564 0.041002 0.056434 0.997564 0.081804 0.112593 0.990268 0.073750 0.118025 0.990268 
0.041002 0.056434 0.997564 0.044839 0.053436 0.997564 0.089459 0.106613 0.990268 0.081804 0.112593 0.990268 
0.044839 0.053436 0.997564 0.048457 0.050179 0.997564 0.096678 0.100113 0.990268 0.089459 0.106613 0.990268 
0.048457 0.050179 0.997564 0.051839 0.046676 0.997564 0.103426 0.093125 0.990268 0.096678 0.100113 0.990268 
0.051839 0.046676 0.997564 0.054969 0.042946 0.997564 0.109670 0.085683 0.990268 0.103426 0.093125 0.990268 
0.054969 0.042946 0.997564 0.057831 0.039007 0.997564 0.115380 0.077825 0.990268 0.109670 0.085683 0.990268 
0.057831 0.039007 0.997564 0.060411 0.034878 0.997564 0.120527 0.069587 0.990268 0.115380 0.077825 0.990268 
0.060411 0.034878 0.997564 0.062697 0.030579 0.997564 0.125088 0.061009 0.990268 0.120527 0.069587 0.990268 
0.062697 0.030579 0.997564 0.064677 0.026131 0.997564 0.129039 0.052135 0.990268 0.125088 0.061009 0.990268 
0.064677 0.026131 0.997564 0.066342 0.021556 0.997564 0.132361 0.043007 0.990268 0.129039 0.052135 0.990268 
0.066342 0.021556 0.997564 0.067684 0.016876 0.997564 0.135039 0.033669 0.990268 0.132361 0.043007 0.990268 
0.067684 0.016876 0.997564 0.068697 0.012113 0.997564 0.137059 0.024167 0.990268 0.135039 0.033669 0.990268 
0.068697 0.012113 0.997564 0.069374 0.007292 0.997564 0.138411 0.014548 0.990268 0.137059 0.024167 0.990268 
0.069374 0.007292 0.997564 0.069714 0.002434 0.997564 0.139088 0.004857 0.990268 0.138411 0.014548 0.990268 
0.069714 0.002434 0.997564 0.069714 -0.002434 0.997564 0.139088 -0.004857 0.990268 0.139088 0.004857 0.990268 
0.069714 -0.002434 0.997564 0.069374 -0.007292 0.997564 0.138411 -0.014548 0.990268 0.139088 -0.004857 0.990268 
0.069374 -0.007292 0.997564 0.068697 -0.012113 0.997564 0.137059 -0.024167 0.990268 0.138411 -0.014548 0.990268 
0.068697 -0.012113 0.997564 0.067684 -0.016876 0.997564 0.135039 -0.033669 0.990268 0.137059 -0.024167 0.990268 
0.067684 -0.016876 0.997564 0.066342 -0.021556 0.997564 0.132361 -0.043007 0.990268 0.135039 -0.033669 0.990268 
0.066342 -0.021556 0.997564 0.064677 -0.026131 0.997564 0.129039 -0.052135 0.990268 0.132361 -0.043007 0.990268 
0.064677 -0.026131 0.997564 0.062697 -0.030579 0.997564 0.125088 -0.061009 0.990268 0.129039 -0.052135 0.990268 
0.062697 -0.030579 0.997564 0.060411 -0.034878 0.997564 0.120527 -0.069587 0.990268 0.125088 -0.061009 0.990268 
0.060411 -0.034878 0.997564 0.057831 -0.039007 0.997564 0.115380 -0.077825 0.990268 0.120527 -0.069587 0.990268 
0.057831 -0.039007 0.997564 0.054969 -0.042946 0.997564 0.109670 -0.085683 0.990268 0.115380 -0.077825 0.990268 
0.054969 -0.042946 0.997564 0.051839 -0.046676 0.997564 0.103426 -0.093125 0.990268 0.109670 -0.085683 0.990268 
0.051839 -0.046676 0.997564 0.048457 -0.050179 0.997564 0.096678 -0.100113 0.990268 0.103426 -0.093125 0.990268 
0.048457 -0.050179 0.997564 0.044839 -0.053436 0.997564 0.089459 -0.106613 0.990268 0.096678 -0.100113 0.990268 
0.044839 -0.053436 0.997564 0.041002 -0.056434 0.997564 0.081804 -0.112593 0.990268 0.089459 -0.106613 0.990268 
0.041002 -0.056434 0.997564 0.036965 -0.059157 0.997564 0.073750 -0.118025 0.990268 0.081804 -0.112593 0.990268 
0.036965 -0.059157 0.997564 0.032749 -0.061591 0.997564 0.065338 -0.122882 0.990268 0.073750 -0.118025 0.990268 
0.032749 -0.061591 0.997564 0.028372 -0.063726 0.997564 0.056607 -0.127141 0.990268 0.065338 -0.122882 0.990268 
0.028372 -0.063726 0.997564 0.023858 -0.065550 0.997564 0.047600 -0.130780 0.990268 0.056607 -0.127141 0.990268 
0.023858 -0.065550 0.997564 0.019227 -0.067054 0.997564 0.038361 -0.133782 0.990268 0.047600 -0.130780 0.990268 
0.019227 -0.067054 0.997564 0.014503 -0.068232 0.997564 0.028936 -0.136132 0.990268 0.038361 -0.133782 0.990268 
0.014503 -0.068232 0.997564 0.009708 -0.069078 0.997564 0.019369 -0.137819 0.990268 0.028936 -0.136132 0.990268 
0.009708 -0.069078 0.997564 0.004866 -0.069586 0.997564 0.009708 -0.138834 0.990268 0.019369 -0.137819 0.990268 
0.004866 -0.069586 0.997564 0.000000 -0.069756 0.997564 0.000000 -0.139173 0.990268 0.009708 -0.138834 0.990268 
0.000000 -0.069756 0.997564 -0.004866 -0.069586 0.997564 -0.009708 -0.138834 0.990268 0.000000 -0.139173 0.990268 
-0.004866 -0.069586 0.997564 -0.009708 -0.069078 0.997564 -0.019369 -0.137819 0.990268 -0.009708 -0.138834 0.990268 
-0.009708 -0.069078 0.997564 -0.014503 -0.068232 0.997564 -0.028936 -0.136132 0.990268 -0.019369 -0.137819 0.990268 
-0.014503 -0.068232 0.997564 -0.019227 -0.067054 0.997564 -0.038361 -0.133782 0.990268 -0.028936 -0.136132 0.990268 
-0.019227 -0.067054 0.997564 -0.023858 -0.065550 0.997564 -0.047600 -0.130780 0.990268 -0.038361 -0.133782 0.990268 
-0.023858 -0.065550 0.997564 -0.028372 -0.063726 0.997564 -0.056607 -0.127141 0.990268 -0.047600 -0.130780 0.990268 
-0.028372 -0.063726 0.997564 -0.032749 -0.061591 0.997564 -0.065338 -0.122882 0.990268 -0.056607 -0.127141 0.990268 
-0.032749 -0.061591 0.997564 -0.036965 -0.059157 0.997564 -0.073750 -0.118025 0.990268 -0.065338 -0.122882 0.990268 
-0.036965 -0.059157 0.997564 -0.041002 -0.056434 0.997564 -0.081804 -0.112593 0.990268 -0.073750 -0.118025 0.990268 
-0.041002 -0.056434 0.997564 -0.044839 -0.053436 0.997564 -0.089459 -0.106613 0.990268 -0.081804 -0.112593 0.990268 
-0.044839 -0.053436 0.997564 -0.048457 -0.050179 0.997564 -0.096678 -0.100113 0.990268 -0.089459 -0.106613 0.990268 
-0.048457 -0.050179 0.997564 -0.051839 -0.046676 0.997564 -0.103426 -0.093125 0.990268 -0.096678 -0.100113 0.990268 
-0.051839 -0.046676 0.997564 -0.054969 -0.042946 0.997564 -0.109670 -0.085683 0.990268 -0.103426 -0.093125 0.990268 
-0.054969 -0.042946 0.997564 -0.057831 -0.039007 0.997564 -0.115380 -0.077825 0.990268 -0.109670 -0.085683 0.990268 
-0.057831 -0.039007 0.997564 -0.060411 -0.034878 0.997564 -0.120527 -0.069587 0.990268 -0.115380 -0.077825 0.990268 
-0.060411 -0.034878 0.997564 -0.062697 -0.030579 0.997564 -0.125088 -0.061009 0.990268 -0.120527 -0.069587 0.990268 
-0.062697 -0.030579 0.997564 -0.064677 -0.026131 0.997564 -0.129039 -0.052135 0.990268 -0.125088 -0.061009 0.990268 
-0.064677 -0.026131 0.997564 -0.066342 -0.021556 0.997564 -0.132361 -0.043007 0.990268 -0.129039 -0.052135 0.990268 
-0.066342 -0.021556 0.997564 -0.067684 -0.016876 0.997564 -0.135039 -0.033669 0.990268 -0.132361 -0.043007 0.990268 
-0.067684 -0.016876 0.997564 -0.068697 -0.012113 0.997564 -0.137059 -0.024167 0.990268 -0.135039 -0.033669 0.990268 
-0.068697 -0.012113 0.997564 -0.069374 -0.007292 0.997564 -0.138411 -0.014548 0.990268 -0.137059 -0.024167 0.990268 
-0.069374 -0.007292 0.997564 -0.069714 -0.002434 0.997564 -0.139088 -0.004857 0.990268 -0.138411 -0.014548 0.990268 
-0.069714 -0.002434 0.997564 -0.069714 0.002434 0.997564 -0.139088 0.004857 0.990268 -0.139088 -0.004857 0.990268 
-0.069714 0.002434 0.997564 -0.069374 0.007292 0.997564 -0.138411 0.014548 0.990268 -0.139088 0.004857 0.990268 
-0.069374 0.007292 0.997564 -0.068697 0.012113 0.997564 -0.137059 0.024167 0.990268 -0.138411 0.014548 0.990268 
-0.068697 0.012113 0.997564 -0.067684 0.016876 0.997564 -0.135039 0.033669 0.990268 -0.137059 0.024167 0.990268 
-0.067684 0.016876 0.997564 -0.066342 0.021556 0.997564 -0.132361 0.043007 0.990268 -0.135039 0.033669 0.990268 
-0.066342 0.021556 0.997564 -0.064677 0.026131 0.997564 -0.129039 0.052135 0.990268 -0.132361 0.043007 0.990268 
-0.064677 0.026131 0.997564 -0.062697 0.030579 0.997564 -0.125088 0.061009 0.990268 -0.129039 0.052135 0.990268 
-0.062697 0.030579 0.997564 -0.060411 0.034878 0.997564 -0.120527 0.069587 0.990268 -0.125088 0.061009 0.990268 
-0.060411 0.034878 0.997564 -0.057831 0.039007 0.997564 -0.115380 0.077825 0.990268 -0.120527 0.069587 0.990268 
-0.057831 0.039007 0.997564 -0.054969 0.042946 0.997564 -0.109670 0.085683 0.990268 -0.115380 0.077825 0.990268 
-0.054969 0.042946 0.997564 -0.051839 0.046676 0.997564 -0.103426 0.093125 0.990268 -0.109670 0.085683 0.990268 
-0.051839 0.046676 0.997564 -0.048457 0.050179 0.997564 -0.096678 0.100113 0.990268 -0.103426 0.093125 0.990268 
-0.048457 0.050179 0.997564 -0.044839 0.053436 0.997564 -0.089459 0.106613 0.990268 -0.096678 0.100113 0.990268 
-0.044839 0.053436 0.997564 -0.041002 0.056434 0.997564 -0.081804 0.112593 0.990268 -0.089459 0.106613 0.990268 
-0.041002 0.056434 0.997564 -0.036965 0.059157 0.997564 -0.073750 0.118025 0.990268 -0.081804 0.112593 0.990268 
-0.036965 0.059157 0.997564 -0.032749 0.061591 0.997564 -0.065338 0.122882 0.990268 -0.073750 0.118025 0.990268 
-0.032749 0.061591 0.997564 -0.028372 0.063726 0.997564 -0.056607 0.127141 0.990268 -0.065338 0.122882 0.990268 
-0.028372 0.063726 0.997564 -0.023858 0.065550 0.997564 -0.047600 0.130780 0.990268 -0.056607 0.127141 0.990268 
-0.023858 0.065550 0.997564 -0.019227 0.067054 0.997564 -0.038361 0.133782 0.990268 -0.047600 0.130780 0.990268 
-0.019227 0.067054 0.997564 -0.014503 0.068232 0.997564 -0.028936 0.136132 0.990268 -0.038361 0.133782 0.990268 
-0.014503 0.068232 0.997564 -0.009708 0.069078 0.997564 -0.019369 0.137819 0.990268 -0.028936 0.136132 0.990268 
-0.009708 0.069078 0.997564 -0.004866 0.069586 0.997564 -0.009708 0.138834 0.990268 -0.019369 0.137819 0.990268 
-0.004866 0.069586 0.997564 -0.000000 0.069756 0.997564 -0.000000 0.139173 0.990268 -0.009708 0.138834 0.990268 
0.000000 0.139173 0.990268 0.009708 0.138834 0.990268 0.014503 0.207405 0.978148 0.000000 0.207912 0.978148 
0.009708 0.138834 0.990268 0.019369 0.137819 0.990268 0.028936 0.205888 0.978148 0.014503 0.207405 0.978148 
0.019369 0.137819 0.990268 0.028936 0.136132 0.990268 0.043227 0.203368 0.978148 0.028936 0.205888 0.978148 
0.028936 0.136132 0.990268 0.038361 0.133782 0.990268 0.057308 0.199858 0.978148 0.043227 0.203368 0.978148 
0.038361 0.133782 0.990268 0.047600 0.130780 0.990268 0.071110 0.195373 0.978148 0.057308 0.199858 0.978148 
0.047600 0.130780 0.990268 0.056607 0.127141 0.990268 0.084565 0.189937 0.978148 0.071110 0.195373 0.978148 
0.056607 0.127141 0.990268 0.065338 0.122883 0.990268 0.097609 0.183575 0.978148 0.084565 0.189937 0.978148 
0.065338 0.122883 0.990268 0.073751 0.118025 0.990268 0.110176 0.176319 0.978148 0.097609 0.183575 0.978148 
0.073751 0.118025 0.990268 0.081804 0.112593 0.990268 0.122207 0.168204 0.978148 0.110176 0.176319 0.978148 
0.081804 0.112593 0.990268 0.089459 0.106613 0.990268 0.133643 0.159270 0.978148 0.122207 0.168204 0.978148 
0.089459 0.106613 0.990268 0.096678 0.100113 0.990268 0.144428 0.149559 0.978148 0.133643 0.159270 0.978148 
0.096678 0.100113 0.990268 0.103426 0.093125 0.990268 0.154508 0.139120 0.978148 0.144428 0.149559 0.978148 
0.103426 0.093125 0.990268 0.109670 0.085684 0.990268 0.163837 0.128003 0.978148 0.154508 0.139120 0.978148 
0.109670 0.085684 0.990268 0.115380 0.077825 0.990268 0.172367 0.116263 0.978148 0.163837 0.128003 0.978148 
0.115380 0.077825 0.990268 0.120527 0.069587 0.990268 0.180057 0.103956 0.978148 0.172367 0.116263 0.978148 
0.120527 0.069587 0.990268 0.125088 0.061009 0.990268 0.186870 0.091142 0.978148 0.180057 0.103956 0.978148 
0.125088 0.061009 0.990268 0.129039 0.052135 0.990268 0.192772 0.077885 0.978148 0.186870 0.091142 0.978148 
0.129039 0.052135 0.990268 0.132361 0.043007 0.990268 0.197736 0.064248 0.978148 0.192772 0.077885 0.978148 
0.132361 0.043007 0.990268 0.135039 0.033669 0.990268 0.201736 0.050298 0.978148 0.197736 0.064248 0.978148 
0.135039 0.033669 0.990268 0.137059 0.024167 0.990268 0.204753 0.036103 0.978148 0.201736 0.050298 0.978148 
0.137059 0.024167 0.990268 0.138411 0.014548 0.990268 0.206773 0.021733 0.978148 0.204753 0.036103 0.978148 
0.138411 0.014548 0.990268 0.139088 0.004857 0.990268 0.207785 0.007256 0.978148 0.206773 0.021733 0.978148 
0.139088 0.004857 0.990268 0.139088 -0.004857 0.990268 0.207785 -0.007256 0.978148 0.207785 0.007256 0.978148 
0.139088 -0.004857 0.990268 0.138411 -0.014548 0.990268 0.206773 -0.021733 0.978148 0.207785 -0.007256 0.978148 
0.138411 -0.014548 0.990268 0.137059 -0.024167 0.990268 0.204753 -0.036103 0.978148 0.206773 -0.021733 0.978148 
0.137059 -0.024167 0.990268 0.135039 -0.033669 0.990268 0.201736 -0.050298 0.978148 0.204753 -0.036103 0.978148 
0.135039 -0.033669 0.990268 0.132361 -0.043007 0.990268 0.197736 -0.064248 0.978148 0.201736 -0.050298 0.978148 
0.132361 -0.043007 0.990268 0.129039 -0.052135 0.990268 0.192772 -0.077885 0.978148 0.197736 -0.064248 0.978148 
0.129039 -0.052135 0.990268 0.125088 -0.061009 0.990268 0.186870 -0.091142 0.978148 0.192772 -0.077885 0.978148 
0.125088 -0.061009 0.990268 0.120527 -0.069587 0.990268 0.180057 -0.103956 0.978148 0.186870 -0.091142 0.978148 
0.120527 -0.069587 0.990268 0.115380 -0.077825 0.990268 0.172367 -0.116263 0.978148 0.180057 -0.103956 0.978148 
0.115380 -0.077825 0.990268 0.109670 -0.085684 0.990268 0.163837 -0.128003 0.978148 0.172367 -0.116263 0.978148 
0.109670 -0.085684 0.990268 0.103426 -0.093125 0.990268 0.154508 -0.139120 0.978148 0.163837 -0.128003 0.978148 
0.103426 -0.093125 0.990268 0.096678 -0.100113 0.990268 0.144428 -0.149559 0.978148 0.154508 -0.139120 0.978148 
0.096678 -0.100113 0.990268 0.089459 -0.106613 0.990268 0.133643 -0.159270 0.978148 0.144428 -0.149559 0.978148 
0.089459 -0.106613 0.990268 0.081804 -0.112593 0.990268 0.122207 -0.168204 0.978148 0.133643 -0.159270 0.978148 
0.081804 -0.112593 0.990268 0.073751 -0.118025 0.990268 0.110176 -0.176319 0.978148 0.122207 -0.168204 0.978148 
0.073751 -0.118025 0.990268 0.065338 -0.122883 0.990268 0.097609 -0.183575 0.978148 0.110176 -0.176319 0.978148 
0.065338 -0.122883 0.990268 0.056607 -0.127141 0.990268 0.084565 -0.189937 0.978148 0.097609 -0.183575 0.978148 
0.056607 -0.127141 0.990268 0.047600 -0.130780 0.990268 0.071110 -0.195373 0.978148 0.084565 -0.189937 0.978148 
0.047600 -0.130780 0.990268 0.038361 -0.133782 0.990268 0.057308 -0.199858 0.978148 0.071110 -0.195373 0.978148 
0.038361 -0.133782 0.990268 0.028936 -0.136132 0.990268 0.043227 -0.203368 0.978148 0.057308 -0.199858 0.978148 
0.028936 -0.136132 0.990268 0.019369 -0.137819 0.990268 0.028936 -0.205888 0.978148 0.043227 -0.203368 0.978148 
0.019369 -0.137819 0.990268 0.009708 -0.138834 0.990268 0.014503 -0.207405 0.978148 0.028936 -0.205888 0.978148 
0.009708 -0.138834 0.990268 0.000000 -0.139173 0.990268 0.000000 -0.207912 0.978148 0.014503 -0.207405 0.978148 
0.000000 -0.139173 0.990268 -0.009708 -0.138834 0.990268 -0.014503 -0.207405 0.978148 0.000000 -0.207912 0.978148 
-0.009708 -0.138834 0.990268 -0.019369 -0.137819 0.990268 -0.028936 -0.205888 0.978148 -0.014503 -0.207405 0.978148 
-0.019369 -0.137819 0.990268 -0.028936 -0.136132 0.990268 -0.043227 -0.203368 0.978148 -0.028936 -0.205888 0.978148 
-0.028936 -0.136132 0.990268 -0.038361 -0.133782 0.990268 -0.057308 -0.199858 0.978148 -0.043227 -0.203368 0.978148 
-0.038361 -0.133782 0.990268 -0.047600 -0.130780 0.990268 -0.071110 -0.195373 0.978148 -0.057308 -0.199858 0.978148 
-0.047600 -0.130780 0.990268 -0.056607 -0.127141 0.990268 -0.084565 -0.189937 0.978148 -0.071110 -0.195373 0.978148 
-0.056607 -0.127141 0.990268 -0.065338 -0.122883 0.990268 -0.097609 -0.183575 0.978148 -0.084565 -0.189937 0.978148 
-0.065338 -0.122883 0.990268 -0.073751 -0.118025 0.990268 -0.110176 -0.176319 0.978148 -0.097609 -0.183575 0.978148 
-0.073751 -0.118025 0.990268 -0.081804 -0.112593 0.990268 -0.122207 -0.168204 0.978148 -0.110176 -0.176319 0.978148 
-0.081804 -0.112593 0.990268 -0.089459 -0.106613 0.990268 -0.133643 -0.159270 0.978148 -0.122207 -0.168204 0.978148 
-0.089459 -0.106613 0.990268 -0.096678 -0.100113 0.990268 -0.144428 -0.149559 0.978148 -0.133643 -0.159270 0.978148 
-0.096678 -0.100113 0.990268 -0.103426 -0.093125 0.990268 -0.154508 -0.139120 0.978148 -0.144428 -0.149559 0.978148 
-0.103426 -0.093125 0.990268 -0.109670 -0.085684 0.990268 -0.163837 -0.128003 0.978148 -0.154508 -0.139120 0.978148 
-0.109670 -0.085684 0.990268 -0.115380 -0.077825 0.990268 -0.172367 -0.116263 0.978148 -0.163837 -0.128003 0.978148 
-0.115380 -0.077825 0.990268 -0.120527 -0.069587 0.990268 -0.180057 -0.103956 0.978148 -0.172367 -0.116263 0.978148 
-0.120527 -0.069587 0.990268 -0.125088 -0.061009 0.990268 -0.186870 -0.091142 0.978148 -0.180057 -0.103956 0.978148 
-0.125088 -0.061009 0.990268 -0.129039 -0.052135 0.990268 -0.192772 -0.077885 0.978148 -0.186870 -0.091142 0.978148 
-0.129039 -0.052135 0.990268 -0.132361 -0.043007 0.990268 -0.197736 -0.064248 0.978148 -0.192772 -0.077885 0.978148 
-0.132361 -0.043007 0.990268 -0.135039 -0.033669 0.990268 -0.201736 -0.050298 0.978148 -0.197736 -0.064248 0.978148 
-0.135039 -0.033669 0.990268 -0.137059 -0.024167 0.990268 -0.204753 -0.036103 0.978148 -0.201736 -0.050298 0.978148 
-0.137059 -0.024167 0.990268 -0.138411 -0.014548 0.990268 -0.206773 -0.021733 0.978148 -0.204753 -0.036103 0.978148 
-0.138411 -0.014548 0.990268 -0.139088 -0.004857 0.990268 -0.207785 -0.007256 0.978148 -0.206773 -0.021733 0.978148 
-0.139088 -0.004857 0.990268 -0.139088 0.004857 0.990268 -0.207785 0.007256 0.978148 -0.207785 -0.007256 0.978148 
-0.139088 0.004857 0.990268 -0.138411 0.014548 0.990268 -0.206773 0.021733 0.978148 -0.207785 0.007256 0.978148 
-0.138411 0.014548 0.990268 -0.137059 0.024167 0.990268 -0.204753 0.036103 0.978148 -0.206773 0.021733 0.978148 
-0.137059 0.024167 0.990268 -0.135039 0.033669 0.990268 -0.201736 0.050298 0.978148 -0.204753 0.036103 0.978148 
-0.135039 0.033669 0.990268 -0.132361 0.043007 0.990268 -0.197736 0.064248 0.978148 -0.201736 0.050298 0.978148 
-0.132361 0.043007 0.990268 -0.129039 0.052135 0.990268 -0.192772 0.077885 0.978148 -0.197736 0.064248 0.978148 
-0.129039 0.052135 0.990268 -0.125088 0.061009 0.990268 -0.186870 0.091142 0.978148 -0.192772 0.077885 0.978148 
-0.125088 0.061009 0.990268 -0.120527 0.069587 0.990268 -0.180057 0.103956 0.978148 -0.186870 0.091142 0.978148 
-0.120527 0.069587 0.990268 -0.115380 0.077825 0.990268 -0.172367 0.116263 0.978148 -0.180057 0.103956 0.978148 
-0.115380 0.077825 0.990268 -0.109670 0.085684 0.990268 -0.163837 0.128003 0.978148 -0.172367 0.116263 0.978148 
-0.109670 0.085684 0.990268 -0.103426 0.093125 0.990268 -0.154509 0.139120 0.978148 -0.163837 0.128003 0.978148 
-0.103426 0.093125 0.990268 -0.096678 0.100113 0.990268 -0.144428 0.149559 0.978148 -0.154509 0.139120 0.978148 
-0.096678 0.100113 0.990268 -0.089459 0.106613 0.990268 -0.133643 0.159270 0.978148 -0.144428 0.149559 0.978148 
-0.089459 0.106613 0.990268 -0.081804 0.112593 0.990268 -0.122207 0.168204 0.978148 -0.133643 0.159270 0.978148 
-0.081804 0.112593 0.990268 -0.073751 0.118025 0.990268 -0.110176 0.176319 0.978148 -0.122207 0.168204 0.978148 
-0.073751 0.118025 0.990268 -0.065338 0.122883 0.990268 -0.097609 0.183575 0.978148 -0.110176 0.176319 0.978148 
-0.065338 0.122883 0.990268 -0.056607 0.127141 0.990268 -0.084565 0.189937 0.978148 -0.097609 0.183575 0.978148 
-0.056607 0.127141 0.990268 -0.047600 0.130780 0.990268 -0.071110 0.195373 0.978148 -0.084565 0.189937 0.978148 
-0.047600 0.130780 0.990268 -0.038361 0.133782 0.990268 -0.057308 0.199858 0.978148 -0.071110 0.195373 0.978148 
-0.038361 0.133782 0.990268 -0.028936 0.136132 0.990268 -0.043227 0.203368 0.978148 -0.057308 0.199858 0.978148 
-0.028936 0.136132 0.990268 -0.019369 0.137819 0.990268 -0.028936 0.205888 0.978148 -0.043227 0.203368 0.978148 
-0.019369 0.137819 0.990268 -0.009708 0.138834 0.990268 -0.014503 0.207405 0.978148 -0.028936 0.205888 0.978148 
-0.009708 0.138834 0.990268 -0.000000 0.139173 0.990268 -0.000000 0.207912 0.978148 -0.014503 0.207405 0.978148 
0.000000 0.207912 0.978148 0.014503 0.207405 0.978148 0.019227 0.274966 0.961262 0.000000 0.275637 0.961262 
0.014503 0.207405 0.978148 0.028936 0.205888 0.978148 0.038361 0.272955 0.961262 0.019227 0.274966 0.961262 
0.028936 0.205888 0.978148 0.043227 0.203368 0.978148 0.057308 0.269614 0.961262 0.038361 0.272955 0.961262 
0.043227 0.203368 0.978148 0.057308 0.199858 0.978148 0.075976 0.264960 0.961262 0.057308 0.269614 0.961262 
0.057308 0.199858 0.978148 0.071110 0.195373 0.978148 0.094274 0.259014 0.961262 0.075976 0.264960 0.961262 
0.071110 0.195373 0.978148 0.084565 0.189937 0.978148 0.112112 0.251807 0.961262 0.094274 0.259014 0.961262 
0.084565 0.189937 0.978148 0.097609 0.183575 0.978148 0.129404 0.243373 0.961262 0.112112 0.251807 0.961262 
0.097609 0.183575 0.978148 0.110176 0.176319 0.978148 0.146066 0.233754 0.961262 0.129404 0.243373 0.961262 
0.110176 0.176319 0.978148 0.122207 0.168204 0.978148 0.162016 0.222995 0.961262 0.146066 0.233754 0.961262 
0.122207 0.168204 0.978148 0.133643 0.159270 0.978148 0.177176 0.211150 0.961262 0.162016 0.222995 0.961262 
0.133643 0.159270 0.978148 0.144428 0.149559 0.978148 0.191474 0.198277 0.961262 0.177176 0.211150 0.961262 
0.144428 0.149559 0.978148 0.154508 0.139120 0.978148 0.204838 0.184437 0.961262 0.191474 0.198277 0.961262 
0.154508 0.139120 0.978148 0.163837 0.128003 0.978148 0.217205 0.169699 0.961262 0.204838 0.184437 0.961262 
0.163837 0.128003 0.978148 0.172367 0.116263 0.978148 0.228514 0.154134 0.961262 0.217205 0.169699 0.961262 
0.172367 0.116263 0.978148 0.180057 0.103956 0.978148 0.238709 0.137819 0.961262 0.228514 0.154134 0.961262 
0.180057 0.103956 0.978148 0.186870 0.091142 0.978148 0.247741 0.120831 0.961262 0.238709 0.137819 0.961262 
0.186870 0.091142 0.978148 0.192772 0.077885 0.978148 0.255566 0.103256 0.961262 0.247741 0.120831 0.961262 
0.192772 0.077885 0.978148 0.197736 0.064248 0.978148 0.262147 0.085177 0.961262 0.255566 0.103256 0.961262 
0.197736 0.064248 0.978148 0.201736 0.050298 0.978148 0.267450 0.066683 0.961262 0.262147 0.085177 0.961262 
0.201736 0.050298 0.978148 0.204753 0.036103 0.978148 0.271450 0.047864 0.961262 0.267450 0.066683 0.961262 
0.204753 0.036103 0.978148 0.206773 0.021733 0.978148 0.274127 0.028812 0.961262 0.271450 0.047864 0.961262 
0.206773 0.021733 0.978148 0.207785 0.007256 0.978148 0.275469 0.009620 0.961262 0.274127 0.028812 0.961262 
0.207785 0.007256 0.978148 0.207785 -0.007256 0.978148 0.275469 -0.009620 0.961262 0.275469 0.009620 0.961262 
0.207785 -0.007256 0.978148 0.206773 -0.021733 0.978148 0.274127 -0.028812 0.961262 0.275469 -0.009620 0.961262 
0.206773 -0.021733 0.978148 0.204753 -0.036103 0.978148 0.271450 -0.047864 0.961262 0.274127 -0.028812 0.961262 
0.204753 -0.036103 0.978148 0.201736 -0.050298 0.978148 0.267450 -0.066683 0.961262 0.271450 -0.047864 0.961262 
0.201736 -0.050298 0.978148 0.197736 -0.064248 0.978148 0.262147 -0.085177 0.961262 0.267450 -0.066683 0.961262 
0.197736 -0.064248 0.978148 0.192772 -0.077885 0.978148 0.255566 -0.103256 0.961262 0.262147 -0.085177 0.961262 
0.192772 -0.077885 0.978148 0.186870 -0.091142 0.978148 0.247741 -0.120831 0.961262 0.255566 -0.103256 0.961262 
0.186870 -0.091142 0.978148 0.180057 -0.103956 0.978148 0.238709 -0.137819 0.961262 0.247741 -0.120831 0.961262 
0.180057 -0.103956 0.978148 0.172367 -0.116263 0.978148 0.228514 -0.154134 0.961262 0.238709 -0.137819 0.961262 
0.172367 -0.116263 0.978148 0.163837 -0.128003 0.978148 0.217205 -0.169699 0.961262 0.228514 -0.154134 0.961262 
0.163837 -0.128003 0.978148 0.154508 -0.139120 0.978148 0.204838 -0.184437 0.961262 0.217205 -0.169699 0.961262 
0.154508 -0.139120 0.978148 0.144428 -0.149559 0.978148 0.191474 -0.198277 0.961262 0.204838 -0.184437 0.961262 
0.144428 -0.149559 0.978148 0.133643 -0.159270 0.978148 0.177176 -0.211150 0.961262 0.191474 -0.198277 0.961262 
0.133643 -0.159270 0.978148 0.122207 -0.168204 0.978148 0.162016 -0.222995 0.961262 0.177176 -0.211150 0.961262 
0.122207 -0.168204 0.978148 0.110176 -0.176319 0.978148 0.146066 -0.233754 0.961262 0.162016 -0.222995 0.961262 
0.110176 -0.176319 0.978148 0.097609 -0.183575 0.978148 0.129404 -0.243373 0.961262 0.146066 -0.233754 0.961262 
0.097609 -0.183575 0.978148 0.084565 -0.189937 0.978148 0.112112 -0.251807 0.961262 0.129404 -0.243373 0.961262 
0.084565 -0.189937 0.978148 0.071110 -0.195373 0.978148 0.094274 -0.259014 0.961262 0.112112 -0.251807 0.961262 
0.071110 -0.195373 0.978148 0.057308 -0.199858 0.978148 0.075976 -0.264960 0.961262 0.094274 -0.259014 0.961262 
0.057308 -0.199858 0.978148 0.043227 -0.203368 0.978148 0.057308 -0.269614 0.961262 0.075976 -0.264960 0.961262 
0.043227 -0.203368 0.978148 0.028936 -0.205888 0.978148 0.038361 -0.272955 0.961262 0.057308 -0.269614 0.961262 
0.028936 -0.205888 0.978148 0.014503 -0.207405 0.978148 0.019227 -0.274966 0.961262 0.038361 -0.272955 0.961262 
0.014503 -0.207405 0.978148 0.000000 -0.207912 0.978148 0.000000 -0.275637 0.961262 0.019227 -0.274966 0.961262 
0.000000 -0.207912 0.978148 -0.014503 -0.207405 0.978148 -0.019227 -0.274966 0.961262 0.000000 -0.275637 0.961262 
-0.014503 -0.207405 0.978148 -0.028936 -0.205888 0.978148 -0.038361 -0.272955 0.961262 -0.019227 -0.274966 0.961262 
-0.028936 -0.205888 0.978148 -0.043227 -0.203368 0.978148 -0.057308 -0.269614 0.961262 -0.038361 -0.272955 0.961262 
-0.043227 -0.203368 0.978148 -0.057308 -0.199858 0.978148 -0.075976 -0.264960 0.961262 -0.057308 -0.269614 0.961262 
-0.057308 -0.199858 0.978148 -0.071110 -0.195373 0.978148 -0.094274 -0.259014 0.961262 -0.075976 -0.264960 0.961262 
-0.071110 -0.195373 0.978148 -0.084565 -0.189937 0.978148 -0.112112 -0.251807 0.961262 -0.094274 -0.259014 0.961262 
-0.084565 -0.189937 0.978148 -0.097609 -0.183575 0.978148 -0.129404 -0.243373 0.961262 -0.112112 -0.251807 0.961262 
-0.097609 -0.183575 0.978148 -0.110176 -0.176319 0.978148 -0.146066 -0.233754 0.961262 -0.129404 -0.243373 0.961262 
-0.110176 -0.176319 0.978148 -0.122207 -0.168204 0.978148 -0.162016 -0.222995 0.961262 -0.146066 -0.233754 0.961262 
-0.122207 -0.168204 0.978148 -0.133643 -0.159270 0.978148 -0.177176 -0.211150 0.961262 -0.162016 -0.222995 0.961262 
-0.133643 -0.159270 0.978148 -0.144428 -0.149559 0.978148 -0.191474 -0.198277 0.961262 -0.177176 -0.211150 0.961262 
-0.144428 -0.149559 0.978148 -0.154508 -0.139120 0.978148 -0.204838 -0.184437 0.961262 -0.191474 -0.198277 0.961262 
-0.154508 -0.139120 0.978148 -0.163837 -0.128003 0.978148 -0.217205 -0.169699 0.961262 -0.204838 -0.184437 0.961262 
-0.163837 -0.128003 0.978148 -0.172367 -0.116263 0.978148 -0.228514 -0.154134 0.961262 -0.217205 -0.169699 0.961262 
-0.172367 -0.116263 0.978148 -0.180057 -0.103956 0.978148 -0.238709 -0.137819 0.961262 -0.228514 -0.154134 0.961262 
-0.180057 -0.103956 0.978148 -0.186870 -0.091142 0.978148 -0.247741 -0.120831 0.961262 -0.238709 -0.137819 0.961262 
-0.186870 -0.091142 0.978148 -0.192772 -0.077885 0.978148 -0.255566 -0.103256 0.961262 -0.247741 -0.120831 0.961262 
-0.192772 -0.077885 0.978148 -0.197736 -0.064248 0.978148 -0.262147 -0.085177 0.961262 -0.255566 -0.103256 0.961262 
-0.197736 -0.064248 0.978148 -0.201736 -0.050298 0.978148 -0.267450 -0.066683 0.961262 -0.262147 -0.085177 0.961262 
-0.201736 -0.050298 0.978148 -0.204753 -0.036103 0.978148 -0.271450 -0.047864 0.961262 -0.267450 -0.066683 0.961262 
-0.204753 -0.036103 0.978148 -0.206773 -0.021733 0.978148 -0.274127 -0.028812 0.961262 -0.271450 -0.047864 0.961262 
-0.206773 -0.021733 0.978148 -0.207785 -0.007256 0.978148 -0.275469 -0.009620 0.961262 -0.274127 -0.028812 0.961262 
-0.207785 -0.007256 0.978148 -0.207785 0.007256 0.978148 -0.275469 0.009620 0.961262 -0.275469 -0.009620 0.961262 
-0.207785 0.007256 0.978148 -0.206773 0.021733 0.978148 -0.274127 0.028812 0.961262 -0.275469 0.009620 0.961262 
-0.206773 0.021733 0.978148 -0.204753 0.036103 0.978148 -0.271450 0.047864 0.961262 -0.274127 0.028812 0.961262 
-0.204753 0.036103 0.978148 -0.201736 0.050298 0.978148 -0.267450 0.066683 0.961262 -0.271450 0.047864 0.961262 
-0.201736 0.050298 0.978148 -0.197736 0.064248 0.978148 -0.262147 0.085177 0.961262 -0.267450 0.066683 0.961262 
-0.197736 0.064248 0.978148 -0.192772 0.077885 0.978148 -0.255566 0.103256 0.961262 -0.262147 0.085177 0.961262 
-0.192772 0.077885 0.978148 -0.186870 0.091142 0.978148 -0.247741 0.120831 0.961262 -0.255566 0.103256 0.961262 
-0.186870 0.091142 0.978148 -0.180057 0.103956 0.978148 -0.238709 0.137819 0.961262 -0.247741 0.120831 0.961262 
-0.180057 0.103956 0.978148 -0.172367 0.116263 0.978148 -0.228514 0.154134 0.961262 -0.238709 0.137819 0.961262 
-0.172367 0.116263 0.978148 -0.163837 0.128003 0.978148 -0.217205 0.169699 0.961262 -0.228514 0.154134 0.961262 
-0.163837 0.128003 0.978148 -0.154508 0.139120 0.978148 -0.204838 0.184437 0.961262 -0.217205 0.169699 0.961262 
-0.154508 0.139120 0.978148 -0.144428 0.149559 0.978148 -0.191474 0.198277 0.961262 -0.204838 0.184437 0.961262 
-0.144428 0.149559 0.978148 -0.133643 0.159270 0.978148 -0.177176 0.211150 0.961262 -0.191474 0.198277 0.961262 
-0.133643 0.159270 0.978148 -0.122207 0.168204 0.978148 -0.162016 0.222995 0.961262 -0.177176 0.211150 0.961262 
-0.122207 0.168204 0.978148 -0.110176 0.176319 0.978148 -0.146066 0.233754 0.961262 -0.162016 0.222995 0.961262 
-0.110176 0.176319 0.978148 -0.097609 0.183575 0.978148 -0.129404 0.243373 0.961262 -0.146066 0.233754 0.961262 
-0.097609 0.183575 0.978148 -0.084565 0.189937 0.978148 -0.112112 0.251807 0.961262 -0.129404 0.243373 0.961262 
-0.084565 0.189937 0.978148 -0.071110 0.195373 0.978148 -0.094274 0.259014 0.961262 -0.112112 0.251807 0.961262 
-0.071110 0.195373 0.978148 -0.057308 0.199858 0.978148 -0.075976 0.264960 0.961262 -0.094274 0.259014 0.961262 
-0.057308 0.199858 0.978148 -0.043227 0.203368 0.978148 -0.057308 0.269614 0.961262 -0.075976 0.264960 0.961262 
-0.043227 0.203368 0.978148 -0.028936 0.205888 0.978148 -0.038361 0.272955 0.961262 -0.057308 0.269614 0.961262 
-0.028936 0.205888 0.978148 -0.014503 0.207405 0.978148 -0.019228 0.274966 0.961262 -0.038361 0.272955 0.961262 
-0.014503 0.207405 0.978148 -0.000000 0.207912 0.978148 -0.000000 0.275637 0.961262 -0.019228 0.274966 0.961262 
0.000000 0.275637 0.961262 0.019227 0.274966 0.961262 0.023858 0.341187 0.939693 0.000000 0.342020 0.939693 
0.019227 0.274966 0.961262 0.038361 0.272955 0.961262 0.047600 0.338692 0.939693 0.023858 0.341187 0.939693 
0.038361 0.272955 0.961262 0.057308 0.269614 0.961262 0.071110 0.334546 0.939693 0.047600 0.338692 0.939693 
0.057308 0.269614 0.961262 0.075976 0.264960 0.961262 0.094274 0.328771 0.939693 0.071110 0.334546 0.939693 
0.075976 0.264960 0.961262 0.094274 0.259014 0.961262 0.116978 0.321394 0.939693 0.094274 0.328771 0.939693 
0.094274 0.259014 0.961262 0.112112 0.251807 0.961262 0.139112 0.312451 0.939693 0.116978 0.321394 0.939693 
0.112112 0.251807 0.961262 0.129404 0.243373 0.961262 0.160569 0.301986 0.939693 0.139112 0.312451 0.939693 
0.129404 0.243373 0.961262 0.146066 0.233754 0.961262 0.181243 0.290049 0.939693 0.160569 0.301986 0.939693 
0.146066 0.233754 0.961262 0.162016 0.222995 0.961262 0.201034 0.276700 0.939693 0.181243 0.290049 0.939693 
0.162016 0.222995 0.961262 0.177176 0.211150 0.961262 0.219846 0.262003 0.939693 0.201034 0.276700 0.939693 
0.177176 0.211150 0.961262 0.191474 0.198277 0.961262 0.237587 0.246029 0.939693 0.219846 0.262003 0.939693 
0.191474 0.198277 0.961262 0.204838 0.184437 0.961262 0.254170 0.228856 0.939693 0.237587 0.246029 0.939693 
0.204838 0.184437 0.961262 0.217205 0.169699 0.961262 0.269515 0.210569 0.939693 0.254170 0.228856 0.939693 
0.217205 0.169699 0.961262 0.228514 0.154134 0.961262 0.283547 0.191255 0.939693 0.269515 0.210569 0.939693 
0.228514 0.154134 0.961262 0.238709 0.137819 0.961262 0.296198 0.171010 0.939693 0.283547 0.191255 0.939693 
0.238709 0.137819 0.961262 0.247741 0.120831 0.961262 0.307406 0.149932 0.939693 0.296198 0.171010 0.939693 
0.247741 0.120831 0.961262 0.255566 0.103256 0.961262 0.317115 0.128123 0.939693 0.307406 0.149932 0.939693 
0.255566 0.103256 0.961262 0.262147 0.085177 0.961262 0.325280 0.105690 0.939693 0.317115 0.128123 0.939693 
0.262147 0.085177 0.961262 0.267450 0.066683 0.961262 0.331861 0.082742 0.939693 0.325280 0.105690 0.939693 
0.267450 0.066683 0.961262 0.271450 0.047864 0.961262 0.336824 0.059391 0.939693 0.331861 0.082742 0.939693 
0.271450 0.047864 0.961262 0.274127 0.028812 0.961262 0.340146 0.035751 0.939693 0.336824 0.059391 0.939693 
0.274127 0.028812 0.961262 0.275469 0.009620 0.961262 0.341812 0.011936 0.939693 0.340146 0.035751 0.939693 
0.275469 0.009620 0.961262 0.275469 -0.009620 0.961262 0.341812 -0.011936 0.939693 0.341812 0.011936 0.939693 
0.275469 -0.009620 0.961262 0.274127 -0.028812 0.961262 0.340146 -0.035751 0.939693 0.341812 -0.011936 0.939693 
0.274127 -0.028812 0.961262 0.271450 -0.047864 0.961262 0.336824 -0.059391 0.939693 0.340146 -0.035751 0.939693 
0.271450 -0.047864 0.961262 0.267450 -0.066683 0.961262 0.331861 -0.082742 0.939693 0.336824 -0.059391 0.939693 
0.267450 -0.066683 0.961262 0.262147 -0.085177 0.961262 0.325280 -0.105690 0.939693 0.331861 -0.082742 0.939693 
0.262147 -0.085177 0.961262 0.255566 -0.103256 0.961262 0.317115 -0.128123 0.939693 0.325280 -0.105690 0.939693 
0.255566 -0.103256 0.961262 0.247741 -0.120831 0.961262 0.307406 -0.149932 0.939693 0.317115 -0.128123 0.939693 
0.247741 -0.120831 0.961262 0.238709 -0.137819 0.961262 0.296198 -0.171010 0.939693 0.307406 -0.149932 0.939693 
0.238709 -0.137819 0.961262 0.228514 -0.154134 0.961262 0.283547 -0.191255 0.939693 0.296198 -0.171010 0.939693 
0.228514 -0.154134 0.961262 0.217205 -0.169699 0.961262 0.269515 -0.210569 0.939693 0.283547 -0.191255 0.939693 
0.217205 -0.169699 0.961262 0.204838 -0.184437 0.961262 0.254170 -0.228856 0.939693 0.269515 -0.210569 0.939693 
0.204838 -0.184437 0.961262 0.191474 -0.198277 0.961262 0.237587 -0.246029 0.939693 0.254170 -0.228856 0.939693 
0.191474 -0.198277 0.961262 0.177176 -0.211150 0.961262 0.219846 -0.262003 0.939693 0.237587 -0.246029 0.939693 
0.177176 -0.211150 0.961262 0.162016 -0.222995 0.961262 0.201034 -0.276700 0.939693 0.219846 -0.262003 0.939693 
0.162016 -0.222995 0.961262 0.146066 -0.233754 0.961262 0.181243 -0.290049 0.939693 0.201034 -0.276700 0.939693 
0.146066 -0.233754 0.961262 0.129404 -0.243373 0.961262 0.160569 -0.301986 0.939693 0.181243 -0.290049 0.939693 
0.129404 -0.243373 0.961262 0.112112 -0.251807 0.961262 0.139112 -0.312451 0.939693 0.160569 -0.301986 0.939693 
0.112112 -0.251807 0.961262 0.094274 -0.259014 0.961262 0.116978 -0.321394 0.939693 0.139112 -0.312451 0.939693 
0.094274 -0.259014 0.961262 0.075976 -0.264960 0.961262 0.094274 -0.328771 0.939693 0.116978 -0.321394 0.939693 
0.075976 -0.264960 0.961262 0.057308 -0.269614 0.961262 0.071110 -0.334546 0.939693 0.094274 -0.328771 0.939693 
0.057308 -0.269614 0.961262 0.038361 -0.272955 0.961262 0.047600 -0.338692 0.939693 0.071110 -0.334546 0.939693 
0.038361 -0.272955 0.961262 0.019227 -0.274966 0.961262 0.023858 -0.341187 0.939693 0.047600 -0.338692 0.939693 
0.019227 -0.274966 0.961262 0.000000 -0.275637 0.961262 0.000000 -0.342020 0.939693 0.023858 -0.341187 0.939693 
0.000000 -0.275637 0.961262 -0.019227 -0.274966 0.961262 -0.023858 -0.341187 0.939693 0.000000 -0.342020 0.939693 
-0.019227 -0.274966 0.961262 -0.038361 -0.272955 0.961262 -0.047600 -0.338692 0.939693 -0.023858 -0.341187 0.939693 
-0.038361 -0.272955 0.961262 -0.057308 -0.269614 0.961262 -0.071110 -0.334546 0.939693 -0.047600 -0.338692 0.939693 
-0.057308 -0.269614 0.961262 -0.075976 -0.264960 0.961262 -0.094274 -0.328771 0.939693 -0.071110 -0.334546 0.939693 
-0.075976 -0.264960 0.961262 -0.094273 -0.259014 0.961262 -0.116978 -0.321394 0.939693 -0.094274 -0.328771 0.939693 
-0.094273 -0.259014 0.961262 -0.112112 -0.251807 0.961262 -0.139112 -0.312451 0.939693 -0.116978 -0.321394 0.939693 
-0.112112 -0.251807 0.961262 -0.129404 -0.243373 0.961262 -0.160569 -0.301986 0.939693 -0.139112 -0.312451 0.939693 
-0.129404 -0.243373 0.961262 -0.146065 -0.233754 0.961262 -0.181243 -0.290049 0.939693 -0.160569 -0.301986 0.939693 
-0.146065 -0.233754 0.961262 -0.162016 -0.222995 0.961262 -0.201034 -0.276700 0.939693 -0.181243 -0.290049 0.939693 
-0.162016 -0.222995 0.961262 -0.177176 -0.211150 0.961262 -0.219846 -0.262003 0.939693 -0.201034 -0.276700 0.939693 
-0.177176 -0.211150 0.961262 -0.191474 -0.198277 0.961262 -0.237587 -0.246029 0.939693 -0.219846 -0.262003 0.939693 
-0.191474 -0.198277 0.961262 -0.204838 -0.184437 0.961262 -0.254170 -0.228856 0.939693 -0.237587 -0.246029 0.939693 
-0.204838 -0.184437 0.961262 -0.217205 -0.169699 0.961262 -0.269515 -0.210569 0.939693 -0.254170 -0.228856 0.939693 
-0.217205 -0.169699 0.961262 -0.228514 -0.154134 0.961262 -0.283547 -0.191255 0.939693 -0.269515 -0.210569 0.939693 
-0.228514 -0.154134 0.961262 -0.238709 -0.137819 0.961262 -0.296198 -0.171010 0.939693 -0.283547 -0.191255 0.939693 
-0.238709 -0.137819 0.961262 -0.247741 -0.120831 0.961262 -0.307406 -0.149932 0.939693 -0.296198 -0.171010 0.939693 
-0.247741 -0.120831 0.961262 -0.255566 -0.103256 0.961262 -0.317115 -0.128123 0.939693 -0.307406 -0.149932 0.939693 
-0.255566 -0.103256 0.961262 -0.262147 -0.085177 0.961262 -0.325280 -0.105690 0.939693 -0.317115 -0.128123 0.939693 
-0.262147 -0.085177 0.961262 -0.267450 -0.066683 0.961262 -0.331861 -0.082742 0.939693 -0.325280 -0.105690 0.939693 
-0.267450 -0.066683 0.961262 -0.271450 -0.047864 0.961262 -0.336824 -0.059391 0.939693 -0.331861 -0.082742 0.939693 
-0.271450 -0.047864 0.961262 -0.274127 -0.028812 0.961262 -0.340146 -0.035751 0.939693 -0.336824 -0.059391 0.939693 
-0.274127 -0.028812 0.961262 -0.275469 -0.009620 0.961262 -0.341812 -0.011936 0.939693 -0.340146 -0.035751 0.939693 
-0.275469 -0.009620 0.961262 -0.275469 0.009620 0.961262 -0.341812 0.011936 0.939693 -0.341812 -0.011936 0.939693 
-0.275469 0.009620 0.961262 -0.274127 0.028812 0.961262 -0.340146 0.035751 0.939693 -0.341812 0.011936 0.939693 
-0.274127 0.028812 0.961262 -0.271450 0.047864 0.961262 -0.336824 0.059391 0.939693 -0.340146 0.035751 0.939693 
-0.271450 0.047864 0.961262 -0.267450 0.066683 0.961262 -0.331861 0.082742 0.939693 -0.336824 0.059391 0.939693 
-0.267450 0.066683 0.961262 -0.262147 0.085177 0.961262 -0.325280 0.105690 0.939693 -0.331861 0.082742 0.939693 
-0.262147 0.085177 0.961262 -0.255566 0.103256 0.961262 -0.317115 0.128123 0.939693 -0.325280 0.105690 0.939693 
-0.255566 0.103256 0.961262 -0.247741 0.120831 0.961262 -0.307406 0.149932 0.939693 -0.317115 0.128123 0.939693 
-0.247741 0.120831 0.961262 -0.238709 0.137819 0.961262 -0.296198 0.171010 0.939693 -0.307406 0.149932 0.939693 
-0.238709 0.137819 0.961262 -0.228514 0.154134 0.961262 -0.283547 0.191255 0.939693 -0.296198 0.171010 0.939693 
-0.228514 0.154134 0.961262 -0.217205 0.169699 0.961262 -0.269515 0.210569 0.939693 -0.283547 0.191255 0.939693 
-0.217205 0.169699 0.961262 -0.204838 0.184437 0.961262 -0.254170 0.228856 0.939693 -0.269515 0.210569 0.939693 
-0.204838 0.184437 0.961262 -0.191474 0.198277 0.961262 -0.237587 0.246029 0.939693 -0.254170 0.228856 0.939693 
-0.191474 0.198277 0.961262 -0.177176 0.211150 0.961262 -0.219846 0.262003 0.939693 -0.237587 0.246029 0.939693 
-0.177176 0.211150 0.961262 -0.162016 0.222995 0.961262 -0.201034 0.276700 0.939693 -0.219846 0.262003 0.939693 
-0.162016 0.222995 0.961262 -0.146066 0.233754 0.961262 -0.181243 0.290049 0.939693 -0.201034 0.276700 0.939693 
-0.146066 0.233754 0.961262 -0.129404 0.243373 0.961262 -0.160569 0.301986 0.939693 -0.181243 0.290049 0.939693 
-0.129404 0.243373 0.961262 -0.112112 0.251807 0.961262 -0.139112 0.312451 0.939693 -0.160569 0.301986 0.939693 
-0.112112 0.251807 0.961262 -0.094274 0.259014 0.961262 -0.116978 0.321394 0.939693 -0.139112 0.312451 0.939693 
-0.094274 0.259014 0.961262 -0.075976 0.264960 0.961262 -0.094274 0.328771 0.939693 -0.116978 0.321394 0.939693 
-0.075976 0.264960 0.961262 -0.057308 0.269614 0.961262 -0.071110 0.334546 0.939693 -0.094274 0.328771 0.939693 
-0.057308 0.269614 0.961262 -0.038361 0.272955 0.961262 -0.047600 0.338692 0.939693 -0.071110 0.334546 0.939693 
-0.038361 0.272955 0.961262 -0.019227 0.274966 0.961262 -0.023858 0.341187 0.939693 -0.047600 0.338692 0.939693 
-0.019227 0.274966 0.961262 -0.000000 0.275637 0.961262 -0.000000 0.342020 0.939693 -0.023858 0.341187 0.939693 
0.000000 0.342020 0.939693 0.023858 0.341187 0.939693 0.028373 0.405746 0.913545 0.000000 0.406737 0.913545 
0.023858 0.341187 0.939693 0.047600 0.338692 0.939693 0.056607 0.402778 0.913545 0.028373 0.405746 0.913545 
0.047600 0.338692 0.939693 0.071110 0.334546 0.939693 0.084565 0.397848 0.913545 0.056607 0.402778 0.913545 
0.071110 0.334546 0.939693 0.094274 0.328771 0.939693 0.112112 0.390980 0.913545 0.084565 0.397848 0.913545 
0.094274 0.328771 0.939693 0.116978 0.321394 0.939693 0.139112 0.382207 0.913545 0.112112 0.390980 0.913545 
0.116978 0.321394 0.939693 0.139112 0.312451 0.939693 0.165435 0.371572 0.913545 0.139112 0.382207 0.913545 
0.139112 0.312451 0.939693 0.160569 0.301986 0.939693 0.190951 0.359127 0.913545 0.165435 0.371572 0.913545 
0.160569 0.301986 0.939693 0.181243 0.290050 0.939693 0.215538 0.344932 0.913545 0.190951 0.359127 0.913545 
0.181243 0.290050 0.939693 0.201034 0.276700 0.939693 0.239074 0.329057 0.913545 0.215538 0.344932 0.913545 
0.201034 0.276700 0.939693 0.219846 0.262003 0.939693 0.261445 0.311578 0.913545 0.239074 0.329057 0.913545 
0.219846 0.262003 0.939693 0.237587 0.246029 0.939693 0.282543 0.292582 0.913545 0.261445 0.311578 0.913545 
0.237587 0.246029 0.939693 0.254171 0.228856 0.939693 0.302264 0.272160 0.913545 0.282543 0.292582 0.913545 
0.254171 0.228856 0.939693 0.269516 0.210569 0.939693 0.320513 0.250412 0.913545 0.302264 0.272160 0.913545 
0.269516 0.210569 0.939693 0.283548 0.191255 0.939693 0.337200 0.227444 0.913545 0.320513 0.250412 0.913545 
0.283548 0.191255 0.939693 0.296198 0.171010 0.939693 0.352244 0.203368 0.913545 0.337200 0.227444 0.913545 
0.296198 0.171010 0.939693 0.307406 0.149932 0.939693 0.365572 0.178302 0.913545 0.352244 0.203368 0.913545 
0.307406 0.149932 0.939693 0.317116 0.128123 0.939693 0.377120 0.152366 0.913545 0.365572 0.178302 0.913545 
0.317116 0.128123 0.939693 0.325280 0.105690 0.939693 0.386830 0.125689 0.913545 0.377120 0.152366 0.913545 
0.325280 0.105690 0.939693 0.331861 0.082742 0.939693 0.394655 0.098399 0.913545 0.386830 0.125689 0.913545 
0.331861 0.082742 0.939693 0.336824 0.059391 0.939693 0.400557 0.070629 0.913545 0.394655 0.098398 0.913545 
0.336824 0.059391 0.939693 0.340147 0.035751 0.939693 0.404509 0.042516 0.913545 0.400557 0.070629 0.913545 
0.340147 0.035751 0.939693 0.341812 0.011936 0.939693 0.406489 0.014195 0.913545 0.404509 0.042516 0.913545 
0.341812 0.011936 0.939693 0.341812 -0.011936 0.939693 0.406489 -0.014195 0.913545 0.406489 0.014195 0.913545 
0.341812 -0.011936 0.939693 0.340147 -0.035751 0.939693 0.404509 -0.042516 0.913545 0.406489 -0.014195 0.913545 
0.340147 -0.035751 0.939693 0.336824 -0.059391 0.939693 0.400557 -0.070629 0.913545 0.404509 -0.042516 0.913545 
0.336824 -0.059391 0.939693 0.331861 -0.082742 0.939693 0.394655 -0.098398 0.913545 0.400557 -0.070629 0.913545 
0.331861 -0.082742 0.939693 0.325280 -0.105690 0.939693 0.386830 -0.125689 0.913545 0.394655 -0.098398 0.913545 
0.325280 -0.105690 0.939693 0.317116 -0.128123 0.939693 0.377120 -0.152366 0.913545 0.386830 -0.125689 0.913545 
0.317116 -0.128123 0.939693 0.307406 -0.149932 0.939693 0.365572 -0.178302 0.913545 0.377120 -0.152366 0.913545 
0.307406 -0.149932 0.939693 0.296198 -0.171010 0.939693 0.352244 -0.203368 0.913545 0.365572 -0.178302 0.913545 
0.296198 -0.171010 0.939693 0.283548 -0.191255 0.939693 0.337200 -0.227444 0.913545 0.352244 -0.203368 0.913545 
0.283548 -0.191255 0.939693 0.269516 -0.210569 0.939693 0.320513 -0.250412 0.913545 0.337200 -0.227444 0.913545 
0.269516 -0.210569 0.939693 0.254171 -0.228856 0.939693 0.302264 -0.272160 0.913545 0.320513 -0.250412 0.913545 
0.254171 -0.228856 0.939693 0.237587 -0.246029 0.939693 0.282543 -0.292582 0.913545 0.302264 -0.272160 0.913545 
0.237587 -0.246029 0.939693 0.219846 -0.262003 0.939693 0.261445 -0.311578 0.913545 0.282543 -0.292582 0.913545 
0.219846 -0.262003 0.939693 0.201034 -0.276700 0.939693 0.239074 -0.329057 0.913545 0.261445 -0.311578 0.913545 
0.201034 -0.276700 0.939693 0.181243 -0.290050 0.939693 0.215538 -0.344932 0.913545 0.239074 -0.329057 0.913545 
0.181243 -0.290050 0.939693 0.160569 -0.301986 0.939693 0.190951 -0.359127 0.913545 0.215538 -0.344932 0.913545 
0.160569 -0.301986 0.939693 0.139112 -0.312451 0.939693 0.165435 -0.371572 0.913545 0.190951 -0.359127 0.913545 
0.139112 -0.312451 0.939693 0.116978 -0.321394 0.939693 0.139112 -0.382207 0.913545 0.165435 -0.371572 0.913545 
0.116978 -0.321394 0.939693 0.094274 -0.328771 0.939693 0.112112 -0.390980 0.913545 0.139112 -0.382207 0.913545 
0.094274 -0.328771 0.939693 0.071110 -0.334546 0.939693 0.084565 -0.397848 0.913545 0.112112 -0.390980 0.913545 
0.071110 -0.334546 0.939693 0.047600 -0.338692 0.939693 0.056607 -0.402778 0.913545 0.084565 -0.397848 0.913545 
0.047600 -0.338692 0.939693 0.023858 -0.341187 0.939693 0.028373 -0.405746 0.913545 0.056607 -0.402778 0.913545 
0.023858 -0.341187 0.939693 0.000000 -0.342020 0.939693 0.000000 -0.406737 0.913545 0.028373 -0.405746 0.913545 
0.000000 -0.342020 0.939693 -0.023858 -0.341187 0.939693 -0.028373 -0.405746 0.913545 0.000000 -0.406737 0.913545 
-0.023858 -0.341187 0.939693 -0.047600 -0.338692 0.939693 -0.056607 -0.402778 0.913545 -0.028373 -0.405746 0.913545 
-0.047600 -0.338692 0.939693 -0.071110 -0.334546 0.939693 -0.084565 -0.397848 0.913545 -0.056607 -0.402778 0.913545 
-0.071110 -0.334546 0.939693 -0.094274 -0.328771 0.939693 -0.112112 -0.390980 0.913545 -0.084565 -0.397848 0.913545 
-0.094274 -0.328771 0.939693 -0.116978 -0.321394 0.939693 -0.139112 -0.382207 0.913545 -0.112112 -0.390980 0.913545 
-0.116978 -0.321394 0.939693 -0.139112 -0.312451 0.939693 -0.165435 -0.371572 0.913545 -0.139112 -0.382207 0.913545 
-0.139112 -0.312451 0.939693 -0.160569 -0.301986 0.939693 -0.190951 -0.359127 0.913545 -0.165435 -0.371572 0.913545 
-0.160569 -0.301986 0.939693 -0.181243 -0.290050 0.939693 -0.215538 -0.344932 0.913545 -0.190951 -0.359127 0.913545 
-0.181243 -0.290050 0.939693 -0.201034 -0.276700 0.939693 -0.239074 -0.329057 0.913545 -0.215538 -0.344932 0.913545 
-0.201034 -0.276700 0.939693 -0.219846 -0.262003 0.939693 -0.261445 -0.311578 0.913545 -0.239074 -0.329057 0.913545 
-0.219846 -0.262003 0.939693 -0.237587 -0.246029 0.939693 -0.282543 -0.292582 0.913545 -0.261445 -0.311578 0.913545 
-0.237587 -0.246029 0.939693 -0.254171 -0.228856 0.939693 -0.302264 -0.272160 0.913545 -0.282543 -0.292582 0.913545 
-0.254171 -0.228856 0.939693 -0.269516 -0.210569 0.939693 -0.320513 -0.250412 0.913545 -0.302264 -0.272160 0.913545 
-0.269516 -0.210569 0.939693 -0.283548 -0.191255 0.939693 -0.337200 -0.227444 0.913545 -0.320513 -0.250412 0.913545 
-0.283548 -0.191255 0.939693 -0.296198 -0.171010 0.939693 -0.352244 -0.203368 0.913545 -0.337200 -0.227444 0.913545 
-0.296198 -0.171010 0.939693 -0.307406 -0.149932 0.939693 -0.365572 -0.178302 0.913545 -0.352244 -0.203368 0.913545 
-0.307406 -0.149932 0.939693 -0.317116 -0.128123 0.939693 -0.377120 -0.152366 0.913545 -0.365572 -0.178302 0.913545 
-0.317116 -0.128123 0.939693 -0.325280 -0.105690 0.939693 -0.386830 -0.125689 0.913545 -0.377120 -0.152366 0.913545 
-0.325280 -0.105690 0.939693 -0.331861 -0.082742 0.939693 -0.394655 -0.098399 0.913545 -0.386830 -0.125689 0.913545 
-0.331861 -0.082742 0.939693 -0.336824 -0.059391 0.939693 -0.400557 -0.070629 0.913545 -0.394655 -0.098399 0.913545 
-0.336824 -0.059391 0.939693 -0.340147 -0.035751 0.939693 -0.404509 -0.042516 0.913545 -0.400557 -0.070629 0.913545 
-0.340147 -0.035751 0.939693 -0.341812 -0.011936 0.939693 -0.406489 -0.014195 0.913545 -0.404509 -0.042516 0.913545 
-0.341812 -0.011936 0.939693 -0.341812 0.011936 0.939693 -0.406489 0.014195 0.913545 -0.406489 -0.014195 0.913545 
-0.341812 0.011936 0.939693 -0.340147 0.035751 0.939693 -0.404509 0.042516 0.913545 -0.406489 0.014195 0.913545 
-0.340147 0.035751 0.939693 -0.336824 0.059391 0.939693 -0.400557 0.070629 0.913545 -0.404509 0.042516 0.913545 
-0.336824 0.059391 0.939693 -0.331861 0.082742 0.939693 -0.394655 0.098398 0.913545 -0.400557 0.070629 0.913545 
-0.331861 0.082742 0.939693 -0.325280 0.105690 0.939693 -0.386830 0.125689 0.913545 -0.394655 0.098398 0.913545 
-0.325280 0.105690 0.939693 -0.317116 0.128123 0.939693 -0.377120 0.152366 0.913545 -0.386830 0.125689 0.913545 
-0.317116 0.128123 0.939693 -0.307406 0.149932 0.939693 -0.365572 0.178302 0.913545 -0.377120 0.152366 0.913545 
-0.307406 0.149932 0.939693 -0.296198 0.171010 0.939693 -0.352244 0.203368 0.913545 -0.365572 0.178302 0.913545 
-0.296198 0.171010 0.939693 -0.283548 0.191255 0.939693 -0.337200 0.227444 0.913545 -0.352244 0.203368 0.913545 
-0.283548 0.191255 0.939693 -0.269516 0.210569 0.939693 -0.320513 0.250412 0.913545 -0.337200 0.227444 0.913545 
-0.269516 0.210569 0.939693 -0.254171 0.228856 0.939693 -0.302264 0.272160 0.913545 -0.320513 0.250412 0.913545 
-0.254171 0.228856 0.939693 -0.237587 0.246029 0.939693 -0.282543 0.292582 0.913545 -0.302264 0.272160 0.913545 
-0.237587 0.246029 0.939693 -0.219846 0.262003 0.939693 -0.261445 0.311578 0.913545 -0.282543 0.292582 0.913545 
-0.219846 0.262003 0.939693 -0.201034 0.276700 0.939693 -0.239074 0.329057 0.913545 -0.261445 0.311578 0.913545 
-0.201034 0.276700 0.939693 -0.181243 0.290050 0.939693 -0.215538 0.344932 0.913545 -0.239074 0.329057 0.913545 
-0.181243 0.290050 0.939693 -0.160569 0.301986 0.939693 -0.190951 0.359127 0.913545 -0.215538 0.344932 0.913545 
-0.160569 0.301986 0.939693 -0.139112 0.312451 0.939693 -0.165435 0.371572 0.913545 -0.190951 0.359127 0.913545 
-0.139112 0.312451 0.939693 -0.116978 0.321394 0.939693 -0.139112 0.382207 0.913545 -0.165435 0.371572 0.913545 
-0.116978 0.321394 0.939693 -0.094274 0.328771 0.939693 -0.112112 0.390980 0.913545 -0.139112 0.382207 0.913545 
-0.094274 0.328771 0.939693 -0.071110 0.334546 0.939693 -0.084565 0.397848 0.913545 -0.112112 0.390980 0.913545 
-0.071110 0.334546 0.939693 -0.047600 0.338692 0.939693 -0.056607 0.402778 0.913545 -0.084565 0.397848 0.913545 
-0.047600 0.338692 0.939693 -0.023858 0.341187 0.939693 -0.028373 0.405746 0.913545 -0.056607 0.402778 0.913545 
-0.023858 0.341187 0.939693 -0.000000 0.342020 0.939693 -0.000000 0.406737 0.913545 -0.028373 0.405746 0.913545 
0.000000 0.406737 0.913545 0.028373 0.405746 0.913545 0.032749 0.468328 0.882948 0.000000 0.469472 0.882948 
0.028373 0.405746 0.913545 0.056607 0.402778 0.913545 0.065338 0.464903 0.882948 0.032749 0.468328 0.882948 
0.056607 0.402778 0.913545 0.084565 0.397848 0.913545 0.097609 0.459212 0.882948 0.065338 0.464903 0.882948 
0.084565 0.397848 0.913545 0.112112 0.390980 0.913545 0.129404 0.451285 0.882948 0.097609 0.459212 0.882948 
0.112112 0.390980 0.913545 0.139112 0.382207 0.913545 0.160569 0.441159 0.882948 0.129404 0.451285 0.882948 
0.139112 0.382207 0.913545 0.165435 0.371572 0.913545 0.190951 0.428884 0.882948 0.160569 0.441159 0.882948 
0.165435 0.371572 0.913545 0.190951 0.359127 0.913545 0.220404 0.414519 0.882948 0.190951 0.428884 0.882948 
0.190951 0.359127 0.913545 0.215538 0.344932 0.913545 0.248782 0.398134 0.882948 0.220404 0.414519 0.882948 
0.215538 0.344932 0.913545 0.239074 0.329057 0.913545 0.275948 0.379810 0.882948 0.248782 0.398134 0.882948 
0.239074 0.329057 0.913545 0.261445 0.311578 0.913545 0.301771 0.359636 0.882948 0.275948 0.379810 0.882948 
0.261445 0.311578 0.913545 0.282543 0.292582 0.913545 0.326122 0.337710 0.882948 0.301771 0.359636 0.882948 
0.282543 0.292582 0.913545 0.302264 0.272160 0.913545 0.348885 0.314138 0.882948 0.326122 0.337710 0.882948 
0.302264 0.272160 0.913545 0.320513 0.250412 0.913545 0.369949 0.289036 0.882948 0.348885 0.314138 0.882948 
0.320513 0.250412 0.913545 0.337200 0.227444 0.913545 0.389210 0.262525 0.882948 0.369949 0.289036 0.882948 
0.337200 0.227444 0.913545 0.352244 0.203368 0.913545 0.406574 0.234736 0.882948 0.389210 0.262525 0.882948 
0.352244 0.203368 0.913545 0.365572 0.178302 0.913545 0.421958 0.205803 0.882948 0.406574 0.234736 0.882948 
0.365572 0.178302 0.913545 0.377120 0.152366 0.913545 0.435286 0.175867 0.882948 0.421958 0.205803 0.882948 
0.377120 0.152366 0.913545 0.386829 0.125689 0.913545 0.446494 0.145075 0.882948 0.435286 0.175867 0.882948 
0.386829 0.125689 0.913545 0.394655 0.098398 0.913545 0.455526 0.113575 0.882948 0.446494 0.145075 0.882948 
0.394655 0.098398 0.913545 0.400557 0.070629 0.913545 0.462339 0.081523 0.882948 0.455526 0.113575 0.882948 
0.400557 0.070629 0.913545 0.404508 0.042516 0.913545 0.466900 0.049073 0.882948 0.462339 0.081523 0.882948 
0.404508 0.042516 0.913545 0.406489 0.014195 0.913545 0.469186 0.016384 0.882948 0.466900 0.049073 0.882948 
0.406489 0.014195 0.913545 0.406489 -0.014195 0.913545 0.469186 -0.016384 0.882948 0.469186 0.016384 0.882948 
0.406489 -0.014195 0.913545 0.404508 -0.042516 0.913545 0.466900 -0.049073 0.882948 0.469186 -0.016384 0.882948 
0.404508 -0.042516 0.913545 0.400557 -0.070629 0.913545 0.462339 -0.081523 0.882948 0.466900 -0.049073 0.882948 
0.400557 -0.070629 0.913545 0.394655 -0.098398 0.913545 0.455526 -0.113575 0.882948 0.462339 -0.081523 0.882948 
0.394655 -0.098398 0.913545 0.386829 -0.125689 0.913545 0.446494 -0.145075 0.882948 0.455526 -0.113575 0.882948 
0.386829 -0.125689 0.913545 0.377120 -0.152366 0.913545 0.435286 -0.175867 0.882948 0.446494 -0.145075 0.882948 
0.377120 -0.152366 0.913545 0.365572 -0.178302 0.913545 0.421958 -0.205803 0.882948 0.435286 -0.175867 0.882948 
0.365572 -0.178302 0.913545 0.352244 -0.203368 0.913545 0.406574 -0.234736 0.882948 0.421958 -0.205803 0.882948 
0.352244 -0.203368 0.913545 0.337200 -0.227444 0.913545 0.389210 -0.262525 0.882948 0.406574 -0.234736 0.882948 
0.337200 -0.227444 0.913545 0.320513 -0.250412 0.913545 0.369949 -0.289036 0.882948 0.389210 -0.262525 0.882948 
0.320513 -0.250412 0.913545 0.302264 -0.272160 0.913545 0.348885 -0.314138 0.882948 0.369949 -0.289036 0.882948 
0.302264 -0.272160 0.913545 0.282543 -0.292582 0.913545 0.326122 -0.337710 0.882948 0.348885 -0.314138 0.882948 
0.282543 -0.292582 0.913545 0.261445 -0.311578 0.913545 0.301771 -0.359636 0.882948 0.326122 -0.337710 0.882948 
0.261445 -0.311578 0.913545 0.239074 -0.329057 0.913545 0.275948 -0.379810 0.882948 0.301771 -0.359636 0.882948 
0.239074 -0.329057 0.913545 0.215538 -0.344932 0.913545 0.248782 -0.398134 0.882948 0.275948 -0.379810 0.882948 
0.215538 -0.344932 0.913545 0.190951 -0.359127 0.913545 0.220404 -0.414519 0.882948 0.248782 -0.398134 0.882948 
0.190951 -0.359127 0.913545 0.165435 -0.371572 0.913545 0.190951 -0.428884 0.882948 0.220404 -0.414519 0.882948 
0.165435 -0.371572 0.913545 0.139112 -0.382207 0.913545 0.160569 -0.441159 0.882948 0.190951 -0.428884 0.882948 
0.139112 -0.382207 0.913545 0.112112 -0.390980 0.913545 0.129404 -0.451285 0.882948 0.160569 -0.441159 0.882948 
0.112112 -0.390980 0.913545 0.084565 -0.397848 0.913545 0.097609 -0.459212 0.882948 0.129404 -0.451285 0.882948 
0.084565 -0.397848 0.913545 0.056607 -0.402778 0.913545 0.065338 -0.464903 0.882948 0.097609 -0.459212 0.882948 
0.056607 -0.402778 0.913545 0.028373 -0.405746 0.913545 0.032749 -0.468328 0.882948 0.065338 -0.464903 0.882948 
0.028373 -0.405746 0.913545 0.000000 -0.406737 0.913545 0.000000 -0.469472 0.882948 0.032749 -0.468328 0.882948 
0.000000 -0.406737 0.913545 -0.028373 -0.405746 0.913545 -0.032749 -0.468328 0.882948 0.000000 -0.469472 0.882948 
-0.028373 -0.405746 0.913545 -0.056607 -0.402778 0.913545 -0.065338 -0.464903 0.882948 -0.032749 -0.468328 0.882948 
-0.056607 -0.402778 0.913545 -0.084565 -0.397848 0.913545 -0.097609 -0.459212 0.882948 -0.065338 -0.464903 0.882948 
-0.084565 -0.397848 0.913545 -0.112112 -0.390980 0.913545 -0.129404 -0.451285 0.882948 -0.097609 -0.459212 0.882948 
-0.112112 -0.390980 0.913545 -0.139112 -0.382207 0.913545 -0.160569 -0.441159 0.882948 -0.129404 -0.451285 0.882948 
-0.139112 -0.382207 0.913545 -0.165435 -0.371572 0.913545 -0.190951 -0.428884 0.882948 -0.160569 -0.441159 0.882948 
-0.165435 -0.371572 0.913545 -0.190951 -0.359127 0.913545 -0.220404 -0.414519 0.882948 -0.190951 -0.428884 0.882948 
-0.190951 -0.359127 0.913545 -0.215538 -0.344932 0.913545 -0.248782 -0.398134 0.882948 -0.220404 -0.414519 0.882948 
-0.215538 -0.344932 0.913545 -0.239074 -0.329057 0.913545 -0.275948 -0.379810 0.882948 -0.248782 -0.398134 0.882948 
-0.239074 -0.329057 0.913545 -0.261445 -0.311578 0.913545 -0.301770 -0.359636 0.882948 -0.275948 -0.379810 0.882948 
-0.261445 -0.311578 0.913545 -0.282543 -0.292582 0.913545 -0.326122 -0.337710 0.882948 -0.301770 -0.359636 0.882948 
-0.282543 -0.292582 0.913545 -0.302264 -0.272160 0.913545 -0.348885 -0.314138 0.882948 -0.326122 -0.337710 0.882948 
-0.302264 -0.272160 0.913545 -0.320513 -0.250412 0.913545 -0.369949 -0.289036 0.882948 -0.348885 -0.314138 0.882948 
-0.320513 -0.250412 0.913545 -0.337200 -0.227444 0.913545 -0.389210 -0.262525 0.882948 -0.369949 -0.289036 0.882948 
-0.337200 -0.227444 0.913545 -0.352244 -0.203368 0.913545 -0.406574 -0.234736 0.882948 -0.389210 -0.262525 0.882948 
-0.352244 -0.203368 0.913545 -0.365572 -0.178302 0.913545 -0.421958 -0.205803 0.882948 -0.406574 -0.234736 0.882948 
-0.365572 -0.178302 0.913545 -0.377120 -0.152366 0.913545 -0.435286 -0.175867 0.882948 -0.421958 -0.205803 0.882948 
-0.377120 -0.152366 0.913545 -0.386829 -0.125689 0.913545 -0.446494 -0.145075 0.882948 -0.435286 -0.175867 0.882948 
-0.386829 -0.125689 0.913545 -0.394655 -0.098399 0.913545 -0.455526 -0.113575 0.882948 -0.446494 -0.145075 0.882948 
-0.394655 -0.098399 0.913545 -0.400557 -0.070629 0.913545 -0.462339 -0.081523 0.882948 -0.455526 -0.113575 0.882948 
-0.400557 -0.070629 0.913545 -0.404508 -0.042516 0.913545 -0.466900 -0.049073 0.882948 -0.462339 -0.081523 0.882948 
-0.404508 -0.042516 0.913545 -0.406489 -0.014195 0.913545 -0.469186 -0.016384 0.882948 -0.466900 -0.049073 0.882948 
-0.406489 -0.014195 0.913545 -0.406489 0.014195 0.913545 -0.469186 0.016384 0.882948 -0.469186 -0.016384 0.882948 
-0.406489 0.014195 0.913545 -0.404508 0.042516 0.913545 -0.466900 0.049073 0.882948 -0.469186 0.016384 0.882948 
-0.404508 0.042516 0.913545 -0.400557 0.070629 0.913545 -0.462339 0.081523 0.882948 -0.466900 0.049073 0.882948 
-0.400557 0.070629 0.913545 -0.394655 0.098398 0.913545 -0.455526 0.113575 0.882948 -0.462339 0.081523 0.882948 
-0.394655 0.098398 0.913545 -0.386830 0.125689 0.913545 -0.446494 0.145075 0.882948 -0.455526 0.113575 0.882948 
-0.386830 0.125689 0.913545 -0.377120 0.152366 0.913545 -0.435286 0.175867 0.882948 -0.446494 0.145075 0.882948 
-0.377120 0.152366 0.913545 -0.365572 0.178302 0.913545 -0.421958 0.205803 0.882948 -0.435286 0.175867 0.882948 
-0.365572 0.178302 0.913545 -0.352244 0.203368 0.913545 -0.406574 0.234736 0.882948 -0.421958 0.205803 0.882948 
-0.352244 0.203368 0.913545 -0.337200 0.227444 0.913545 -0.389210 0.262525 0.882948 -0.406574 0.234736 0.882948 
-0.337200 0.227444 0.913545 -0.320513 0.250412 0.913545 -0.369949 0.289036 0.882948 -0.389210 0.262525 0.882948 
-0.320513 0.250412 0.913545 -0.302264 0.272160 0.913545 -0.348885 0.314138 0.882948 -0.369949 0.289036 0.882948 
-0.302264 0.272160 0.913545 -0.282543 0.292582 0.913545 -0.326122 0.337710 0.882948 -0.348885 0.314138 0.882948 
-0.282543 0.292582 0.913545 -0.261445 0.311578 0.913545 -0.301771 0.359636 0.882948 -0.326122 0.337710 0.882948 
-0.261445 0.311578 0.913545 -0.239074 0.329057 0.913545 -0.275948 0.379810 0.882948 -0.301771 0.359636 0.882948 
-0.239074 0.329057 0.913545 -0.215538 0.344932 0.913545 -0.248782 0.398134 0.882948 -0.275948 0.379810 0.882948 
-0.215538 0.344932 0.913545 -0.190951 0.359127 0.913545 -0.220404 0.414519 0.882948 -0.248782 0.398134 0.882948 
-0.190951 0.359127 0.913545 -0.165435 0.371572 0.913545 -0.190951 0.428884 0.882948 -0.220404 0.414519 0.882948 
-0.165435 0.371572 0.913545 -0.139112 0.382207 0.913545 -0.160569 0.441159 0.882948 -0.190951 0.428884 0.882948 
-0.139112 0.382207 0.913545 -0.112112 0.390980 0.913545 -0.129404 0.451285 0.882948 -0.160569 0.441159 0.882948 
-0.112112 0.390980 0.913545 -0.084565 0.397848 0.913545 -0.097609 0.459212 0.882948 -0.129404 0.451285 0.882948 
-0.084565 0.397848 0.913545 -0.056607 0.402778 0.913545 -0.065338 0.464903 0.882948 -0.097609 0.459212 0.882948 
-0.056607 0.402778 0.913545 -0.028373 0.405746 0.913545 -0.032749 0.468328 0.882948 -0.065338 0.464903 0.882948 
-0.028373 0.405746 0.913545 -0.000000 0.406737 0.913545 -0.000000 0.469472 0.882948 -0.032749 0.468328 0.882948 
0.000000 0.469472 0.882948 0.032749 0.468328 0.882948 0.036965 0.528628 0.848048 0.000000 0.529919 0.848048 
0.032749 0.468328 0.882948 0.065338 0.464903 0.882948 0.073751 0.524762 0.848048 0.036965 0.528628 0.848048 
0.065338 0.464903 0.882948 0.097609 0.459212 0.882948 0.110176 0.518339 0.848048 0.073751 0.524762 0.848048 
0.097609 0.459212 0.882948 0.129404 0.451285 0.882948 0.146066 0.509391 0.848048 0.110176 0.518339 0.848048 
0.129404 0.451285 0.882948 0.160569 0.441159 0.882948 0.181243 0.497961 0.848048 0.146066 0.509391 0.848048 
0.160569 0.441159 0.882948 0.190951 0.428884 0.882948 0.215538 0.484105 0.848048 0.181243 0.497961 0.848048 
0.190951 0.428884 0.882948 0.220404 0.414519 0.882948 0.248782 0.467891 0.848048 0.215538 0.484105 0.848048 
0.220404 0.414519 0.882948 0.248782 0.398134 0.882948 0.280814 0.449397 0.848048 0.248782 0.467891 0.848048 
0.248782 0.398134 0.882948 0.275948 0.379810 0.882948 0.311479 0.428714 0.848048 0.280814 0.449397 0.848048 
0.275948 0.379810 0.882948 0.301770 0.359636 0.882948 0.340626 0.405942 0.848048 0.311479 0.428714 0.848048 
0.301770 0.359636 0.882948 0.326122 0.337710 0.882948 0.368113 0.381192 0.848048 0.340626 0.405942 0.848048 
0.326122 0.337710 0.882948 0.348885 0.314138 0.882948 0.393807 0.354585 0.848048 0.368113 0.381192 0.848048 
0.348885 0.314138 0.882948 0.369949 0.289036 0.882948 0.417582 0.326251 0.848048 0.393807 0.354585 0.848048 
0.369949 0.289036 0.882948 0.389210 0.262525 0.882948 0.439323 0.296327 0.848048 0.417582 0.326251 0.848048 
0.389210 0.262525 0.882948 0.406574 0.234736 0.882948 0.458923 0.264960 0.848048 0.439323 0.296327 0.848048 
0.406574 0.234736 0.882948 0.421958 0.205803 0.882948 0.476288 0.232301 0.848048 0.458923 0.264960 0.848048 
0.421958 0.205803 0.882948 0.435286 0.175867 0.882948 0.491333 0.198511 0.848048 0.476288 0.232301 0.848048 
0.435286 0.175867 0.882948 0.446494 0.145075 0.882948 0.503983 0.163754 0.848048 0.491333 0.198511 0.848048 
0.446494 0.145075 0.882948 0.455526 0.113575 0.882948 0.514178 0.128199 0.848048 0.503983 0.163754 0.848048 
0.455526 0.113575 0.882948 0.462339 0.081523 0.882948 0.521869 0.092020 0.848048 0.514178 0.128199 0.848048 
0.462339 0.081523 0.882948 0.466900 0.049073 0.882948 0.527016 0.055392 0.848048 0.521869 0.092020 0.848048 
0.466900 0.049073 0.882948 0.469186 0.016384 0.882948 0.529596 0.018494 0.848048 0.527016 0.055392 0.848048 
0.469186 0.016384 0.882948 0.469186 -0.016384 0.882948 0.529596 -0.018494 0.848048 0.529596 0.018494 0.848048 
0.469186 -0.016384 0.882948 0.466900 -0.049073 0.882948 0.527016 -0.055392 0.848048 0.529596 -0.018494 0.848048 
0.466900 -0.049073 0.882948 0.462339 -0.081523 0.882948 0.521869 -0.092019 0.848048 0.527016 -0.055392 0.848048 
0.462339 -0.081523 0.882948 0.455526 -0.113575 0.882948 0.514178 -0.128199 0.848048 0.521869 -0.092019 0.848048 
0.455526 -0.113575 0.882948 0.446494 -0.145075 0.882948 0.503983 -0.163754 0.848048 0.514178 -0.128199 0.848048 
0.446494 -0.145075 0.882948 0.435286 -0.175867 0.882948 0.491333 -0.198511 0.848048 0.503983 -0.163754 0.848048 
0.435286 -0.175867 0.882948 0.421958 -0.205803 0.882948 0.476288 -0.232301 0.848048 0.491333 -0.198511 0.848048 
0.421958 -0.205803 0.882948 0.406574 -0.234736 0.882948 0.458923 -0.264960 0.848048 0.476288 -0.232301 0.848048 
0.406574 -0.234736 0.882948 0.389210 -0.262525 0.882948 0.439323 -0.296327 0.848048 0.458923 -0.264960 0.848048 
0.389210 -0.262525 0.882948 0.369949 -0.289036 0.882948 0.417582 -0.326251 0.848048 0.439323 -0.296327 0.848048 
0.369949 -0.289036 0.882948 0.348885 -0.314138 0.882948 0.393807 -0.354585 0.848048 0.417582 -0.326251 0.848048 
0.348885 -0.314138 0.882948 0.326122 -0.337710 0.882948 0.368113 -0.381192 0.848048 0.393807 -0.354585 0.848048 
0.326122 -0.337710 0.882948 0.301770 -0.359636 0.882948 0.340626 -0.405942 0.848048 0.368113 -0.381192 0.848048 
0.301770 -0.359636 0.882948 0.275948 -0.379810 0.882948 0.311479 -0.428714 0.848048 0.340626 -0.405942 0.848048 
0.275948 -0.379810 0.882948 0.248782 -0.398134 0.882948 0.280814 -0.449397 0.848048 0.311479 -0.428714 0.848048 
0.248782 -0.398134 0.882948 0.220404 -0.414519 0.882948 0.248782 -0.467891 0.848048 0.280814 -0.449397 0.848048 
0.220404 -0.414519 0.882948 0.190951 -0.428884 0.882948 0.215538 -0.484105 0.848048 0.248782 -0.467891 0.848048 
0.190951 -0.428884 0.882948 0.160569 -0.441159 0.882948 0.181243 -0.497961 0.848048 0.215538 -0.484105 0.848048 
0.160569 -0.441159 0.882948 0.129404 -0.451285 0.882948 0.146066 -0.509391 0.848048 0.181243 -0.497961 0.848048 
0.129404 -0.451285 0.882948 0.097609 -0.459212 0.882948 0.110176 -0.518339 0.848048 0.146066 -0.509391 0.848048 
0.097609 -0.459212 0.882948 0.065338 -0.464903 0.882948 0.073751 -0.524762 0.848048 0.110176 -0.518339 0.848048 
0.065338 -0.464903 0.882948 0.032749 -0.468328 0.882948 0.036965 -0.528628 0.848048 0.073751 -0.524762 0.848048 
0.032749 -0.468328 0.882948 0.000000 -0.469472 0.882948 0.000000 -0.529919 0.848048 0.036965 -0.528628 0.848048 
0.000000 -0.469472 0.882948 -0.032749 -0.468328 0.882948 -0.036965 -0.528628 0.848048 0.000000 -0.529919 0.848048 
-0.032749 -0.468328 0.882948 -0.065338 -0.464903 0.882948 -0.073750 -0.524762 0.848048 -0.036965 -0.528628 0.848048 
-0.065338 -0.464903 0.882948 -0.097609 -0.459212 0.882948 -0.110176 -0.518339 0.848048 -0.073750 -0.524762 0.848048 
-0.097609 -0.459212 0.882948 -0.129404 -0.451285 0.882948 -0.146066 -0.509391 0.848048 -0.110176 -0.518339 0.848048 
-0.129404 -0.451285 0.882948 -0.160569 -0.441159 0.882948 -0.181243 -0.497961 0.848048 -0.146066 -0.509391 0.848048 
-0.160569 -0.441159 0.882948 -0.190951 -0.428884 0.882948 -0.215538 -0.484105 0.848048 -0.181243 -0.497961 0.848048 
-0.190951 -0.428884 0.882948 -0.220404 -0.414519 0.882948 -0.248782 -0.467891 0.848048 -0.215538 -0.484105 0.848048 
-0.220404 -0.414519 0.882948 -0.248782 -0.398134 0.882948 -0.280814 -0.449397 0.848048 -0.248782 -0.467891 0.848048 
-0.248782 -0.398134 0.882948 -0.275948 -0.379810 0.882948 -0.311479 -0.428714 0.848048 -0.280814 -0.449397 0.848048 
-0.275948 -0.379810 0.882948 -0.301770 -0.359636 0.882948 -0.340625 -0.405942 0.848048 -0.311479 -0.428714 0.848048 
-0.301770 -0.359636 0.882948 -0.326122 -0.337710 0.882948 -0.368113 -0.381192 0.848048 -0.340625 -0.405942 0.848048 
-0.326122 -0.337710 0.882948 -0.348885 -0.314138 0.882948 -0.393807 -0.354585 0.848048 -0.368113 -0.381192 0.848048 
-0.348885 -0.314138 0.882948 -0.369949 -0.289036 0.882948 -0.417582 -0.326251 0.848048 -0.393807 -0.354585 0.848048 
-0.369949 -0.289036 0.882948 -0.389210 -0.262525 0.882948 -0.439323 -0.296327 0.848048 -0.417582 -0.326251 0.848048 
-0.389210 -0.262525 0.882948 -0.406574 -0.234736 0.882948 -0.458923 -0.264960 0.848048 -0.439323 -0.296327 0.848048 
-0.406574 -0.234736 0.882948 -0.421958 -0.205803 0.882948 -0.476288 -0.232301 0.848048 -0.458923 -0.264960 0.848048 
-0.421958 -0.205803 0.882948 -0.435286 -0.175867 0.882948 -0.491333 -0.198511 0.848048 -0.476288 -0.232301 0.848048 
-0.435286 -0.175867 0.882948 -0.446494 -0.145075 0.882948 -0.503983 -0.163754 0.848048 -0.491333 -0.198511 0.848048 
-0.446494 -0.145075 0.882948 -0.455526 -0.113575 0.882948 -0.514178 -0.128199 0.848048 -0.503983 -0.163754 0.848048 
-0.455526 -0.113575 0.882948 -0.462339 -0.081523 0.882948 -0.521869 -0.092020 0.848048 -0.514178 -0.128199 0.848048 
-0.462339 -0.081523 0.882948 -0.466900 -0.049073 0.882948 -0.527016 -0.055392 0.848048 -0.521869 -0.092020 0.848048 
-0.466900 -0.049073 0.882948 -0.469186 -0.016384 0.882948 -0.529596 -0.018494 0.848048 -0.527016 -0.055392 0.848048 
-0.469186 -0.016384 0.882948 -0.469186 0.016384 0.882948 -0.529596 0.018494 0.848048 -0.529596 -0.018494 0.848048 
-0.469186 0.016384 0.882948 -0.466900 0.049073 0.882948 -0.527016 0.055392 0.848048 -0.529596 0.018494 0.848048 
-0.466900 0.049073 0.882948 -0.462339 0.081523 0.882948 -0.521869 0.092019 0.848048 -0.527016 0.055392 0.848048 
-0.462339 0.081523 0.882948 -0.455526 0.113575 0.882948 -0.514178 0.128199 0.848048 -0.521869 0.092019 0.848048 
-0.455526 0.113575 0.882948 -0.446494 0.145075 0.882948 -0.503983 0.163754 0.848048 -0.514178 0.128199 0.848048 
-0.446494 0.145075 0.882948 -0.435286 0.175867 0.882948 -0.491333 0.198511 0.848048 -0.503983 0.163754 0.848048 
-0.435286 0.175867 0.882948 -0.421958 0.205803 0.882948 -0.476288 0.232301 0.848048 -0.491333 0.198511 0.848048 
-0.421958 0.205803 0.882948 -0.406574 0.234736 0.882948 -0.458924 0.264960 0.848048 -0.476288 0.232301 0.848048 
-0.406574 0.234736 0.882948 -0.389210 0.262525 0.882948 -0.439323 0.296327 0.848048 -0.458924 0.264960 0.848048 
-0.389210 0.262525 0.882948 -0.369949 0.289035 0.882948 -0.417582 0.326251 0.848048 -0.439323 0.296327 0.848048 
-0.369949 0.289035 0.882948 -0.348885 0.314138 0.882948 -0.393807 0.354585 0.848048 -0.417582 0.326251 0.848048 
-0.348885 0.314138 0.882948 -0.326122 0.337710 0.882948 -0.368113 0.381192 0.848048 -0.393807 0.354585 0.848048 
-0.326122 0.337710 0.882948 -0.301770 0.359636 0.882948 -0.340626 0.405942 0.848048 -0.368113 0.381192 0.848048 
-0.301770 0.359636 0.882948 -0.275948 0.379810 0.882948 -0.311479 0.428714 0.848048 -0.340626 0.405942 0.848048 
-0.275948 0.379810 0.882948 -0.248782 0.398134 0.882948 -0.280814 0.449397 0.848048 -0.311479 0.428714 0.848048 
-0.248782 0.398134 0.882948 -0.220404 0.414519 0.882948 -0.248782 0.467891 0.848048 -0.280814 0.449397 0.848048 
-0.220404 0.414519 0.882948 -0.190951 0.428884 0.882948 -0.215538 0.484105 0.848048 -0.248782 0.467891 0.848048 
-0.190951 0.428884 0.882948 -0.160569 0.441159 0.882948 -0.181243 0.497961 0.848048 -0.215538 0.484105 0.848048 
-0.160569 0.441159 0.882948 -0.129404 0.451285 0.882948 -0.146066 0.509391 0.848048 -0.181243 0.497961 0.848048 
-0.129404 0.451285 0.882948 -0.097609 0.459212 0.882948 -0.110176 0.518339 0.848048 -0.146066 0.509391 0.848048 
-0.097609 0.459212 0.882948 -0.065338 0.464903 0.882948 -0.073751 0.524762 0.848048 -0.110176 0.518339 0.848048 
-0.065338 0.464903 0.882948 -0.032749 0.468328 0.882948 -0.036965 0.528628 0.848048 -0.073751 0.524762 0.848048 
-0.032749 0.468328 0.882948 -0.000000 0.469472 0.882948 -0.000000 0.529919 0.848048 -0.036965 0.528628 0.848048 
0.000000 0.529919 0.848048 0.036965 0.528628 0.848048 0.041002 0.586353 0.809017 0.000000 0.587785 0.809017 
0.036965 0.528628 0.848048 0.073751 0.524762 0.848048 0.081804 0.582065 0.809017 0.041002 0.586353 0.809017 
0.073751 0.524762 0.848048 0.110176 0.518339 0.848048 0.122207 0.574941 0.809017 0.081804 0.582065 0.809017 
0.110176 0.518339 0.848048 0.146066 0.509391 0.848048 0.162016 0.565015 0.809017 0.122207 0.574941 0.809017 
0.146066 0.509391 0.848048 0.181243 0.497961 0.848048 0.201034 0.552337 0.809017 0.162016 0.565015 0.809017 
0.181243 0.497961 0.848048 0.215538 0.484105 0.848048 0.239074 0.536969 0.809017 0.201034 0.552337 0.809017 
0.215538 0.484105 0.848048 0.248782 0.467891 0.848048 0.275948 0.518984 0.809017 0.239074 0.536969 0.809017 
0.248782 0.467891 0.848048 0.280814 0.449397 0.848048 0.311479 0.498470 0.809017 0.275948 0.518984 0.809017 
0.280814 0.449397 0.848048 0.311479 0.428714 0.848048 0.345491 0.475528 0.809017 0.311479 0.498470 0.809017 
0.311479 0.428714 0.848048 0.340626 0.405942 0.848048 0.377821 0.450270 0.809017 0.345491 0.475528 0.809017 
0.340626 0.405942 0.848048 0.368113 0.381192 0.848048 0.408310 0.422817 0.809017 0.377821 0.450270 0.809017 
0.368113 0.381192 0.848048 0.393807 0.354585 0.848048 0.436810 0.393305 0.809017 0.408310 0.422817 0.809017 
0.393807 0.354585 0.848048 0.417582 0.326251 0.848048 0.463181 0.361877 0.809017 0.436810 0.393305 0.809017 
0.417582 0.326251 0.848048 0.439323 0.296327 0.848048 0.487296 0.328685 0.809017 0.463181 0.361877 0.809017 
0.439323 0.296327 0.848048 0.458924 0.264960 0.848048 0.509037 0.293893 0.809017 0.487296 0.328685 0.809017 
0.458924 0.264960 0.848048 0.476288 0.232301 0.848048 0.528298 0.257668 0.809017 0.509037 0.293893 0.809017 
0.476288 0.232301 0.848048 0.491333 0.198511 0.848048 0.544985 0.220188 0.809017 0.528298 0.257668 0.809017 
0.491333 0.198511 0.848048 0.503983 0.163754 0.848048 0.559017 0.181636 0.809017 0.544985 0.220188 0.809017 
0.503983 0.163754 0.848048 0.514178 0.128199 0.848048 0.570325 0.142198 0.809017 0.559017 0.181636 0.809017 
0.514178 0.128199 0.848048 0.521869 0.092020 0.848048 0.578855 0.102068 0.809017 0.570325 0.142198 0.809017 
0.521869 0.092020 0.848048 0.527016 0.055392 0.848048 0.584565 0.061440 0.809017 0.578855 0.102068 0.809017 
0.527016 0.055392 0.848048 0.529596 0.018494 0.848048 0.587427 0.020513 0.809017 0.584565 0.061440 0.809017 
0.529596 0.018494 0.848048 0.529596 -0.018494 0.848048 0.587427 -0.020513 0.809017 0.587427 0.020513 0.809017 
0.529596 -0.018494 0.848048 0.527016 -0.055392 0.848048 0.584565 -0.061440 0.809017 0.587427 -0.020513 0.809017 
0.527016 -0.055392 0.848048 0.521869 -0.092020 0.848048 0.578855 -0.102068 0.809017 0.584565 -0.061440 0.809017 
0.521869 -0.092020 0.848048 0.514178 -0.128199 0.848048 0.570325 -0.142198 0.809017 0.578855 -0.102068 0.809017 
0.514178 -0.128199 0.848048 0.503983 -0.163754 0.848048 0.559017 -0.181636 0.809017 0.570325 -0.142198 0.809017 
0.503983 -0.163754 0.848048 0.491333 -0.198511 0.848048 0.544985 -0.220188 0.809017 0.559017 -0.181636 0.809017 
0.491333 -0.198511 0.848048 0.476288 -0.232301 0.848048 0.528298 -0.257668 0.809017 0.544985 -0.220188 0.809017 
0.476288 -0.232301 0.848048 0.458924 -0.264960 0.848048 0.509037 -0.293893 0.809017 0.528298 -0.257668 0.809017 
0.458924 -0.264960 0.848048 0.439323 -0.296327 0.848048 0.487296 -0.328685 0.809017 0.509037 -0.293893 0.809017 
0.439323 -0.296327 0.848048 0.417582 -0.326251 0.848048 0.463181 -0.361877 0.809017 0.487296 -0.328685 0.809017 
0.417582 -0.326251 0.848048 0.393807 -0.354585 0.848048 0.436810 -0.393305 0.809017 0.463181 -0.361877 0.809017 
0.393807 -0.354585 0.848048 0.368113 -0.381192 0.848048 0.408310 -0.422817 0.809017 0.436810 -0.393305 0.809017 
0.368113 -0.381192 0.848048 0.340626 -0.405942 0.848048 0.377821 -0.450270 0.809017 0.408310 -0.422817 0.809017 
0.340626 -0.405942 0.848048 0.311479 -0.428714 0.848048 0.345491 -0.475528 0.809017 0.377821 -0.450270 0.809017 
0.311479 -0.428714 0.848048 0.280814 -0.449397 0.848048 0.311479 -0.498470 0.809017 0.345491 -0.475528 0.809017 
0.280814 -0.449397 0.848048 0.248782 -0.467891 0.848048 0.275948 -0.518984 0.809017 0.311479 -0.498470 0.809017 
0.248782 -0.467891 0.848048 0.215538 -0.484105 0.848048 0.239074 -0.536969 0.809017 0.275948 -0.518984 0.809017 
0.215538 -0.484105 0.848048 0.181243 -0.497961 0.848048 0.201034 -0.552337 0.809017 0.239074 -0.536969 0.809017 
0.181243 -0.497961 0.848048 0.146066 -0.509391 0.848048 0.162016 -0.565015 0.809017 0.201034 -0.552337 0.809017 
0.146066 -0.509391 0.848048 0.110176 -0.518339 0.848048 0.122207 -0.574941 0.809017 0.162016 -0.565015 0.809017 
0.110176 -0.518339 0.848048 0.073751 -0.524762 0.848048 0.081804 -0.582065 0.809017 0.122207 -0.574941 0.809017 
0.073751 -0.524762 0.848048 0.036965 -0.528628 0.848048 0.041002 -0.586353 0.809017 0.081804 -0.582065 0.809017 
0.036965 -0.528628 0.848048 0.000000 -0.529919 0.848048 0.000000 -0.587785 0.809017 0.041002 -0.586353 0.809017 
0.000000 -0.529919 0.848048 -0.036965 -0.528628 0.848048 -0.041002 -0.586353 0.809017 0.000000 -0.587785 0.809017 
-0.036965 -0.528628 0.848048 -0.073750 -0.524762 0.848048 -0.081804 -0.582065 0.809017 -0.041002 -0.586353 0.809017 
-0.073750 -0.524762 0.848048 -0.110176 -0.518339 0.848048 -0.122207 -0.574941 0.809017 -0.081804 -0.582065 0.809017 
-0.110176 -0.518339 0.848048 -0.146066 -0.509391 0.848048 -0.162016 -0.565015 0.809017 -0.122207 -0.574941 0.809017 
-0.146066 -0.509391 0.848048 -0.181243 -0.497961 0.848048 -0.201034 -0.552337 0.809017 -0.162016 -0.565015 0.809017 
-0.181243 -0.497961 0.848048 -0.215538 -0.484105 0.848048 -0.239074 -0.536969 0.809017 -0.201034 -0.552337 0.809017 
-0.215538 -0.484105 0.848048 -0.248782 -0.467891 0.848048 -0.275948 -0.518984 0.809017 -0.239074 -0.536969 0.809017 
-0.248782 -0.467891 0.848048 -0.280814 -0.449397 0.848048 -0.311479 -0.498470 0.809017 -0.275948 -0.518984 0.809017 
-0.280814 -0.449397 0.848048 -0.311479 -0.428714 0.848048 -0.345491 -0.475528 0.809017 -0.311479 -0.498470 0.809017 
-0.311479 -0.428714 0.848048 -0.340626 -0.405942 0.848048 -0.377821 -0.450270 0.809017 -0.345491 -0.475528 0.809017 
-0.340626 -0.405942 0.848048 -0.368113 -0.381192 0.848048 -0.408310 -0.422817 0.809017 -0.377821 -0.450270 0.809017 
-0.368113 -0.381192 0.848048 -0.393807 -0.354585 0.848048 -0.436810 -0.393305 0.809017 -0.408310 -0.422817 0.809017 
-0.393807 -0.354585 0.848048 -0.417582 -0.326251 0.848048 -0.463181 -0.361877 0.809017 -0.436810 -0.393305 0.809017 
-0.417582 -0.326251 0.848048 -0.439323 -0.296327 0.848048 -0.487296 -0.328685 0.809017 -0.463181 -0.361877 0.809017 
-0.439323 -0.296327 0.848048 -0.458924 -0.264960 0.848048 -0.509037 -0.293893 0.809017 -0.487296 -0.328685 0.809017 
-0.458924 -0.264960 0.848048 -0.476288 -0.232301 0.848048 -0.528298 -0.257668 0.809017 -0.509037 -0.293893 0.809017 
-0.476288 -0.232301 0.848048 -0.491333 -0.198511 0.848048 -0.544985 -0.220188 0.809017 -0.528298 -0.257668 0.809017 
-0.491333 -0.198511 0.848048 -0.503983 -0.163754 0.848048 -0.559017 -0.181636 0.809017 -0.544985 -0.220188 0.809017 
-0.503983 -0.163754 0.848048 -0.514178 -0.128199 0.848048 -0.570325 -0.142198 0.809017 -0.559017 -0.181636 0.809017 
-0.514178 -0.128199 0.848048 -0.521869 -0.092020 0.848048 -0.578855 -0.102068 0.809017 -0.570325 -0.142198 0.809017 
-0.521869 -0.092020 0.848048 -0.527016 -0.055392 0.848048 -0.584565 -0.061440 0.809017 -0.578855 -0.102068 0.809017 
-0.527016 -0.055392 0.848048 -0.529596 -0.018494 0.848048 -0.587427 -0.020513 0.809017 -0.584565 -0.061440 0.809017 
-0.529596 -0.018494 0.848048 -0.529596 0.018494 0.848048 -0.587427 0.020513 0.809017 -0.587427 -0.020513 0.809017 
-0.529596 0.018494 0.848048 -0.527016 0.055392 0.848048 -0.584565 0.061440 0.809017 -0.587427 0.020513 0.809017 
-0.527016 0.055392 0.848048 -0.521869 0.092019 0.848048 -0.578856 0.102068 0.809017 -0.584565 0.061440 0.809017 
-0.521869 0.092019 0.848048 -0.514178 0.128199 0.848048 -0.570325 0.142198 0.809017 -0.578856 0.102068 0.809017 
-0.514178 0.128199 0.848048 -0.503983 0.163754 0.848048 -0.559017 0.181636 0.809017 -0.570325 0.142198 0.809017 
-0.503983 0.163754 0.848048 -0.491333 0.198511 0.848048 -0.544985 0.220188 0.809017 -0.559017 0.181636 0.809017 
-0.491333 0.198511 0.848048 -0.476288 0.232301 0.848048 -0.528298 0.257668 0.809017 -0.544985 0.220188 0.809017 
-0.476288 0.232301 0.848048 -0.458924 0.264960 0.848048 -0.509037 0.293893 0.809017 -0.528298 0.257668 0.809017 
-0.458924 0.264960 0.848048 -0.439323 0.296327 0.848048 -0.487296 0.328685 0.809017 -0.509037 0.293893 0.809017 
-0.439323 0.296327 0.848048 -0.417582 0.326251 0.848048 -0.463181 0.361877 0.809017 -0.487296 0.328685 0.809017 
-0.417582 0.326251 0.848048 -0.393807 0.354585 0.848048 -0.436810 0.393305 0.809017 -0.463181 0.361877 0.809017 
-0.393807 0.354585 0.848048 -0.368113 0.381192 0.848048 -0.408310 0.422817 0.809017 -0.436810 0.393305 0.809017 
-0.368113 0.381192 0.848048 -0.340626 0.405942 0.848048 -0.377821 0.450270 0.809017 -0.408310 0.422817 0.809017 
-0.340626 0.405942 0.848048 -0.311479 0.428714 0.848048 -0.345492 0.475528 0.809017 -0.377821 0.450270 0.809017 
-0.311479 0.428714 0.848048 -0.280814 0.449397 0.848048 -0.311479 0.498470 0.809017 -0.345492 0.475528 0.809017 
-0.280814 0.449397 0.848048 -0.248782 0.467891 0.848048 -0.275948 0.518984 0.809017 -0.311479 0.498470 0.809017 
-0.248782 0.467891 0.848048 -0.215538 0.484105 0.848048 -0.239074 0.536969 0.809017 -0.275948 0.518984 0.809017 
-0.215538 0.484105 0.848048 -0.181243 0.497961 0.848048 -0.201034 0.552337 0.809017 -0.239074 0.536969 0.809017 
-0.181243 0.497961 0.848048 -0.146066 0.509391 0.848048 -0.162016 0.565015 0.809017 -0.201034 0.552337 0.809017 
-0.146066 0.509391 0.848048 -0.110176 0.518339 0.848048 -0.122207 0.574941 0.809017 -0.162016 0.565015 0.809017 
-0.110176 0.518339 0.848048 -0.073751 0.524762 0.848048 -0.081804 0.582065 0.809017 -0.122207 0.574941 0.809017 
-0.073751 0.524762 0.848048 -0.036965 0.528628 0.848048 -0.041002 0.586353 0.809017 -0.081804 0.582065 0.809017 
-0.036965 0.528628 0.848048 -0.000000 0.529919 0.848048 -0.000000 0.587785 0.809017 -0.041002 0.586353 0.809017 
0.000000 0.587785 0.809017 0.041002 0.586353 0.809017 0.044839 0.641222 0.766044 0.000000 0.642788 0.766044 
0.041002 0.586353 0.809017 0.081804 0.582065 0.809017 0.089459 0.636532 0.766044 0.044839 0.641222 0.766044 
0.081804 0.582065 0.809017 0.122207 0.574941 0.809017 0.133643 0.628741 0.766044 0.089459 0.636532 0.766044 
0.122207 0.574941 0.809017 0.162016 0.565015 0.809017 0.177176 0.617887 0.766044 0.133643 0.628741 0.766044 
0.162016 0.565015 0.809017 0.201034 0.552337 0.809017 0.219846 0.604023 0.766044 0.177176 0.617887 0.766044 
0.201034 0.552337 0.809017 0.239074 0.536969 0.809017 0.261445 0.587216 0.766044 0.219846 0.604023 0.766044 
0.239074 0.536969 0.809017 0.275948 0.518984 0.809017 0.301771 0.567548 0.766044 0.261445 0.587216 0.766044 
0.275948 0.518984 0.809017 0.311479 0.498470 0.809017 0.340626 0.545115 0.766044 0.301771 0.567548 0.766044 
0.311479 0.498470 0.809017 0.345491 0.475528 0.809017 0.377821 0.520026 0.766044 0.340626 0.545115 0.766044 
0.345491 0.475528 0.809017 0.377821 0.450270 0.809017 0.413176 0.492404 0.766044 0.377821 0.520026 0.766044 
0.377821 0.450270 0.809017 0.408310 0.422817 0.809017 0.446518 0.462383 0.766044 0.413176 0.492404 0.766044 
0.408310 0.422817 0.809017 0.436810 0.393305 0.809017 0.477684 0.430109 0.766044 0.446518 0.462383 0.766044 
0.436810 0.393305 0.809017 0.463181 0.361877 0.809017 0.506524 0.395740 0.766044 0.477684 0.430109 0.766044 
0.463181 0.361877 0.809017 0.487296 0.328685 0.809017 0.532895 0.359442 0.766044 0.506524 0.395740 0.766044 
0.487296 0.328685 0.809017 0.509037 0.293893 0.809017 0.556670 0.321394 0.766044 0.532895 0.359442 0.766044 
0.509037 0.293893 0.809017 0.528298 0.257668 0.809017 0.577734 0.281780 0.766044 0.556670 0.321394 0.766044 
0.528298 0.257668 0.809017 0.544985 0.220188 0.809017 0.595982 0.240792 0.766044 0.577734 0.281780 0.766044 
0.544985 0.220188 0.809017 0.559017 0.181636 0.809017 0.611327 0.198632 0.766044 0.595982 0.240792 0.766044 
0.559017 0.181636 0.809017 0.570325 0.142198 0.809017 0.623694 0.155504 0.766044 0.611327 0.198632 0.766044 
0.570325 0.142198 0.809017 0.578855 0.102068 0.809017 0.633022 0.111619 0.766044 0.623694 0.155504 0.766044 
0.578855 0.102068 0.809017 0.584565 0.061440 0.809017 0.639266 0.067190 0.766044 0.633022 0.111619 0.766044 
0.584565 0.061440 0.809017 0.587427 0.020513 0.809017 0.642396 0.022433 0.766044 0.639266 0.067190 0.766044 
0.587427 0.020513 0.809017 0.587427 -0.020513 0.809017 0.642396 -0.022433 0.766044 0.642396 0.022433 0.766044 
0.587427 -0.020513 0.809017 0.584565 -0.061440 0.809017 0.639266 -0.067190 0.766044 0.642396 -0.022433 0.766044 
0.584565 -0.061440 0.809017 0.578855 -0.102068 0.809017 0.633022 -0.111619 0.766044 0.639266 -0.067190 0.766044 
0.578855 -0.102068 0.809017 0.570325 -0.142198 0.809017 0.623694 -0.155504 0.766044 0.633022 -0.111619 0.766044 
0.570325 -0.142198 0.809017 0.559017 -0.181636 0.809017 0.611327 -0.198632 0.766044 0.623694 -0.155504 0.766044 
0.559017 -0.181636 0.809017 0.544985 -0.220188 0.809017 0.595982 -0.240792 0.766044 0.611327 -0.198632 0.766044 
0.544985 -0.220188 0.809017 0.528298 -0.257668 0.809017 0.577734 -0.281780 0.766044 0.595982 -0.240792 0.766044 
0.528298 -0.257668 0.809017 0.509037 -0.293893 0.809017 0.556670 -0.321394 0.766044 0.577734 -0.281779 0.766044 
0.509037 -0.293893 0.809017 0.487296 -0.328685 0.809017 0.532895 -0.359442 0.766044 0.556670 -0.321394 0.766044 
0.487296 -0.328685 0.809017 0.463181 -0.361877 0.809017 0.506524 -0.395740 0.766044 0.532895 -0.359442 0.766044 
0.463181 -0.361877 0.809017 0.436810 -0.393305 0.809017 0.477684 -0.430109 0.766044 0.506524 -0.395740 0.766044 
0.436810 -0.393305 0.809017 0.408310 -0.422817 0.809017 0.446518 -0.462383 0.766044 0.477684 -0.430109 0.766044 
0.408310 -0.422817 0.809017 0.377821 -0.450270 0.809017 0.413176 -0.492404 0.766044 0.446518 -0.462383 0.766044 
0.377821 -0.450270 0.809017 0.345491 -0.475528 0.809017 0.377821 -0.520026 0.766044 0.413176 -0.492404 0.766044 
0.345491 -0.475528 0.809017 0.311479 -0.498470 0.809017 0.340626 -0.545115 0.766044 0.377821 -0.520026 0.766044 
0.311479 -0.498470 0.809017 0.275948 -0.518984 0.809017 0.301771 -0.567548 0.766044 0.340626 -0.545115 0.766044 
0.275948 -0.518984 0.809017 0.239074 -0.536969 0.809017 0.261445 -0.587216 0.766044 0.301771 -0.567548 0.766044 
0.239074 -0.536969 0.809017 0.201034 -0.552337 0.809017 0.219846 -0.604023 0.766044 0.261445 -0.587216 0.766044 
0.201034 -0.552337 0.809017 0.162016 -0.565015 0.809017 0.177176 -0.617887 0.766044 0.219846 -0.604023 0.766044 
0.162016 -0.565015 0.809017 0.122207 -0.574941 0.809017 0.133643 -0.628741 0.766044 0.177176 -0.617887 0.766044 
0.122207 -0.574941 0.809017 0.081804 -0.582065 0.809017 0.089459 -0.636532 0.766044 0.133643 -0.628741 0.766044 
0.081804 -0.582065 0.809017 0.041002 -0.586353 0.809017 0.044839 -0.641222 0.766044 0.089459 -0.636532 0.766044 
0.041002 -0.586353 0.809017 0.000000 -0.587785 0.809017 0.000000 -0.642788 0.766044 0.044839 -0.641222 0.766044 
0.000000 -0.587785 0.809017 -0.041002 -0.586353 0.809017 -0.044839 -0.641222 0.766044 0.000000 -0.642788 0.766044 
-0.041002 -0.586353 0.809017 -0.081804 -0.582065 0.809017 -0.089459 -0.636532 0.766044 -0.044839 -0.641222 0.766044 
-0.081804 -0.582065 0.809017 -0.122207 -0.574941 0.809017 -0.133643 -0.628741 0.766044 -0.089459 -0.636532 0.766044 
-0.122207 -0.574941 0.809017 -0.162016 -0.565015 0.809017 -0.177176 -0.617887 0.766044 -0.133643 -0.628741 0.766044 
-0.162016 -0.565015 0.809017 -0.201034 -0.552337 0.809017 -0.219846 -0.604023 0.766044 -0.177176 -0.617887 0.766044 
-0.201034 -0.552337 0.809017 -0.239074 -0.536969 0.809017 -0.261445 -0.587216 0.766044 -0.219846 -0.604023 0.766044 
-0.239074 -0.536969 0.809017 -0.275948 -0.518984 0.809017 -0.301770 -0.567548 0.766044 -0.261445 -0.587216 0.766044 
-0.275948 -0.518984 0.809017 -0.311479 -0.498470 0.809017 -0.340626 -0.545115 0.766044 -0.301770 -0.567548 0.766044 
-0.311479 -0.498470 0.809017 -0.345491 -0.475528 0.809017 -0.377821 -0.520026 0.766044 -0.340626 -0.545115 0.766044 
-0.345491 -0.475528 0.809017 -0.377821 -0.450270 0.809017 -0.413176 -0.492404 0.766044 -0.377821 -0.520026 0.766044 
-0.377821 -0.450270 0.809017 -0.408310 -0.422817 0.809017 -0.446518 -0.462383 0.766044 -0.413176 -0.492404 0.766044 
-0.408310 -0.422817 0.809017 -0.436810 -0.393305 0.809017 -0.477684 -0.430109 0.766044 -0.446518 -0.462383 0.766044 
-0.436810 -0.393305 0.809017 -0.463181 -0.361877 0.809017 -0.506523 -0.395740 0.766044 -0.477684 -0.430109 0.766044 
-0.463181 -0.361877 0.809017 -0.487296 -0.328685 0.809017 -0.532895 -0.359442 0.766044 -0.506523 -0.395740 0.766044 
-0.487296 -0.328685 0.809017 -0.509037 -0.293893 0.809017 -0.556670 -0.321394 0.766044 -0.532895 -0.359442 0.766044 
-0.509037 -0.293893 0.809017 -0.528298 -0.257668 0.809017 -0.577734 -0.281780 0.766044 -0.556670 -0.321394 0.766044 
-0.528298 -0.257668 0.809017 -0.544985 -0.220188 0.809017 -0.595982 -0.240792 0.766044 -0.577734 -0.281780 0.766044 
-0.544985 -0.220188 0.809017 -0.559017 -0.181636 0.809017 -0.611327 -0.198632 0.766044 -0.595982 -0.240792 0.766044 
-0.559017 -0.181636 0.809017 -0.570325 -0.142198 0.809017 -0.623694 -0.155504 0.766044 -0.611327 -0.198632 0.766044 
-0.570325 -0.142198 0.809017 -0.578855 -0.102068 0.809017 -0.633022 -0.111619 0.766044 -0.623694 -0.155504 0.766044 
-0.578855 -0.102068 0.809017 -0.584565 -0.061440 0.809017 -0.639266 -0.067190 0.766044 -0.633022 -0.111619 0.766044 
-0.584565 -0.061440 0.809017 -0.587427 -0.020513 0.809017 -0.642396 -0.022433 0.766044 -0.639266 -0.067190 0.766044 
-0.587427 -0.020513 0.809017 -0.587427 0.020513 0.809017 -0.642396 0.022433 0.766044 -0.642396 -0.022433 0.766044 
-0.587427 0.020513 0.809017 -0.584565 0.061440 0.809017 -0.639266 0.067190 0.766044 -0.642396 0.022433 0.766044 
-0.584565 0.061440 0.809017 -0.578855 0.102068 0.809017 -0.633022 0.111619 0.766044 -0.639266 0.067190 0.766044 
-0.578855 0.102068 0.809017 -0.570325 0.142198 0.809017 -0.623694 0.155504 0.766044 -0.633022 0.111619 0.766044 
-0.570325 0.142198 0.809017 -0.559017 0.181636 0.809017 -0.611327 0.198632 0.766044 -0.623694 0.155504 0.766044 
-0.559017 0.181636 0.809017 -0.544985 0.220188 0.809017 -0.595982 0.240792 0.766044 -0.611327 0.198632 0.766044 
-0.544985 0.220188 0.809017 -0.528298 0.257668 0.809017 -0.577734 0.281779 0.766044 -0.595982 0.240792 0.766044 
-0.528298 0.257668 0.809017 -0.509037 0.293893 0.809017 -0.556670 0.321394 0.766044 -0.577734 0.281779 0.766044 
-0.509037 0.293893 0.809017 -0.487296 0.328685 0.809017 -0.532895 0.359442 0.766044 -0.556670 0.321394 0.766044 
-0.487296 0.328685 0.809017 -0.463181 0.361877 0.809017 -0.506524 0.395740 0.766044 -0.532895 0.359442 0.766044 
-0.463181 0.361877 0.809017 -0.436810 0.393305 0.809017 -0.477684 0.430109 0.766044 -0.506524 0.395740 0.766044 
-0.436810 0.393305 0.809017 -0.408310 0.422817 0.809017 -0.446518 0.462383 0.766044 -0.477684 0.430109 0.766044 
-0.408310 0.422817 0.809017 -0.377821 0.450270 0.809017 -0.413176 0.492404 0.766044 -0.446518 0.462383 0.766044 
-0.377821 0.450270 0.809017 -0.345492 0.475528 0.809017 -0.377821 0.520026 0.766044 -0.413176 0.492404 0.766044 
-0.345492 0.475528 0.809017 -0.311479 0.498470 0.809017 -0.340626 0.545115 0.766044 -0.377821 0.520026 0.766044 
-0.311479 0.498470 0.809017 -0.275948 0.518984 0.809017 -0.301771 0.567548 0.766044 -0.340626 0.545115 0.766044 
-0.275948 0.518984 0.809017 -0.239074 0.536969 0.809017 -0.261445 0.587216 0.766044 -0.301771 0.567548 0.766044 
-0.239074 0.536969 0.809017 -0.201034 0.552337 0.809017 -0.219846 0.604023 0.766044 -0.261445 0.587216 0.766044 
-0.201034 0.552337 0.809017 -0.162016 0.565015 0.809017 -0.177176 0.617887 0.766044 -0.219846 0.604023 0.766044 
-0.162016 0.565015 0.809017 -0.122207 0.574941 0.809017 -0.133643 0.628741 0.766044 -0.177176 0.617887 0.766044 
-0.122207 0.574941 0.809017 -0.081804 0.582065 0.809017 -0.089459 0.636532 0.766044 -0.133643 0.628741 0.766044 
-0.081804 0.582065 0.809017 -0.041002 0.586353 0.809017 -0.044839 0.641222 0.766044 -0.089459 0.636532 0.766044 
-0.041002 0.586353 0.809017 -0.000000 0.587785 0.809017 -0.000000 0.642788 0.766044 -0.044839 0.641222 0.766044 
0.000000 0.642788 0.766044 0.044839 0.641222 0.766044 0.048457 0.692966 0.719340 0.000000 0.694658 0.719340 
0.044839 0.641222 0.766044 0.089459 0.636532 0.766044 0.096678 0.687898 0.719340 0.048457 0.692966 0.719340 
0.089459 0.636532 0.766044 0.133643 0.628741 0.766044 0.144428 0.679478 0.719340 0.096678 0.687898 0.719340 
0.133643 0.628741 0.766044 0.177176 0.617887 0.766044 0.191474 0.667748 0.719340 0.144428 0.679478 0.719340 
0.177176 0.617887 0.766044 0.219846 0.604023 0.766044 0.237587 0.652765 0.719340 0.191474 0.667748 0.719340 
0.219846 0.604023 0.766044 0.261445 0.587216 0.766044 0.282543 0.634602 0.719340 0.237587 0.652765 0.719340 
0.261445 0.587216 0.766044 0.301770 0.567548 0.766044 0.326122 0.613347 0.719340 0.282543 0.634602 0.719340 
0.301770 0.567548 0.766044 0.340626 0.545115 0.766044 0.368113 0.589104 0.719340 0.326122 0.613347 0.719340 
0.340626 0.545115 0.766044 0.377821 0.520026 0.766044 0.408310 0.561990 0.719340 0.368113 0.589104 0.719340 
0.377821 0.520026 0.766044 0.413176 0.492404 0.766044 0.446518 0.532139 0.719340 0.408310 0.561990 0.719340 
0.413176 0.492404 0.766044 0.446518 0.462383 0.766044 0.482550 0.499695 0.719340 0.446518 0.532139 0.719340 
0.446518 0.462383 0.766044 0.477684 0.430109 0.766044 0.516232 0.464817 0.719340 0.482550 0.499695 0.719340 
0.477684 0.430109 0.766044 0.506523 0.395740 0.766044 0.547398 0.427674 0.719340 0.516232 0.464817 0.719340 
0.506523 0.395740 0.766044 0.532895 0.359442 0.766044 0.575898 0.388448 0.719340 0.547398 0.427674 0.719340 
0.532895 0.359442 0.766044 0.556670 0.321394 0.766044 0.601592 0.347329 0.719340 0.575898 0.388448 0.719340 
0.556670 0.321394 0.766044 0.577734 0.281780 0.766044 0.624355 0.304518 0.719340 0.601592 0.347329 0.719340 
0.577734 0.281780 0.766044 0.595982 0.240792 0.766044 0.644076 0.260224 0.719340 0.624355 0.304518 0.719340 
0.595982 0.240792 0.766044 0.611327 0.198632 0.766044 0.660659 0.214661 0.719340 0.644076 0.260224 0.719340 
0.611327 0.198632 0.766044 0.623694 0.155504 0.766044 0.674024 0.168053 0.719340 0.660659 0.214661 0.719340 
0.623694 0.155504 0.766044 0.633022 0.111619 0.766044 0.684105 0.120626 0.719340 0.674024 0.168053 0.719340 
0.633022 0.111619 0.766044 0.639266 0.067190 0.766044 0.690853 0.072612 0.719340 0.684105 0.120626 0.719340 
0.639266 0.067190 0.766044 0.642396 0.022433 0.766044 0.694235 0.024243 0.719340 0.690853 0.072612 0.719340 
0.642396 0.022433 0.766044 0.642396 -0.022433 0.766044 0.694235 -0.024243 0.719340 0.694235 0.024243 0.719340 
0.642396 -0.022433 0.766044 0.639266 -0.067190 0.766044 0.690853 -0.072612 0.719340 0.694235 -0.024243 0.719340 
0.639266 -0.067190 0.766044 0.633022 -0.111619 0.766044 0.684105 -0.120626 0.719340 0.690853 -0.072612 0.719340 
0.633022 -0.111619 0.766044 0.623694 -0.155504 0.766044 0.674024 -0.168053 0.719340 0.684105 -0.120626 0.719340 
0.623694 -0.155504 0.766044 0.611327 -0.198632 0.766044 0.660659 -0.214661 0.719340 0.674024 -0.168053 0.719340 
0.611327 -0.198632 0.766044 0.595982 -0.240792 0.766044 0.644076 -0.260224 0.719340 0.660659 -0.214661 0.719340 
0.595982 -0.240792 0.766044 0.577734 -0.281780 0.766044 0.624355 -0.304518 0.719340 0.644076 -0.260224 0.719340 
0.577734 -0.281780 0.766044 0.556670 -0.321394 0.766044 0.601592 -0.347329 0.719340 0.624355 -0.304518 0.719340 
0.556670 -0.321394 0.766044 0.532895 -0.359442 0.766044 0.575898 -0.388448 0.719340 0.601592 -0.347329 0.719340 
0.532895 -0.359442 0.766044 0.506524 -0.395740 0.766044 0.547398 -0.427674 0.719340 0.575898 -0.388448 0.719340 
0.506524 -0.395740 0.766044 0.477684 -0.430109 0.766044 0.516232 -0.464817 0.719340 0.547398 -0.427674 0.719340 
0.477684 -0.430109 0.766044 0.446518 -0.462383 0.766044 0.482550 -0.499695 0.719340 0.516232 -0.464817 0.719340 
0.446518 -0.462383 0.766044 0.413176 -0.492404 0.766044 0.446518 -0.532139 0.719340 0.482550 -0.499695 0.719340 
0.413176 -0.492404 0.766044 0.377821 -0.520026 0.766044 0.408310 -0.561990 0.719340 0.446518 -0.532139 0.719340 
0.377821 -0.520026 0.766044 0.340626 -0.545115 0.766044 0.368113 -0.589104 0.719340 0.408310 -0.561990 0.719340 
0.340626 -0.545115 0.766044 0.301771 -0.567548 0.766044 0.326122 -0.613347 0.719340 0.368113 -0.589104 0.719340 
0.301771 -0.567548 0.766044 0.261445 -0.587216 0.766044 0.282543 -0.634602 0.719340 0.326122 -0.613347 0.719340 
0.261445 -0.587216 0.766044 0.219846 -0.604023 0.766044 0.237587 -0.652765 0.719340 0.282543 -0.634602 0.719340 
0.219846 -0.604023 0.766044 0.177176 -0.617887 0.766044 0.191474 -0.667748 0.719340 0.237587 -0.652765 0.719340 
0.177176 -0.617887 0.766044 0.133643 -0.628741 0.766044 0.144428 -0.679478 0.719340 0.191474 -0.667748 0.719340 
0.133643 -0.628741 0.766044 0.089459 -0.636532 0.766044 0.096678 -0.687898 0.719340 0.144428 -0.679478 0.719340 
0.089459 -0.636532 0.766044 0.044839 -0.641222 0.766044 0.048457 -0.692966 0.719340 0.096678 -0.687898 0.719340 
0.044839 -0.641222 0.766044 0.000000 -0.642788 0.766044 0.000000 -0.694658 0.719340 0.048457 -0.692966 0.719340 
0.000000 -0.642788 0.766044 -0.044839 -0.641222 0.766044 -0.048457 -0.692966 0.719340 0.000000 -0.694658 0.719340 
-0.044839 -0.641222 0.766044 -0.089459 -0.636532 0.766044 -0.096678 -0.687898 0.719340 -0.048457 -0.692966 0.719340 
-0.089459 -0.636532 0.766044 -0.133643 -0.628741 0.766044 -0.144428 -0.679478 0.719340 -0.096678 -0.687898 0.719340 
-0.133643 -0.628741 0.766044 -0.177176 -0.617887 0.766044 -0.191474 -0.667748 0.719340 -0.144428 -0.679478 0.719340 
-0.177176 -0.617887 0.766044 -0.219846 -0.604023 0.766044 -0.237587 -0.652765 0.719340 -0.191474 -0.667748 0.719340 
-0.219846 -0.604023 0.766044 -0.261445 -0.587216 0.766044 -0.282543 -0.634602 0.719340 -0.237587 -0.652765 0.719340 
-0.261445 -0.587216 0.766044 -0.301770 -0.567548 0.766044 -0.326122 -0.613347 0.719340 -0.282543 -0.634602 0.719340 
-0.301770 -0.567548 0.766044 -0.340625 -0.545115 0.766044 -0.368113 -0.589104 0.719340 -0.326122 -0.613347 0.719340 
-0.340625 -0.545115 0.766044 -0.377821 -0.520026 0.766044 -0.408310 -0.561990 0.719340 -0.368113 -0.589104 0.719340 
-0.377821 -0.520026 0.766044 -0.413176 -0.492404 0.766044 -0.446518 -0.532139 0.719340 -0.408310 -0.561990 0.719340 
-0.413176 -0.492404 0.766044 -0.446518 -0.462383 0.766044 -0.482550 -0.499695 0.719340 -0.446518 -0.532139 0.719340 
-0.446518 -0.462383 0.766044 -0.477684 -0.430109 0.766044 -0.516232 -0.464817 0.719340 -0.482550 -0.499695 0.719340 
-0.477684 -0.430109 0.766044 -0.506523 -0.395740 0.766044 -0.547398 -0.427674 0.719340 -0.516232 -0.464817 0.719340 
-0.506523 -0.395740 0.766044 -0.532895 -0.359442 0.766044 -0.575898 -0.388448 0.719340 -0.547398 -0.427674 0.719340 
-0.532895 -0.359442 0.766044 -0.556670 -0.321394 0.766044 -0.601592 -0.347329 0.719340 -0.575898 -0.388448 0.719340 
-0.556670 -0.321394 0.766044 -0.577734 -0.281780 0.766044 -0.624355 -0.304518 0.719340 -0.601592 -0.347329 0.719340 
-0.577734 -0.281780 0.766044 -0.595982 -0.240792 0.766044 -0.644076 -0.260224 0.719340 -0.624355 -0.304518 0.719340 
-0.595982 -0.240792 0.766044 -0.611327 -0.198632 0.766044 -0.660659 -0.214661 0.719340 -0.644076 -0.260224 0.719340 
-0.611327 -0.198632 0.766044 -0.623694 -0.155504 0.766044 -0.674024 -0.168053 0.719340 -0.660659 -0.214661 0.719340 
-0.623694 -0.155504 0.766044 -0.633022 -0.111619 0.766044 -0.684105 -0.120626 0.719340 -0.674024 -0.168053 0.719340 
-0.633022 -0.111619 0.766044 -0.639266 -0.067190 0.766044 -0.690853 -0.072612 0.719340 -0.684105 -0.120626 0.719340 
-0.639266 -0.067190 0.766044 -0.642396 -0.022433 0.766044 -0.694235 -0.024243 0.719340 -0.690853 -0.072612 0.719340 
-0.642396 -0.022433 0.766044 -0.642396 0.022433 0.766044 -0.694235 0.024243 0.719340 -0.694235 -0.024243 0.719340 
-0.642396 0.022433 0.766044 -0.639266 0.067190 0.766044 -0.690853 0.072612 0.719340 -0.694235 0.024243 0.719340 
-0.639266 0.067190 0.766044 -0.633022 0.111619 0.766044 -0.684105 0.120626 0.719340 -0.690853 0.072612 0.719340 
-0.633022 0.111619 0.766044 -0.623694 0.155504 0.766044 -0.674024 0.168053 0.719340 -0.684105 0.120626 0.719340 
-0.623694 0.155504 0.766044 -0.611327 0.198632 0.766044 -0.660659 0.214661 0.719340 -0.674024 0.168053 0.719340 
-0.611327 0.198632 0.766044 -0.595982 0.240792 0.766044 -0.644076 0.260224 0.719340 -0.660659 0.214661 0.719340 
-0.595982 0.240792 0.766044 -0.577734 0.281779 0.766044 -0.624355 0.304518 0.719340 -0.644076 0.260224 0.719340 
-0.577734 0.281779 0.766044 -0.556670 0.321394 0.766044 -0.601592 0.347329 0.719340 -0.624355 0.304518 0.719340 
-0.556670 0.321394 0.766044 -0.532895 0.359442 0.766044 -0.575898 0.388448 0.719340 -0.601592 0.347329 0.719340 
-0.532895 0.359442 0.766044 -0.506524 0.395740 0.766044 -0.547398 0.427674 0.719340 -0.575898 0.388448 0.719340 
-0.506524 0.395740 0.766044 -0.477684 0.430109 0.766044 -0.516232 0.464817 0.719340 -0.547398 0.427674 0.719340 
-0.477684 0.430109 0.766044 -0.446518 0.462383 0.766044 -0.482550 0.499695 0.719340 -0.516232 0.464817 0.719340 
-0.446518 0.462383 0.766044 -0.413176 0.492404 0.766044 -0.446518 0.532139 0.719340 -0.482550 0.499695 0.719340 
-0.413176 0.492404 0.766044 -0.377821 0.520026 0.766044 -0.408310 0.561990 0.719340 -0.446518 0.532139 0.719340 
-0.377821 0.520026 0.766044 -0.340626 0.545115 0.766044 -0.368113 0.589104 0.719340 -0.408310 0.561990 0.719340 
-0.340626 0.545115 0.766044 -0.301771 0.567548 0.766044 -0.326122 0.613347 0.719340 -0.368113 0.589104 0.719340 
-0.301771 0.567548 0.766044 -0.261445 0.587216 0.766044 -0.282543 0.634602 0.719340 -0.326122 0.613347 0.719340 
-0.261445 0.587216 0.766044 -0.219846 0.604023 0.766044 -0.237587 0.652765 0.719340 -0.282543 0.634602 0.719340 
-0.219846 0.604023 0.766044 -0.177176 0.617887 0.766044 -0.191474 0.667748 0.719340 -0.237587 0.652765 0.719340 
-0.177176 0.617887 0.766044 -0.133643 0.628741 0.766044 -0.144428 0.679478 0.719340 -0.191474 0.667748 0.719340 
-0.133643 0.628741 0.766044 -0.089459 0.636532 0.766044 -0.096678 0.687898 0.719340 -0.144428 0.679478 0.719340 
-0.089459 0.636532 0.766044 -0.044839 0.641222 0.766044 -0.048457 0.692966 0.719340 -0.096678 0.687898 0.719340 
-0.044839 0.641222 0.766044 -0.000000 0.642788 0.766044 -0.000000 0.694658 0.719340 -0.048457 0.692966 0.719340 
0.000000 0.694658 0.719340 0.048457 0.692966 0.719340 0.051839 0.741335 0.669131 0.000000 0.743145 0.669131 
0.048457 0.692966 0.719340 0.096678 0.687898 0.719340 0.103426 0.735913 0.669131 0.051839 0.741335 0.669131 
0.096678 0.687898 0.719340 0.144428 0.679478 0.719340 0.154508 0.726905 0.669131 0.103426 0.735913 0.669131 
0.144428 0.679478 0.719340 0.191474 0.667748 0.719340 0.204838 0.714357 0.669131 0.154508 0.726905 0.669131 
0.191474 0.667748 0.719340 0.237587 0.652765 0.719340 0.254171 0.698328 0.669131 0.204838 0.714357 0.669131 
0.237587 0.652765 0.719340 0.282543 0.634602 0.719340 0.302264 0.678897 0.669131 0.254171 0.698328 0.669131 
0.282543 0.634602 0.719340 0.326122 0.613347 0.719340 0.348885 0.656158 0.669131 0.302264 0.678897 0.669131 
0.326122 0.613347 0.719340 0.368113 0.589104 0.719340 0.393807 0.630223 0.669131 0.348885 0.656158 0.669131 
0.368113 0.589104 0.719340 0.408310 0.561990 0.719340 0.436810 0.601217 0.669131 0.393807 0.630223 0.669131 
0.408310 0.561990 0.719340 0.446518 0.532139 0.719340 0.477684 0.569282 0.669131 0.436810 0.601217 0.669131 
0.446518 0.532139 0.719340 0.482550 0.499695 0.719340 0.516232 0.534574 0.669131 0.477684 0.569282 0.669131 
0.482550 0.499695 0.719340 0.516232 0.464817 0.719340 0.552264 0.497261 0.669131 0.516232 0.534574 0.669131 
0.516232 0.464817 0.719340 0.547398 0.427674 0.719340 0.585606 0.457526 0.669131 0.552264 0.497261 0.669131 
0.547398 0.427674 0.719340 0.575898 0.388448 0.719340 0.616095 0.415561 0.669131 0.585606 0.457526 0.669131 
0.575898 0.388448 0.719340 0.601592 0.347329 0.719340 0.643582 0.371572 0.669131 0.616095 0.415561 0.669131 
0.601592 0.347329 0.719340 0.624355 0.304518 0.719340 0.667934 0.325773 0.669131 0.643582 0.371572 0.669131 
0.624355 0.304518 0.719340 0.644076 0.260224 0.719340 0.689032 0.278387 0.669131 0.667934 0.325773 0.669131 
0.644076 0.260224 0.719340 0.660659 0.214661 0.719340 0.706773 0.229644 0.669131 0.689032 0.278387 0.669131 
0.660659 0.214661 0.719340 0.674024 0.168053 0.719340 0.721070 0.179783 0.669131 0.706773 0.229644 0.669131 
0.674024 0.168053 0.719340 0.684105 0.120626 0.719340 0.731855 0.129046 0.669131 0.721070 0.179783 0.669131 
0.684105 0.120626 0.719340 0.690853 0.072612 0.719340 0.739074 0.077680 0.669131 0.731855 0.129046 0.669131 
0.690853 0.072612 0.719340 0.694235 0.024243 0.719340 0.742692 0.025935 0.669131 0.739074 0.077680 0.669131 
0.694235 0.024243 0.719340 0.694235 -0.024243 0.719340 0.742692 -0.025935 0.669131 0.742692 0.025935 0.669131 
0.694235 -0.024243 0.719340 0.690853 -0.072612 0.719340 0.739074 -0.077680 0.669131 0.742692 -0.025935 0.669131 
0.690853 -0.072612 0.719340 0.684105 -0.120626 0.719340 0.731855 -0.129046 0.669131 0.739074 -0.077680 0.669131 
0.684105 -0.120626 0.719340 0.674024 -0.168053 0.719340 0.721070 -0.179783 0.669131 0.731855 -0.129046 0.669131 
0.674024 -0.168053 0.719340 0.660659 -0.214661 0.719340 0.706773 -0.229644 0.669131 0.721070 -0.179783 0.669131 
0.660659 -0.214661 0.719340 0.644076 -0.260224 0.719340 0.689032 -0.278387 0.669131 0.706773 -0.229644 0.669131 
0.644076 -0.260224 0.719340 0.624355 -0.304518 0.719340 0.667934 -0.325773 0.669131 0.689032 -0.278387 0.669131 
0.624355 -0.304518 0.719340 0.601592 -0.347329 0.719340 0.643582 -0.371572 0.669131 0.667934 -0.325773 0.669131 
0.601592 -0.347329 0.719340 0.575898 -0.388448 0.719340 0.616095 -0.415561 0.669131 0.643582 -0.371572 0.669131 
0.575898 -0.388448 0.719340 0.547398 -0.427674 0.719340 0.585606 -0.457526 0.669131 0.616095 -0.415561 0.669131 
0.547398 -0.427674 0.719340 0.516232 -0.464817 0.719340 0.552264 -0.497261 0.669131 0.585606 -0.457526 0.669131 
0.516232 -0.464817 0.719340 0.482550 -0.499695 0.719340 0.516232 -0.534574 0.669131 0.552264 -0.497261 0.669131 
0.482550 -0.499695 0.719340 0.446518 -0.532139 0.719340 0.477684 -0.569282 0.669131 0.516232 -0.534574 0.669131 
0.446518 -0.532139 0.719340 0.408310 -0.561990 0.719340 0.436810 -0.601217 0.669131 0.477684 -0.569282 0.669131 
0.408310 -0.561990 0.719340 0.368113 -0.589104 0.719340 0.393807 -0.630223 0.669131 0.436810 -0.601217 0.669131 
0.368113 -0.589104 0.719340 0.326122 -0.613347 0.719340 0.348885 -0.656158 0.669131 0.393807 -0.630223 0.669131 
0.326122 -0.613347 0.719340 0.282543 -0.634602 0.719340 0.302264 -0.678897 0.669131 0.348885 -0.656158 0.669131 
0.282543 -0.634602 0.719340 0.237587 -0.652765 0.719340 0.254171 -0.698328 0.669131 0.302264 -0.678897 0.669131 
0.237587 -0.652765 0.719340 0.191474 -0.667748 0.719340 0.204838 -0.714357 0.669131 0.254171 -0.698328 0.669131 
0.191474 -0.667748 0.719340 0.144428 -0.679478 0.719340 0.154509 -0.726905 0.669131 0.204838 -0.714357 0.669131 
0.144428 -0.679478 0.719340 0.096678 -0.687898 0.719340 0.103426 -0.735913 0.669131 0.154509 -0.726905 0.669131 
0.096678 -0.687898 0.719340 0.048457 -0.692966 0.719340 0.051839 -0.741335 0.669131 0.103426 -0.735913 0.669131 
0.048457 -0.692966 0.719340 0.000000 -0.694658 0.719340 0.000000 -0.743145 0.669131 0.051839 -0.741335 0.669131 
0.000000 -0.694658 0.719340 -0.048457 -0.692966 0.719340 -0.051839 -0.741335 0.669131 0.000000 -0.743145 0.669131 
-0.048457 -0.692966 0.719340 -0.096678 -0.687898 0.719340 -0.103426 -0.735913 0.669131 -0.051839 -0.741335 0.669131 
-0.096678 -0.687898 0.719340 -0.144428 -0.679478 0.719340 -0.154508 -0.726905 0.669131 -0.103426 -0.735913 0.669131 
-0.144428 -0.679478 0.719340 -0.191474 -0.667748 0.719340 -0.204838 -0.714357 0.669131 -0.154508 -0.726905 0.669131 
-0.191474 -0.667748 0.719340 -0.237587 -0.652765 0.719340 -0.254170 -0.698328 0.669131 -0.204838 -0.714357 0.669131 
-0.237587 -0.652765 0.719340 -0.282543 -0.634602 0.719340 -0.302264 -0.678897 0.669131 -0.254170 -0.698328 0.669131 
-0.282543 -0.634602 0.719340 -0.326122 -0.613347 0.719340 -0.348885 -0.656158 0.669131 -0.302264 -0.678897 0.669131 
-0.326122 -0.613347 0.719340 -0.368113 -0.589104 0.719340 -0.393807 -0.630223 0.669131 -0.348885 -0.656158 0.669131 
-0.368113 -0.589104 0.719340 -0.408310 -0.561990 0.719340 -0.436810 -0.601217 0.669131 -0.393807 -0.630223 0.669131 
-0.408310 -0.561990 0.719340 -0.446518 -0.532139 0.719340 -0.477684 -0.569282 0.669131 -0.436810 -0.601217 0.669131 
-0.446518 -0.532139 0.719340 -0.482550 -0.499695 0.719340 -0.516232 -0.534574 0.669131 -0.477684 -0.569282 0.669131 
-0.482550 -0.499695 0.719340 -0.516232 -0.464817 0.719340 -0.552264 -0.497261 0.669131 -0.516232 -0.534574 0.669131 
-0.516232 -0.464817 0.719340 -0.547398 -0.427674 0.719340 -0.585606 -0.457526 0.669131 -0.552264 -0.497261 0.669131 
-0.547398 -0.427674 0.719340 -0.575898 -0.388448 0.719340 -0.616095 -0.415561 0.669131 -0.585606 -0.457526 0.669131 
-0.575898 -0.388448 0.719340 -0.601592 -0.347329 0.719340 -0.643582 -0.371572 0.669131 -0.616095 -0.415561 0.669131 
-0.601592 -0.347329 0.719340 -0.624355 -0.304518 0.719340 -0.667934 -0.325773 0.669131 -0.643582 -0.371572 0.669131 
-0.624355 -0.304518 0.719340 -0.644076 -0.260224 0.719340 -0.689032 -0.278387 0.669131 -0.667934 -0.325773 0.669131 
-0.644076 -0.260224 0.719340 -0.660659 -0.214661 0.719340 -0.706773 -0.229644 0.669131 -0.689032 -0.278387 0.669131 
-0.660659 -0.214661 0.719340 -0.674024 -0.168053 0.719340 -0.721070 -0.179783 0.669131 -0.706773 -0.229644 0.669131 
-0.674024 -0.168053 0.719340 -0.684105 -0.120626 0.719340 -0.731855 -0.129046 0.669131 -0.721070 -0.179783 0.669131 
-0.684105 -0.120626 0.719340 -0.690853 -0.072612 0.719340 -0.739074 -0.077680 0.669131 -0.731855 -0.129046 0.669131 
-0.690853 -0.072612 0.719340 -0.694235 -0.024243 0.719340 -0.742692 -0.025935 0.669131 -0.739074 -0.077680 0.669131 
-0.694235 -0.024243 0.719340 -0.694235 0.024243 0.719340 -0.742692 0.025935 0.669131 -0.742692 -0.025935 0.669131 
-0.694235 0.024243 0.719340 -0.690853 0.072612 0.719340 -0.739074 0.077680 0.669131 -0.742692 0.025935 0.669131 
-0.690853 0.072612 0.719340 -0.684105 0.120626 0.719340 -0.731855 0.129046 0.669131 -0.739074 0.077680 0.669131 
-0.684105 0.120626 0.719340 -0.674024 0.168053 0.719340 -0.721070 0.179783 0.669131 -0.731855 0.129046 0.669131 
-0.674024 0.168053 0.719340 -0.660659 0.214661 0.719340 -0.706773 0.229644 0.669131 -0.721070 0.179783 0.669131 
-0.660659 0.214661 0.719340 -0.644076 0.260224 0.719340 -0.689032 0.278387 0.669131 -0.706773 0.229644 0.669131 
-0.644076 0.260224 0.719340 -0.624355 0.304518 0.719340 -0.667934 0.325773 0.669131 -0.689032 0.278387 0.669131 
-0.624355 0.304518 0.719340 -0.601592 0.347329 0.719340 -0.643582 0.371572 0.669131 -0.667934 0.325773 0.669131 
-0.601592 0.347329 0.719340 -0.575898 0.388448 0.719340 -0.616095 0.415561 0.669131 -0.643582 0.371572 0.669131 
-0.575898 0.388448 0.719340 -0.547398 0.427674 0.719340 -0.585606 0.457526 0.669131 -0.616095 0.415561 0.669131 
-0.547398 0.427674 0.719340 -0.516232 0.464817 0.719340 -0.552264 0.497261 0.669131 -0.585606 0.457526 0.669131 
-0.516232 0.464817 0.719340 -0.482550 0.499695 0.719340 -0.516232 0.534574 0.669131 -0.552264 0.497261 0.669131 
-0.482550 0.499695 0.719340 -0.446518 0.532139 0.719340 -0.477684 0.569282 0.669131 -0.516232 0.534574 0.669131 
-0.446518 0.532139 0.719340 -0.408310 0.561990 0.719340 -0.436810 0.601217 0.669131 -0.477684 0.569282 0.669131 
-0.408310 0.561990 0.719340 -0.368113 0.589104 0.719340 -0.393807 0.630222 0.669131 -0.436810 0.601217 0.669131 
-0.368113 0.589104 0.719340 -0.326122 0.613347 0.719340 -0.348885 0.656158 0.669131 -0.393807 0.630223 0.669131 
-0.326122 0.613347 0.719340 -0.282543 0.634602 0.719340 -0.302264 0.678897 0.669131 -0.348885 0.656158 0.669131 
-0.282543 0.634602 0.719340 -0.237587 0.652765 0.719340 -0.254171 0.698328 0.669131 -0.302264 0.678897 0.669131 
-0.237587 0.652765 0.719340 -0.191474 0.667748 0.719340 -0.204838 0.714357 0.669131 -0.254171 0.698328 0.669131 
-0.191474 0.667748 0.719340 -0.144428 0.679478 0.719340 -0.154509 0.726905 0.669131 -0.204838 0.714357 0.669131 
-0.144428 0.679478 0.719340 -0.096678 0.687898 0.719340 -0.103426 0.735913 0.669131 -0.154509 0.726905 0.669131 
-0.096678 0.687898 0.719340 -0.048457 0.692966 0.719340 -0.051839 0.741335 0.669131 -0.103426 0.735913 0.669131 
-0.048457 0.692966 0.719340 -0.000000 0.694658 0.719340 -0.000000 0.743145 0.669131 -0.051839 0.741334 0.669131 
0.000000 0.743145 0.669131 0.051839 0.741335 0.669131 0.054969 0.786091 0.615662 0.000000 0.788011 0.615662 
0.051839 0.741335 0.669131 0.103426 0.735913 0.669131 0.109670 0.780342 0.615662 0.054969 0.786091 0.615662 
0.103426 0.735913 0.669131 0.154508 0.726905 0.669131 0.163837 0.770791 0.615662 0.109670 0.780342 0.615662 
0.154508 0.726905 0.669131 0.204838 0.714357 0.669131 0.217205 0.757484 0.615662 0.163837 0.770791 0.615662 
0.204838 0.714357 0.669131 0.254171 0.698328 0.669131 0.269516 0.740488 0.615662 0.217205 0.757484 0.615662 
0.254171 0.698328 0.669131 0.302264 0.678897 0.669131 0.320513 0.719884 0.615662 0.269516 0.740488 0.615662 
0.302264 0.678897 0.669131 0.348885 0.656158 0.669131 0.369949 0.695772 0.615662 0.320513 0.719884 0.615662 
0.348885 0.656158 0.669131 0.393807 0.630223 0.669131 0.417582 0.668271 0.615662 0.369949 0.695772 0.615662 
0.393807 0.630223 0.669131 0.436810 0.601217 0.669131 0.463181 0.637514 0.615662 0.417582 0.668271 0.615662 
0.436810 0.601217 0.669131 0.477684 0.569282 0.669131 0.506524 0.603651 0.615662 0.463181 0.637514 0.615662 
0.477684 0.569282 0.669131 0.516232 0.534574 0.669131 0.547398 0.566848 0.615662 0.506524 0.603651 0.615662 
0.516232 0.534574 0.669131 0.552264 0.497261 0.669131 0.585606 0.527282 0.615662 0.547398 0.566847 0.615662 
0.552264 0.497261 0.669131 0.585606 0.457526 0.669131 0.620961 0.485148 0.615662 0.585606 0.527282 0.615662 
0.585606 0.457526 0.669131 0.616095 0.415561 0.669131 0.653290 0.440650 0.615662 0.620961 0.485148 0.615662 
0.616095 0.415561 0.669131 0.643582 0.371572 0.669131 0.682437 0.394005 0.615662 0.653290 0.440650 0.615662 
0.643582 0.371572 0.669131 0.667934 0.325773 0.669131 0.708259 0.345441 0.615662 0.682437 0.394005 0.615662 
0.667934 0.325773 0.669131 0.689032 0.278387 0.669131 0.730631 0.295194 0.615662 0.708259 0.345441 0.615662 
0.689032 0.278387 0.669131 0.706773 0.229644 0.669131 0.749443 0.243509 0.615662 0.730631 0.295194 0.615662 
0.706773 0.229644 0.669131 0.721070 0.179783 0.669131 0.764603 0.190637 0.615662 0.749443 0.243509 0.615662 
0.721070 0.179783 0.669131 0.731855 0.129046 0.669131 0.776039 0.136837 0.615662 0.764603 0.190637 0.615662 
0.731855 0.129046 0.669131 0.739074 0.077680 0.669131 0.783694 0.082370 0.615662 0.776039 0.136837 0.615662 
0.739074 0.077680 0.669131 0.742692 0.025935 0.669131 0.787531 0.027501 0.615662 0.783694 0.082370 0.615662 
0.742692 0.025935 0.669131 0.742692 -0.025935 0.669131 0.787531 -0.027501 0.615662 0.787531 0.027501 0.615662 
0.742692 -0.025935 0.669131 0.739074 -0.077680 0.669131 0.783694 -0.082370 0.615662 0.787531 -0.027501 0.615662 
0.739074 -0.077680 0.669131 0.731855 -0.129046 0.669131 0.776039 -0.136837 0.615662 0.783694 -0.082370 0.615662 
0.731855 -0.129046 0.669131 0.721070 -0.179783 0.669131 0.764603 -0.190637 0.615662 0.776039 -0.136837 0.615662 
0.721070 -0.179783 0.669131 0.706773 -0.229644 0.669131 0.749443 -0.243509 0.615662 0.764603 -0.190637 0.615662 
0.706773 -0.229644 0.669131 0.689032 -0.278387 0.669131 0.730631 -0.295194 0.615662 0.749443 -0.243509 0.615662 
0.689032 -0.278387 0.669131 0.667934 -0.325773 0.669131 0.708259 -0.345441 0.615662 0.730631 -0.295194 0.615662 
0.667934 -0.325773 0.669131 0.643582 -0.371572 0.669131 0.682437 -0.394005 0.615662 0.708259 -0.345441 0.615662 
0.643582 -0.371572 0.669131 0.616095 -0.415561 0.669131 0.653291 -0.440650 0.615662 0.682437 -0.394005 0.615662 
0.616095 -0.415561 0.669131 0.585606 -0.457526 0.669131 0.620961 -0.485148 0.615662 0.653291 -0.440650 0.615662 
0.585606 -0.457526 0.669131 0.552264 -0.497261 0.669131 0.585606 -0.527282 0.615662 0.620961 -0.485148 0.615662 
0.552264 -0.497261 0.669131 0.516232 -0.534574 0.669131 0.547398 -0.566847 0.615662 0.585606 -0.527282 0.615662 
0.516232 -0.534574 0.669131 0.477684 -0.569282 0.669131 0.506524 -0.603651 0.615662 0.547398 -0.566847 0.615662 
0.477684 -0.569282 0.669131 0.436810 -0.601217 0.669131 0.463181 -0.637514 0.615662 0.506524 -0.603651 0.615662 
0.436810 -0.601217 0.669131 0.393807 -0.630223 0.669131 0.417582 -0.668271 0.615662 0.463181 -0.637514 0.615662 
0.393807 -0.630223 0.669131 0.348885 -0.656158 0.669131 0.369949 -0.695772 0.615662 0.417582 -0.668271 0.615662 
0.348885 -0.656158 0.669131 0.302264 -0.678897 0.669131 0.320513 -0.719884 0.615662 0.369949 -0.695772 0.615662 
0.302264 -0.678897 0.669131 0.254171 -0.698328 0.669131 0.269516 -0.740488 0.615662 0.320513 -0.719884 0.615662 
0.254171 -0.698328 0.669131 0.204838 -0.714357 0.669131 0.217205 -0.757484 0.615662 0.269516 -0.740488 0.615662 
0.204838 -0.714357 0.669131 0.154509 -0.726905 0.669131 0.163837 -0.770791 0.615662 0.217205 -0.757484 0.615662 
0.154509 -0.726905 0.669131 0.103426 -0.735913 0.669131 0.109670 -0.780342 0.615662 0.163837 -0.770791 0.615662 
0.103426 -0.735913 0.669131 0.051839 -0.741335 0.669131 0.054969 -0.786091 0.615662 0.109670 -0.780342 0.615662 
0.051839 -0.741335 0.669131 0.000000 -0.743145 0.669131 0.000000 -0.788011 0.615662 0.054969 -0.786091 0.615662 
0.000000 -0.743145 0.669131 -0.051839 -0.741335 0.669131 -0.054969 -0.786091 0.615662 0.000000 -0.788011 0.615662 
-0.051839 -0.741335 0.669131 -0.103426 -0.735913 0.669131 -0.109670 -0.780342 0.615662 -0.054969 -0.786091 0.615662 
-0.103426 -0.735913 0.669131 -0.154508 -0.726905 0.669131 -0.163837 -0.770791 0.615662 -0.109670 -0.780342 0.615662 
-0.154508 -0.726905 0.669131 -0.204838 -0.714357 0.669131 -0.217205 -0.757484 0.615662 -0.163837 -0.770791 0.615662 
-0.204838 -0.714357 0.669131 -0.254170 -0.698328 0.669131 -0.269516 -0.740488 0.615662 -0.217205 -0.757484 0.615662 
-0.254170 -0.698328 0.669131 -0.302264 -0.678897 0.669131 -0.320513 -0.719884 0.615662 -0.269516 -0.740488 0.615662 
-0.302264 -0.678897 0.669131 -0.348885 -0.656158 0.669131 -0.369949 -0.695772 0.615662 -0.320513 -0.719884 0.615662 
-0.348885 -0.656158 0.669131 -0.393807 -0.630223 0.669131 -0.417582 -0.668271 0.615662 -0.369949 -0.695772 0.615662 
-0.393807 -0.630223 0.669131 -0.436810 -0.601217 0.669131 -0.463181 -0.637514 0.615662 -0.417582 -0.668271 0.615662 
-0.436810 -0.601217 0.669131 -0.477684 -0.569282 0.669131 -0.506523 -0.603651 0.615662 -0.463181 -0.637514 0.615662 
-0.477684 -0.569282 0.669131 -0.516232 -0.534574 0.669131 -0.547398 -0.566848 0.615662 -0.506523 -0.603651 0.615662 
-0.516232 -0.534574 0.669131 -0.552264 -0.497261 0.669131 -0.585606 -0.527282 0.615662 -0.547398 -0.566848 0.615662 
-0.552264 -0.497261 0.669131 -0.585606 -0.457526 0.669131 -0.620961 -0.485148 0.615662 -0.585606 -0.527282 0.615662 
-0.585606 -0.457526 0.669131 -0.616095 -0.415561 0.669131 -0.653290 -0.440650 0.615662 -0.620961 -0.485148 0.615662 
-0.616095 -0.415561 0.669131 -0.643582 -0.371572 0.669131 -0.682437 -0.394005 0.615662 -0.653290 -0.440650 0.615662 
-0.643582 -0.371572 0.669131 -0.667934 -0.325773 0.669131 -0.708259 -0.345441 0.615662 -0.682437 -0.394005 0.615662 
-0.667934 -0.325773 0.669131 -0.689032 -0.278387 0.669131 -0.730631 -0.295194 0.615662 -0.708259 -0.345441 0.615662 
-0.689032 -0.278387 0.669131 -0.706773 -0.229644 0.669131 -0.749443 -0.243509 0.615662 -0.730631 -0.295194 0.615662 
-0.706773 -0.229644 0.669131 -0.721070 -0.179783 0.669131 -0.764603 -0.190637 0.615662 -0.749443 -0.243509 0.615662 
-0.721070 -0.179783 0.669131 -0.731855 -0.129046 0.669131 -0.776039 -0.136837 0.615662 -0.764603 -0.190637 0.615662 
-0.731855 -0.129046 0.669131 -0.739074 -0.077680 0.669131 -0.783694 -0.082370 0.615662 -0.776039 -0.136837 0.615662 
-0.739074 -0.077680 0.669131 -0.742692 -0.025935 0.669131 -0.787531 -0.027501 0.615662 -0.783694 -0.082370 0.615662 
-0.742692 -0.025935 0.669131 -0.742692 0.025935 0.669131 -0.787531 0.027501 0.615662 -0.787531 -0.027501 0.615662 
-0.742692 0.025935 0.669131 -0.739074 0.077680 0.669131 -0.783694 0.082370 0.615662 -0.787531 0.027501 0.615662 
-0.739074 0.077680 0.669131 -0.731855 0.129046 0.669131 -0.776039 0.136837 0.615662 -0.783694 0.082370 0.615662 
-0.731855 0.129046 0.669131 -0.721070 0.179783 0.669131 -0.764603 0.190637 0.615662 -0.776039 0.136837 0.615662 
-0.721070 0.179783 0.669131 -0.706773 0.229644 0.669131 -0.749443 0.243509 0.615662 -0.764603 0.190637 0.615662 
-0.706773 0.229644 0.669131 -0.689032 0.278387 0.669131 -0.730631 0.295194 0.615662 -0.749443 0.243509 0.615662 
-0.689032 0.278387 0.669131 -0.667934 0.325773 0.669131 -0.708259 0.345441 0.615662 -0.730631 0.295194 0.615662 
-0.667934 0.325773 0.669131 -0.643582 0.371572 0.669131 -0.682437 0.394005 0.615662 -0.708259 0.345441 0.615662 
-0.643582 0.371572 0.669131 -0.616095 0.415561 0.669131 -0.653291 0.440650 0.615662 -0.682437 0.394005 0.615662 
-0.616095 0.415561 0.669131 -0.585606 0.457526 0.669131 -0.620961 0.485148 0.615662 -0.653291 0.440650 0.615662 
-0.585606 0.457526 0.669131 -0.552264 0.497261 0.669131 -0.585606 0.527282 0.615662 -0.620961 0.485148 0.615662 
-0.552264 0.497261 0.669131 -0.516232 0.534574 0.669131 -0.547398 0.566847 0.615662 -0.585606 0.527282 0.615662 
-0.516232 0.534574 0.669131 -0.477684 0.569282 0.669131 -0.506524 0.603651 0.615662 -0.547398 0.566847 0.615662 
-0.477684 0.569282 0.669131 -0.436810 0.601217 0.669131 -0.463181 0.637514 0.615662 -0.506524 0.603651 0.615662 
-0.436810 0.601217 0.669131 -0.393807 0.630222 0.669131 -0.417582 0.668271 0.615662 -0.463181 0.637514 0.615662 
-0.393807 0.630222 0.669131 -0.348885 0.656158 0.669131 -0.369949 0.695772 0.615662 -0.417582 0.668271 0.615662 
-0.348885 0.656158 0.669131 -0.302264 0.678897 0.669131 -0.320513 0.719884 0.615662 -0.369949 0.695772 0.615662 
-0.302264 0.678897 0.669131 -0.254171 0.698328 0.669131 -0.269516 0.740488 0.615662 -0.320513 0.719884 0.615662 
-0.254171 0.698328 0.669131 -0.204838 0.714357 0.669131 -0.217205 0.757484 0.615662 -0.269516 0.740488 0.615662 
-0.204838 0.714357 0.669131 -0.154509 0.726905 0.669131 -0.163837 0.770791 0.615662 -0.217205 0.757484 0.615662 
-0.154509 0.726905 0.669131 -0.103426 0.735913 0.669131 -0.109670 0.780342 0.615662 -0.163837 0.770791 0.615662 
-0.103426 0.735913 0.669131 -0.051839 0.741335 0.669131 -0.054969 0.786091 0.615662 -0.109670 0.780342 0.615662 
-0.051839 0.741335 0.669131 -0.000000 0.743145 0.669131 -0.000000 0.788011 0.615662 -0.054969 0.786091 0.615662 
0.000000 0.788011 0.615662 0.054969 0.786091 0.615662 0.057831 0.827018 0.559193 0.000000 0.829038 0.559193 
0.054969 0.786091 0.615662 0.109670 0.780342 0.615662 0.115380 0.820969 0.559193 0.057831 0.827018 0.559193 
0.109670 0.780342 0.615662 0.163837 0.770791 0.615662 0.172367 0.810921 0.559193 0.115380 0.820969 0.559193 
0.163837 0.770791 0.615662 0.217205 0.757484 0.615662 0.228514 0.796922 0.559193 0.172367 0.810921 0.559193 
0.217205 0.757484 0.615662 0.269516 0.740488 0.615662 0.283548 0.779040 0.559193 0.228514 0.796922 0.559193 
0.269516 0.740488 0.615662 0.320513 0.719884 0.615662 0.337200 0.757363 0.559193 0.283548 0.779040 0.559193 
0.320513 0.719884 0.615662 0.369949 0.695772 0.615662 0.389210 0.731997 0.559193 0.337200 0.757363 0.559193 
0.369949 0.695772 0.615662 0.417582 0.668271 0.615662 0.439323 0.703064 0.559193 0.389210 0.731997 0.559193 
0.417582 0.668271 0.615662 0.463181 0.637514 0.615662 0.487296 0.670705 0.559193 0.439323 0.703064 0.559193 
0.463181 0.637514 0.615662 0.506524 0.603651 0.615662 0.532895 0.635080 0.559193 0.487296 0.670705 0.559193 
0.506524 0.603651 0.615662 0.547398 0.566848 0.615662 0.575898 0.596360 0.559193 0.532895 0.635080 0.559193 
0.547398 0.566848 0.615662 0.585606 0.527282 0.615662 0.616095 0.554734 0.559193 0.575898 0.596360 0.559193 
0.585606 0.527282 0.615662 0.620961 0.485148 0.615662 0.653291 0.510406 0.559193 0.616095 0.554734 0.559193 
0.620961 0.485148 0.615662 0.653291 0.440650 0.615662 0.687303 0.463592 0.559193 0.653291 0.510406 0.559193 
0.653291 0.440650 0.615662 0.682437 0.394005 0.615662 0.717968 0.414519 0.559193 0.687303 0.463592 0.559193 
0.682437 0.394005 0.615662 0.708259 0.345441 0.615662 0.745134 0.363426 0.559193 0.717968 0.414519 0.559193 
0.708259 0.345441 0.615662 0.730631 0.295194 0.615662 0.768670 0.310563 0.559193 0.745134 0.363426 0.559193 
0.730631 0.295194 0.615662 0.749443 0.243509 0.615662 0.788462 0.256187 0.559193 0.768670 0.310563 0.559193 
0.749443 0.243509 0.615662 0.764603 0.190637 0.615662 0.804412 0.200562 0.559193 0.788462 0.256187 0.559193 
0.764603 0.190637 0.615662 0.776039 0.136837 0.615662 0.816443 0.143961 0.559193 0.804412 0.200562 0.559193 
0.776039 0.136837 0.615662 0.783694 0.082370 0.615662 0.824496 0.086658 0.559193 0.816443 0.143961 0.559193 
0.783694 0.082370 0.615662 0.787531 0.027501 0.615662 0.828533 0.028933 0.559193 0.824496 0.086658 0.559193 
0.787531 0.027501 0.615662 0.787531 -0.027501 0.615662 0.828533 -0.028933 0.559193 0.828533 0.028933 0.559193 
0.787531 -0.027501 0.615662 0.783694 -0.082370 0.615662 0.824496 -0.086658 0.559193 0.828533 -0.028933 0.559193 
0.783694 -0.082370 0.615662 0.776039 -0.136837 0.615662 0.816443 -0.143961 0.559193 0.824496 -0.086658 0.559193 
0.776039 -0.136837 0.615662 0.764603 -0.190637 0.615662 0.804412 -0.200562 0.559193 0.816443 -0.143961 0.559193 
0.764603 -0.190637 0.615662 0.749443 -0.243509 0.615662 0.788462 -0.256187 0.559193 0.804412 -0.200562 0.559193 
0.749443 -0.243509 0.615662 0.730631 -0.295194 0.615662 0.768670 -0.310563 0.559193 0.788462 -0.256187 0.559193 
0.730631 -0.295194 0.615662 0.708259 -0.345441 0.615662 0.745134 -0.363426 0.559193 0.768670 -0.310563 0.559193 
0.708259 -0.345441 0.615662 0.682437 -0.394005 0.615662 0.717968 -0.414519 0.559193 0.745134 -0.363426 0.559193 
0.682437 -0.394005 0.615662 0.653291 -0.440650 0.615662 0.687303 -0.463592 0.559193 0.717968 -0.414519 0.559193 
0.653291 -0.440650 0.615662 0.620961 -0.485148 0.615662 0.653291 -0.510406 0.559193 0.687303 -0.463592 0.559193 
0.620961 -0.485148 0.615662 0.585606 -0.527282 0.615662 0.616095 -0.554734 0.559193 0.653291 -0.510406 0.559193 
0.585606 -0.527282 0.615662 0.547398 -0.566847 0.615662 0.575898 -0.596360 0.559193 0.616095 -0.554734 0.559193 
0.547398 -0.566847 0.615662 0.506524 -0.603651 0.615662 0.532895 -0.635080 0.559193 0.575898 -0.596360 0.559193 
0.506524 -0.603651 0.615662 0.463181 -0.637514 0.615662 0.487296 -0.670705 0.559193 0.532895 -0.635080 0.559193 
0.463181 -0.637514 0.615662 0.417582 -0.668271 0.615662 0.439323 -0.703064 0.559193 0.487296 -0.670705 0.559193 
0.417582 -0.668271 0.615662 0.369949 -0.695772 0.615662 0.389210 -0.731997 0.559193 0.439323 -0.703064 0.559193 
0.369949 -0.695772 0.615662 0.320513 -0.719884 0.615662 0.337200 -0.757363 0.559193 0.389210 -0.731997 0.559193 
0.320513 -0.719884 0.615662 0.269516 -0.740488 0.615662 0.283548 -0.779040 0.559193 0.337200 -0.757363 0.559193 
0.269516 -0.740488 0.615662 0.217205 -0.757484 0.615662 0.228514 -0.796922 0.559193 0.283548 -0.779040 0.559193 
0.217205 -0.757484 0.615662 0.163837 -0.770791 0.615662 0.172367 -0.810921 0.559193 0.228514 -0.796922 0.559193 
0.163837 -0.770791 0.615662 0.109670 -0.780342 0.615662 0.115380 -0.820969 0.559193 0.172367 -0.810921 0.559193 
0.109670 -0.780342 0.615662 0.054969 -0.786091 0.615662 0.057831 -0.827018 0.559193 0.115380 -0.820969 0.559193 
0.054969 -0.786091 0.615662 0.000000 -0.788011 0.615662 0.000000 -0.829038 0.559193 0.057831 -0.827018 0.559193 
0.000000 -0.788011 0.615662 -0.054969 -0.786091 0.615662 -0.057831 -0.827018 0.559193 0.000000 -0.829038 0.559193 
-0.054969 -0.786091 0.615662 -0.109670 -0.780342 0.615662 -0.115380 -0.820969 0.559193 -0.057831 -0.827018 0.559193 
-0.109670 -0.780342 0.615662 -0.163837 -0.770791 0.615662 -0.172367 -0.810921 0.559193 -0.115380 -0.820969 0.559193 
-0.163837 -0.770791 0.615662 -0.217205 -0.757484 0.615662 -0.228514 -0.796922 0.559193 -0.172367 -0.810921 0.559193 
-0.217205 -0.757484 0.615662 -0.269516 -0.740488 0.615662 -0.283548 -0.779040 0.559193 -0.228514 -0.796922 0.559193 
-0.269516 -0.740488 0.615662 -0.320513 -0.719884 0.615662 -0.337200 -0.757363 0.559193 -0.283548 -0.779040 0.559193 
-0.320513 -0.719884 0.615662 -0.369949 -0.695772 0.615662 -0.389210 -0.731997 0.559193 -0.337200 -0.757363 0.559193 
-0.369949 -0.695772 0.615662 -0.417582 -0.668271 0.615662 -0.439323 -0.703064 0.559193 -0.389210 -0.731997 0.559193 
-0.417582 -0.668271 0.615662 -0.463181 -0.637514 0.615662 -0.487296 -0.670705 0.559193 -0.439323 -0.703064 0.559193 
-0.463181 -0.637514 0.615662 -0.506523 -0.603651 0.615662 -0.532895 -0.635080 0.559193 -0.487296 -0.670705 0.559193 
-0.506523 -0.603651 0.615662 -0.547398 -0.566848 0.615662 -0.575898 -0.596360 0.559193 -0.532895 -0.635080 0.559193 
-0.547398 -0.566848 0.615662 -0.585606 -0.527282 0.615662 -0.616095 -0.554734 0.559193 -0.575898 -0.596360 0.559193 
-0.585606 -0.527282 0.615662 -0.620961 -0.485148 0.615662 -0.653290 -0.510406 0.559193 -0.616095 -0.554734 0.559193 
-0.620961 -0.485148 0.615662 -0.653290 -0.440650 0.615662 -0.687303 -0.463592 0.559193 -0.653290 -0.510406 0.559193 
-0.653290 -0.440650 0.615662 -0.682437 -0.394005 0.615662 -0.717968 -0.414519 0.559193 -0.687303 -0.463592 0.559193 
-0.682437 -0.394005 0.615662 -0.708259 -0.345441 0.615662 -0.745134 -0.363426 0.559193 -0.717968 -0.414519 0.559193 
-0.708259 -0.345441 0.615662 -0.730631 -0.295194 0.615662 -0.768670 -0.310563 0.559193 -0.745134 -0.363426 0.559193 
-0.730631 -0.295194 0.615662 -0.749443 -0.243509 0.615662 -0.788462 -0.256187 0.559193 -0.768670 -0.310563 0.559193 
-0.749443 -0.243509 0.615662 -0.764603 -0.190637 0.615662 -0.804412 -0.200562 0.559193 -0.788462 -0.256187 0.559193 
-0.764603 -0.190637 0.615662 -0.776039 -0.136837 0.615662 -0.816443 -0.143961 0.559193 -0.804412 -0.200562 0.559193 
-0.776039 -0.136837 0.615662 -0.783694 -0.082370 0.615662 -0.824496 -0.086658 0.559193 -0.816443 -0.143961 0.559193 
-0.783694 -0.082370 0.615662 -0.787531 -0.027501 0.615662 -0.828533 -0.028933 0.559193 -0.824496 -0.086658 0.559193 
-0.787531 -0.027501 0.615662 -0.787531 0.027501 0.615662 -0.828533 0.028933 0.559193 -0.828533 -0.028933 0.559193 
-0.787531 0.027501 0.615662 -0.783694 0.082370 0.615662 -0.824496 0.086658 0.559193 -0.828533 0.028933 0.559193 
-0.783694 0.082370 0.615662 -0.776039 0.136837 0.615662 -0.816443 0.143961 0.559193 -0.824496 0.086658 0.559193 
-0.776039 0.136837 0.615662 -0.764603 0.190637 0.615662 -0.804412 0.200562 0.559193 -0.816443 0.143961 0.559193 
-0.764603 0.190637 0.615662 -0.749443 0.243509 0.615662 -0.788462 0.256187 0.559193 -0.804412 0.200562 0.559193 
-0.749443 0.243509 0.615662 -0.730631 0.295194 0.615662 -0.768670 0.310563 0.559193 -0.788462 0.256187 0.559193 
-0.730631 0.295194 0.615662 -0.708259 0.345441 0.615662 -0.745134 0.363426 0.559193 -0.768670 0.310563 0.559193 
-0.708259 0.345441 0.615662 -0.682437 0.394005 0.615662 -0.717968 0.414519 0.559193 -0.745134 0.363426 0.559193 
-0.682437 0.394005 0.615662 -0.653291 0.440650 0.615662 -0.687303 0.463592 0.559193 -0.717968 0.414519 0.559193 
-0.653291 0.440650 0.615662 -0.620961 0.485148 0.615662 -0.653291 0.510406 0.559193 -0.687303 0.463592 0.559193 
-0.620961 0.485148 0.615662 -0.585606 0.527282 0.615662 -0.616095 0.554734 0.559193 -0.653291 0.510406 0.559193 
-0.585606 0.527282 0.615662 -0.547398 0.566847 0.615662 -0.575898 0.596360 0.559193 -0.616095 0.554734 0.559193 
-0.547398 0.566847 0.615662 -0.506524 0.603651 0.615662 -0.532895 0.635080 0.559193 -0.575898 0.596360 0.559193 
-0.506524 0.603651 0.615662 -0.463181 0.637514 0.615662 -0.487296 0.670705 0.559193 -0.532895 0.635080 0.559193 
-0.463181 0.637514 0.615662 -0.417582 0.668271 0.615662 -0.439323 0.703064 0.559193 -0.487296 0.670705 0.559193 
-0.417582 0.668271 0.615662 -0.369949 0.695772 0.615662 -0.389210 0.731997 0.559193 -0.439323 0.703064 0.559193 
-0.369949 0.695772 0.615662 -0.320513 0.719884 0.615662 -0.337200 0.757363 0.559193 -0.389210 0.731997 0.559193 
-0.320513 0.719884 0.615662 -0.269516 0.740488 0.615662 -0.283548 0.779040 0.559193 -0.337200 0.757363 0.559193 
-0.269516 0.740488 0.615662 -0.217205 0.757484 0.615662 -0.228514 0.796922 0.559193 -0.283548 0.779040 0.559193 
-0.217205 0.757484 0.615662 -0.163837 0.770791 0.615662 -0.172367 0.810921 0.559193 -0.228514 0.796922 0.559193 
-0.163837 0.770791 0.615662 -0.109670 0.780342 0.615662 -0.115380 0.820969 0.559193 -0.172367 0.810921 0.559193 
-0.109670 0.780342 0.615662 -0.054969 0.786091 0.615662 -0.057831 0.827018 0.559193 -0.115380 0.820969 0.559193 
-0.054969 0.786091 0.615662 -0.000000 0.788011 0.615662 -0.000000 0.829038 0.559193 -0.057831 0.827018 0.559193 
0.000000 0.829038 0.559193 0.057831 0.827018 0.559193 0.060411 0.863916 0.500000 0.000000 0.866025 0.500000 
0.057831 0.827018 0.559193 0.115380 0.820969 0.559193 0.120527 0.857597 0.500000 0.060411 0.863916 0.500000 
0.115380 0.820969 0.559193 0.172367 0.810921 0.559193 0.180057 0.847101 0.500000 0.120527 0.857597 0.500000 
0.172367 0.810921 0.559193 0.228514 0.796922 0.559193 0.238709 0.832477 0.500000 0.180057 0.847101 0.500000 
0.228514 0.796922 0.559193 0.283548 0.779040 0.559193 0.296198 0.813798 0.500000 0.238709 0.832477 0.500000 
0.283548 0.779040 0.559193 0.337200 0.757363 0.559193 0.352244 0.791154 0.500000 0.296198 0.813798 0.500000 
0.337200 0.757363 0.559193 0.389210 0.731997 0.559193 0.406574 0.764655 0.500000 0.352244 0.791154 0.500000 
0.389210 0.731997 0.559193 0.439323 0.703064 0.559193 0.458924 0.734431 0.500000 0.406574 0.764655 0.500000 
0.439323 0.703064 0.559193 0.487296 0.670705 0.559193 0.509037 0.700629 0.500000 0.458924 0.734431 0.500000 
0.487296 0.670705 0.559193 0.532895 0.635080 0.559193 0.556670 0.663414 0.500000 0.509037 0.700629 0.500000 
0.532895 0.635080 0.559193 0.575898 0.596360 0.559193 0.601592 0.622967 0.500000 0.556670 0.663414 0.500000 
0.575898 0.596360 0.559193 0.616095 0.554734 0.559193 0.643582 0.579484 0.500000 0.601592 0.622967 0.500000 
0.616095 0.554734 0.559193 0.653291 0.510406 0.559193 0.682437 0.533178 0.500000 0.643582 0.579484 0.500000 
0.653291 0.510406 0.559193 0.687303 0.463592 0.559193 0.717968 0.484275 0.500000 0.682437 0.533179 0.500000 
0.687303 0.463592 0.559193 0.717968 0.414519 0.559193 0.750000 0.433013 0.500000 0.717968 0.484275 0.500000 
0.717968 0.414519 0.559193 0.745134 0.363426 0.559193 0.778378 0.379641 0.500000 0.750000 0.433013 0.500000 
0.745134 0.363426 0.559193 0.768670 0.310563 0.559193 0.802965 0.324419 0.500000 0.778378 0.379641 0.500000 
0.768670 0.310563 0.559193 0.788462 0.256187 0.559193 0.823639 0.267617 0.500000 0.802965 0.324419 0.500000 
0.788462 0.256187 0.559193 0.804412 0.200562 0.559193 0.840301 0.209511 0.500000 0.823639 0.267617 0.500000 
0.804412 0.200562 0.559193 0.816443 0.143961 0.559193 0.852868 0.150384 0.500000 0.840301 0.209511 0.500000 
0.816443 0.143961 0.559193 0.824496 0.086658 0.559193 0.861281 0.090524 0.500000 0.852868 0.150384 0.500000 
0.824496 0.086658 0.559193 0.828533 0.028933 0.559193 0.865498 0.030224 0.500000 0.861281 0.090524 0.500000 
0.828533 0.028933 0.559193 0.828533 -0.028933 0.559193 0.865498 -0.030224 0.500000 0.865498 0.030224 0.500000 
0.828533 -0.028933 0.559193 0.824496 -0.086658 0.559193 0.861281 -0.090524 0.500000 0.865498 -0.030224 0.500000 
0.824496 -0.086658 0.559193 0.816443 -0.143961 0.559193 0.852868 -0.150384 0.500000 0.861281 -0.090524 0.500000 
0.816443 -0.143961 0.559193 0.804412 -0.200562 0.559193 0.840301 -0.209510 0.500000 0.852868 -0.150384 0.500000 
0.804412 -0.200562 0.559193 0.788462 -0.256187 0.559193 0.823639 -0.267617 0.500000 0.840301 -0.209510 0.500000 
0.788462 -0.256187 0.559193 0.768670 -0.310563 0.559193 0.802965 -0.324419 0.500000 0.823639 -0.267617 0.500000 
0.768670 -0.310563 0.559193 0.745134 -0.363426 0.559193 0.778378 -0.379641 0.500000 0.802965 -0.324419 0.500000 
0.745134 -0.363426 0.559193 0.717968 -0.414519 0.559193 0.750000 -0.433013 0.500000 0.778378 -0.379641 0.500000 
0.717968 -0.414519 0.559193 0.687303 -0.463592 0.559193 0.717968 -0.484275 0.500000 0.750000 -0.433013 0.500000 
0.687303 -0.463592 0.559193 0.653291 -0.510406 0.559193 0.682437 -0.533178 0.500000 0.717968 -0.484275 0.500000 
0.653291 -0.510406 0.559193 0.616095 -0.554734 0.559193 0.643582 -0.579484 0.500000 0.682437 -0.533178 0.500000 
0.616095 -0.554734 0.559193 0.575898 -0.596360 0.559193 0.601592 -0.622967 0.500000 0.643582 -0.579484 0.500000 
0.575898 -0.596360 0.559193 0.532895 -0.635080 0.559193 0.556670 -0.663414 0.500000 0.601592 -0.622967 0.500000 
0.532895 -0.635080 0.559193 0.487296 -0.670705 0.559193 0.509037 -0.700629 0.500000 0.556670 -0.663414 0.500000 
0.487296 -0.670705 0.559193 0.439323 -0.703064 0.559193 0.458924 -0.734431 0.500000 0.509037 -0.700629 0.500000 
0.439323 -0.703064 0.559193 0.389210 -0.731997 0.559193 0.406574 -0.764655 0.500000 0.458924 -0.734431 0.500000 
0.389210 -0.731997 0.559193 0.337200 -0.757363 0.559193 0.352244 -0.791154 0.500000 0.406574 -0.764655 0.500000 
0.337200 -0.757363 0.559193 0.283548 -0.779040 0.559193 0.296198 -0.813798 0.500000 0.352244 -0.791154 0.500000 
0.283548 -0.779040 0.559193 0.228514 -0.796922 0.559193 0.238709 -0.832477 0.500000 0.296198 -0.813798 0.500000 
0.228514 -0.796922 0.559193 0.172367 -0.810921 0.559193 0.180057 -0.847101 0.500000 0.238709 -0.832477 0.500000 
0.172367 -0.810921 0.559193 0.115380 -0.820969 0.559193 0.120527 -0.857597 0.500000 0.180057 -0.847101 0.500000 
0.115380 -0.820969 0.559193 0.057831 -0.827018 0.559193 0.060411 -0.863916 0.500000 0.120527 -0.857597 0.500000 
0.057831 -0.827018 0.559193 0.000000 -0.829038 0.559193 0.000000 -0.866025 0.500000 0.060411 -0.863916 0.500000 
0.000000 -0.829038 0.559193 -0.057831 -0.827018 0.559193 -0.060411 -0.863916 0.500000 0.000000 -0.866025 0.500000 
-0.057831 -0.827018 0.559193 -0.115380 -0.820969 0.559193 -0.120527 -0.857597 0.500000 -0.060411 -0.863916 0.500000 
-0.115380 -0.820969 0.559193 -0.172367 -0.810921 0.559193 -0.180057 -0.847101 0.500000 -0.120527 -0.857597 0.500000 
-0.172367 -0.810921 0.559193 -0.228514 -0.796922 0.559193 -0.238709 -0.832477 0.500000 -0.180057 -0.847101 0.500000 
-0.228514 -0.796922 0.559193 -0.283548 -0.779040 0.559193 -0.296198 -0.813798 0.500000 -0.238709 -0.832477 0.500000 
-0.283548 -0.779040 0.559193 -0.337200 -0.757363 0.559193 -0.352244 -0.791154 0.500000 -0.296198 -0.813798 0.500000 
-0.337200 -0.757363 0.559193 -0.389210 -0.731997 0.559193 -0.406574 -0.764655 0.500000 -0.352244 -0.791154 0.500000 
-0.389210 -0.731997 0.559193 -0.439323 -0.703064 0.559193 -0.458924 -0.734431 0.500000 -0.406574 -0.764655 0.500000 
-0.439323 -0.703064 0.559193 -0.487296 -0.670705 0.559193 -0.509037 -0.700629 0.500000 -0.458924 -0.734431 0.500000 
-0.487296 -0.670705 0.559193 -0.532895 -0.635080 0.559193 -0.556670 -0.663414 0.500000 -0.509037 -0.700629 0.500000 
-0.532895 -0.635080 0.559193 -0.575898 -0.596360 0.559193 -0.601592 -0.622967 0.500000 -0.556670 -0.663414 0.500000 
-0.575898 -0.596360 0.559193 -0.616095 -0.554734 0.559193 -0.643582 -0.579484 0.500000 -0.601592 -0.622967 0.500000 
-0.616095 -0.554734 0.559193 -0.653291 -0.510406 0.559193 -0.682437 -0.533179 0.500000 -0.643582 -0.579484 0.500000 
-0.653291 -0.510406 0.559193 -0.687303 -0.463592 0.559193 -0.717968 -0.484275 0.500000 -0.682437 -0.533179 0.500000 
-0.687303 -0.463592 0.559193 -0.717968 -0.414519 0.559193 -0.750000 -0.433013 0.500000 -0.717968 -0.484275 0.500000 
-0.717968 -0.414519 0.559193 -0.745134 -0.363426 0.559193 -0.778378 -0.379641 0.500000 -0.750000 -0.433013 0.500000 
-0.745134 -0.363426 0.559193 -0.768670 -0.310563 0.559193 -0.802965 -0.324419 0.500000 -0.778378 -0.379641 0.500000 
-0.768670 -0.310563 0.559193 -0.788462 -0.256187 0.559193 -0.823639 -0.267617 0.500000 -0.802965 -0.324419 0.500000 
-0.788462 -0.256187 0.559193 -0.804412 -0.200562 0.559193 -0.840301 -0.209511 0.500000 -0.823639 -0.267617 0.500000 
-0.804412 -0.200562 0.559193 -0.816443 -0.143961 0.559193 -0.852868 -0.150384 0.500000 -0.840301 -0.209511 0.500000 
-0.816443 -0.143961 0.559193 -0.824496 -0.086658 0.559193 -0.861281 -0.090524 0.500000 -0.852868 -0.150384 0.500000 
-0.824496 -0.086658 0.559193 -0.828533 -0.028933 0.559193 -0.865498 -0.030224 0.500000 -0.861281 -0.090524 0.500000 
-0.828533 -0.028933 0.559193 -0.828533 0.028933 0.559193 -0.865498 0.030224 0.500000 -0.865498 -0.030224 0.500000 
-0.828533 0.028933 0.559193 -0.824496 0.086658 0.559193 -0.861281 0.090524 0.500000 -0.865498 0.030224 0.500000 
-0.824496 0.086658 0.559193 -0.816443 0.143961 0.559193 -0.852869 0.150384 0.500000 -0.861281 0.090524 0.500000 
-0.816443 0.143961 0.559193 -0.804412 0.200562 0.559193 -0.840301 0.209510 0.500000 -0.852869 0.150384 0.500000 
-0.804412 0.200562 0.559193 -0.788462 0.256187 0.559193 -0.823639 0.267617 0.500000 -0.840301 0.209510 0.500000 
-0.788462 0.256187 0.559193 -0.768670 0.310563 0.559193 -0.802965 0.324419 0.500000 -0.823639 0.267617 0.500000 
-0.768670 0.310563 0.559193 -0.745134 0.363426 0.559193 -0.778378 0.379641 0.500000 -0.802965 0.324419 0.500000 
-0.745134 0.363426 0.559193 -0.717968 0.414519 0.559193 -0.750000 0.433013 0.500000 -0.778378 0.379641 0.500000 
-0.717968 0.414519 0.559193 -0.687303 0.463592 0.559193 -0.717968 0.484275 0.500000 -0.750000 0.433013 0.500000 
-0.687303 0.463592 0.559193 -0.653291 0.510406 0.559193 -0.682437 0.533178 0.500000 -0.717968 0.484275 0.500000 
-0.653291 0.510406 0.559193 -0.616095 0.554734 0.559193 -0.643582 0.579484 0.500000 -0.682437 0.533178 0.500000 
-0.616095 0.554734 0.559193 -0.575898 0.596360 0.559193 -0.601592 0.622967 0.500000 -0.643582 0.579484 0.500000 
-0.575898 0.596360 0.559193 -0.532895 0.635080 0.559193 -0.556670 0.663414 0.500000 -0.601592 0.622967 0.500000 
-0.532895 0.635080 0.559193 -0.487296 0.670705 0.559193 -0.509037 0.700629 0.500000 -0.556670 0.663414 0.500000 
-0.487296 0.670705 0.559193 -0.439323 0.703064 0.559193 -0.458924 0.734431 0.500000 -0.509037 0.700629 0.500000 
-0.439323 0.703064 0.559193 -0.389210 0.731997 0.559193 -0.406574 0.764655 0.500000 -0.458924 0.734431 0.500000 
-0.389210 0.731997 0.559193 -0.337200 0.757363 0.559193 -0.352244 0.791154 0.500000 -0.406574 0.764655 0.500000 
-0.337200 0.757363 0.559193 -0.283548 0.779040 0.559193 -0.296198 0.813798 0.500000 -0.352244 0.791154 0.500000 
-0.283548 0.779040 0.559193 -0.228514 0.796922 0.559193 -0.238709 0.832477 0.500000 -0.296198 0.813798 0.500000 
-0.228514 0.796922 0.559193 -0.172367 0.810921 0.559193 -0.180057 0.847101 0.500000 -0.238709 0.832477 0.500000 
-0.172367 0.810921 0.559193 -0.115380 0.820969 0.559193 -0.120527 0.857597 0.500000 -0.180057 0.847101 0.500000 
-0.115380 0.820969 0.559193 -0.057831 0.827018 0.559193 -0.060411 0.863916 0.500000 -0.120527 0.857597 0.500000 
-0.057831 0.827018 0.559193 -0.000000 0.829038 0.559193 -0.000000 0.866025 0.500000 -0.060411 0.863916 0.500000 
0.000000 0.866025 0.500000 0.060411 0.863916 0.500000 0.062697 0.896605 0.438371 0.000000 0.898794 0.438371 
0.060411 0.863916 0.500000 0.120527 0.857597 0.500000 0.125088 0.890047 0.438371 0.062697 0.896605 0.438371 
0.120527 0.857597 0.500000 0.180057 0.847101 0.500000 0.186870 0.879153 0.438371 0.125088 0.890047 0.438371 
0.180057 0.847101 0.500000 0.238709 0.832477 0.500000 0.247741 0.863976 0.438371 0.186870 0.879153 0.438371 
0.238709 0.832477 0.500000 0.296198 0.813798 0.500000 0.307406 0.844590 0.438371 0.247741 0.863976 0.438371 
0.296198 0.813798 0.500000 0.352244 0.791154 0.500000 0.365572 0.821089 0.438371 0.307406 0.844590 0.438371 
0.352244 0.791154 0.500000 0.406574 0.764655 0.500000 0.421958 0.793588 0.438371 0.365572 0.821089 0.438371 
0.406574 0.764655 0.500000 0.458924 0.734431 0.500000 0.476288 0.762221 0.438371 0.421958 0.793588 0.438371 
0.458924 0.734431 0.500000 0.509037 0.700629 0.500000 0.528298 0.727140 0.438371 0.476288 0.762221 0.438371 
0.509037 0.700629 0.500000 0.556670 0.663414 0.500000 0.577734 0.688516 0.438371 0.528298 0.727140 0.438371 
0.556670 0.663414 0.500000 0.601592 0.622967 0.500000 0.624355 0.646538 0.438371 0.577734 0.688516 0.438371 
0.601592 0.622967 0.500000 0.643582 0.579484 0.500000 0.667934 0.601411 0.438371 0.624355 0.646538 0.438371 
0.643582 0.579484 0.500000 0.682437 0.533178 0.500000 0.708259 0.553353 0.438371 0.667934 0.601411 0.438371 
0.682437 0.533178 0.500000 0.717968 0.484275 0.500000 0.745134 0.502599 0.438371 0.708259 0.553353 0.438371 
0.717968 0.484275 0.500000 0.750000 0.433013 0.500000 0.778378 0.449397 0.438371 0.745134 0.502599 0.438371 
0.750000 0.433013 0.500000 0.778378 0.379641 0.500000 0.807831 0.394005 0.438371 0.778378 0.449397 0.438371 
0.778378 0.379641 0.500000 0.802965 0.324419 0.500000 0.833347 0.336694 0.438371 0.807831 0.394005 0.438371 
0.802965 0.324419 0.500000 0.823639 0.267617 0.500000 0.854804 0.277743 0.438371 0.833347 0.336694 0.438371 
0.823639 0.267617 0.500000 0.840301 0.209511 0.500000 0.872096 0.217438 0.438371 0.854804 0.277743 0.438371 
0.840301 0.209511 0.500000 0.852868 0.150384 0.500000 0.885139 0.156074 0.438371 0.872096 0.217438 0.438371 
0.852868 0.150384 0.500000 0.861281 0.090524 0.500000 0.893870 0.093950 0.438371 0.885139 0.156074 0.438371 
0.861281 0.090524 0.500000 0.865498 0.030224 0.500000 0.898246 0.031367 0.438371 0.893870 0.093950 0.438371 
0.865498 0.030224 0.500000 0.865498 -0.030224 0.500000 0.898246 -0.031367 0.438371 0.898246 0.031367 0.438371 
0.865498 -0.030224 0.500000 0.861281 -0.090524 0.500000 0.893870 -0.093950 0.438371 0.898246 -0.031367 0.438371 
0.861281 -0.090524 0.500000 0.852868 -0.150384 0.500000 0.885139 -0.156074 0.438371 0.893870 -0.093950 0.438371 
0.852868 -0.150384 0.500000 0.840301 -0.209510 0.500000 0.872096 -0.217438 0.438371 0.885139 -0.156074 0.438371 
0.840301 -0.209510 0.500000 0.823639 -0.267617 0.500000 0.854804 -0.277743 0.438371 0.872096 -0.217438 0.438371 
0.823639 -0.267617 0.500000 0.802965 -0.324419 0.500000 0.833347 -0.336694 0.438371 0.854804 -0.277743 0.438371 
0.802965 -0.324419 0.500000 0.778378 -0.379641 0.500000 0.807831 -0.394005 0.438371 0.833347 -0.336694 0.438371 
0.778378 -0.379641 0.500000 0.750000 -0.433013 0.500000 0.778378 -0.449397 0.438371 0.807831 -0.394005 0.438371 
0.750000 -0.433013 0.500000 0.717968 -0.484275 0.500000 0.745134 -0.502599 0.438371 0.778378 -0.449397 0.438371 
0.717968 -0.484275 0.500000 0.682437 -0.533178 0.500000 0.708259 -0.553353 0.438371 0.745134 -0.502599 0.438371 
0.682437 -0.533178 0.500000 0.643582 -0.579484 0.500000 0.667934 -0.601411 0.438371 0.708259 -0.553353 0.438371 
0.643582 -0.579484 0.500000 0.601592 -0.622967 0.500000 0.624355 -0.646538 0.438371 0.667934 -0.601411 0.438371 
0.601592 -0.622967 0.500000 0.556670 -0.663414 0.500000 0.577734 -0.688516 0.438371 0.624355 -0.646538 0.438371 
0.556670 -0.663414 0.500000 0.509037 -0.700629 0.500000 0.528298 -0.727140 0.438371 0.577734 -0.688516 0.438371 
0.509037 -0.700629 0.500000 0.458924 -0.734431 0.500000 0.476288 -0.762221 0.438371 0.528298 -0.727140 0.438371 
0.458924 -0.734431 0.500000 0.406574 -0.764655 0.500000 0.421958 -0.793588 0.438371 0.476288 -0.762221 0.438371 
0.406574 -0.764655 0.500000 0.352244 -0.791154 0.500000 0.365572 -0.821089 0.438371 0.421958 -0.793588 0.438371 
0.352244 -0.791154 0.500000 0.296198 -0.813798 0.500000 0.307406 -0.844590 0.438371 0.365572 -0.821089 0.438371 
0.296198 -0.813798 0.500000 0.238709 -0.832477 0.500000 0.247741 -0.863976 0.438371 0.307406 -0.844590 0.438371 
0.238709 -0.832477 0.500000 0.180057 -0.847101 0.500000 0.186870 -0.879153 0.438371 0.247741 -0.863976 0.438371 
0.180057 -0.847101 0.500000 0.120527 -0.857597 0.500000 0.125088 -0.890047 0.438371 0.186870 -0.879153 0.438371 
0.120527 -0.857597 0.500000 0.060411 -0.863916 0.500000 0.062697 -0.896605 0.438371 0.125088 -0.890047 0.438371 
0.060411 -0.863916 0.500000 0.000000 -0.866025 0.500000 0.000000 -0.898794 0.438371 0.062697 -0.896605 0.438371 
0.000000 -0.866025 0.500000 -0.060411 -0.863916 0.500000 -0.062697 -0.896605 0.438371 0.000000 -0.898794 0.438371 
-0.060411 -0.863916 0.500000 -0.120527 -0.857597 0.500000 -0.125088 -0.890047 0.438371 -0.062697 -0.896605 0.438371 
-0.120527 -0.857597 0.500000 -0.180057 -0.847101 0.500000 -0.186870 -0.879153 0.438371 -0.125088 -0.890047 0.438371 
-0.180057 -0.847101 0.500000 -0.238709 -0.832477 0.500000 -0.247741 -0.863976 0.438371 -0.186870 -0.879153 0.438371 
-0.238709 -0.832477 0.500000 -0.296198 -0.813798 0.500000 -0.307406 -0.844590 0.438371 -0.247741 -0.863976 0.438371 
-0.296198 -0.813798 0.500000 -0.352244 -0.791154 0.500000 -0.365572 -0.821089 0.438371 -0.307406 -0.844590 0.438371 
-0.352244 -0.791154 0.500000 -0.406574 -0.764655 0.500000 -0.421958 -0.793588 0.438371 -0.365572 -0.821089 0.438371 
-0.406574 -0.764655 0.500000 -0.458924 -0.734431 0.500000 -0.476288 -0.762221 0.438371 -0.421958 -0.793588 0.438371 
-0.458924 -0.734431 0.500000 -0.509037 -0.700629 0.500000 -0.528298 -0.727140 0.438371 -0.476288 -0.762221 0.438371 
-0.509037 -0.700629 0.500000 -0.556670 -0.663414 0.500000 -0.577734 -0.688516 0.438371 -0.528298 -0.727140 0.438371 
-0.556670 -0.663414 0.500000 -0.601592 -0.622967 0.500000 -0.624355 -0.646538 0.438371 -0.577734 -0.688516 0.438371 
-0.601592 -0.622967 0.500000 -0.643582 -0.579484 0.500000 -0.667934 -0.601411 0.438371 -0.624355 -0.646538 0.438371 
-0.643582 -0.579484 0.500000 -0.682437 -0.533179 0.500000 -0.708259 -0.553353 0.438371 -0.667934 -0.601411 0.438371 
-0.682437 -0.533179 0.500000 -0.717968 -0.484275 0.500000 -0.745134 -0.502599 0.438371 -0.708259 -0.553353 0.438371 
-0.717968 -0.484275 0.500000 -0.750000 -0.433013 0.500000 -0.778378 -0.449397 0.438371 -0.745134 -0.502599 0.438371 
-0.750000 -0.433013 0.500000 -0.778378 -0.379641 0.500000 -0.807831 -0.394005 0.438371 -0.778378 -0.449397 0.438371 
-0.778378 -0.379641 0.500000 -0.802965 -0.324419 0.500000 -0.833347 -0.336694 0.438371 -0.807831 -0.394005 0.438371 
-0.802965 -0.324419 0.500000 -0.823639 -0.267617 0.500000 -0.854804 -0.277743 0.438371 -0.833347 -0.336694 0.438371 
-0.823639 -0.267617 0.500000 -0.840301 -0.209511 0.500000 -0.872096 -0.217438 0.438371 -0.854804 -0.277743 0.438371 
-0.840301 -0.209511 0.500000 -0.852868 -0.150384 0.500000 -0.885139 -0.156074 0.438371 -0.872096 -0.217438 0.438371 
-0.852868 -0.150384 0.500000 -0.861281 -0.090524 0.500000 -0.893870 -0.093950 0.438371 -0.885139 -0.156074 0.438371 
-0.861281 -0.090524 0.500000 -0.865498 -0.030224 0.500000 -0.898246 -0.031367 0.438371 -0.893870 -0.093950 0.438371 
-0.865498 -0.030224 0.500000 -0.865498 0.030224 0.500000 -0.898246 0.031367 0.438371 -0.898246 -0.031367 0.438371 
-0.865498 0.030224 0.500000 -0.861281 0.090524 0.500000 -0.893870 0.093950 0.438371 -0.898246 0.031367 0.438371 
-0.861281 0.090524 0.500000 -0.852868 0.150384 0.500000 -0.885139 0.156074 0.438371 -0.893870 0.093950 0.438371 
-0.852868 0.150384 0.500000 -0.840301 0.209510 0.500000 -0.872096 0.217438 0.438371 -0.885139 0.156074 0.438371 
-0.840301 0.209510 0.500000 -0.823639 0.267617 0.500000 -0.854804 0.277743 0.438371 -0.872096 0.217438 0.438371 
-0.823639 0.267617 0.500000 -0.802965 0.324419 0.500000 -0.833347 0.336694 0.438371 -0.854804 0.277743 0.438371 
-0.802965 0.324419 0.500000 -0.778378 0.379641 0.500000 -0.807831 0.394005 0.438371 -0.833347 0.336694 0.438371 
-0.778378 0.379641 0.500000 -0.750000 0.433013 0.500000 -0.778378 0.449397 0.438371 -0.807831 0.394005 0.438371 
-0.750000 0.433013 0.500000 -0.717968 0.484275 0.500000 -0.745134 0.502599 0.438371 -0.778378 0.449397 0.438371 
-0.717968 0.484275 0.500000 -0.682437 0.533178 0.500000 -0.708259 0.553353 0.438371 -0.745134 0.502599 0.438371 
-0.682437 0.533178 0.500000 -0.643582 0.579484 0.500000 -0.667934 0.601411 0.438371 -0.708259 0.553353 0.438371 
-0.643582 0.579484 0.500000 -0.601592 0.622967 0.500000 -0.624355 0.646538 0.438371 -0.667934 0.601411 0.438371 
-0.601592 0.622967 0.500000 -0.556670 0.663414 0.500000 -0.577734 0.688516 0.438371 -0.624355 0.646538 0.438371 
-0.556670 0.663414 0.500000 -0.509037 0.700629 0.500000 -0.528298 0.727140 0.438371 -0.577734 0.688516 0.438371 
-0.509037 0.700629 0.500000 -0.458924 0.734431 0.500000 -0.476288 0.762221 0.438371 -0.528298 0.727140 0.438371 
-0.458924 0.734431 0.500000 -0.406574 0.764655 0.500000 -0.421958 0.793588 0.438371 -0.476288 0.762221 0.438371 
-0.406574 0.764655 0.500000 -0.352244 0.791154 0.500000 -0.365572 0.821089 0.438371 -0.421958 0.793588 0.438371 
-0.352244 0.791154 0.500000 -0.296198 0.813798 0.500000 -0.307406 0.844590 0.438371 -0.365572 0.821089 0.438371 
-0.296198 0.813798 0.500000 -0.238709 0.832477 0.500000 -0.247741 0.863976 0.438371 -0.307406 0.844590 0.438371 
-0.238709 0.832477 0.500000 -0.180057 0.847101 0.500000 -0.186870 0.879153 0.438371 -0.247741 0.863976 0.438371 
-0.180057 0.847101 0.500000 -0.120527 0.857597 0.500000 -0.125088 0.890047 0.438371 -0.186870 0.879153 0.438371 
-0.120527 0.857597 0.500000 -0.060411 0.863916 0.500000 -0.062697 0.896605 0.438371 -0.125088 0.890047 0.438371 
-0.060411 0.863916 0.500000 -0.000000 0.866025 0.500000 -0.000000 0.898794 0.438371 -0.062697 0.896605 0.438371 
0.000000 0.898794 0.438371 0.062697 0.896605 0.438371 0.064677 0.924925 0.374607 0.000000 0.927184 0.374607 
0.062697 0.896605 0.438371 0.125088 0.890047 0.438371 0.129039 0.918160 0.374607 0.064677 0.924925 0.374607 
0.125088 0.890047 0.438371 0.186870 0.879153 0.438371 0.192772 0.906923 0.374607 0.129039 0.918160 0.374607 
0.186870 0.879153 0.438371 0.247741 0.863976 0.438371 0.255567 0.891266 0.374607 0.192772 0.906923 0.374607 
0.247741 0.863976 0.438371 0.307406 0.844590 0.438371 0.317116 0.871268 0.374607 0.255567 0.891266 0.374607 
0.307406 0.844590 0.438371 0.365572 0.821089 0.438371 0.377120 0.847025 0.374607 0.317116 0.871268 0.374607 
0.365572 0.821089 0.438371 0.421958 0.793588 0.438371 0.435286 0.818655 0.374607 0.377120 0.847025 0.374607 
0.421958 0.793588 0.438371 0.476288 0.762221 0.438371 0.491333 0.786296 0.374607 0.435286 0.818655 0.374607 
0.476288 0.762221 0.438371 0.528298 0.727140 0.438371 0.544985 0.750107 0.374607 0.491333 0.786296 0.374607 
0.528298 0.727140 0.438371 0.577734 0.688516 0.438371 0.595982 0.710264 0.374607 0.544985 0.750107 0.374607 
0.577734 0.688516 0.438371 0.624355 0.646538 0.438371 0.644076 0.666960 0.374607 0.595982 0.710264 0.374607 
0.624355 0.646538 0.438371 0.667934 0.601411 0.438371 0.689032 0.620407 0.374607 0.644076 0.666960 0.374607 
0.667934 0.601411 0.438371 0.708259 0.553353 0.438371 0.730631 0.570831 0.374607 0.689032 0.620407 0.374607 
0.708259 0.553353 0.438371 0.745134 0.502599 0.438371 0.768670 0.518475 0.374607 0.730631 0.570831 0.374607 
0.745134 0.502599 0.438371 0.778378 0.449397 0.438371 0.802965 0.463592 0.374607 0.768670 0.518475 0.374607 
0.778378 0.449397 0.438371 0.807831 0.394005 0.438371 0.833347 0.406451 0.374607 0.802965 0.463592 0.374607 
0.807831 0.394005 0.438371 0.833347 0.336694 0.438371 0.859670 0.347329 0.374607 0.833347 0.406451 0.374607 
0.833347 0.336694 0.438371 0.854804 0.277743 0.438371 0.881804 0.286516 0.374607 0.859670 0.347329 0.374607 
0.854804 0.277743 0.438371 0.872096 0.217438 0.438371 0.899642 0.224306 0.374607 0.881804 0.286516 0.374607 
0.872096 0.217438 0.438371 0.885139 0.156074 0.438371 0.913098 0.161004 0.374607 0.899642 0.224306 0.374607 
0.885139 0.156074 0.438371 0.893870 0.093950 0.438371 0.922105 0.096917 0.374607 0.913098 0.161004 0.374607 
0.893870 0.093950 0.438371 0.898246 0.031367 0.438371 0.926619 0.032358 0.374607 0.922105 0.096917 0.374607 
0.898246 0.031367 0.438371 0.898246 -0.031367 0.438371 0.926619 -0.032358 0.374607 0.926619 0.032358 0.374607 
0.898246 -0.031367 0.438371 0.893870 -0.093950 0.438371 0.922105 -0.096917 0.374607 0.926619 -0.032358 0.374607 
0.893870 -0.093950 0.438371 0.885139 -0.156074 0.438371 0.913098 -0.161004 0.374607 0.922105 -0.096917 0.374607 
0.885139 -0.156074 0.438371 0.872096 -0.217438 0.438371 0.899642 -0.224306 0.374607 0.913098 -0.161004 0.374607 
0.872096 -0.217438 0.438371 0.854804 -0.277743 0.438371 0.881804 -0.286516 0.374607 0.899642 -0.224306 0.374607 
0.854804 -0.277743 0.438371 0.833347 -0.336694 0.438371 0.859670 -0.347329 0.374607 0.881804 -0.286516 0.374607 
0.833347 -0.336694 0.438371 0.807831 -0.394005 0.438371 0.833347 -0.406451 0.374607 0.859670 -0.347329 0.374607 
0.807831 -0.394005 0.438371 0.778378 -0.449397 0.438371 0.802965 -0.463592 0.374607 0.833347 -0.406451 0.374607 
0.778378 -0.449397 0.438371 0.745134 -0.502599 0.438371 0.768670 -0.518475 0.374607 0.802965 -0.463592 0.374607 
0.745134 -0.502599 0.438371 0.708259 -0.553353 0.438371 0.730631 -0.570831 0.374607 0.768670 -0.518475 0.374607 
0.708259 -0.553353 0.438371 0.667934 -0.601411 0.438371 0.689032 -0.620407 0.374607 0.730631 -0.570831 0.374607 
0.667934 -0.601411 0.438371 0.624355 -0.646538 0.438371 0.644076 -0.666960 0.374607 0.689032 -0.620407 0.374607 
0.624355 -0.646538 0.438371 0.577734 -0.688516 0.438371 0.595982 -0.710264 0.374607 0.644076 -0.666960 0.374607 
0.577734 -0.688516 0.438371 0.528298 -0.727140 0.438371 0.544985 -0.750107 0.374607 0.595982 -0.710264 0.374607 
0.528298 -0.727140 0.438371 0.476288 -0.762221 0.438371 0.491333 -0.786296 0.374607 0.544985 -0.750107 0.374607 
0.476288 -0.762221 0.438371 0.421958 -0.793588 0.438371 0.435286 -0.818655 0.374607 0.491333 -0.786296 0.374607 
0.421958 -0.793588 0.438371 0.365572 -0.821089 0.438371 0.377120 -0.847025 0.374607 0.435286 -0.818655 0.374607 
0.365572 -0.821089 0.438371 0.307406 -0.844590 0.438371 0.317116 -0.871268 0.374607 0.377120 -0.847025 0.374607 
0.307406 -0.844590 0.438371 0.247741 -0.863976 0.438371 0.255567 -0.891266 0.374607 0.317116 -0.871268 0.374607 
0.247741 -0.863976 0.438371 0.186870 -0.879153 0.438371 0.192772 -0.906923 0.374607 0.255567 -0.891266 0.374607 
0.186870 -0.879153 0.438371 0.125088 -0.890047 0.438371 0.129039 -0.918160 0.374607 0.192772 -0.906923 0.374607 
0.125088 -0.890047 0.438371 0.062697 -0.896605 0.438371 0.064677 -0.924925 0.374607 0.129039 -0.918160 0.374607 
0.062697 -0.896605 0.438371 0.000000 -0.898794 0.438371 0.000000 -0.927184 0.374607 0.064677 -0.924925 0.374607 
0.000000 -0.898794 0.438371 -0.062697 -0.896605 0.438371 -0.064677 -0.924925 0.374607 0.000000 -0.927184 0.374607 
-0.062697 -0.896605 0.438371 -0.125088 -0.890047 0.438371 -0.129039 -0.918160 0.374607 -0.064677 -0.924925 0.374607 
-0.125088 -0.890047 0.438371 -0.186870 -0.879153 0.438371 -0.192772 -0.906923 0.374607 -0.129039 -0.918160 0.374607 
-0.186870 -0.879153 0.438371 -0.247741 -0.863976 0.438371 -0.255566 -0.891266 0.374607 -0.192772 -0.906923 0.374607 
-0.247741 -0.863976 0.438371 -0.307406 -0.844590 0.438371 -0.317116 -0.871268 0.374607 -0.255566 -0.891266 0.374607 
-0.307406 -0.844590 0.438371 -0.365572 -0.821089 0.438371 -0.377120 -0.847025 0.374607 -0.317116 -0.871268 0.374607 
-0.365572 -0.821089 0.438371 -0.421958 -0.793588 0.438371 -0.435286 -0.818655 0.374607 -0.377120 -0.847025 0.374607 
-0.421958 -0.793588 0.438371 -0.476288 -0.762221 0.438371 -0.491333 -0.786296 0.374607 -0.435286 -0.818655 0.374607 
-0.476288 -0.762221 0.438371 -0.528298 -0.727140 0.438371 -0.544985 -0.750107 0.374607 -0.491333 -0.786296 0.374607 
-0.528298 -0.727140 0.438371 -0.577734 -0.688516 0.438371 -0.595982 -0.710264 0.374607 -0.544985 -0.750107 0.374607 
-0.577734 -0.688516 0.438371 -0.624355 -0.646538 0.438371 -0.644076 -0.666960 0.374607 -0.595982 -0.710264 0.374607 
-0.624355 -0.646538 0.438371 -0.667934 -0.601411 0.438371 -0.689032 -0.620407 0.374607 -0.644076 -0.666960 0.374607 
-0.667934 -0.601411 0.438371 -0.708259 -0.553353 0.438371 -0.730631 -0.570831 0.374607 -0.689032 -0.620407 0.374607 
-0.708259 -0.553353 0.438371 -0.745134 -0.502599 0.438371 -0.768670 -0.518475 0.374607 -0.730631 -0.570831 0.374607 
-0.745134 -0.502599 0.438371 -0.778378 -0.449397 0.438371 -0.802965 -0.463592 0.374607 -0.768670 -0.518475 0.374607 
-0.778378 -0.449397 0.438371 -0.807831 -0.394005 0.438371 -0.833347 -0.406451 0.374607 -0.802965 -0.463592 0.374607 
-0.807831 -0.394005 0.438371 -0.833347 -0.336694 0.438371 -0.859670 -0.347329 0.374607 -0.833347 -0.406451 0.374607 
-0.833347 -0.336694 0.438371 -0.854804 -0.277743 0.438371 -0.881804 -0.286516 0.374607 -0.859670 -0.347329 0.374607 
-0.854804 -0.277743 0.438371 -0.872096 -0.217438 0.438371 -0.899642 -0.224306 0.374607 -0.881804 -0.286516 0.374607 
-0.872096 -0.217438 0.438371 -0.885139 -0.156074 0.438371 -0.913098 -0.161004 0.374607 -0.899642 -0.224306 0.374607 
-0.885139 -0.156074 0.438371 -0.893870 -0.093950 0.438371 -0.922105 -0.096917 0.374607 -0.913098 -0.161004 0.374607 
-0.893870 -0.093950 0.438371 -0.898246 -0.031367 0.438371 -0.926619 -0.032358 0.374607 -0.922105 -0.096917 0.374607 
-0.898246 -0.031367 0.438371 -0.898246 0.031367 0.438371 -0.926619 0.032358 0.374607 -0.926619 -0.032358 0.374607 
-0.898246 0.031367 0.438371 -0.893870 0.093950 0.438371 -0.922105 0.096917 0.374607 -0.926619 0.032358 0.374607 
-0.893870 0.093950 0.438371 -0.885139 0.156074 0.438371 -0.913098 0.161004 0.374607 -0.922105 0.096917 0.374607 
-0.885139 0.156074 0.438371 -0.872096 0.217438 0.438371 -0.899642 0.224306 0.374607 -0.913098 0.161004 0.374607 
-0.872096 0.217438 0.438371 -0.854804 0.277743 0.438371 -0.881804 0.286516 0.374607 -0.899642 0.224306 0.374607 
-0.854804 0.277743 0.438371 -0.833347 0.336694 0.438371 -0.859670 0.347329 0.374607 -0.881804 0.286516 0.374607 
-0.833347 0.336694 0.438371 -0.807831 0.394005 0.438371 -0.833347 0.406451 0.374607 -0.859670 0.347329 0.374607 
-0.807831 0.394005 0.438371 -0.778378 0.449397 0.438371 -0.802965 0.463592 0.374607 -0.833347 0.406451 0.374607 
-0.778378 0.449397 0.438371 -0.745134 0.502599 0.438371 -0.768670 0.518475 0.374607 -0.802965 0.463592 0.374607 
-0.745134 0.502599 0.438371 -0.708259 0.553353 0.438371 -0.730631 0.570831 0.374607 -0.768670 0.518475 0.374607 
-0.708259 0.553353 0.438371 -0.667934 0.601411 0.438371 -0.689032 0.620407 0.374607 -0.730631 0.570831 0.374607 
-0.667934 0.601411 0.438371 -0.624355 0.646538 0.438371 -0.644076 0.666960 0.374607 -0.689032 0.620407 0.374607 
-0.624355 0.646538 0.438371 -0.577734 0.688516 0.438371 -0.595982 0.710264 0.374607 -0.644076 0.666960 0.374607 
-0.577734 0.688516 0.438371 -0.528298 0.727140 0.438371 -0.544985 0.750107 0.374607 -0.595982 0.710264 0.374607 
-0.528298 0.727140 0.438371 -0.476288 0.762221 0.438371 -0.491333 0.786296 0.374607 -0.544985 0.750107 0.374607 
-0.476288 0.762221 0.438371 -0.421958 0.793588 0.438371 -0.435286 0.818655 0.374607 -0.491333 0.786296 0.374607 
-0.421958 0.793588 0.438371 -0.365572 0.821089 0.438371 -0.377120 0.847025 0.374607 -0.435286 0.818655 0.374607 
-0.365572 0.821089 0.438371 -0.307406 0.844590 0.438371 -0.317116 0.871268 0.374607 -0.377120 0.847025 0.374607 
-0.307406 0.844590 0.438371 -0.247741 0.863976 0.438371 -0.255567 0.891266 0.374607 -0.317116 0.871268 0.374607 
-0.247741 0.863976 0.438371 -0.186870 0.879153 0.438371 -0.192772 0.906923 0.374607 -0.255567 0.891266 0.374607 
-0.186870 0.879153 0.438371 -0.125088 0.890047 0.438371 -0.129039 0.918160 0.374607 -0.192772 0.906923 0.374607 
-0.125088 0.890047 0.438371 -0.062697 0.896605 0.438371 -0.064677 0.924925 0.374607 -0.129039 0.918160 0.374607 
-0.062697 0.896605 0.438371 -0.000000 0.898794 0.438371 -0.000000 0.927184 0.374607 -0.064677 0.924925 0.374607 
0.000000 0.927184 0.374607 0.064677 0.924925 0.374607 0.066342 0.948740 0.309017 0.000000 0.951056 0.309017 
0.064677 0.924925 0.374607 0.129039 0.918160 0.374607 0.132361 0.941801 0.309017 0.066342 0.948740 0.309017 
0.129039 0.918160 0.374607 0.192772 0.906923 0.374607 0.197736 0.930274 0.309017 0.132361 0.941801 0.309017 
0.192772 0.906923 0.374607 0.255566 0.891266 0.374607 0.262147 0.914214 0.309017 0.197736 0.930274 0.309017 
0.255566 0.891266 0.374607 0.317116 0.871268 0.374607 0.325280 0.893701 0.309017 0.262147 0.914214 0.309017 
0.317116 0.871268 0.374607 0.377120 0.847025 0.374607 0.386830 0.868833 0.309017 0.325280 0.893701 0.309017 
0.377120 0.847025 0.374607 0.435286 0.818655 0.374607 0.446494 0.839733 0.309017 0.386830 0.868833 0.309017 
0.435286 0.818655 0.374607 0.491333 0.786296 0.374607 0.503983 0.806542 0.309017 0.446494 0.839733 0.309017 
0.491333 0.786296 0.374607 0.544985 0.750107 0.374607 0.559017 0.769421 0.309017 0.503983 0.806542 0.309017 
0.544985 0.750107 0.374607 0.595982 0.710264 0.374607 0.611327 0.728552 0.309017 0.559017 0.769421 0.309017 
0.595982 0.710264 0.374607 0.644076 0.666960 0.374607 0.660659 0.684133 0.309017 0.611327 0.728552 0.309017 
0.644076 0.666960 0.374607 0.689032 0.620407 0.374607 0.706773 0.636381 0.309017 0.660659 0.684133 0.309017 
0.689032 0.620407 0.374607 0.730631 0.570831 0.374607 0.749443 0.585529 0.309017 0.706773 0.636381 0.309017 
0.730631 0.570831 0.374607 0.768670 0.518475 0.374607 0.788462 0.531824 0.309017 0.749443 0.585529 0.309017 
0.768670 0.518475 0.374607 0.802965 0.463592 0.374607 0.823639 0.475528 0.309017 0.788462 0.531824 0.309017 
0.802965 0.463592 0.374607 0.833347 0.406451 0.374607 0.854804 0.416916 0.309017 0.823639 0.475528 0.309017 
0.833347 0.406451 0.374607 0.859670 0.347329 0.374607 0.881804 0.356272 0.309017 0.854804 0.416916 0.309017 
0.859670 0.347329 0.374607 0.881804 0.286516 0.374607 0.904508 0.293893 0.309017 0.881804 0.356272 0.309017 
0.881804 0.286516 0.374607 0.899642 0.224306 0.374607 0.922806 0.230081 0.309017 0.904508 0.293893 0.309017 
0.899642 0.224306 0.374607 0.913098 0.161004 0.374607 0.936608 0.165149 0.309017 0.922806 0.230081 0.309017 
0.913098 0.161004 0.374607 0.922105 0.096917 0.374607 0.945846 0.099412 0.309017 0.936608 0.165149 0.309017 
0.922105 0.096917 0.374607 0.926619 0.032358 0.374607 0.950477 0.033191 0.309017 0.945846 0.099412 0.309017 
0.926619 0.032358 0.374607 0.926619 -0.032358 0.374607 0.950477 -0.033191 0.309017 0.950477 0.033191 0.309017 
0.926619 -0.032358 0.374607 0.922105 -0.096917 0.374607 0.945846 -0.099412 0.309017 0.950477 -0.033191 0.309017 
0.922105 -0.096917 0.374607 0.913098 -0.161004 0.374607 0.936608 -0.165149 0.309017 0.945846 -0.099412 0.309017 
0.913098 -0.161004 0.374607 0.899642 -0.224306 0.374607 0.922806 -0.230081 0.309017 0.936608 -0.165149 0.309017 
0.899642 -0.224306 0.374607 0.881804 -0.286516 0.374607 0.904508 -0.293893 0.309017 0.922806 -0.230081 0.309017 
0.881804 -0.286516 0.374607 0.859670 -0.347329 0.374607 0.881804 -0.356272 0.309017 0.904508 -0.293893 0.309017 
0.859670 -0.347329 0.374607 0.833347 -0.406451 0.374607 0.854804 -0.416916 0.309017 0.881804 -0.356272 0.309017 
0.833347 -0.406451 0.374607 0.802965 -0.463592 0.374607 0.823639 -0.475528 0.309017 0.854804 -0.416916 0.309017 
0.802965 -0.463592 0.374607 0.768670 -0.518475 0.374607 0.788462 -0.531824 0.309017 0.823639 -0.475528 0.309017 
0.768670 -0.518475 0.374607 0.730631 -0.570831 0.374607 0.749443 -0.585529 0.309017 0.788462 -0.531824 0.309017 
0.730631 -0.570831 0.374607 0.689032 -0.620407 0.374607 0.706773 -0.636381 0.309017 0.749443 -0.585529 0.309017 
0.689032 -0.620407 0.374607 0.644076 -0.666960 0.374607 0.660659 -0.684133 0.309017 0.706773 -0.636381 0.309017 
0.644076 -0.666960 0.374607 0.595982 -0.710264 0.374607 0.611327 -0.728552 0.309017 0.660659 -0.684133 0.309017 
0.595982 -0.710264 0.374607 0.544985 -0.750107 0.374607 0.559017 -0.769421 0.309017 0.611327 -0.728552 0.309017 
0.544985 -0.750107 0.374607 0.491333 -0.786296 0.374607 0.503983 -0.806542 0.309017 0.559017 -0.769421 0.309017 
0.491333 -0.786296 0.374607 0.435286 -0.818655 0.374607 0.446494 -0.839733 0.309017 0.503983 -0.806542 0.309017 
0.435286 -0.818655 0.374607 0.377120 -0.847025 0.374607 0.386830 -0.868833 0.309017 0.446494 -0.839733 0.309017 
0.377120 -0.847025 0.374607 0.317116 -0.871268 0.374607 0.325280 -0.893701 0.309017 0.386830 -0.868833 0.309017 
0.317116 -0.871268 0.374607 0.255567 -0.891266 0.374607 0.262147 -0.914214 0.309017 0.325280 -0.893701 0.309017 
0.255567 -0.891266 0.374607 0.192772 -0.906923 0.374607 0.197736 -0.930274 0.309017 0.262147 -0.914214 0.309017 
0.192772 -0.906923 0.374607 0.129039 -0.918160 0.374607 0.132362 -0.941801 0.309017 0.197736 -0.930274 0.309017 
0.129039 -0.918160 0.374607 0.064677 -0.924925 0.374607 0.066342 -0.948740 0.309017 0.132362 -0.941801 0.309017 
0.064677 -0.924925 0.374607 0.000000 -0.927184 0.374607 0.000000 -0.951056 0.309017 0.066342 -0.948740 0.309017 
0.000000 -0.927184 0.374607 -0.064677 -0.924925 0.374607 -0.066342 -0.948740 0.309017 0.000000 -0.951056 0.309017 
-0.064677 -0.924925 0.374607 -0.129039 -0.918160 0.374607 -0.132361 -0.941801 0.309017 -0.066342 -0.948740 0.309017 
-0.129039 -0.918160 0.374607 -0.192772 -0.906923 0.374607 -0.197736 -0.930274 0.309017 -0.132361 -0.941801 0.309017 
-0.192772 -0.906923 0.374607 -0.255566 -0.891266 0.374607 -0.262147 -0.914214 0.309017 -0.197736 -0.930274 0.309017 
-0.255566 -0.891266 0.374607 -0.317116 -0.871268 0.374607 -0.325280 -0.893701 0.309017 -0.262147 -0.914214 0.309017 
-0.317116 -0.871268 0.374607 -0.377120 -0.847025 0.374607 -0.386829 -0.868833 0.309017 -0.325280 -0.893701 0.309017 
-0.377120 -0.847025 0.374607 -0.435286 -0.818655 0.374607 -0.446494 -0.839733 0.309017 -0.386829 -0.868833 0.309017 
-0.435286 -0.818655 0.374607 -0.491333 -0.786296 0.374607 -0.503983 -0.806542 0.309017 -0.446494 -0.839733 0.309017 
-0.491333 -0.786296 0.374607 -0.544985 -0.750107 0.374607 -0.559017 -0.769421 0.309017 -0.503983 -0.806542 0.309017 
-0.544985 -0.750107 0.374607 -0.595982 -0.710264 0.374607 -0.611327 -0.728552 0.309017 -0.559017 -0.769421 0.309017 
-0.595982 -0.710264 0.374607 -0.644076 -0.666960 0.374607 -0.660659 -0.684133 0.309017 -0.611327 -0.728552 0.309017 
-0.644076 -0.666960 0.374607 -0.689032 -0.620407 0.374607 -0.706773 -0.636381 0.309017 -0.660659 -0.684133 0.309017 
-0.689032 -0.620407 0.374607 -0.730631 -0.570831 0.374607 -0.749443 -0.585529 0.309017 -0.706773 -0.636381 0.309017 
-0.730631 -0.570831 0.374607 -0.768670 -0.518475 0.374607 -0.788462 -0.531824 0.309017 -0.749443 -0.585529 0.309017 
-0.768670 -0.518475 0.374607 -0.802965 -0.463592 0.374607 -0.823639 -0.475528 0.309017 -0.788462 -0.531824 0.309017 
-0.802965 -0.463592 0.374607 -0.833347 -0.406451 0.374607 -0.854804 -0.416916 0.309017 -0.823639 -0.475528 0.309017 
-0.833347 -0.406451 0.374607 -0.859670 -0.347329 0.374607 -0.881804 -0.356272 0.309017 -0.854804 -0.416916 0.309017 
-0.859670 -0.347329 0.374607 -0.881804 -0.286516 0.374607 -0.904508 -0.293893 0.309017 -0.881804 -0.356272 0.309017 
-0.881804 -0.286516 0.374607 -0.899642 -0.224306 0.374607 -0.922806 -0.230081 0.309017 -0.904508 -0.293893 0.309017 
-0.899642 -0.224306 0.374607 -0.913098 -0.161004 0.374607 -0.936608 -0.165149 0.309017 -0.922806 -0.230081 0.309017 
-0.913098 -0.161004 0.374607 -0.922105 -0.096917 0.374607 -0.945846 -0.099413 0.309017 -0.936608 -0.165149 0.309017 
-0.922105 -0.096917 0.374607 -0.926619 -0.032358 0.374607 -0.950477 -0.033191 0.309017 -0.945846 -0.099413 0.309017 
-0.926619 -0.032358 0.374607 -0.926619 0.032358 0.374607 -0.950477 0.033191 0.309017 -0.950477 -0.033191 0.309017 
-0.926619 0.032358 0.374607 -0.922105 0.096917 0.374607 -0.945846 0.099412 0.309017 -0.950477 0.033191 0.309017 
-0.922105 0.096917 0.374607 -0.913098 0.161004 0.374607 -0.936608 0.165149 0.309017 -0.945846 0.099412 0.309017 
-0.913098 0.161004 0.374607 -0.899642 0.224306 0.374607 -0.922806 0.230081 0.309017 -0.936608 0.165149 0.309017 
-0.899642 0.224306 0.374607 -0.881804 0.286516 0.374607 -0.904508 0.293893 0.309017 -0.922806 0.230081 0.309017 
-0.881804 0.286516 0.374607 -0.859670 0.347329 0.374607 -0.881804 0.356272 0.309017 -0.904508 0.293893 0.309017 
-0.859670 0.347329 0.374607 -0.833347 0.406451 0.374607 -0.854804 0.416916 0.309017 -0.881804 0.356272 0.309017 
-0.833347 0.406451 0.374607 -0.802965 0.463592 0.374607 -0.823639 0.475528 0.309017 -0.854804 0.416916 0.309017 
-0.802965 0.463592 0.374607 -0.768670 0.518475 0.374607 -0.788462 0.531824 0.309017 -0.823639 0.475528 0.309017 
-0.768670 0.518475 0.374607 -0.730631 0.570831 0.374607 -0.749443 0.585529 0.309017 -0.788462 0.531824 0.309017 
-0.730631 0.570831 0.374607 -0.689032 0.620407 0.374607 -0.706773 0.636381 0.309017 -0.749443 0.585529 0.309017 
-0.689032 0.620407 0.374607 -0.644076 0.666960 0.374607 -0.660659 0.684133 0.309017 -0.706773 0.636381 0.309017 
-0.644076 0.666960 0.374607 -0.595982 0.710264 0.374607 -0.611327 0.728552 0.309017 -0.660659 0.684133 0.309017 
-0.595982 0.710264 0.374607 -0.544985 0.750107 0.374607 -0.559017 0.769421 0.309017 -0.611327 0.728552 0.309017 
-0.544985 0.750107 0.374607 -0.491333 0.786296 0.374607 -0.503983 0.806542 0.309017 -0.559017 0.769421 0.309017 
-0.491333 0.786296 0.374607 -0.435286 0.818655 0.374607 -0.446494 0.839733 0.309017 -0.503983 0.806542 0.309017 
-0.435286 0.818655 0.374607 -0.377120 0.847025 0.374607 -0.386830 0.868833 0.309017 -0.446494 0.839733 0.309017 
-0.377120 0.847025 0.374607 -0.317116 0.871268 0.374607 -0.325281 0.893701 0.309017 -0.386830 0.868833 0.309017 
-0.317116 0.871268 0.374607 -0.255567 0.891266 0.374607 -0.262147 0.914214 0.309017 -0.325281 0.893701 0.309017 
-0.255567 0.891266 0.374607 -0.192772 0.906923 0.374607 -0.197736 0.930274 0.309017 -0.262147 0.914214 0.309017 
-0.192772 0.906923 0.374607 -0.129039 0.918160 0.374607 -0.132362 0.941801 0.309017 -0.197736 0.930274 0.309017 
-0.129039 0.918160 0.374607 -0.064677 0.924925 0.374607 -0.066342 0.948740 0.309017 -0.132362 0.941801 0.309017 
-0.064677 0.924925 0.374607 -0.000000 0.927184 0.374607 -0.000000 0.951056 0.309017 -0.066342 0.948740 0.309017 
0.000000 0.951056 0.309017 0.066342 0.948740 0.309017 0.067684 0.967932 0.241922 0.000000 0.970296 0.241922 
0.066342 0.948740 0.309017 0.132361 0.941801 0.309017 0.135039 0.960853 0.241922 0.067684 0.967932 0.241922 
0.132361 0.941801 0.309017 0.197736 0.930274 0.309017 0.201736 0.949092 0.241922 0.135039 0.960853 0.241922 
0.197736 0.930274 0.309017 0.262147 0.914214 0.309017 0.267450 0.932708 0.241922 0.201736 0.949092 0.241922 
0.262147 0.914214 0.309017 0.325280 0.893701 0.309017 0.331861 0.911780 0.241922 0.267450 0.932708 0.241922 
0.325280 0.893701 0.309017 0.386830 0.868833 0.309017 0.394655 0.886409 0.241922 0.331861 0.911780 0.241922 
0.386830 0.868833 0.309017 0.446494 0.839733 0.309017 0.455526 0.856720 0.241922 0.394655 0.886409 0.241922 
0.446494 0.839733 0.309017 0.503983 0.806542 0.309017 0.514178 0.822857 0.241922 0.455526 0.856720 0.241922 
0.503983 0.806542 0.309017 0.559017 0.769421 0.309017 0.570325 0.784986 0.241922 0.514178 0.822857 0.241922 
0.559017 0.769421 0.309017 0.611327 0.728552 0.309017 0.623694 0.743290 0.241922 0.570325 0.784986 0.241922 
0.611327 0.728552 0.309017 0.660659 0.684133 0.309017 0.674024 0.697972 0.241922 0.623694 0.743290 0.241922 
0.660659 0.684133 0.309017 0.706773 0.636381 0.309017 0.721070 0.649255 0.241922 0.674024 0.697972 0.241922 
0.706773 0.636381 0.309017 0.749443 0.585529 0.309017 0.764603 0.597374 0.241922 0.721070 0.649255 0.241922 
0.749443 0.585529 0.309017 0.788462 0.531824 0.309017 0.804412 0.542583 0.241922 0.764603 0.597374 0.241922 
0.788462 0.531824 0.309017 0.823639 0.475528 0.309017 0.840301 0.485148 0.241922 0.804412 0.542582 0.241922 
0.823639 0.475528 0.309017 0.854804 0.416916 0.309017 0.872096 0.425350 0.241922 0.840301 0.485148 0.241922 
0.854804 0.416916 0.309017 0.881804 0.356272 0.309017 0.899643 0.363479 0.241922 0.872096 0.425350 0.241922 
0.881804 0.356272 0.309017 0.904508 0.293893 0.309017 0.922806 0.299838 0.241922 0.899643 0.363479 0.241922 
0.904508 0.293893 0.309017 0.922806 0.230081 0.309017 0.941474 0.234736 0.241922 0.922806 0.299838 0.241922 
0.922806 0.230081 0.309017 0.936608 0.165149 0.309017 0.955555 0.168490 0.241922 0.941474 0.234736 0.241922 
0.936608 0.165149 0.309017 0.945846 0.099412 0.309017 0.964980 0.101424 0.241922 0.955555 0.168490 0.241922 
0.945846 0.099412 0.309017 0.950477 0.033191 0.309017 0.969705 0.033863 0.241922 0.964980 0.101424 0.241922 
0.950477 0.033191 0.309017 0.950477 -0.033191 0.309017 0.969705 -0.033863 0.241922 0.969705 0.033863 0.241922 
0.950477 -0.033191 0.309017 0.945846 -0.099412 0.309017 0.964980 -0.101424 0.241922 0.969705 -0.033863 0.241922 
0.945846 -0.099412 0.309017 0.936608 -0.165149 0.309017 0.955555 -0.168490 0.241922 0.964980 -0.101424 0.241922 
0.936608 -0.165149 0.309017 0.922806 -0.230081 0.309017 0.941474 -0.234736 0.241922 0.955555 -0.168490 0.241922 
0.922806 -0.230081 0.309017 0.904508 -0.293893 0.309017 0.922806 -0.299838 0.241922 0.941474 -0.234736 0.241922 
0.904508 -0.293893 0.309017 0.881804 -0.356272 0.309017 0.899643 -0.363479 0.241922 0.922806 -0.299838 0.241922 
0.881804 -0.356272 0.309017 0.854804 -0.416916 0.309017 0.872096 -0.425350 0.241922 0.899643 -0.363479 0.241922 
0.854804 -0.416916 0.309017 0.823639 -0.475528 0.309017 0.840301 -0.485148 0.241922 0.872096 -0.425350 0.241922 
0.823639 -0.475528 0.309017 0.788462 -0.531824 0.309017 0.804412 -0.542582 0.241922 0.840301 -0.485148 0.241922 
0.788462 -0.531824 0.309017 0.749443 -0.585529 0.309017 0.764603 -0.597374 0.241922 0.804412 -0.542582 0.241922 
0.749443 -0.585529 0.309017 0.706773 -0.636381 0.309017 0.721070 -0.649255 0.241922 0.764603 -0.597374 0.241922 
0.706773 -0.636381 0.309017 0.660659 -0.684133 0.309017 0.674024 -0.697972 0.241922 0.721070 -0.649255 0.241922 
0.660659 -0.684133 0.309017 0.611327 -0.728552 0.309017 0.623694 -0.743290 0.241922 0.674024 -0.697972 0.241922 
0.611327 -0.728552 0.309017 0.559017 -0.769421 0.309017 0.570325 -0.784986 0.241922 0.623694 -0.743290 0.241922 
0.559017 -0.769421 0.309017 0.503983 -0.806542 0.309017 0.514178 -0.822857 0.241922 0.570325 -0.784986 0.241922 
0.503983 -0.806542 0.309017 0.446494 -0.839733 0.309017 0.455526 -0.856720 0.241922 0.514178 -0.822857 0.241922 
0.446494 -0.839733 0.309017 0.386830 -0.868833 0.309017 0.394655 -0.886409 0.241922 0.455526 -0.856720 0.241922 
0.386830 -0.868833 0.309017 0.325280 -0.893701 0.309017 0.331861 -0.911780 0.241922 0.394655 -0.886409 0.241922 
0.325280 -0.893701 0.309017 0.262147 -0.914214 0.309017 0.267450 -0.932708 0.241922 0.331861 -0.911780 0.241922 
0.262147 -0.914214 0.309017 0.197736 -0.930274 0.309017 0.201736 -0.949092 0.241922 0.267450 -0.932708 0.241922 
0.197736 -0.930274 0.309017 0.132362 -0.941801 0.309017 0.135039 -0.960853 0.241922 0.201736 -0.949092 0.241922 
0.132362 -0.941801 0.309017 0.066342 -0.948740 0.309017 0.067684 -0.967932 0.241922 0.135039 -0.960853 0.241922 
0.066342 -0.948740 0.309017 0.000000 -0.951056 0.309017 0.000000 -0.970296 0.241922 0.067684 -0.967932 0.241922 
0.000000 -0.951056 0.309017 -0.066342 -0.948740 0.309017 -0.067684 -0.967932 0.241922 0.000000 -0.970296 0.241922 
-0.066342 -0.948740 0.309017 -0.132361 -0.941801 0.309017 -0.135039 -0.960853 0.241922 -0.067684 -0.967932 0.241922 
-0.132361 -0.941801 0.309017 -0.197736 -0.930274 0.309017 -0.201736 -0.949092 0.241922 -0.135039 -0.960853 0.241922 
-0.197736 -0.930274 0.309017 -0.262147 -0.914214 0.309017 -0.267450 -0.932708 0.241922 -0.201736 -0.949092 0.241922 
-0.262147 -0.914214 0.309017 -0.325280 -0.893701 0.309017 -0.331861 -0.911780 0.241922 -0.267450 -0.932708 0.241922 
-0.325280 -0.893701 0.309017 -0.386829 -0.868833 0.309017 -0.394655 -0.886409 0.241922 -0.331861 -0.911780 0.241922 
-0.386829 -0.868833 0.309017 -0.446494 -0.839733 0.309017 -0.455526 -0.856720 0.241922 -0.394655 -0.886409 0.241922 
-0.446494 -0.839733 0.309017 -0.503983 -0.806542 0.309017 -0.514178 -0.822857 0.241922 -0.455526 -0.856720 0.241922 
-0.503983 -0.806542 0.309017 -0.559017 -0.769421 0.309017 -0.570325 -0.784986 0.241922 -0.514178 -0.822857 0.241922 
-0.559017 -0.769421 0.309017 -0.611327 -0.728552 0.309017 -0.623694 -0.743290 0.241922 -0.570325 -0.784986 0.241922 
-0.611327 -0.728552 0.309017 -0.660659 -0.684133 0.309017 -0.674024 -0.697972 0.241922 -0.623694 -0.743290 0.241922 
-0.660659 -0.684133 0.309017 -0.706773 -0.636381 0.309017 -0.721070 -0.649255 0.241922 -0.674024 -0.697972 0.241922 
-0.706773 -0.636381 0.309017 -0.749443 -0.585529 0.309017 -0.764603 -0.597374 0.241922 -0.721070 -0.649255 0.241922 
-0.749443 -0.585529 0.309017 -0.788462 -0.531824 0.309017 -0.804412 -0.542583 0.241922 -0.764603 -0.597374 0.241922 
-0.788462 -0.531824 0.309017 -0.823639 -0.475528 0.309017 -0.840301 -0.485148 0.241922 -0.804412 -0.542583 0.241922 
-0.823639 -0.475528 0.309017 -0.854804 -0.416916 0.309017 -0.872096 -0.425350 0.241922 -0.840301 -0.485148 0.241922 
-0.854804 -0.416916 0.309017 -0.881804 -0.356272 0.309017 -0.899643 -0.363479 0.241922 -0.872096 -0.425350 0.241922 
-0.881804 -0.356272 0.309017 -0.904508 -0.293893 0.309017 -0.922806 -0.299838 0.241922 -0.899643 -0.363479 0.241922 
-0.904508 -0.293893 0.309017 -0.922806 -0.230081 0.309017 -0.941474 -0.234736 0.241922 -0.922806 -0.299838 0.241922 
-0.922806 -0.230081 0.309017 -0.936608 -0.165149 0.309017 -0.955555 -0.168490 0.241922 -0.941474 -0.234736 0.241922 
-0.936608 -0.165149 0.309017 -0.945846 -0.099413 0.309017 -0.964980 -0.101424 0.241922 -0.955555 -0.168490 0.241922 
-0.945846 -0.099413 0.309017 -0.950477 -0.033191 0.309017 -0.969705 -0.033863 0.241922 -0.964980 -0.101424 0.241922 
-0.950477 -0.033191 0.309017 -0.950477 0.033191 0.309017 -0.969705 0.033863 0.241922 -0.969705 -0.033863 0.241922 
-0.950477 0.033191 0.309017 -0.945846 0.099412 0.309017 -0.964980 0.101423 0.241922 -0.969705 0.033863 0.241922 
-0.945846 0.099412 0.309017 -0.936608 0.165149 0.309017 -0.955555 0.168490 0.241922 -0.964980 0.101423 0.241922 
-0.936608 0.165149 0.309017 -0.922806 0.230081 0.309017 -0.941474 0.234736 0.241922 -0.955555 0.168490 0.241922 
-0.922806 0.230081 0.309017 -0.904508 0.293893 0.309017 -0.922806 0.299838 0.241922 -0.941474 0.234736 0.241922 
-0.904508 0.293893 0.309017 -0.881804 0.356272 0.309017 -0.899643 0.363479 0.241922 -0.922806 0.299838 0.241922 
-0.881804 0.356272 0.309017 -0.854804 0.416916 0.309017 -0.872096 0.425350 0.241922 -0.899643 0.363479 0.241922 
-0.854804 0.416916 0.309017 -0.823639 0.475528 0.309017 -0.840301 0.485148 0.241922 -0.872096 0.425350 0.241922 
-0.823639 0.475528 0.309017 -0.788462 0.531824 0.309017 -0.804412 0.542582 0.241922 -0.840301 0.485148 0.241922 
-0.788462 0.531824 0.309017 -0.749443 0.585529 0.309017 -0.764603 0.597374 0.241922 -0.804412 0.542582 0.241922 
-0.749443 0.585529 0.309017 -0.706773 0.636381 0.309017 -0.721070 0.649255 0.241922 -0.764603 0.597374 0.241922 
-0.706773 0.636381 0.309017 -0.660659 0.684133 0.309017 -0.674024 0.697972 0.241922 -0.721070 0.649255 0.241922 
-0.660659 0.684133 0.309017 -0.611327 0.728552 0.309017 -0.623694 0.743290 0.241922 -0.674024 0.697972 0.241922 
-0.611327 0.728552 0.309017 -0.559017 0.769421 0.309017 -0.570326 0.784986 0.241922 -0.623694 0.743290 0.241922 
-0.559017 0.769421 0.309017 -0.503983 0.806542 0.309017 -0.514178 0.822857 0.241922 -0.570326 0.784986 0.241922 
-0.503983 0.806542 0.309017 -0.446494 0.839733 0.309017 -0.455526 0.856720 0.241922 -0.514178 0.822857 0.241922 
-0.446494 0.839733 0.309017 -0.386830 0.868833 0.309017 -0.394655 0.886409 0.241922 -0.455526 0.856720 0.241922 
-0.386830 0.868833 0.309017 -0.325281 0.893701 0.309017 -0.331861 0.911780 0.241922 -0.394655 0.886409 0.241922 
-0.325281 0.893701 0.309017 -0.262147 0.914214 0.309017 -0.267450 0.932708 0.241922 -0.331861 0.911780 0.241922 
-0.262147 0.914214 0.309017 -0.197736 0.930274 0.309017 -0.201736 0.949092 0.241922 -0.267450 0.932708 0.241922 
-0.197736 0.930274 0.309017 -0.132362 0.941801 0.309017 -0.135039 0.960853 0.241922 -0.201736 0.949092 0.241922 
-0.132362 0.941801 0.309017 -0.066342 0.948740 0.309017 -0.067684 0.967932 0.241922 -0.135039 0.960853 0.241922 
-0.066342 0.948740 0.309017 -0.000000 0.951056 0.309017 -0.000000 0.970296 0.241922 -0.067684 0.967932 0.241922 
0.000000 0.970296 0.241922 0.067684 0.967932 0.241922 0.068697 0.982409 0.173648 0.000000 0.984808 0.173648 
0.067684 0.967932 0.241922 0.135039 0.960853 0.241922 0.137059 0.975224 0.173648 0.068697 0.982409 0.173648 
0.135039 0.960853 0.241922 0.201736 0.949092 0.241922 0.204753 0.963287 0.173648 0.137059 0.975224 0.173648 
0.201736 0.949092 0.241922 0.267450 0.932708 0.241922 0.271450 0.946658 0.173648 0.204753 0.963287 0.173648 
0.267450 0.932708 0.241922 0.331861 0.911780 0.241922 0.336824 0.925417 0.173648 0.271450 0.946658 0.173648 
0.331861 0.911780 0.241922 0.394655 0.886409 0.241922 0.400557 0.899667 0.173648 0.336824 0.925417 0.173648 
0.394655 0.886409 0.241922 0.455526 0.856720 0.241922 0.462339 0.869534 0.173648 0.400557 0.899667 0.173648 
0.455526 0.856720 0.241922 0.514178 0.822857 0.241922 0.521869 0.835164 0.173648 0.462339 0.869534 0.173648 
0.514178 0.822857 0.241922 0.570325 0.784986 0.241922 0.578855 0.796726 0.173648 0.521869 0.835164 0.173648 
0.570325 0.784986 0.241922 0.623694 0.743290 0.241922 0.633022 0.754407 0.173648 0.578855 0.796726 0.173648 
0.623694 0.743290 0.241922 0.674024 0.697972 0.241922 0.684105 0.708411 0.173648 0.633022 0.754407 0.173648 
0.674024 0.697972 0.241922 0.721070 0.649255 0.241922 0.731855 0.658965 0.173648 0.684105 0.708411 0.173648 
0.721070 0.649255 0.241922 0.764603 0.597374 0.241922 0.776039 0.606308 0.173648 0.731855 0.658965 0.173648 
0.764603 0.597374 0.241922 0.804412 0.542583 0.241922 0.816443 0.550698 0.173648 0.776039 0.606308 0.173648 
0.804412 0.542583 0.241922 0.840301 0.485148 0.241922 0.852868 0.492404 0.173648 0.816443 0.550698 0.173648 
0.840301 0.485148 0.241922 0.872096 0.425350 0.241922 0.885139 0.431711 0.173648 0.852868 0.492404 0.173648 
0.872096 0.425350 0.241922 0.899643 0.363479 0.241922 0.913098 0.368915 0.173648 0.885139 0.431711 0.173648 
0.899643 0.363479 0.241922 0.922806 0.299838 0.241922 0.936608 0.304322 0.173648 0.913098 0.368915 0.173648 
0.922806 0.299838 0.241922 0.941474 0.234736 0.241922 0.955555 0.238247 0.173648 0.936608 0.304322 0.173648 
0.941474 0.234736 0.241922 0.955555 0.168490 0.241922 0.969846 0.171010 0.173648 0.955555 0.238247 0.173648 
0.955555 0.168490 0.241922 0.964980 0.101424 0.241922 0.979413 0.102940 0.173648 0.969846 0.171010 0.173648 
0.964980 0.101424 0.241922 0.969705 0.033863 0.241922 0.984208 0.034369 0.173648 0.979413 0.102940 0.173648 
0.969705 0.033863 0.241922 0.969705 -0.033863 0.241922 0.984208 -0.034369 0.173648 0.984208 0.034369 0.173648 
0.969705 -0.033863 0.241922 0.964980 -0.101424 0.241922 0.979413 -0.102940 0.173648 0.984208 -0.034369 0.173648 
0.964980 -0.101424 0.241922 0.955555 -0.168490 0.241922 0.969846 -0.171010 0.173648 0.979413 -0.102940 0.173648 
0.955555 -0.168490 0.241922 0.941474 -0.234736 0.241922 0.955555 -0.238247 0.173648 0.969846 -0.171010 0.173648 
0.941474 -0.234736 0.241922 0.922806 -0.299838 0.241922 0.936608 -0.304322 0.173648 0.955555 -0.238247 0.173648 
0.922806 -0.299838 0.241922 0.899643 -0.363479 0.241922 0.913098 -0.368915 0.173648 0.936608 -0.304322 0.173648 
0.899643 -0.363479 0.241922 0.872096 -0.425350 0.241922 0.885139 -0.431711 0.173648 0.913098 -0.368915 0.173648 
0.872096 -0.425350 0.241922 0.840301 -0.485148 0.241922 0.852868 -0.492404 0.173648 0.885139 -0.431711 0.173648 
0.840301 -0.485148 0.241922 0.804412 -0.542582 0.241922 0.816443 -0.550698 0.173648 0.852868 -0.492404 0.173648 
0.804412 -0.542582 0.241922 0.764603 -0.597374 0.241922 0.776039 -0.606308 0.173648 0.816443 -0.550698 0.173648 
0.764603 -0.597374 0.241922 0.721070 -0.649255 0.241922 0.731855 -0.658965 0.173648 0.776039 -0.606308 0.173648 
0.721070 -0.649255 0.241922 0.674024 -0.697972 0.241922 0.684105 -0.708411 0.173648 0.731855 -0.658965 0.173648 
0.674024 -0.697972 0.241922 0.623694 -0.743290 0.241922 0.633022 -0.754406 0.173648 0.684105 -0.708411 0.173648 
0.623694 -0.743290 0.241922 0.570326 -0.784986 0.241922 0.578855 -0.796726 0.173648 0.633022 -0.754407 0.173648 
0.570326 -0.784986 0.241922 0.514178 -0.822857 0.241922 0.521869 -0.835164 0.173648 0.578855 -0.796726 0.173648 
0.514178 -0.822857 0.241922 0.455526 -0.856720 0.241922 0.462339 -0.869534 0.173648 0.521869 -0.835164 0.173648 
0.455526 -0.856720 0.241922 0.394655 -0.886409 0.241922 0.400557 -0.899667 0.173648 0.462339 -0.869534 0.173648 
0.394655 -0.886409 0.241922 0.331861 -0.911780 0.241922 0.336824 -0.925417 0.173648 0.400557 -0.899667 0.173648 
0.331861 -0.911780 0.241922 0.267450 -0.932708 0.241922 0.271450 -0.946658 0.173648 0.336824 -0.925417 0.173648 
0.267450 -0.932708 0.241922 0.201736 -0.949092 0.241922 0.204753 -0.963287 0.173648 0.271450 -0.946658 0.173648 
0.201736 -0.949092 0.241922 0.135039 -0.960853 0.241922 0.137059 -0.975224 0.173648 0.204753 -0.963287 0.173648 
0.135039 -0.960853 0.241922 0.067684 -0.967932 0.241922 0.068697 -0.982409 0.173648 0.137059 -0.975224 0.173648 
0.067684 -0.967932 0.241922 0.000000 -0.970296 0.241922 0.000000 -0.984808 0.173648 0.068697 -0.982409 0.173648 
0.000000 -0.970296 0.241922 -0.067684 -0.967932 0.241922 -0.068697 -0.982409 0.173648 0.000000 -0.984808 0.173648 
-0.067684 -0.967932 0.241922 -0.135039 -0.960853 0.241922 -0.137059 -0.975224 0.173648 -0.068697 -0.982409 0.173648 
-0.135039 -0.960853 0.241922 -0.201736 -0.949092 0.241922 -0.204753 -0.963287 0.173648 -0.137059 -0.975224 0.173648 
-0.201736 -0.949092 0.241922 -0.267450 -0.932708 0.241922 -0.271450 -0.946658 0.173648 -0.204753 -0.963287 0.173648 
-0.267450 -0.932708 0.241922 -0.331861 -0.911780 0.241922 -0.336824 -0.925417 0.173648 -0.271450 -0.946658 0.173648 
-0.331861 -0.911780 0.241922 -0.394655 -0.886409 0.241922 -0.400557 -0.899667 0.173648 -0.336824 -0.925417 0.173648 
-0.394655 -0.886409 0.241922 -0.455526 -0.856720 0.241922 -0.462339 -0.869534 0.173648 -0.400557 -0.899667 0.173648 
-0.455526 -0.856720 0.241922 -0.514178 -0.822857 0.241922 -0.521869 -0.835164 0.173648 -0.462339 -0.869534 0.173648 
-0.514178 -0.822857 0.241922 -0.570325 -0.784986 0.241922 -0.578855 -0.796726 0.173648 -0.521869 -0.835164 0.173648 
-0.570325 -0.784986 0.241922 -0.623694 -0.743290 0.241922 -0.633022 -0.754407 0.173648 -0.578855 -0.796726 0.173648 
-0.623694 -0.743290 0.241922 -0.674024 -0.697972 0.241922 -0.684105 -0.708411 0.173648 -0.633022 -0.754407 0.173648 
-0.674024 -0.697972 0.241922 -0.721070 -0.649255 0.241922 -0.731855 -0.658965 0.173648 -0.684105 -0.708411 0.173648 
-0.721070 -0.649255 0.241922 -0.764603 -0.597374 0.241922 -0.776039 -0.606308 0.173648 -0.731855 -0.658965 0.173648 
-0.764603 -0.597374 0.241922 -0.804412 -0.542583 0.241922 -0.816443 -0.550698 0.173648 -0.776039 -0.606308 0.173648 
-0.804412 -0.542583 0.241922 -0.840301 -0.485148 0.241922 -0.852868 -0.492404 0.173648 -0.816443 -0.550698 0.173648 
-0.840301 -0.485148 0.241922 -0.872096 -0.425350 0.241922 -0.885139 -0.431711 0.173648 -0.852868 -0.492404 0.173648 
-0.872096 -0.425350 0.241922 -0.899643 -0.363479 0.241922 -0.913098 -0.368915 0.173648 -0.885139 -0.431711 0.173648 
-0.899643 -0.363479 0.241922 -0.922806 -0.299838 0.241922 -0.936608 -0.304322 0.173648 -0.913098 -0.368916 0.173648 
-0.922806 -0.299838 0.241922 -0.941474 -0.234736 0.241922 -0.955555 -0.238247 0.173648 -0.936608 -0.304322 0.173648 
-0.941474 -0.234736 0.241922 -0.955555 -0.168490 0.241922 -0.969846 -0.171010 0.173648 -0.955555 -0.238247 0.173648 
-0.955555 -0.168490 0.241922 -0.964980 -0.101424 0.241922 -0.979413 -0.102940 0.173648 -0.969846 -0.171010 0.173648 
-0.964980 -0.101424 0.241922 -0.969705 -0.033863 0.241922 -0.984208 -0.034369 0.173648 -0.979413 -0.102940 0.173648 
-0.969705 -0.033863 0.241922 -0.969705 0.033863 0.241922 -0.984208 0.034369 0.173648 -0.984208 -0.034369 0.173648 
-0.969705 0.033863 0.241922 -0.964980 0.101423 0.241922 -0.979413 0.102940 0.173648 -0.984208 0.034369 0.173648 
-0.964980 0.101423 0.241922 -0.955555 0.168490 0.241922 -0.969846 0.171010 0.173648 -0.979413 0.102940 0.173648 
-0.955555 0.168490 0.241922 -0.941474 0.234736 0.241922 -0.955555 0.238247 0.173648 -0.969846 0.171010 0.173648 
-0.941474 0.234736 0.241922 -0.922806 0.299838 0.241922 -0.936608 0.304322 0.173648 -0.955555 0.238247 0.173648 
-0.922806 0.299838 0.241922 -0.899643 0.363479 0.241922 -0.913098 0.368915 0.173648 -0.936608 0.304322 0.173648 
-0.899643 0.363479 0.241922 -0.872096 0.425350 0.241922 -0.885139 0.431711 0.173648 -0.913098 0.368915 0.173648 
-0.872096 0.425350 0.241922 -0.840301 0.485148 0.241922 -0.852869 0.492404 0.173648 -0.885139 0.431711 0.173648 
-0.840301 0.485148 0.241922 -0.804412 0.542582 0.241922 -0.816443 0.550697 0.173648 -0.852869 0.492404 0.173648 
-0.804412 0.542582 0.241922 -0.764603 0.597374 0.241922 -0.776039 0.606308 0.173648 -0.816443 0.550698 0.173648 
-0.764603 0.597374 0.241922 -0.721070 0.649255 0.241922 -0.731855 0.658965 0.173648 -0.776039 0.606308 0.173648 
-0.721070 0.649255 0.241922 -0.674024 0.697972 0.241922 -0.684105 0.708411 0.173648 -0.731855 0.658965 0.173648 
-0.674024 0.697972 0.241922 -0.623694 0.743290 0.241922 -0.633022 0.754406 0.173648 -0.684105 0.708411 0.173648 
-0.623694 0.743290 0.241922 -0.570326 0.784986 0.241922 -0.578856 0.796726 0.173648 -0.633022 0.754407 0.173648 
-0.570326 0.784986 0.241922 -0.514178 0.822857 0.241922 -0.521869 0.835164 0.173648 -0.578856 0.796726 0.173648 
-0.514178 0.822857 0.241922 -0.455526 0.856720 0.241922 -0.462339 0.869534 0.173648 -0.521869 0.835164 0.173648 
-0.455526 0.856720 0.241922 -0.394655 0.886409 0.241922 -0.400557 0.899667 0.173648 -0.462339 0.869534 0.173648 
-0.394655 0.886409 0.241922 -0.331861 0.911780 0.241922 -0.336824 0.925417 0.173648 -0.400557 0.899667 0.173648 
-0.331861 0.911780 0.241922 -0.267450 0.932708 0.241922 -0.271450 0.946658 0.173648 -0.336824 0.925417 0.173648 
-0.267450 0.932708 0.241922 -0.201736 0.949092 0.241922 -0.204753 0.963287 0.173648 -0.271450 0.946658 0.173648 
-0.201736 0.949092 0.241922 -0.135039 0.960853 0.241922 -0.137059 0.975224 0.173648 -0.204753 0.963287 0.173648 
-0.135039 0.960853 0.241922 -0.067684 0.967932 0.241922 -0.068697 0.982409 0.173648 -0.137059 0.975224 0.173648 
-0.067684 0.967932 0.241922 -0.000000 0.970296 0.241922 -0.000000 0.984808 0.173648 -0.068697 0.982409 0.173648 
0.000000 0.984808 0.173648 0.068697 0.982409 0.173648 0.069374 0.992099 0.104529 0.000000 0.994522 0.104529 
0.068697 0.982409 0.173648 0.137059 0.975224 0.173648 0.138411 0.984843 0.104529 0.069374 0.992099 0.104529 
0.137059 0.975224 0.173648 0.204753 0.963287 0.173648 0.206773 0.972789 0.104529 0.138411 0.984843 0.104529 
0.204753 0.963287 0.173648 0.271450 0.946658 0.173648 0.274127 0.955996 0.104529 0.206773 0.972789 0.104529 
0.271450 0.946658 0.173648 0.336824 0.925417 0.173648 0.340147 0.934545 0.104529 0.274127 0.955996 0.104529 
0.336824 0.925417 0.173648 0.400557 0.899667 0.173648 0.404509 0.908541 0.104529 0.340147 0.934545 0.104529 
0.400557 0.899667 0.173648 0.462339 0.869534 0.173648 0.466900 0.878111 0.104529 0.404509 0.908541 0.104529 
0.462339 0.869534 0.173648 0.521869 0.835164 0.173648 0.527016 0.843402 0.104529 0.466900 0.878111 0.104529 
0.521869 0.835164 0.173648 0.578855 0.796726 0.173648 0.584565 0.804585 0.104529 0.527016 0.843402 0.104529 
0.578855 0.796726 0.173648 0.633022 0.754407 0.173648 0.639266 0.761848 0.104529 0.584565 0.804585 0.104529 
0.633022 0.754407 0.173648 0.684105 0.708411 0.173648 0.690853 0.715399 0.104529 0.639266 0.761848 0.104529 
0.684105 0.708411 0.173648 0.731855 0.658965 0.173648 0.739074 0.665465 0.104529 0.690853 0.715399 0.104529 
0.731855 0.658965 0.173648 0.776039 0.606308 0.173648 0.783694 0.612289 0.104529 0.739074 0.665465 0.104529 
0.776039 0.606308 0.173648 0.816443 0.550698 0.173648 0.824496 0.556130 0.104529 0.783694 0.612289 0.104529 
0.816443 0.550698 0.173648 0.852868 0.492404 0.173648 0.861281 0.497261 0.104529 0.824496 0.556130 0.104529 
0.852868 0.492404 0.173648 0.885139 0.431711 0.173648 0.893870 0.435970 0.104529 0.861281 0.497261 0.104529 
0.885139 0.431711 0.173648 0.913098 0.368915 0.173648 0.922105 0.372554 0.104529 0.893870 0.435970 0.104529 
0.913098 0.368915 0.173648 0.936608 0.304322 0.173648 0.945847 0.307324 0.104529 0.922105 0.372554 0.104529 
0.936608 0.304322 0.173648 0.955555 0.238247 0.173648 0.964980 0.240597 0.104529 0.945847 0.307324 0.104529 
0.955555 0.238247 0.173648 0.969846 0.171010 0.173648 0.979413 0.172697 0.104529 0.964980 0.240597 0.104529 
0.969846 0.171010 0.173648 0.979413 0.102940 0.173648 0.989074 0.103956 0.104529 0.979413 0.172697 0.104529 
0.979413 0.102940 0.173648 0.984208 0.034369 0.173648 0.993916 0.034708 0.104529 0.989074 0.103956 0.104529 
0.984208 0.034369 0.173648 0.984208 -0.034369 0.173648 0.993916 -0.034708 0.104529 0.993916 0.034708 0.104529 
0.984208 -0.034369 0.173648 0.979413 -0.102940 0.173648 0.989074 -0.103956 0.104529 0.993916 -0.034708 0.104529 
0.979413 -0.102940 0.173648 0.969846 -0.171010 0.173648 0.979413 -0.172697 0.104529 0.989074 -0.103956 0.104529 
0.969846 -0.171010 0.173648 0.955555 -0.238247 0.173648 0.964980 -0.240597 0.104529 0.979413 -0.172697 0.104529 
0.955555 -0.238247 0.173648 0.936608 -0.304322 0.173648 0.945847 -0.307324 0.104529 0.964980 -0.240597 0.104529 
0.936608 -0.304322 0.173648 0.913098 -0.368915 0.173648 0.922105 -0.372554 0.104529 0.945847 -0.307324 0.104529 
0.913098 -0.368915 0.173648 0.885139 -0.431711 0.173648 0.893870 -0.435970 0.104529 0.922105 -0.372554 0.104529 
0.885139 -0.431711 0.173648 0.852868 -0.492404 0.173648 0.861281 -0.497261 0.104529 0.893870 -0.435970 0.104529 
0.852868 -0.492404 0.173648 0.816443 -0.550698 0.173648 0.824496 -0.556130 0.104529 0.861281 -0.497261 0.104529 
0.816443 -0.550698 0.173648 0.776039 -0.606308 0.173648 0.783694 -0.612289 0.104529 0.824496 -0.556130 0.104529 
0.776039 -0.606308 0.173648 0.731855 -0.658965 0.173648 0.739074 -0.665465 0.104529 0.783694 -0.612289 0.104529 
0.731855 -0.658965 0.173648 0.684105 -0.708411 0.173648 0.690853 -0.715399 0.104529 0.739074 -0.665465 0.104529 
0.684105 -0.708411 0.173648 0.633022 -0.754406 0.173648 0.639266 -0.761848 0.104529 0.690853 -0.715399 0.104529 
0.633022 -0.754406 0.173648 0.578855 -0.796726 0.173648 0.584565 -0.804585 0.104529 0.639266 -0.761848 0.104529 
0.578855 -0.796726 0.173648 0.521869 -0.835164 0.173648 0.527016 -0.843402 0.104529 0.584565 -0.804585 0.104529 
0.521869 -0.835164 0.173648 0.462339 -0.869534 0.173648 0.466900 -0.878111 0.104529 0.527016 -0.843402 0.104529 
0.462339 -0.869534 0.173648 0.400557 -0.899667 0.173648 0.404509 -0.908541 0.104529 0.466900 -0.878111 0.104529 
0.400557 -0.899667 0.173648 0.336824 -0.925417 0.173648 0.340147 -0.934545 0.104529 0.404509 -0.908541 0.104529 
0.336824 -0.925417 0.173648 0.271450 -0.946658 0.173648 0.274127 -0.955996 0.104529 0.340147 -0.934545 0.104529 
0.271450 -0.946658 0.173648 0.204753 -0.963287 0.173648 0.206773 -0.972789 0.104529 0.274127 -0.955996 0.104529 
0.204753 -0.963287 0.173648 0.137059 -0.975224 0.173648 0.138411 -0.984843 0.104529 0.206773 -0.972789 0.104529 
0.137059 -0.975224 0.173648 0.068697 -0.982409 0.173648 0.069374 -0.992099 0.104529 0.138411 -0.984843 0.104529 
0.068697 -0.982409 0.173648 0.000000 -0.984808 0.173648 0.000000 -0.994522 0.104529 0.069374 -0.992099 0.104529 
0.000000 -0.984808 0.173648 -0.068697 -0.982409 0.173648 -0.069374 -0.992099 0.104529 0.000000 -0.994522 0.104529 
-0.068697 -0.982409 0.173648 -0.137059 -0.975224 0.173648 -0.138411 -0.984843 0.104529 -0.069374 -0.992099 0.104529 
-0.137059 -0.975224 0.173648 -0.204753 -0.963287 0.173648 -0.206773 -0.972789 0.104529 -0.138411 -0.984843 0.104529 
-0.204753 -0.963287 0.173648 -0.271450 -0.946658 0.173648 -0.274127 -0.955996 0.104529 -0.206773 -0.972789 0.104529 
-0.271450 -0.946658 0.173648 -0.336824 -0.925417 0.173648 -0.340147 -0.934545 0.104529 -0.274127 -0.955996 0.104529 
-0.336824 -0.925417 0.173648 -0.400557 -0.899667 0.173648 -0.404508 -0.908541 0.104529 -0.340147 -0.934545 0.104529 
-0.400557 -0.899667 0.173648 -0.462339 -0.869534 0.173648 -0.466900 -0.878111 0.104529 -0.404508 -0.908541 0.104529 
-0.462339 -0.869534 0.173648 -0.521869 -0.835164 0.173648 -0.527016 -0.843402 0.104529 -0.466900 -0.878111 0.104529 
-0.521869 -0.835164 0.173648 -0.578855 -0.796726 0.173648 -0.584565 -0.804585 0.104529 -0.527016 -0.843402 0.104529 
-0.578855 -0.796726 0.173648 -0.633022 -0.754407 0.173648 -0.639266 -0.761848 0.104529 -0.584565 -0.804585 0.104529 
-0.633022 -0.754407 0.173648 -0.684105 -0.708411 0.173648 -0.690853 -0.715399 0.104529 -0.639266 -0.761848 0.104529 
-0.684105 -0.708411 0.173648 -0.731855 -0.658965 0.173648 -0.739074 -0.665465 0.104529 -0.690853 -0.715399 0.104529 
-0.731855 -0.658965 0.173648 -0.776039 -0.606308 0.173648 -0.783694 -0.612289 0.104529 -0.739074 -0.665465 0.104529 
-0.776039 -0.606308 0.173648 -0.816443 -0.550698 0.173648 -0.824496 -0.556130 0.104529 -0.783694 -0.612289 0.104529 
-0.816443 -0.550698 0.173648 -0.852868 -0.492404 0.173648 -0.861281 -0.497261 0.104529 -0.824496 -0.556130 0.104529 
-0.852868 -0.492404 0.173648 -0.885139 -0.431711 0.173648 -0.893870 -0.435970 0.104529 -0.861281 -0.497261 0.104529 
-0.885139 -0.431711 0.173648 -0.913098 -0.368915 0.173648 -0.922105 -0.372555 0.104529 -0.893870 -0.435970 0.104529 
-0.913098 -0.368915 0.173648 -0.936608 -0.304322 0.173648 -0.945846 -0.307324 0.104529 -0.922105 -0.372555 0.104529 
-0.936608 -0.304322 0.173648 -0.955555 -0.238247 0.173648 -0.964980 -0.240597 0.104529 -0.945846 -0.307324 0.104529 
-0.955555 -0.238247 0.173648 -0.969846 -0.171010 0.173648 -0.979413 -0.172697 0.104529 -0.964980 -0.240597 0.104529 
-0.969846 -0.171010 0.173648 -0.979413 -0.102940 0.173648 -0.989074 -0.103956 0.104529 -0.979413 -0.172697 0.104529 
-0.979413 -0.102940 0.173648 -0.984208 -0.034369 0.173648 -0.993916 -0.034708 0.104529 -0.989074 -0.103956 0.104529 
-0.984208 -0.034369 0.173648 -0.984208 0.034369 0.173648 -0.993916 0.034708 0.104529 -0.993916 -0.034708 0.104529 
-0.984208 0.034369 0.173648 -0.979413 0.102940 0.173648 -0.989074 0.103956 0.104529 -0.993916 0.034708 0.104529 
-0.979413 0.102940 0.173648 -0.969846 0.171010 0.173648 -0.979413 0.172697 0.104529 -0.989074 0.103956 0.104529 
-0.969846 0.171010 0.173648 -0.955555 0.238247 0.173648 -0.964980 0.240597 0.104529 -0.979413 0.172697 0.104529 
-0.955555 0.238247 0.173648 -0.936608 0.304322 0.173648 -0.945847 0.307324 0.104529 -0.964980 0.240597 0.104529 
-0.936608 0.304322 0.173648 -0.913098 0.368915 0.173648 -0.922105 0.372554 0.104529 -0.945847 0.307324 0.104529 
-0.913098 0.368915 0.173648 -0.885139 0.431711 0.173648 -0.893870 0.435970 0.104529 -0.922105 0.372554 0.104529 
-0.885139 0.431711 0.173648 -0.852869 0.492404 0.173648 -0.861281 0.497261 0.104529 -0.893870 0.435970 0.104529 
-0.852869 0.492404 0.173648 -0.816443 0.550697 0.173648 -0.824496 0.556130 0.104529 -0.861281 0.497261 0.104529 
-0.816443 0.550697 0.173648 -0.776039 0.606308 0.173648 -0.783694 0.612289 0.104529 -0.824496 0.556130 0.104529 
-0.776039 0.606308 0.173648 -0.731855 0.658965 0.173648 -0.739074 0.665465 0.104529 -0.783694 0.612289 0.104529 
-0.731855 0.658965 0.173648 -0.684105 0.708411 0.173648 -0.690853 0.715399 0.104529 -0.739074 0.665465 0.104529 
-0.684105 0.708411 0.173648 -0.633022 0.754406 0.173648 -0.639266 0.761848 0.104529 -0.690853 0.715399 0.104529 
-0.633022 0.754406 0.173648 -0.578856 0.796726 0.173648 -0.584565 0.804585 0.104529 -0.639266 0.761848 0.104529 
-0.578856 0.796726 0.173648 -0.521869 0.835164 0.173648 -0.527016 0.843402 0.104529 -0.584565 0.804585 0.104529 
-0.521869 0.835164 0.173648 -0.462339 0.869534 0.173648 -0.466900 0.878111 0.104529 -0.527016 0.843402 0.104529 
-0.462339 0.869534 0.173648 -0.400557 0.899667 0.173648 -0.404509 0.908541 0.104529 -0.466900 0.878111 0.104529 
-0.400557 0.899667 0.173648 -0.336824 0.925417 0.173648 -0.340147 0.934545 0.104529 -0.404509 0.908541 0.104529 
-0.336824 0.925417 0.173648 -0.271450 0.946658 0.173648 -0.274127 0.955996 0.104529 -0.340147 0.934545 0.104529 
-0.271450 0.946658 0.173648 -0.204753 0.963287 0.173648 -0.206773 0.972789 0.104529 -0.274127 0.955996 0.104529 
-0.204753 0.963287 0.173648 -0.137059 0.975224 0.173648 -0.138411 0.984843 0.104529 -0.206773 0.972789 0.104529 
-0.137059 0.975224 0.173648 -0.068697 0.982409 0.173648 -0.069374 0.992099 0.104529 -0.138411 0.984843 0.104529 
-0.068697 0.982409 0.173648 -0.000000 0.984808 0.173648 -0.000000 0.994522 0.104529 -0.069374 0.992099 0.104529 
0.000000 0.994522 0.104529 0.069374 0.992099 0.104529 0.069714 0.996956 0.034900 0.000000 0.999391 0.034900 
0.069374 0.992099 0.104529 0.138411 0.984843 0.104529 0.139088 0.989665 0.034900 0.069714 0.996956 0.034900 
0.138411 0.984843 0.104529 0.206773 0.972789 0.104529 0.207785 0.977552 0.034900 0.139088 0.989665 0.034900 
0.206773 0.972789 0.104529 0.274127 0.955996 0.104529 0.275469 0.960676 0.034900 0.207785 0.977552 0.034900 
0.274127 0.955996 0.104529 0.340147 0.934545 0.104529 0.341812 0.939120 0.034900 0.275469 0.960676 0.034900 
0.340147 0.934545 0.104529 0.404509 0.908541 0.104529 0.406489 0.912989 0.034900 0.341812 0.939120 0.034900 
0.404509 0.908541 0.104529 0.466900 0.878111 0.104529 0.469186 0.882410 0.034900 0.406489 0.912989 0.034900 
0.466900 0.878111 0.104529 0.527016 0.843402 0.104529 0.529596 0.847531 0.034900 0.469186 0.882410 0.034900 
0.527016 0.843402 0.104529 0.584565 0.804585 0.104529 0.587427 0.808524 0.034900 0.529596 0.847531 0.034900 
0.584565 0.804585 0.104529 0.639266 0.761848 0.104529 0.642396 0.765578 0.034900 0.587427 0.808524 0.034900 
0.639266 0.761848 0.104529 0.690853 0.715399 0.104529 0.694235 0.718902 0.034900 0.642396 0.765578 0.034900 
0.690853 0.715399 0.104529 0.739074 0.665465 0.104529 0.742692 0.668723 0.034900 0.694235 0.718902 0.034900 
0.739074 0.665465 0.104529 0.783694 0.612289 0.104529 0.787531 0.615286 0.034900 0.742692 0.668723 0.034900 
0.783694 0.612289 0.104529 0.824496 0.556130 0.104529 0.828533 0.558852 0.034900 0.787531 0.615286 0.034900 
0.824496 0.556130 0.104529 0.861281 0.497261 0.104529 0.865498 0.499695 0.034900 0.828533 0.558852 0.034900 
0.861281 0.497261 0.104529 0.893870 0.435970 0.104529 0.898247 0.438104 0.034900 0.865498 0.499695 0.034900 
0.893870 0.435970 0.104529 0.922105 0.372554 0.104529 0.926619 0.374378 0.034900 0.898247 0.438104 0.034900 
0.922105 0.372554 0.104529 0.945847 0.307324 0.104529 0.950477 0.308829 0.034900 0.926619 0.374378 0.034900 
0.945847 0.307324 0.104529 0.964980 0.240597 0.104529 0.969705 0.241775 0.034900 0.950477 0.308829 0.034900 
0.964980 0.240597 0.104529 0.979413 0.172697 0.104529 0.984208 0.173542 0.034900 0.969705 0.241775 0.034900 
0.979413 0.172697 0.104529 0.989074 0.103956 0.104529 0.993916 0.104465 0.034900 0.984208 0.173542 0.034900 
0.989074 0.103956 0.104529 0.993916 0.034708 0.104529 0.998782 0.034878 0.034900 0.993916 0.104465 0.034900 
0.993916 0.034708 0.104529 0.993916 -0.034708 0.104529 0.998782 -0.034878 0.034900 0.998782 0.034878 0.034900 
0.993916 -0.034708 0.104529 0.989074 -0.103956 0.104529 0.993916 -0.104465 0.034900 0.998782 -0.034878 0.034900 
0.989074 -0.103956 0.104529 0.979413 -0.172697 0.104529 0.984208 -0.173542 0.034900 0.993916 -0.104465 0.034900 
0.979413 -0.172697 0.104529 0.964980 -0.240597 0.104529 0.969705 -0.241775 0.034900 0.984208 -0.173542 0.034900 
0.964980 -0.240597 0.104529 0.945847 -0.307324 0.104529 0.950477 -0.308829 0.034900 0.969705 -0.241775 0.034900 
0.945847 -0.307324 0.104529 0.922105 -0.372554 0.104529 0.926619 -0.374378 0.034900 0.950477 -0.308829 0.034900 
0.922105 -0.372554 0.104529 0.893870 -0.435970 0.104529 0.898247 -0.438104 0.034900 0.926619 -0.374378 0.034900 
0.893870 -0.435970 0.104529 0.861281 -0.497261 0.104529 0.865498 -0.499695 0.034900 0.898247 -0.438104 0.034900 
0.861281 -0.497261 0.104529 0.824496 -0.556130 0.104529 0.828533 -0.558852 0.034900 0.865498 -0.499695 0.034900 
0.824496 -0.556130 0.104529 0.783694 -0.612289 0.104529 0.787531 -0.615286 0.034900 0.828533 -0.558852 0.034900 
0.783694 -0.612289 0.104529 0.739074 -0.665465 0.104529 0.742692 -0.668723 0.034900 0.787531 -0.615286 0.034900 
0.739074 -0.665465 0.104529 0.690853 -0.715399 0.104529 0.694235 -0.718902 0.034900 0.742692 -0.668723 0.034900 
0.690853 -0.715399 0.104529 0.639266 -0.761848 0.104529 0.642396 -0.765578 0.034900 0.694235 -0.718902 0.034900 
0.639266 -0.761848 0.104529 0.584565 -0.804585 0.104529 0.587427 -0.808524 0.034900 0.642396 -0.765578 0.034900 
0.584565 -0.804585 0.104529 0.527016 -0.843402 0.104529 0.529596 -0.847531 0.034900 0.587427 -0.808524 0.034900 
0.527016 -0.843402 0.104529 0.466900 -0.878111 0.104529 0.469186 -0.882410 0.034900 0.529596 -0.847531 0.034900 
0.466900 -0.878111 0.104529 0.404509 -0.908541 0.104529 0.406489 -0.912989 0.034900 0.469186 -0.882410 0.034900 
0.404509 -0.908541 0.104529 0.340147 -0.934545 0.104529 0.341812 -0.939120 0.034900 0.406489 -0.912989 0.034900 
0.340147 -0.934545 0.104529 0.274127 -0.955996 0.104529 0.275469 -0.960676 0.034900 0.341812 -0.939120 0.034900 
0.274127 -0.955996 0.104529 0.206773 -0.972789 0.104529 0.207785 -0.977552 0.034900 0.275469 -0.960676 0.034900 
0.206773 -0.972789 0.104529 0.138411 -0.984843 0.104529 0.139088 -0.989665 0.034900 0.207785 -0.977552 0.034900 
0.138411 -0.984843 0.104529 0.069374 -0.992099 0.104529 0.069714 -0.996956 0.034900 0.139088 -0.989665 0.034900 
0.069374 -0.992099 0.104529 0.000000 -0.994522 0.104529 0.000000 -0.999391 0.034900 0.069714 -0.996956 0.034900 
0.000000 -0.994522 0.104529 -0.069374 -0.992099 0.104529 -0.069714 -0.996956 0.034900 0.000000 -0.999391 0.034900 
-0.069374 -0.992099 0.104529 -0.138411 -0.984843 0.104529 -0.139088 -0.989665 0.034900 -0.069714 -0.996956 0.034900 
-0.138411 -0.984843 0.104529 -0.206773 -0.972789 0.104529 -0.207785 -0.977552 0.034900 -0.139088 -0.989665 0.034900 
-0.206773 -0.972789 0.104529 -0.274127 -0.955996 0.104529 -0.275469 -0.960676 0.034900 -0.207785 -0.977552 0.034900 
-0.274127 -0.955996 0.104529 -0.340147 -0.934545 0.104529 -0.341812 -0.939120 0.034900 -0.275469 -0.960676 0.034900 
-0.340147 -0.934545 0.104529 -0.404508 -0.908541 0.104529 -0.406489 -0.912989 0.034900 -0.341812 -0.939120 0.034900 
-0.404508 -0.908541 0.104529 -0.466900 -0.878111 0.104529 -0.469186 -0.882410 0.034900 -0.406489 -0.912989 0.034900 
-0.466900 -0.878111 0.104529 -0.527016 -0.843402 0.104529 -0.529596 -0.847531 0.034900 -0.469186 -0.882410 0.034900 
-0.527016 -0.843402 0.104529 -0.584565 -0.804585 0.104529 -0.587427 -0.808524 0.034900 -0.529596 -0.847531 0.034900 
-0.584565 -0.804585 0.104529 -0.639266 -0.761848 0.104529 -0.642396 -0.765578 0.034900 -0.587427 -0.808524 0.034900 
-0.639266 -0.761848 0.104529 -0.690853 -0.715399 0.104529 -0.694235 -0.718902 0.034900 -0.642396 -0.765578 0.034900 
-0.690853 -0.715399 0.104529 -0.739074 -0.665465 0.104529 -0.742692 -0.668723 0.034900 -0.694235 -0.718902 0.034900 
-0.739074 -0.665465 0.104529 -0.783694 -0.612289 0.104529 -0.787531 -0.615286 0.034900 -0.742692 -0.668723 0.034900 
-0.783694 -0.612289 0.104529 -0.824496 -0.556130 0.104529 -0.828533 -0.558852 0.034900 -0.787531 -0.615286 0.034900 
-0.824496 -0.556130 0.104529 -0.861281 -0.497261 0.104529 -0.865498 -0.499695 0.034900 -0.828533 -0.558852 0.034900 
-0.861281 -0.497261 0.104529 -0.893870 -0.435970 0.104529 -0.898247 -0.438104 0.034900 -0.865498 -0.499695 0.034900 
-0.893870 -0.435970 0.104529 -0.922105 -0.372555 0.104529 -0.926619 -0.374378 0.034900 -0.898247 -0.438104 0.034900 
-0.922105 -0.372555 0.104529 -0.945847 -0.307324 0.104529 -0.950477 -0.308829 0.034900 -0.926619 -0.374378 0.034900 
-0.945847 -0.307324 0.104529 -0.964980 -0.240597 0.104529 -0.969705 -0.241775 0.034900 -0.950477 -0.308829 0.034900 
-0.964980 -0.240597 0.104529 -0.979413 -0.172697 0.104529 -0.984208 -0.173542 0.034900 -0.969705 -0.241775 0.034900 
-0.979413 -0.172697 0.104529 -0.989074 -0.103956 0.104529 -0.993916 -0.104465 0.034900 -0.984208 -0.173542 0.034900 
-0.989074 -0.103956 0.104529 -0.993916 -0.034708 0.104529 -0.998782 -0.034878 0.034900 -0.993916 -0.104465 0.034900 
-0.993916 -0.034708 0.104529 -0.993916 0.034708 0.104529 -0.998782 0.034878 0.034900 -0.998782 -0.034878 0.034900 
-0.993916 0.034708 0.104529 -0.989074 0.103956 0.104529 -0.993916 0.104465 0.034900 -0.998782 0.034878 0.034900 
-0.989074 0.103956 0.104529 -0.979413 0.172697 0.104529 -0.984208 0.173542 0.034900 -0.993916 0.104465 0.034900 
-0.979413 0.172697 0.104529 -0.964980 0.240597 0.104529 -0.969705 0.241774 0.034900 -0.984208 0.173542 0.034900 
-0.964980 0.240597 0.104529 -0.945847 0.307324 0.104529 -0.950477 0.308829 0.034900 -0.969705 0.241774 0.034900 
-0.945847 0.307324 0.104529 -0.922105 0.372554 0.104529 -0.926619 0.374378 0.034900 -0.950477 0.308829 0.034900 
-0.922105 0.372554 0.104529 -0.893870 0.435970 0.104529 -0.898247 0.438104 0.034900 -0.926619 0.374378 0.034900 
-0.893870 0.435970 0.104529 -0.861281 0.497261 0.104529 -0.865498 0.499695 0.034900 -0.898247 0.438104 0.034900 
-0.861281 0.497261 0.104529 -0.824496 0.556130 0.104529 -0.828533 0.558852 0.034900 -0.865498 0.499695 0.034900 
-0.824496 0.556130 0.104529 -0.783694 0.612289 0.104529 -0.787531 0.615286 0.034900 -0.828533 0.558852 0.034900 
-0.783694 0.612289 0.104529 -0.739074 0.665465 0.104529 -0.742692 0.668723 0.034900 -0.787531 0.615286 0.034900 
-0.739074 0.665465 0.104529 -0.690853 0.715399 0.104529 -0.694235 0.718902 0.034900 -0.742692 0.668723 0.034900 
-0.690853 0.715399 0.104529 -0.639266 0.761848 0.104529 -0.642396 0.765578 0.034900 -0.694235 0.718902 0.034900 
-0.639266 0.761848 0.104529 -0.584565 0.804585 0.104529 -0.587427 0.808524 0.034900 -0.642396 0.765578 0.034900 
-0.584565 0.804585 0.104529 -0.527016 0.843402 0.104529 -0.529597 0.847531 0.034900 -0.587427 0.808524 0.034900 
-0.527016 0.843402 0.104529 -0.466900 0.878111 0.104529 -0.469186 0.882410 0.034900 -0.529597 0.847531 0.034900 
-0.466900 0.878111 0.104529 -0.404509 0.908541 0.104529 -0.406489 0.912989 0.034900 -0.469186 0.882410 0.034900 
-0.404509 0.908541 0.104529 -0.340147 0.934545 0.104529 -0.341812 0.939120 0.034900 -0.406489 0.912989 0.034900 
-0.340147 0.934545 0.104529 -0.274127 0.955996 0.104529 -0.275469 0.960676 0.034900 -0.341812 0.939120 0.034900 
-0.274127 0.955996 0.104529 -0.206773 0.972789 0.104529 -0.207785 0.977552 0.034900 -0.275469 0.960676 0.034900 
-0.206773 0.972789 0.104529 -0.138411 0.984843 0.104529 -0.139088 0.989665 0.034900 -0.207785 0.977552 0.034900 
-0.138411 0.984843 0.104529 -0.069374 0.992099 0.104529 -0.069714 0.996956 0.034900 -0.139088 0.989665 0.034900 
-0.069374 0.992099 0.104529 -0.000000 0.994522 0.104529 -0.000000 0.999391 0.034900 -0.069714 0.996956 0.034900 
0.000000 0.999391 0.034900 0.069714 0.996956 0.034900 0.069714 0.996956 -0.034899 0.000000 0.999391 -0.034899 
0.069714 0.996956 0.034900 0.139088 0.989665 0.034900 0.139088 0.989665 -0.034899 0.069714 0.996956 -0.034899 
0.139088 0.989665 0.034900 0.207785 0.977552 0.034900 0.207785 0.977552 -0.034899 0.139088 0.989665 -0.034899 
0.207785 0.977552 0.034900 0.275469 0.960676 0.034900 0.275469 0.960676 -0.034899 0.207785 0.977552 -0.034899 
0.275469 0.960676 0.034900 0.341812 0.939120 0.034900 0.341812 0.939120 -0.034899 0.275469 0.960676 -0.034899 
0.341812 0.939120 0.034900 0.406489 0.912989 0.034900 0.406489 0.912989 -0.034899 0.341812 0.939120 -0.034899 
0.406489 0.912989 0.034900 0.469186 0.882410 0.034900 0.469186 0.882410 -0.034899 0.406489 0.912989 -0.034899 
0.469186 0.882410 0.034900 0.529596 0.847531 0.034900 0.529596 0.847531 -0.034899 0.469186 0.882410 -0.034899 
0.529596 0.847531 0.034900 0.587427 0.808524 0.034900 0.587427 0.808524 -0.034899 0.529596 0.847531 -0.034899 
0.587427 0.808524 0.034900 0.642396 0.765578 0.034900 0.642396 0.765578 -0.034899 0.587427 0.808524 -0.034899 
0.642396 0.765578 0.034900 0.694235 0.718902 0.034900 0.694235 0.718902 -0.034899 0.642396 0.765578 -0.034899 
0.694235 0.718902 0.034900 0.742692 0.668723 0.034900 0.742692 0.668723 -0.034899 0.694235 0.718902 -0.034899 
0.742692 0.668723 0.034900 0.787531 0.615286 0.034900 0.787531 0.615286 -0.034899 0.742692 0.668723 -0.034899 
0.787531 0.615286 0.034900 0.828533 0.558852 0.034900 0.828533 0.558852 -0.034899 0.787531 0.615286 -0.034899 
0.828533 0.558852 0.034900 0.865498 0.499695 0.034900 0.865498 0.499695 -0.034899 0.828533 0.558852 -0.034899 
0.865498 0.499695 0.034900 0.898247 0.438104 0.034900 0.898247 0.438104 -0.034899 0.865498 0.499695 -0.034899 
0.898247 0.438104 0.034900 0.926619 0.374378 0.034900 0.926619 0.374378 -0.034899 0.898247 0.438104 -0.034899 
0.926619 0.374378 0.034900 0.950477 0.308829 0.034900 0.950477 0.308829 -0.034899 0.926619 0.374378 -0.034899 
0.950477 0.308829 0.034900 0.969705 0.241775 0.034900 0.969705 0.241775 -0.034899 0.950477 0.308829 -0.034899 
0.969705 0.241775 0.034900 0.984208 0.173542 0.034900 0.984208 0.173542 -0.034899 0.969705 0.241775 -0.034899 
0.984208 0.173542 0.034900 0.993916 0.104465 0.034900 0.993916 0.104465 -0.034899 0.984208 0.173542 -0.034899 
0.993916 0.104465 0.034900 0.998782 0.034878 0.034900 0.998782 0.034878 -0.034899 0.993916 0.104465 -0.034899 
0.998782 0.034878 0.034900 0.998782 -0.034878 0.034900 0.998782 -0.034878 -0.034899 0.998782 0.034878 -0.034899 
0.998782 -0.034878 0.034900 0.993916 -0.104465 0.034900 0.993916 -0.104465 -0.034899 0.998782 -0.034878 -0.034899 
0.993916 -0.104465 0.034900 0.984208 -0.173542 0.034900 0.984208 -0.173542 -0.034899 0.993916 -0.104465 -0.034899 
0.984208 -0.173542 0.034900 0.969705 -0.241775 0.034900 0.969705 -0.241775 -0.034899 0.984208 -0.173542 -0.034899 
0.969705 -0.241775 0.034900 0.950477 -0.308829 0.034900 0.950477 -0.308829 -0.034899 0.969705 -0.241775 -0.034899 
0.950477 -0.308829 0.034900 0.926619 -0.374378 0.034900 0.926619 -0.374378 -0.034899 0.950477 -0.308829 -0.034899 
0.926619 -0.374378 0.034900 0.898247 -0.438104 0.034900 0.898247 -0.438104 -0.034899 0.926619 -0.374378 -0.034899 
0.898247 -0.438104 0.034900 0.865498 -0.499695 0.034900 0.865498 -0.499695 -0.034899 0.898247 -0.438104 -0.034899 
0.865498 -0.499695 0.034900 0.828533 -0.558852 0.034900 0.828533 -0.558852 -0.034899 0.865498 -0.499695 -0.034899 
0.828533 -0.558852 0.034900 0.787531 -0.615286 0.034900 0.787531 -0.615286 -0.034899 0.828533 -0.558852 -0.034899 
0.787531 -0.615286 0.034900 0.742692 -0.668723 0.034900 0.742692 -0.668723 -0.034899 0.787531 -0.615286 -0.034899 
0.742692 -0.668723 0.034900 0.694235 -0.718902 0.034900 0.694235 -0.718902 -0.034899 0.742692 -0.668723 -0.034899 
0.694235 -0.718902 0.034900 0.642396 -0.765578 0.034900 0.642396 -0.765578 -0.034899 0.694235 -0.718902 -0.034899 
0.642396 -0.765578 0.034900 0.587427 -0.808524 0.034900 0.587427 -0.808524 -0.034899 0.642396 -0.765578 -0.034899 
0.587427 -0.808524 0.034900 0.529596 -0.847531 0.034900 0.529596 -0.847531 -0.034899 0.587427 -0.808524 -0.034899 
0.529596 -0.847531 0.034900 0.469186 -0.882410 0.034900 0.469186 -0.882410 -0.034899 0.529596 -0.847531 -0.034899 
0.469186 -0.882410 0.034900 0.406489 -0.912989 0.034900 0.406489 -0.912989 -0.034899 0.469186 -0.882410 -0.034899 
0.406489 -0.912989 0.034900 0.341812 -0.939120 0.034900 0.341812 -0.939120 -0.034899 0.406489 -0.912989 -0.034899 
0.341812 -0.939120 0.034900 0.275469 -0.960676 0.034900 0.275469 -0.960676 -0.034899 0.341812 -0.939120 -0.034899 
0.275469 -0.960676 0.034900 0.207785 -0.977552 0.034900 0.207785 -0.977552 -0.034899 0.275469 -0.960676 -0.034899 
0.207785 -0.977552 0.034900 0.139088 -0.989665 0.034900 0.139088 -0.989665 -0.034899 0.207785 -0.977552 -0.034899 
0.139088 -0.989665 0.034900 0.069714 -0.996956 0.034900 0.069714 -0.996956 -0.034899 0.139088 -0.989665 -0.034899 
0.069714 -0.996956 0.034900 0.000000 -0.999391 0.034900 0.000000 -0.999391 -0.034899 0.069714 -0.996956 -0.034899 
0.000000 -0.999391 0.034900 -0.069714 -0.996956 0.034900 -0.069714 -0.996956 -0.034899 0.000000 -0.999391 -0.034899 
-0.069714 -0.996956 0.034900 -0.139088 -0.989665 0.034900 -0.139088 -0.989665 -0.034899 -0.069714 -0.996956 -0.034899 
-0.139088 -0.989665 0.034900 -0.207785 -0.977552 0.034900 -0.207785 -0.977552 -0.034899 -0.139088 -0.989665 -0.034899 
-0.207785 -0.977552 0.034900 -0.275469 -0.960676 0.034900 -0.275469 -0.960676 -0.034899 -0.207785 -0.977552 -0.034899 
-0.275469 -0.960676 0.034900 -0.341812 -0.939120 0.034900 -0.341812 -0.939120 -0.034899 -0.275469 -0.960676 -0.034899 
-0.341812 -0.939120 0.034900 -0.406489 -0.912989 0.034900 -0.406489 -0.912989 -0.034899 -0.341812 -0.939120 -0.034899 
-0.406489 -0.912989 0.034900 -0.469186 -0.882410 0.034900 -0.469186 -0.882410 -0.034899 -0.406489 -0.912989 -0.034899 
-0.469186 -0.882410 0.034900 -0.529596 -0.847531 0.034900 -0.529596 -0.847531 -0.034899 -0.469186 -0.882410 -0.034899 
-0.529596 -0.847531 0.034900 -0.587427 -0.808524 0.034900 -0.587427 -0.808524 -0.034899 -0.529596 -0.847531 -0.034899 
-0.587427 -0.808524 0.034900 -0.642396 -0.765578 0.034900 -0.642396 -0.765578 -0.034899 -0.587427 -0.808524 -0.034899 
-0.642396 -0.765578 0.034900 -0.694235 -0.718902 0.034900 -0.694235 -0.718902 -0.034899 -0.642396 -0.765578 -0.034899 
-0.694235 -0.718902 0.034900 -0.742692 -0.668723 0.034900 -0.742692 -0.668723 -0.034899 -0.694235 -0.718902 -0.034899 
-0.742692 -0.668723 0.034900 -0.787531 -0.615286 0.034900 -0.787531 -0.615286 -0.034899 -0.742692 -0.668723 -0.034899 
-0.787531 -0.615286 0.034900 -0.828533 -0.558852 0.034900 -0.828533 -0.558852 -0.034899 -0.787531 -0.615286 -0.034899 
-0.828533 -0.558852 0.034900 -0.865498 -0.499695 0.034900 -0.865498 -0.499695 -0.034899 -0.828533 -0.558852 -0.034899 
-0.865498 -0.499695 0.034900 -0.898247 -0.438104 0.034900 -0.898247 -0.438104 -0.034899 -0.865498 -0.499695 -0.034899 
-0.898247 -0.438104 0.034900 -0.926619 -0.374378 0.034900 -0.926619 -0.374378 -0.034899 -0.898247 -0.438104 -0.034899 
-0.926619 -0.374378 0.034900 -0.950477 -0.308829 0.034900 -0.950477 -0.308829 -0.034899 -0.926619 -0.374378 -0.034899 
-0.950477 -0.308829 0.034900 -0.969705 -0.241775 0.034900 -0.969705 -0.241775 -0.034899 -0.950477 -0.308829 -0.034899 
-0.969705 -0.241775 0.034900 -0.984208 -0.173542 0.034900 -0.984208 -0.173542 -0.034899 -0.969705 -0.241775 -0.034899 
-0.984208 -0.173542 0.034900 -0.993916 -0.104465 0.034900 -0.993916 -0.104465 -0.034899 -0.984208 -0.173542 -0.034899 
-0.993916 -0.104465 0.034900 -0.998782 -0.034878 0.034900 -0.998782 -0.034878 -0.034899 -0.993916 -0.104465 -0.034899 
-0.998782 -0.034878 0.034900 -0.998782 0.034878 0.034900 -0.998782 0.034878 -0.034899 -0.998782 -0.034878 -0.034899 
-0.998782 0.034878 0.034900 -0.993916 0.104465 0.034900 -0.993916 0.104465 -0.034899 -0.998782 0.034878 -0.034899 
-0.993916 0.104465 0.034900 -0.984208 0.173542 0.034900 -0.984208 0.173542 -0.034899 -0.993916 0.104465 -0.034899 
-0.984208 0.173542 0.034900 -0.969705 0.241774 0.034900 -0.969705 0.241774 -0.034899 -0.984208 0.173542 -0.034899 
-0.969705 0.241774 0.034900 -0.950477 0.308829 0.034900 -0.950477 0.308829 -0.034899 -0.969705 0.241774 -0.034899 
-0.950477 0.308829 0.034900 -0.926619 0.374378 0.034900 -0.926619 0.374378 -0.034899 -0.950477 0.308829 -0.034899 
-0.926619 0.374378 0.034900 -0.898247 0.438104 0.034900 -0.898247 0.438104 -0.034899 -0.926619 0.374378 -0.034899 
-0.898247 0.438104 0.034900 -0.865498 0.499695 0.034900 -0.865498 0.499695 -0.034899 -0.898247 0.438104 -0.034899 
-0.865498 0.499695 0.034900 -0.828533 0.558852 0.034900 -0.828533 0.558852 -0.034899 -0.865498 0.499695 -0.034899 
-0.828533 0.558852 0.034900 -0.787531 0.615286 0.034900 -0.787531 0.615286 -0.034899 -0.828533 0.558852 -0.034899 
-0.787531 0.615286 0.034900 -0.742692 0.668723 0.034900 -0.742692 0.668723 -0.034899 -0.787531 0.615286 -0.034899 
-0.742692 0.668723 0.034900 -0.694235 0.718902 0.034900 -0.694235 0.718902 -0.034899 -0.742692 0.668723 -0.034899 
-0.694235 0.718902 0.034900 -0.642396 0.765578 0.034900 -0.642396 0.765578 -0.034899 -0.694235 0.718902 -0.034899 
-0.642396 0.765578 0.034900 -0.587427 0.808524 0.034900 -0.587427 0.808524 -0.034899 -0.642396 0.765578 -0.034899 
-0.587427 0.808524 0.034900 -0.529597 0.847531 0.034900 -0.529597 0.847531 -0.034899 -0.587427 0.808524 -0.034899 
-0.529597 0.847531 0.034900 -0.469186 0.882410 0.034900 -0.469186 0.882410 -0.034899 -0.529597 0.847531 -0.034899 
-0.469186 0.882410 0.034900 -0.406489 0.912989 0.034900 -0.406489 0.912989 -0.034899 -0.469186 0.882410 -0.034899 
-0.406489 0.912989 0.034900 -0.341812 0.939120 0.034900 -0.341812 0.939120 -0.034899 -0.406489 0.912989 -0.034899 
-0.341812 0.939120 0.034900 -0.275469 0.960676 0.034900 -0.275469 0.960676 -0.034899 -0.341812 0.939120 -0.034899 
-0.275469 0.960676 0.034900 -0.207785 0.977552 0.034900 -0.207785 0.977552 -0.034899 -0.275469 0.960676 -0.034899 
-0.207785 0.977552 0.034900 -0.139088 0.989665 0.034900 -0.139088 0.989665 -0.034899 -0.207785 0.977552 -0.034899 
-0.139088 0.989665 0.034900 -0.069714 0.996956 0.034900 -0.069714 0.996956 -0.034899 -0.139088 0.989665 -0.034899 
-0.069714 0.996956 0.034900 -0.000000 0.999391 0.034900 -0.000000 0.999391 -0.034899 -0.069714 0.996956 -0.034899 
0.000000 0.999391 -0.034899 0.069714 0.996956 -0.034899 0.069374 0.992099 -0.104528 0.000000 0.994522 -0.104528 
0.069714 0.996956 -0.034899 0.139088 0.989665 -0.034899 0.138411 0.984843 -0.104528 0.069374 0.992099 -0.104528 
0.139088 0.989665 -0.034899 0.207785 0.977552 -0.034899 0.206773 0.972789 -0.104528 0.138411 0.984843 -0.104528 
0.207785 0.977552 -0.034899 0.275469 0.960676 -0.034899 0.274127 0.955996 -0.104528 0.206773 0.972789 -0.104528 
0.275469 0.960676 -0.034899 0.341812 0.939120 -0.034899 0.340147 0.934545 -0.104528 0.274127 0.955996 -0.104528 
0.341812 0.939120 -0.034899 0.406489 0.912989 -0.034899 0.404509 0.908541 -0.104528 0.340147 0.934545 -0.104528 
0.406489 0.912989 -0.034899 0.469186 0.882410 -0.034899 0.466900 0.878111 -0.104528 0.404509 0.908541 -0.104528 
0.469186 0.882410 -0.034899 0.529596 0.847531 -0.034899 0.527016 0.843402 -0.104528 0.466900 0.878111 -0.104528 
0.529596 0.847531 -0.034899 0.587427 0.808524 -0.034899 0.584565 0.804585 -0.104528 0.527016 0.843402 -0.104528 
0.587427 0.808524 -0.034899 0.642396 0.765578 -0.034899 0.639266 0.761848 -0.104528 0.584565 0.804585 -0.104528 
0.642396 0.765578 -0.034899 0.694235 0.718902 -0.034899 0.690853 0.715399 -0.104528 0.639266 0.761848 -0.104528 
0.694235 0.718902 -0.034899 0.742692 0.668723 -0.034899 0.739074 0.665465 -0.104528 0.690853 0.715399 -0.104528 
0.742692 0.668723 -0.034899 0.787531 0.615286 -0.034899 0.783694 0.612289 -0.104528 0.739074 0.665465 -0.104528 
0.787531 0.615286 -0.034899 0.828533 0.558852 -0.034899 0.824496 0.556130 -0.104528 0.783694 0.612289 -0.104528 
0.828533 0.558852 -0.034899 0.865498 0.499695 -0.034899 0.861281 0.497261 -0.104528 0.824496 0.556130 -0.104528 
0.865498 0.499695 -0.034899 0.898247 0.438104 -0.034899 0.893870 0.435970 -0.104528 0.861281 0.497261 -0.104528 
0.898247 0.438104 -0.034899 0.926619 0.374378 -0.034899 0.922105 0.372554 -0.104528 0.893870 0.435970 -0.104528 
0.926619 0.374378 -0.034899 0.950477 0.308829 -0.034899 0.945847 0.307324 -0.104528 0.922105 0.372554 -0.104528 
0.950477 0.308829 -0.034899 0.969705 0.241775 -0.034899 0.964980 0.240597 -0.104528 0.945847 0.307324 -0.104528 
0.969705 0.241775 -0.034899 0.984208 0.173542 -0.034899 0.979413 0.172697 -0.104528 0.964980 0.240597 -0.104528 
0.984208 0.173542 -0.034899 0.993916 0.104465 -0.034899 0.989074 0.103956 -0.104528 0.979413 0.172697 -0.104528 
0.993916 0.104465 -0.034899 0.998782 0.034878 -0.034899 0.993916 0.034708 -0.104528 0.989074 0.103956 -0.104528 
0.998782 0.034878 -0.034899 0.998782 -0.034878 -0.034899 0.993916 -0.034708 -0.104528 0.993916 0.034708 -0.104528 
0.998782 -0.034878 -0.034899 0.993916 -0.104465 -0.034899 0.989074 -0.103956 -0.104528 0.993916 -0.034708 -0.104528 
0.993916 -0.104465 -0.034899 0.984208 -0.173542 -0.034899 0.979413 -0.172697 -0.104528 0.989074 -0.103956 -0.104528 
0.984208 -0.173542 -0.034899 0.969705 -0.241775 -0.034899 0.964980 -0.240597 -0.104528 0.979413 -0.172697 -0.104528 
0.969705 -0.241775 -0.034899 0.950477 -0.308829 -0.034899 0.945847 -0.307324 -0.104528 0.964980 -0.240597 -0.104528 
0.950477 -0.308829 -0.034899 0.926619 -0.374378 -0.034899 0.922105 -0.372554 -0.104528 0.945847 -0.307324 -0.104528 
0.926619 -0.374378 -0.034899 0.898247 -0.438104 -0.034899 0.893870 -0.435970 -0.104528 0.922105 -0.372554 -0.104528 
0.898247 -0.438104 -0.034899 0.865498 -0.499695 -0.034899 0.861281 -0.497261 -0.104528 0.893870 -0.435970 -0.104528 
0.865498 -0.499695 -0.034899 0.828533 -0.558852 -0.034899 0.824496 -0.556130 -0.104528 0.861281 -0.497261 -0.104528 
0.828533 -0.558852 -0.034899 0.787531 -0.615286 -0.034899 0.783694 -0.612289 -0.104528 0.824496 -0.556130 -0.104528 
0.787531 -0.615286 -0.034899 0.742692 -0.668723 -0.034899 0.739074 -0.665465 -0.104528 0.783694 -0.612289 -0.104528 
0.742692 -0.668723 -0.034899 0.694235 -0.718902 -0.034899 0.690853 -0.715399 -0.104528 0.739074 -0.665465 -0.104528 
0.694235 -0.718902 -0.034899 0.642396 -0.765578 -0.034899 0.639266 -0.761848 -0.104528 0.690853 -0.715399 -0.104528 
0.642396 -0.765578 -0.034899 0.587427 -0.808524 -0.034899 0.584565 -0.804585 -0.104528 0.639266 -0.761848 -0.104528 
0.587427 -0.808524 -0.034899 0.529596 -0.847531 -0.034899 0.527016 -0.843402 -0.104528 0.584565 -0.804585 -0.104528 
0.529596 -0.847531 -0.034899 0.469186 -0.882410 -0.034899 0.466900 -0.878111 -0.104528 0.527016 -0.843402 -0.104528 
0.469186 -0.882410 -0.034899 0.406489 -0.912989 -0.034899 0.404509 -0.908541 -0.104528 0.466900 -0.878111 -0.104528 
0.406489 -0.912989 -0.034899 0.341812 -0.939120 -0.034899 0.340147 -0.934545 -0.104528 0.404509 -0.908541 -0.104528 
0.341812 -0.939120 -0.034899 0.275469 -0.960676 -0.034899 0.274127 -0.955996 -0.104528 0.340147 -0.934545 -0.104528 
0.275469 -0.960676 -0.034899 0.207785 -0.977552 -0.034899 0.206773 -0.972789 -0.104528 0.274127 -0.955996 -0.104528 
0.207785 -0.977552 -0.034899 0.139088 -0.989665 -0.034899 0.138411 -0.984843 -0.104528 0.206773 -0.972789 -0.104528 
0.139088 -0.989665 -0.034899 0.069714 -0.996956 -0.034899 0.069374 -0.992099 -0.104528 0.138411 -0.984843 -0.104528 
0.069714 -0.996956 -0.034899 0.000000 -0.999391 -0.034899 0.000000 -0.994522 -0.104528 0.069374 -0.992099 -0.104528 
0.000000 -0.999391 -0.034899 -0.069714 -0.996956 -0.034899 -0.069374 -0.992099 -0.104528 0.000000 -0.994522 -0.104528 
-0.069714 -0.996956 -0.034899 -0.139088 -0.989665 -0.034899 -0.138411 -0.984843 -0.104528 -0.069374 -0.992099 -0.104528 
-0.139088 -0.989665 -0.034899 -0.207785 -0.977552 -0.034899 -0.206773 -0.972789 -0.104528 -0.138411 -0.984843 -0.104528 
-0.207785 -0.977552 -0.034899 -0.275469 -0.960676 -0.034899 -0.274127 -0.955996 -0.104528 -0.206773 -0.972789 -0.104528 
-0.275469 -0.960676 -0.034899 -0.341812 -0.939120 -0.034899 -0.340147 -0.934545 -0.104528 -0.274127 -0.955996 -0.104528 
-0.341812 -0.939120 -0.034899 -0.406489 -0.912989 -0.034899 -0.404508 -0.908541 -0.104528 -0.340147 -0.934545 -0.104528 
-0.406489 -0.912989 -0.034899 -0.469186 -0.882410 -0.034899 -0.466900 -0.878111 -0.104528 -0.404508 -0.908541 -0.104528 
-0.469186 -0.882410 -0.034899 -0.529596 -0.847531 -0.034899 -0.527016 -0.843402 -0.104528 -0.466900 -0.878111 -0.104528 
-0.529596 -0.847531 -0.034899 -0.587427 -0.808524 -0.034899 -0.584565 -0.804585 -0.104528 -0.527016 -0.843402 -0.104528 
-0.587427 -0.808524 -0.034899 -0.642396 -0.765578 -0.034899 -0.639266 -0.761848 -0.104528 -0.584565 -0.804585 -0.104528 
-0.642396 -0.765578 -0.034899 -0.694235 -0.718902 -0.034899 -0.690853 -0.715399 -0.104528 -0.639266 -0.761848 -0.104528 
-0.694235 -0.718902 -0.034899 -0.742692 -0.668723 -0.034899 -0.739074 -0.665465 -0.104528 -0.690853 -0.715399 -0.104528 
-0.742692 -0.668723 -0.034899 -0.787531 -0.615286 -0.034899 -0.783694 -0.612289 -0.104528 -0.739074 -0.665465 -0.104528 
-0.787531 -0.615286 -0.034899 -0.828533 -0.558852 -0.034899 -0.824496 -0.556130 -0.104528 -0.783694 -0.612289 -0.104528 
-0.828533 -0.558852 -0.034899 -0.865498 -0.499695 -0.034899 -0.861281 -0.497261 -0.104528 -0.824496 -0.556130 -0.104528 
-0.865498 -0.499695 -0.034899 -0.898247 -0.438104 -0.034899 -0.893870 -0.435970 -0.104528 -0.861281 -0.497261 -0.104528 
-0.898247 -0.438104 -0.034899 -0.926619 -0.374378 -0.034899 -0.922105 -0.372555 -0.104528 -0.893870 -0.435970 -0.104528 
-0.926619 -0.374378 -0.034899 -0.950477 -0.308829 -0.034899 -0.945846 -0.307324 -0.104528 -0.922105 -0.372555 -0.104528 
-0.950477 -0.308829 -0.034899 -0.969705 -0.241775 -0.034899 -0.964980 -0.240597 -0.104528 -0.945846 -0.307324 -0.104528 
-0.969705 -0.241775 -0.034899 -0.984208 -0.173542 -0.034899 -0.979413 -0.172697 -0.104528 -0.964980 -0.240597 -0.104528 
-0.984208 -0.173542 -0.034899 -0.993916 -0.104465 -0.034899 -0.989074 -0.103956 -0.104528 -0.979413 -0.172697 -0.104528 
-0.993916 -0.104465 -0.034899 -0.998782 -0.034878 -0.034899 -0.993916 -0.034708 -0.104528 -0.989074 -0.103956 -0.104528 
-0.998782 -0.034878 -0.034899 -0.998782 0.034878 -0.034899 -0.993916 0.034708 -0.104528 -0.993916 -0.034708 -0.104528 
-0.998782 0.034878 -0.034899 -0.993916 0.104465 -0.034899 -0.989074 0.103956 -0.104528 -0.993916 0.034708 -0.104528 
-0.993916 0.104465 -0.034899 -0.984208 0.173542 -0.034899 -0.979413 0.172697 -0.104528 -0.989074 0.103956 -0.104528 
-0.984208 0.173542 -0.034899 -0.969705 0.241774 -0.034899 -0.964980 0.240597 -0.104528 -0.979413 0.172697 -0.104528 
-0.969705 0.241774 -0.034899 -0.950477 0.308829 -0.034899 -0.945847 0.307324 -0.104528 -0.964980 0.240597 -0.104528 
-0.950477 0.308829 -0.034899 -0.926619 0.374378 -0.034899 -0.922105 0.372554 -0.104528 -0.945847 0.307324 -0.104528 
-0.926619 0.374378 -0.034899 -0.898247 0.438104 -0.034899 -0.893870 0.435970 -0.104528 -0.922105 0.372554 -0.104528 
-0.898247 0.438104 -0.034899 -0.865498 0.499695 -0.034899 -0.861281 0.497261 -0.104528 -0.893870 0.435970 -0.104528 
-0.865498 0.499695 -0.034899 -0.828533 0.558852 -0.034899 -0.824496 0.556130 -0.104528 -0.861281 0.497261 -0.104528 
-0.828533 0.558852 -0.034899 -0.787531 0.615286 -0.034899 -0.783694 0.612289 -0.104528 -0.824496 0.556130 -0.104528 
-0.787531 0.615286 -0.034899 -0.742692 0.668723 -0.034899 -0.739074 0.665465 -0.104528 -0.783694 0.612289 -0.104528 
-0.742692 0.668723 -0.034899 -0.694235 0.718902 -0.034899 -0.690853 0.715399 -0.104528 -0.739074 0.665465 -0.104528 
-0.694235 0.718902 -0.034899 -0.642396 0.765578 -0.034899 -0.639266 0.761848 -0.104528 -0.690853 0.715399 -0.104528 
-0.642396 0.765578 -0.034899 -0.587427 0.808524 -0.034899 -0.584565 0.804585 -0.104528 -0.639266 0.761848 -0.104528 
-0.587427 0.808524 -0.034899 -0.529597 0.847531 -0.034899 -0.527016 0.843402 -0.104528 -0.584565 0.804585 -0.104528 
-0.529597 0.847531 -0.034899 -0.469186 0.882410 -0.034899 -0.466900 0.878111 -0.104528 -0.527016 0.843402 -0.104528 
-0.469186 0.882410 -0.034899 -0.406489 0.912989 -0.034899 -0.404509 0.908541 -0.104528 -0.466900 0.878111 -0.104528 
-0.406489 0.912989 -0.034899 -0.341812 0.939120 -0.034899 -0.340147 0.934545 -0.104528 -0.404509 0.908541 -0.104528 
-0.341812 0.939120 -0.034899 -0.275469 0.960676 -0.034899 -0.274127 0.955996 -0.104528 -0.340147 0.934545 -0.104528 
-0.275469 0.960676 -0.034899 -0.207785 0.977552 -0.034899 -0.206773 0.972789 -0.104528 -0.274127 0.955996 -0.104528 
-0.207785 0.977552 -0.034899 -0.139088 0.989665 -0.034899 -0.138411 0.984843 -0.104528 -0.206773 0.972789 -0.104528 
-0.139088 0.989665 -0.034899 -0.069714 0.996956 -0.034899 -0.069374 0.992099 -0.104528 -0.138411 0.984843 -0.104528 
-0.069714 0.996956 -0.034899 -0.000000 0.999391 -0.034899 -0.000000 0.994522 -0.104528 -0.069374 0.992099 -0.104528 
0.000000 0.994522 -0.104528 0.069374 0.992099 -0.104528 0.068697 0.982409 -0.173648 0.000000 0.984808 -0.173648 
0.069374 0.992099 -0.104528 0.138411 0.984843 -0.104528 0.137059 0.975224 -0.173648 0.068697 0.982409 -0.173648 
0.138411 0.984843 -0.104528 0.206773 0.972789 -0.104528 0.204753 0.963287 -0.173648 0.137059 0.975224 -0.173648 
0.206773 0.972789 -0.104528 0.274127 0.955996 -0.104528 0.271450 0.946658 -0.173648 0.204753 0.963287 -0.173648 
0.274127 0.955996 -0.104528 0.340147 0.934545 -0.104528 0.336824 0.925417 -0.173648 0.271450 0.946658 -0.173648 
0.340147 0.934545 -0.104528 0.404509 0.908541 -0.104528 0.400557 0.899667 -0.173648 0.336824 0.925417 -0.173648 
0.404509 0.908541 -0.104528 0.466900 0.878111 -0.104528 0.462339 0.869534 -0.173648 0.400557 0.899667 -0.173648 
0.466900 0.878111 -0.104528 0.527016 0.843402 -0.104528 0.521869 0.835164 -0.173648 0.462339 0.869534 -0.173648 
0.527016 0.843402 -0.104528 0.584565 0.804585 -0.104528 0.578856 0.796726 -0.173648 0.521869 0.835164 -0.173648 
0.584565 0.804585 -0.104528 0.639266 0.761848 -0.104528 0.633022 0.754407 -0.173648 0.578856 0.796726 -0.173648 
0.639266 0.761848 -0.104528 0.690853 0.715399 -0.104528 0.684105 0.708411 -0.173648 0.633022 0.754407 -0.173648 
0.690853 0.715399 -0.104528 0.739074 0.665465 -0.104528 0.731855 0.658965 -0.173648 0.684105 0.708411 -0.173648 
0.739074 0.665465 -0.104528 0.783694 0.612289 -0.104528 0.776039 0.606308 -0.173648 0.731855 0.658965 -0.173648 
0.783694 0.612289 -0.104528 0.824496 0.556130 -0.104528 0.816443 0.550698 -0.173648 0.776039 0.606308 -0.173648 
0.824496 0.556130 -0.104528 0.861281 0.497261 -0.104528 0.852869 0.492404 -0.173648 0.816443 0.550698 -0.173648 
0.861281 0.497261 -0.104528 0.893870 0.435970 -0.104528 0.885139 0.431711 -0.173648 0.852869 0.492404 -0.173648 
0.893870 0.435970 -0.104528 0.922105 0.372554 -0.104528 0.913098 0.368915 -0.173648 0.885139 0.431711 -0.173648 
0.922105 0.372554 -0.104528 0.945847 0.307324 -0.104528 0.936608 0.304322 -0.173648 0.913098 0.368915 -0.173648 
0.945847 0.307324 -0.104528 0.964980 0.240597 -0.104528 0.955555 0.238247 -0.173648 0.936608 0.304322 -0.173648 
0.964980 0.240597 -0.104528 0.979413 0.172697 -0.104528 0.969846 0.171010 -0.173648 0.955555 0.238247 -0.173648 
0.979413 0.172697 -0.104528 0.989074 0.103956 -0.104528 0.979413 0.102940 -0.173648 0.969846 0.171010 -0.173648 
0.989074 0.103956 -0.104528 0.993916 0.034708 -0.104528 0.984208 0.034369 -0.173648 0.979413 0.102940 -0.173648 
0.993916 0.034708 -0.104528 0.993916 -0.034708 -0.104528 0.984208 -0.034369 -0.173648 0.984208 0.034369 -0.173648 
0.993916 -0.034708 -0.104528 0.989074 -0.103956 -0.104528 0.979413 -0.102940 -0.173648 0.984208 -0.034369 -0.173648 
0.989074 -0.103956 -0.104528 0.979413 -0.172697 -0.104528 0.969846 -0.171010 -0.173648 0.979413 -0.102940 -0.173648 
0.979413 -0.172697 -0.104528 0.964980 -0.240597 -0.104528 0.955555 -0.238247 -0.173648 0.969846 -0.171010 -0.173648 
0.964980 -0.240597 -0.104528 0.945847 -0.307324 -0.104528 0.936608 -0.304322 -0.173648 0.955555 -0.238247 -0.173648 
0.945847 -0.307324 -0.104528 0.922105 -0.372554 -0.104528 0.913098 -0.368915 -0.173648 0.936608 -0.304322 -0.173648 
0.922105 -0.372554 -0.104528 0.893870 -0.435970 -0.104528 0.885139 -0.431711 -0.173648 0.913098 -0.368915 -0.173648 
0.893870 -0.435970 -0.104528 0.861281 -0.497261 -0.104528 0.852869 -0.492404 -0.173648 0.885139 -0.431711 -0.173648 
0.861281 -0.497261 -0.104528 0.824496 -0.556130 -0.104528 0.816443 -0.550698 -0.173648 0.852869 -0.492404 -0.173648 
0.824496 -0.556130 -0.104528 0.783694 -0.612289 -0.104528 0.776039 -0.606308 -0.173648 0.816443 -0.550698 -0.173648 
0.783694 -0.612289 -0.104528 0.739074 -0.665465 -0.104528 0.731855 -0.658965 -0.173648 0.776039 -0.606308 -0.173648 
0.739074 -0.665465 -0.104528 0.690853 -0.715399 -0.104528 0.684105 -0.708411 -0.173648 0.731855 -0.658965 -0.173648 
0.690853 -0.715399 -0.104528 0.639266 -0.761848 -0.104528 0.633022 -0.754407 -0.173648 0.684105 -0.708411 -0.173648 
0.639266 -0.761848 -0.104528 0.584565 -0.804585 -0.104528 0.578856 -0.796726 -0.173648 0.633022 -0.754407 -0.173648 
0.584565 -0.804585 -0.104528 0.527016 -0.843402 -0.104528 0.521869 -0.835164 -0.173648 0.578856 -0.796726 -0.173648 
0.527016 -0.843402 -0.104528 0.466900 -0.878111 -0.104528 0.462339 -0.869534 -0.173648 0.521869 -0.835164 -0.173648 
0.466900 -0.878111 -0.104528 0.404509 -0.908541 -0.104528 0.400557 -0.899667 -0.173648 0.462339 -0.869534 -0.173648 
0.404509 -0.908541 -0.104528 0.340147 -0.934545 -0.104528 0.336824 -0.925417 -0.173648 0.400557 -0.899667 -0.173648 
0.340147 -0.934545 -0.104528 0.274127 -0.955996 -0.104528 0.271450 -0.946658 -0.173648 0.336824 -0.925417 -0.173648 
0.274127 -0.955996 -0.104528 0.206773 -0.972789 -0.104528 0.204753 -0.963287 -0.173648 0.271450 -0.946658 -0.173648 
0.206773 -0.972789 -0.104528 0.138411 -0.984843 -0.104528 0.137059 -0.975224 -0.173648 0.204753 -0.963287 -0.173648 
0.138411 -0.984843 -0.104528 0.069374 -0.992099 -0.104528 0.068697 -0.982409 -0.173648 0.137059 -0.975224 -0.173648 
0.069374 -0.992099 -0.104528 0.000000 -0.994522 -0.104528 0.000000 -0.984808 -0.173648 0.068697 -0.982409 -0.173648 
0.000000 -0.994522 -0.104528 -0.069374 -0.992099 -0.104528 -0.068697 -0.982409 -0.173648 0.000000 -0.984808 -0.173648 
-0.069374 -0.992099 -0.104528 -0.138411 -0.984843 -0.104528 -0.137059 -0.975224 -0.173648 -0.068697 -0.982409 -0.173648 
-0.138411 -0.984843 -0.104528 -0.206773 -0.972789 -0.104528 -0.204753 -0.963287 -0.173648 -0.137059 -0.975224 -0.173648 
-0.206773 -0.972789 -0.104528 -0.274127 -0.955996 -0.104528 -0.271450 -0.946658 -0.173648 -0.204753 -0.963287 -0.173648 
-0.274127 -0.955996 -0.104528 -0.340147 -0.934545 -0.104528 -0.336824 -0.925417 -0.173648 -0.271450 -0.946658 -0.173648 
-0.340147 -0.934545 -0.104528 -0.404508 -0.908541 -0.104528 -0.400557 -0.899667 -0.173648 -0.336824 -0.925417 -0.173648 
-0.404508 -0.908541 -0.104528 -0.466900 -0.878111 -0.104528 -0.462339 -0.869534 -0.173648 -0.400557 -0.899667 -0.173648 
-0.466900 -0.878111 -0.104528 -0.527016 -0.843402 -0.104528 -0.521869 -0.835164 -0.173648 -0.462339 -0.869534 -0.173648 
-0.527016 -0.843402 -0.104528 -0.584565 -0.804585 -0.104528 -0.578856 -0.796726 -0.173648 -0.521869 -0.835164 -0.173648 
-0.584565 -0.804585 -0.104528 -0.639266 -0.761848 -0.104528 -0.633022 -0.754407 -0.173648 -0.578856 -0.796726 -0.173648 
-0.639266 -0.761848 -0.104528 -0.690853 -0.715399 -0.104528 -0.684105 -0.708411 -0.173648 -0.633022 -0.754407 -0.173648 
-0.690853 -0.715399 -0.104528 -0.739074 -0.665465 -0.104528 -0.731855 -0.658965 -0.173648 -0.684105 -0.708412 -0.173648 
-0.739074 -0.665465 -0.104528 -0.783694 -0.612289 -0.104528 -0.776039 -0.606308 -0.173648 -0.731855 -0.658965 -0.173648 
-0.783694 -0.612289 -0.104528 -0.824496 -0.556130 -0.104528 -0.816443 -0.550698 -0.173648 -0.776039 -0.606308 -0.173648 
-0.824496 -0.556130 -0.104528 -0.861281 -0.497261 -0.104528 -0.852869 -0.492404 -0.173648 -0.816443 -0.550698 -0.173648 
-0.861281 -0.497261 -0.104528 -0.893870 -0.435970 -0.104528 -0.885139 -0.431711 -0.173648 -0.852869 -0.492404 -0.173648 
-0.893870 -0.435970 -0.104528 -0.922105 -0.372555 -0.104528 -0.913098 -0.368916 -0.173648 -0.885139 -0.431711 -0.173648 
-0.922105 -0.372555 -0.104528 -0.945847 -0.307324 -0.104528 -0.936608 -0.304322 -0.173648 -0.913098 -0.368916 -0.173648 
-0.945847 -0.307324 -0.104528 -0.964980 -0.240597 -0.104528 -0.955555 -0.238247 -0.173648 -0.936608 -0.304322 -0.173648 
-0.964980 -0.240597 -0.104528 -0.979413 -0.172697 -0.104528 -0.969846 -0.171010 -0.173648 -0.955555 -0.238247 -0.173648 
-0.979413 -0.172697 -0.104528 -0.989074 -0.103956 -0.104528 -0.979413 -0.102940 -0.173648 -0.969846 -0.171010 -0.173648 
-0.989074 -0.103956 -0.104528 -0.993916 -0.034708 -0.104528 -0.984208 -0.034369 -0.173648 -0.979413 -0.102940 -0.173648 
-0.993916 -0.034708 -0.104528 -0.993916 0.034708 -0.104528 -0.984208 0.034369 -0.173648 -0.984208 -0.034369 -0.173648 
-0.993916 0.034708 -0.104528 -0.989074 0.103956 -0.104528 -0.979413 0.102940 -0.173648 -0.984208 0.034369 -0.173648 
-0.989074 0.103956 -0.104528 -0.979413 0.172697 -0.104528 -0.969846 0.171010 -0.173648 -0.979413 0.102940 -0.173648 
-0.979413 0.172697 -0.104528 -0.964980 0.240597 -0.104528 -0.955555 0.238247 -0.173648 -0.969846 0.171010 -0.173648 
-0.964980 0.240597 -0.104528 -0.945847 0.307324 -0.104528 -0.936608 0.304322 -0.173648 -0.955555 0.238247 -0.173648 
-0.945847 0.307324 -0.104528 -0.922105 0.372554 -0.104528 -0.913098 0.368915 -0.173648 -0.936608 0.304322 -0.173648 
-0.922105 0.372554 -0.104528 -0.893870 0.435970 -0.104528 -0.885139 0.431711 -0.173648 -0.913098 0.368915 -0.173648 
-0.893870 0.435970 -0.104528 -0.861281 0.497261 -0.104528 -0.852869 0.492404 -0.173648 -0.885139 0.431711 -0.173648 
-0.861281 0.497261 -0.104528 -0.824496 0.556130 -0.104528 -0.816443 0.550698 -0.173648 -0.852869 0.492404 -0.173648 
-0.824496 0.556130 -0.104528 -0.783694 0.612289 -0.104528 -0.776039 0.606308 -0.173648 -0.816443 0.550698 -0.173648 
-0.783694 0.612289 -0.104528 -0.739074 0.665465 -0.104528 -0.731855 0.658965 -0.173648 -0.776039 0.606308 -0.173648 
-0.739074 0.665465 -0.104528 -0.690853 0.715399 -0.104528 -0.684105 0.708411 -0.173648 -0.731855 0.658965 -0.173648 
-0.690853 0.715399 -0.104528 -0.639266 0.761848 -0.104528 -0.633022 0.754407 -0.173648 -0.684105 0.708411 -0.173648 
-0.639266 0.761848 -0.104528 -0.584565 0.804585 -0.104528 -0.578856 0.796726 -0.173648 -0.633022 0.754407 -0.173648 
-0.584565 0.804585 -0.104528 -0.527016 0.843402 -0.104528 -0.521869 0.835164 -0.173648 -0.578856 0.796726 -0.173648 
-0.527016 0.843402 -0.104528 -0.466900 0.878111 -0.104528 -0.462339 0.869534 -0.173648 -0.521869 0.835164 -0.173648 
-0.466900 0.878111 -0.104528 -0.404509 0.908541 -0.104528 -0.400557 0.899667 -0.173648 -0.462339 0.869534 -0.173648 
-0.404509 0.908541 -0.104528 -0.340147 0.934545 -0.104528 -0.336824 0.925417 -0.173648 -0.400557 0.899667 -0.173648 
-0.340147 0.934545 -0.104528 -0.274127 0.955996 -0.104528 -0.271450 0.946658 -0.173648 -0.336824 0.925417 -0.173648 
-0.274127 0.955996 -0.104528 -0.206773 0.972789 -0.104528 -0.204753 0.963287 -0.173648 -0.271450 0.946658 -0.173648 
-0.206773 0.972789 -0.104528 -0.138411 0.984843 -0.104528 -0.137059 0.975224 -0.173648 -0.204753 0.963287 -0.173648 
-0.138411 0.984843 -0.104528 -0.069374 0.992099 -0.104528 -0.068697 0.982409 -0.173648 -0.137059 0.975224 -0.173648 
-0.069374 0.992099 -0.104528 -0.000000 0.994522 -0.104528 -0.000000 0.984808 -0.173648 -0.068697 0.982409 -0.173648 
0.000000 0.984808 -0.173648 0.068697 0.982409 -0.173648 0.067684 0.967932 -0.241922 0.000000 0.970296 -0.241922 
0.068697 0.982409 -0.173648 0.137059 0.975224 -0.173648 0.135039 0.960853 -0.241922 0.067684 0.967932 -0.241922 
0.137059 0.975224 -0.173648 0.204753 0.963287 -0.173648 0.201736 0.949092 -0.241922 0.135039 0.960853 -0.241922 
0.204753 0.963287 -0.173648 0.271450 0.946658 -0.173648 0.267450 0.932708 -0.241922 0.201736 0.949092 -0.241922 
0.271450 0.946658 -0.173648 0.336824 0.925417 -0.173648 0.331861 0.911780 -0.241922 0.267450 0.932708 -0.241922 
0.336824 0.925417 -0.173648 0.400557 0.899667 -0.173648 0.394655 0.886409 -0.241922 0.331861 0.911780 -0.241922 
0.400557 0.899667 -0.173648 0.462339 0.869534 -0.173648 0.455526 0.856720 -0.241922 0.394655 0.886409 -0.241922 
0.462339 0.869534 -0.173648 0.521869 0.835164 -0.173648 0.514178 0.822857 -0.241922 0.455526 0.856720 -0.241922 
0.521869 0.835164 -0.173648 0.578856 0.796726 -0.173648 0.570325 0.784986 -0.241922 0.514178 0.822857 -0.241922 
0.578856 0.796726 -0.173648 0.633022 0.754407 -0.173648 0.623694 0.743290 -0.241922 0.570325 0.784986 -0.241922 
0.633022 0.754407 -0.173648 0.684105 0.708411 -0.173648 0.674024 0.697972 -0.241922 0.623694 0.743290 -0.241922 
0.684105 0.708411 -0.173648 0.731855 0.658965 -0.173648 0.721070 0.649255 -0.241922 0.674024 0.697972 -0.241922 
0.731855 0.658965 -0.173648 0.776039 0.606308 -0.173648 0.764603 0.597374 -0.241922 0.721070 0.649255 -0.241922 
0.776039 0.606308 -0.173648 0.816443 0.550698 -0.173648 0.804412 0.542583 -0.241922 0.764603 0.597374 -0.241922 
0.816443 0.550698 -0.173648 0.852869 0.492404 -0.173648 0.840301 0.485148 -0.241922 0.804412 0.542582 -0.241922 
0.852869 0.492404 -0.173648 0.885139 0.431711 -0.173648 0.872096 0.425350 -0.241922 0.840301 0.485148 -0.241922 
0.885139 0.431711 -0.173648 0.913098 0.368915 -0.173648 0.899643 0.363479 -0.241922 0.872096 0.425350 -0.241922 
0.913098 0.368915 -0.173648 0.936608 0.304322 -0.173648 0.922806 0.299838 -0.241922 0.899643 0.363479 -0.241922 
0.936608 0.304322 -0.173648 0.955555 0.238247 -0.173648 0.941474 0.234736 -0.241922 0.922806 0.299838 -0.241922 
0.955555 0.238247 -0.173648 0.969846 0.171010 -0.173648 0.955555 0.168490 -0.241922 0.941474 0.234736 -0.241922 
0.969846 0.171010 -0.173648 0.979413 0.102940 -0.173648 0.964980 0.101424 -0.241922 0.955555 0.168490 -0.241922 
0.979413 0.102940 -0.173648 0.984208 0.034369 -0.173648 0.969705 0.033863 -0.241922 0.964980 0.101424 -0.241922 
0.984208 0.034369 -0.173648 0.984208 -0.034369 -0.173648 0.969705 -0.033863 -0.241922 0.969705 0.033863 -0.241922 
0.984208 -0.034369 -0.173648 0.979413 -0.102940 -0.173648 0.964980 -0.101424 -0.241922 0.969705 -0.033863 -0.241922 
0.979413 -0.102940 -0.173648 0.969846 -0.171010 -0.173648 0.955555 -0.168490 -0.241922 0.964980 -0.101424 -0.241922 
0.969846 -0.171010 -0.173648 0.955555 -0.238247 -0.173648 0.941474 -0.234736 -0.241922 0.955555 -0.168490 -0.241922 
0.955555 -0.238247 -0.173648 0.936608 -0.304322 -0.173648 0.922806 -0.299838 -0.241922 0.941474 -0.234736 -0.241922 
0.936608 -0.304322 -0.173648 0.913098 -0.368915 -0.173648 0.899643 -0.363479 -0.241922 0.922806 -0.299838 -0.241922 
0.913098 -0.368915 -0.173648 0.885139 -0.431711 -0.173648 0.872096 -0.425350 -0.241922 0.899643 -0.363479 -0.241922 
0.885139 -0.431711 -0.173648 0.852869 -0.492404 -0.173648 0.840301 -0.485148 -0.241922 0.872096 -0.425350 -0.241922 
0.852869 -0.492404 -0.173648 0.816443 -0.550698 -0.173648 0.804412 -0.542582 -0.241922 0.840301 -0.485148 -0.241922 
0.816443 -0.550698 -0.173648 0.776039 -0.606308 -0.173648 0.764603 -0.597374 -0.241922 0.804412 -0.542582 -0.241922 
0.776039 -0.606308 -0.173648 0.731855 -0.658965 -0.173648 0.721070 -0.649255 -0.241922 0.764603 -0.597374 -0.241922 
0.731855 -0.658965 -0.173648 0.684105 -0.708411 -0.173648 0.674024 -0.697972 -0.241922 0.721070 -0.649255 -0.241922 
0.684105 -0.708411 -0.173648 0.633022 -0.754407 -0.173648 0.623694 -0.743290 -0.241922 0.674024 -0.697972 -0.241922 
0.633022 -0.754407 -0.173648 0.578856 -0.796726 -0.173648 0.570325 -0.784986 -0.241922 0.623694 -0.743290 -0.241922 
0.578856 -0.796726 -0.173648 0.521869 -0.835164 -0.173648 0.514178 -0.822857 -0.241922 0.570325 -0.784986 -0.241922 
0.521869 -0.835164 -0.173648 0.462339 -0.869534 -0.173648 0.455526 -0.856720 -0.241922 0.514178 -0.822857 -0.241922 
0.462339 -0.869534 -0.173648 0.400557 -0.899667 -0.173648 0.394655 -0.886409 -0.241922 0.455526 -0.856720 -0.241922 
0.400557 -0.899667 -0.173648 0.336824 -0.925417 -0.173648 0.331861 -0.911780 -0.241922 0.394655 -0.886409 -0.241922 
0.336824 -0.925417 -0.173648 0.271450 -0.946658 -0.173648 0.267450 -0.932708 -0.241922 0.331861 -0.911780 -0.241922 
0.271450 -0.946658 -0.173648 0.204753 -0.963287 -0.173648 0.201736 -0.949092 -0.241922 0.267450 -0.932708 -0.241922 
0.204753 -0.963287 -0.173648 0.137059 -0.975224 -0.173648 0.135039 -0.960853 -0.241922 0.201736 -0.949092 -0.241922 
0.137059 -0.975224 -0.173648 0.068697 -0.982409 -0.173648 0.067684 -0.967932 -0.241922 0.135039 -0.960853 -0.241922 
0.068697 -0.982409 -0.173648 0.000000 -0.984808 -0.173648 0.000000 -0.970296 -0.241922 0.067684 -0.967932 -0.241922 
0.000000 -0.984808 -0.173648 -0.068697 -0.982409 -0.173648 -0.067684 -0.967932 -0.241922 0.000000 -0.970296 -0.241922 
-0.068697 -0.982409 -0.173648 -0.137059 -0.975224 -0.173648 -0.135039 -0.960853 -0.241922 -0.067684 -0.967932 -0.241922 
-0.137059 -0.975224 -0.173648 -0.204753 -0.963287 -0.173648 -0.201736 -0.949092 -0.241922 -0.135039 -0.960853 -0.241922 
-0.204753 -0.963287 -0.173648 -0.271450 -0.946658 -0.173648 -0.267450 -0.932708 -0.241922 -0.201736 -0.949092 -0.241922 
-0.271450 -0.946658 -0.173648 -0.336824 -0.925417 -0.173648 -0.331861 -0.911780 -0.241922 -0.267450 -0.932708 -0.241922 
-0.336824 -0.925417 -0.173648 -0.400557 -0.899667 -0.173648 -0.394655 -0.886409 -0.241922 -0.331861 -0.911780 -0.241922 
-0.400557 -0.899667 -0.173648 -0.462339 -0.869534 -0.173648 -0.455526 -0.856720 -0.241922 -0.394655 -0.886409 -0.241922 
-0.462339 -0.869534 -0.173648 -0.521869 -0.835164 -0.173648 -0.514178 -0.822857 -0.241922 -0.455526 -0.856720 -0.241922 
-0.521869 -0.835164 -0.173648 -0.578855 -0.796726 -0.173648 -0.570325 -0.784986 -0.241922 -0.514178 -0.822857 -0.241922 
-0.578855 -0.796726 -0.173648 -0.633022 -0.754407 -0.173648 -0.623694 -0.743290 -0.241922 -0.570325 -0.784986 -0.241922 
-0.633022 -0.754407 -0.173648 -0.684105 -0.708411 -0.173648 -0.674024 -0.697972 -0.241922 -0.623694 -0.743290 -0.241922 
-0.684105 -0.708411 -0.173648 -0.731855 -0.658965 -0.173648 -0.721070 -0.649255 -0.241922 -0.674024 -0.697972 -0.241922 
-0.731855 -0.658965 -0.173648 -0.776039 -0.606308 -0.173648 -0.764603 -0.597374 -0.241922 -0.721070 -0.649255 -0.241922 
-0.776039 -0.606308 -0.173648 -0.816443 -0.550698 -0.173648 -0.804412 -0.542583 -0.241922 -0.764603 -0.597374 -0.241922 
-0.816443 -0.550698 -0.173648 -0.852869 -0.492404 -0.173648 -0.840301 -0.485148 -0.241922 -0.804412 -0.542583 -0.241922 
-0.852869 -0.492404 -0.173648 -0.885139 -0.431711 -0.173648 -0.872096 -0.425350 -0.241922 -0.840301 -0.485148 -0.241922 
-0.885139 -0.431711 -0.173648 -0.913098 -0.368916 -0.173648 -0.899643 -0.363479 -0.241922 -0.872096 -0.425350 -0.241922 
-0.913098 -0.368916 -0.173648 -0.936608 -0.304322 -0.173648 -0.922806 -0.299838 -0.241922 -0.899643 -0.363479 -0.241922 
-0.936608 -0.304322 -0.173648 -0.955555 -0.238247 -0.173648 -0.941474 -0.234736 -0.241922 -0.922806 -0.299838 -0.241922 
-0.955555 -0.238247 -0.173648 -0.969846 -0.171010 -0.173648 -0.955555 -0.168490 -0.241922 -0.941474 -0.234736 -0.241922 
-0.969846 -0.171010 -0.173648 -0.979413 -0.102940 -0.173648 -0.964980 -0.101424 -0.241922 -0.955555 -0.168490 -0.241922 
-0.979413 -0.102940 -0.173648 -0.984208 -0.034369 -0.173648 -0.969705 -0.033863 -0.241922 -0.964980 -0.101424 -0.241922 
-0.984208 -0.034369 -0.173648 -0.984208 0.034369 -0.173648 -0.969705 0.033863 -0.241922 -0.969705 -0.033863 -0.241922 
-0.984208 0.034369 -0.173648 -0.979413 0.102940 -0.173648 -0.964980 0.101423 -0.241922 -0.969705 0.033863 -0.241922 
-0.979413 0.102940 -0.173648 -0.969846 0.171010 -0.173648 -0.955555 0.168490 -0.241922 -0.964980 0.101423 -0.241922 
-0.969846 0.171010 -0.173648 -0.955555 0.238247 -0.173648 -0.941474 0.234736 -0.241922 -0.955555 0.168490 -0.241922 
-0.955555 0.238247 -0.173648 -0.936608 0.304322 -0.173648 -0.922806 0.299838 -0.241922 -0.941474 0.234736 -0.241922 
-0.936608 0.304322 -0.173648 -0.913098 0.368915 -0.173648 -0.899643 0.363479 -0.241922 -0.922806 0.299838 -0.241922 
-0.913098 0.368915 -0.173648 -0.885139 0.431711 -0.173648 -0.872096 0.425350 -0.241922 -0.899643 0.363479 -0.241922 
-0.885139 0.431711 -0.173648 -0.852869 0.492404 -0.173648 -0.840301 0.485148 -0.241922 -0.872096 0.425350 -0.241922 
-0.852869 0.492404 -0.173648 -0.816443 0.550698 -0.173648 -0.804412 0.542582 -0.241922 -0.840301 0.485148 -0.241922 
-0.816443 0.550698 -0.173648 -0.776039 0.606308 -0.173648 -0.764603 0.597374 -0.241922 -0.804412 0.542582 -0.241922 
-0.776039 0.606308 -0.173648 -0.731855 0.658965 -0.173648 -0.721070 0.649255 -0.241922 -0.764603 0.597374 -0.241922 
-0.731855 0.658965 -0.173648 -0.684105 0.708411 -0.173648 -0.674024 0.697972 -0.241922 -0.721070 0.649255 -0.241922 
-0.684105 0.708411 -0.173648 -0.633022 0.754407 -0.173648 -0.623694 0.743290 -0.241922 -0.674024 0.697972 -0.241922 
-0.633022 0.754407 -0.173648 -0.578856 0.796726 -0.173648 -0.570326 0.784986 -0.241922 -0.623694 0.743290 -0.241922 
-0.578856 0.796726 -0.173648 -0.521869 0.835164 -0.173648 -0.514178 0.822857 -0.241922 -0.570326 0.784986 -0.241922 
-0.521869 0.835164 -0.173648 -0.462339 0.869534 -0.173648 -0.455526 0.856720 -0.241922 -0.514178 0.822857 -0.241922 
-0.462339 0.869534 -0.173648 -0.400557 0.899667 -0.173648 -0.394655 0.886409 -0.241922 -0.455526 0.856720 -0.241922 
-0.400557 0.899667 -0.173648 -0.336824 0.925417 -0.173648 -0.331861 0.911780 -0.241922 -0.394655 0.886409 -0.241922 
-0.336824 0.925417 -0.173648 -0.271450 0.946658 -0.173648 -0.267450 0.932708 -0.241922 -0.331861 0.911780 -0.241922 
-0.271450 0.946658 -0.173648 -0.204753 0.963287 -0.173648 -0.201736 0.949092 -0.241922 -0.267450 0.932708 -0.241922 
-0.204753 0.963287 -0.173648 -0.137059 0.975224 -0.173648 -0.135039 0.960853 -0.241922 -0.201736 0.949092 -0.241922 
-0.137059 0.975224 -0.173648 -0.068697 0.982409 -0.173648 -0.067684 0.967932 -0.241922 -0.135039 0.960853 -0.241922 
-0.068697 0.982409 -0.173648 -0.000000 0.984808 -0.173648 -0.000000 0.970296 -0.241922 -0.067684 0.967932 -0.241922 
0.000000 0.970296 -0.241922 0.067684 0.967932 -0.241922 0.066342 0.948740 -0.309017 0.000000 0.951057 -0.309017 
0.067684 0.967932 -0.241922 0.135039 0.960853 -0.241922 0.132361 0.941801 -0.309017 0.066342 0.948740 -0.309017 
0.135039 0.960853 -0.241922 0.201736 0.949092 -0.241922 0.197736 0.930274 -0.309017 0.132361 0.941801 -0.309017 
0.201736 0.949092 -0.241922 0.267450 0.932708 -0.241922 0.262147 0.914214 -0.309017 0.197736 0.930274 -0.309017 
0.267450 0.932708 -0.241922 0.331861 0.911780 -0.241922 0.325281 0.893701 -0.309017 0.262147 0.914214 -0.309017 
0.331861 0.911780 -0.241922 0.394655 0.886409 -0.241922 0.386830 0.868833 -0.309017 0.325281 0.893701 -0.309017 
0.394655 0.886409 -0.241922 0.455526 0.856720 -0.241922 0.446494 0.839733 -0.309017 0.386830 0.868833 -0.309017 
0.455526 0.856720 -0.241922 0.514178 0.822857 -0.241922 0.503983 0.806542 -0.309017 0.446494 0.839733 -0.309017 
0.514178 0.822857 -0.241922 0.570325 0.784986 -0.241922 0.559017 0.769421 -0.309017 0.503983 0.806542 -0.309017 
0.570325 0.784986 -0.241922 0.623694 0.743290 -0.241922 0.611327 0.728552 -0.309017 0.559017 0.769421 -0.309017 
0.623694 0.743290 -0.241922 0.674024 0.697972 -0.241922 0.660659 0.684133 -0.309017 0.611327 0.728552 -0.309017 
0.674024 0.697972 -0.241922 0.721070 0.649255 -0.241922 0.706773 0.636381 -0.309017 0.660659 0.684133 -0.309017 
0.721070 0.649255 -0.241922 0.764603 0.597374 -0.241922 0.749443 0.585529 -0.309017 0.706773 0.636381 -0.309017 
0.764603 0.597374 -0.241922 0.804412 0.542583 -0.241922 0.788462 0.531824 -0.309017 0.749443 0.585529 -0.309017 
0.804412 0.542583 -0.241922 0.840301 0.485148 -0.241922 0.823639 0.475528 -0.309017 0.788462 0.531824 -0.309017 
0.840301 0.485148 -0.241922 0.872096 0.425350 -0.241922 0.854804 0.416916 -0.309017 0.823639 0.475528 -0.309017 
0.872096 0.425350 -0.241922 0.899643 0.363479 -0.241922 0.881804 0.356272 -0.309017 0.854804 0.416916 -0.309017 
0.899643 0.363479 -0.241922 0.922806 0.299838 -0.241922 0.904509 0.293893 -0.309017 0.881804 0.356272 -0.309017 
0.922806 0.299838 -0.241922 0.941474 0.234736 -0.241922 0.922806 0.230081 -0.309017 0.904509 0.293893 -0.309017 
0.941474 0.234736 -0.241922 0.955555 0.168490 -0.241922 0.936608 0.165149 -0.309017 0.922806 0.230081 -0.309017 
0.955555 0.168490 -0.241922 0.964980 0.101424 -0.241922 0.945847 0.099412 -0.309017 0.936608 0.165149 -0.309017 
0.964980 0.101424 -0.241922 0.969705 0.033863 -0.241922 0.950477 0.033191 -0.309017 0.945847 0.099412 -0.309017 
0.969705 0.033863 -0.241922 0.969705 -0.033863 -0.241922 0.950477 -0.033191 -0.309017 0.950477 0.033191 -0.309017 
0.969705 -0.033863 -0.241922 0.964980 -0.101424 -0.241922 0.945847 -0.099412 -0.309017 0.950477 -0.033191 -0.309017 
0.964980 -0.101424 -0.241922 0.955555 -0.168490 -0.241922 0.936608 -0.165149 -0.309017 0.945847 -0.099412 -0.309017 
0.955555 -0.168490 -0.241922 0.941474 -0.234736 -0.241922 0.922806 -0.230081 -0.309017 0.936608 -0.165149 -0.309017 
0.941474 -0.234736 -0.241922 0.922806 -0.299838 -0.241922 0.904509 -0.293893 -0.309017 0.922806 -0.230081 -0.309017 
0.922806 -0.299838 -0.241922 0.899643 -0.363479 -0.241922 0.881804 -0.356272 -0.309017 0.904509 -0.293893 -0.309017 
0.899643 -0.363479 -0.241922 0.872096 -0.425350 -0.241922 0.854804 -0.416916 -0.309017 0.881804 -0.356272 -0.309017 
0.872096 -0.425350 -0.241922 0.840301 -0.485148 -0.241922 0.823639 -0.475528 -0.309017 0.854804 -0.416916 -0.309017 
0.840301 -0.485148 -0.241922 0.804412 -0.542582 -0.241922 0.788462 -0.531824 -0.309017 0.823639 -0.475528 -0.309017 
0.804412 -0.542582 -0.241922 0.764603 -0.597374 -0.241922 0.749443 -0.585529 -0.309017 0.788462 -0.531824 -0.309017 
0.764603 -0.597374 -0.241922 0.721070 -0.649255 -0.241922 0.706773 -0.636381 -0.309017 0.749443 -0.585529 -0.309017 
0.721070 -0.649255 -0.241922 0.674024 -0.697972 -0.241922 0.660659 -0.684133 -0.309017 0.706773 -0.636381 -0.309017 
0.674024 -0.697972 -0.241922 0.623694 -0.743290 -0.241922 0.611327 -0.728552 -0.309017 0.660659 -0.684133 -0.309017 
0.623694 -0.743290 -0.241922 0.570326 -0.784986 -0.241922 0.559017 -0.769421 -0.309017 0.611327 -0.728552 -0.309017 
0.570326 -0.784986 -0.241922 0.514178 -0.822857 -0.241922 0.503983 -0.806542 -0.309017 0.559017 -0.769421 -0.309017 
0.514178 -0.822857 -0.241922 0.455526 -0.856720 -0.241922 0.446494 -0.839733 -0.309017 0.503983 -0.806542 -0.309017 
0.455526 -0.856720 -0.241922 0.394655 -0.886409 -0.241922 0.386830 -0.868833 -0.309017 0.446494 -0.839733 -0.309017 
0.394655 -0.886409 -0.241922 0.331861 -0.911780 -0.241922 0.325281 -0.893701 -0.309017 0.386830 -0.868833 -0.309017 
0.331861 -0.911780 -0.241922 0.267450 -0.932708 -0.241922 0.262147 -0.914214 -0.309017 0.325281 -0.893701 -0.309017 
0.267450 -0.932708 -0.241922 0.201736 -0.949092 -0.241922 0.197736 -0.930274 -0.309017 0.262147 -0.914214 -0.309017 
0.201736 -0.949092 -0.241922 0.135039 -0.960853 -0.241922 0.132362 -0.941801 -0.309017 0.197736 -0.930274 -0.309017 
0.135039 -0.960853 -0.241922 0.067684 -0.967932 -0.241922 0.066342 -0.948740 -0.309017 0.132362 -0.941801 -0.309017 
0.067684 -0.967932 -0.241922 0.000000 -0.970296 -0.241922 0.000000 -0.951057 -0.309017 0.066342 -0.948740 -0.309017 
0.000000 -0.970296 -0.241922 -0.067684 -0.967932 -0.241922 -0.066342 -0.948740 -0.309017 0.000000 -0.951057 -0.309017 
-0.067684 -0.967932 -0.241922 -0.135039 -0.960853 -0.241922 -0.132361 -0.941801 -0.309017 -0.066342 -0.948740 -0.309017 
-0.135039 -0.960853 -0.241922 -0.201736 -0.949092 -0.241922 -0.197736 -0.930274 -0.309017 -0.132361 -0.941801 -0.309017 
-0.201736 -0.949092 -0.241922 -0.267450 -0.932708 -0.241922 -0.262147 -0.914214 -0.309017 -0.197736 -0.930274 -0.309017 
-0.267450 -0.932708 -0.241922 -0.331861 -0.911780 -0.241922 -0.325280 -0.893701 -0.309017 -0.262147 -0.914214 -0.309017 
-0.331861 -0.911780 -0.241922 -0.394655 -0.886409 -0.241922 -0.386830 -0.868833 -0.309017 -0.325280 -0.893701 -0.309017 
-0.394655 -0.886409 -0.241922 -0.455526 -0.856720 -0.241922 -0.446494 -0.839733 -0.309017 -0.386830 -0.868833 -0.309017 
-0.455526 -0.856720 -0.241922 -0.514178 -0.822857 -0.241922 -0.503983 -0.806542 -0.309017 -0.446494 -0.839733 -0.309017 
-0.514178 -0.822857 -0.241922 -0.570325 -0.784986 -0.241922 -0.559017 -0.769421 -0.309017 -0.503983 -0.806542 -0.309017 
-0.570325 -0.784986 -0.241922 -0.623694 -0.743290 -0.241922 -0.611327 -0.728552 -0.309017 -0.559017 -0.769421 -0.309017 
-0.623694 -0.743290 -0.241922 -0.674024 -0.697972 -0.241922 -0.660659 -0.684133 -0.309017 -0.611327 -0.728552 -0.309017 
-0.674024 -0.697972 -0.241922 -0.721070 -0.649255 -0.241922 -0.706773 -0.636381 -0.309017 -0.660659 -0.684133 -0.309017 
-0.721070 -0.649255 -0.241922 -0.764603 -0.597374 -0.241922 -0.749443 -0.585529 -0.309017 -0.706773 -0.636381 -0.309017 
-0.764603 -0.597374 -0.241922 -0.804412 -0.542583 -0.241922 -0.788462 -0.531824 -0.309017 -0.749443 -0.585529 -0.309017 
-0.804412 -0.542583 -0.241922 -0.840301 -0.485148 -0.241922 -0.823639 -0.475528 -0.309017 -0.788462 -0.531824 -0.309017 
-0.840301 -0.485148 -0.241922 -0.872096 -0.425350 -0.241922 -0.854804 -0.416916 -0.309017 -0.823639 -0.475528 -0.309017 
-0.872096 -0.425350 -0.241922 -0.899643 -0.363479 -0.241922 -0.881804 -0.356272 -0.309017 -0.854804 -0.416916 -0.309017 
-0.899643 -0.363479 -0.241922 -0.922806 -0.299838 -0.241922 -0.904508 -0.293893 -0.309017 -0.881804 -0.356272 -0.309017 
-0.922806 -0.299838 -0.241922 -0.941474 -0.234736 -0.241922 -0.922806 -0.230081 -0.309017 -0.904508 -0.293893 -0.309017 
-0.941474 -0.234736 -0.241922 -0.955555 -0.168490 -0.241922 -0.936608 -0.165149 -0.309017 -0.922806 -0.230081 -0.309017 
-0.955555 -0.168490 -0.241922 -0.964980 -0.101424 -0.241922 -0.945847 -0.099413 -0.309017 -0.936608 -0.165149 -0.309017 
-0.964980 -0.101424 -0.241922 -0.969705 -0.033863 -0.241922 -0.950477 -0.033191 -0.309017 -0.945847 -0.099413 -0.309017 
-0.969705 -0.033863 -0.241922 -0.969705 0.033863 -0.241922 -0.950477 0.033191 -0.309017 -0.950477 -0.033191 -0.309017 
-0.969705 0.033863 -0.241922 -0.964980 0.101423 -0.241922 -0.945847 0.099412 -0.309017 -0.950477 0.033191 -0.309017 
-0.964980 0.101423 -0.241922 -0.955555 0.168490 -0.241922 -0.936608 0.165149 -0.309017 -0.945847 0.099412 -0.309017 
-0.955555 0.168490 -0.241922 -0.941474 0.234736 -0.241922 -0.922806 0.230081 -0.309017 -0.936608 0.165149 -0.309017 
-0.941474 0.234736 -0.241922 -0.922806 0.299838 -0.241922 -0.904509 0.293893 -0.309017 -0.922806 0.230081 -0.309017 
-0.922806 0.299838 -0.241922 -0.899643 0.363479 -0.241922 -0.881804 0.356272 -0.309017 -0.904509 0.293893 -0.309017 
-0.899643 0.363479 -0.241922 -0.872096 0.425350 -0.241922 -0.854804 0.416916 -0.309017 -0.881804 0.356272 -0.309017 
-0.872096 0.425350 -0.241922 -0.840301 0.485148 -0.241922 -0.823639 0.475528 -0.309017 -0.854804 0.416916 -0.309017 
-0.840301 0.485148 -0.241922 -0.804412 0.542582 -0.241922 -0.788462 0.531824 -0.309017 -0.823639 0.475528 -0.309017 
-0.804412 0.542582 -0.241922 -0.764603 0.597374 -0.241922 -0.749443 0.585529 -0.309017 -0.788462 0.531824 -0.309017 
-0.764603 0.597374 -0.241922 -0.721070 0.649255 -0.241922 -0.706773 0.636381 -0.309017 -0.749443 0.585529 -0.309017 
-0.721070 0.649255 -0.241922 -0.674024 0.697972 -0.241922 -0.660659 0.684133 -0.309017 -0.706773 0.636381 -0.309017 
-0.674024 0.697972 -0.241922 -0.623694 0.743290 -0.241922 -0.611327 0.728552 -0.309017 -0.660659 0.684133 -0.309017 
-0.623694 0.743290 -0.241922 -0.570326 0.784986 -0.241922 -0.559017 0.769421 -0.309017 -0.611327 0.728552 -0.309017 
-0.570326 0.784986 -0.241922 -0.514178 0.822857 -0.241922 -0.503983 0.806542 -0.309017 -0.559017 0.769421 -0.309017 
-0.514178 0.822857 -0.241922 -0.455526 0.856720 -0.241922 -0.446494 0.839733 -0.309017 -0.503983 0.806542 -0.309017 
-0.455526 0.856720 -0.241922 -0.394655 0.886409 -0.241922 -0.386830 0.868833 -0.309017 -0.446494 0.839733 -0.309017 
-0.394655 0.886409 -0.241922 -0.331861 0.911780 -0.241922 -0.325281 0.893701 -0.309017 -0.386830 0.868833 -0.309017 
-0.331861 0.911780 -0.241922 -0.267450 0.932708 -0.241922 -0.262147 0.914214 -0.309017 -0.325281 0.893701 -0.309017 
-0.267450 0.932708 -0.241922 -0.201736 0.949092 -0.241922 -0.197736 0.930274 -0.309017 -0.262147 0.914214 -0.309017 
-0.201736 0.949092 -0.241922 -0.135039 0.960853 -0.241922 -0.132362 0.941801 -0.309017 -0.197736 0.930274 -0.309017 
-0.135039 0.960853 -0.241922 -0.067684 0.967932 -0.241922 -0.066342 0.948740 -0.309017 -0.132362 0.941801 -0.309017 
-0.067684 0.967932 -0.241922 -0.000000 0.970296 -0.241922 -0.000000 0.951057 -0.309017 -0.066342 0.948740 -0.309017 
0.000000 0.951057 -0.309017 0.066342 0.948740 -0.309017 0.064677 0.924925 -0.374607 0.000000 0.927184 -0.374607 
0.066342 0.948740 -0.309017 0.132361 0.941801 -0.309017 0.129039 0.918161 -0.374607 0.064677 0.924925 -0.374607 
0.132361 0.941801 -0.309017 0.197736 0.930274 -0.309017 0.192772 0.906923 -0.374607 0.129039 0.918161 -0.374607 
0.197736 0.930274 -0.309017 0.262147 0.914214 -0.309017 0.255567 0.891266 -0.374607 0.192772 0.906923 -0.374607 
0.262147 0.914214 -0.309017 0.325280 0.893701 -0.309017 0.317116 0.871268 -0.374607 0.255567 0.891266 -0.374607 
0.325280 0.893701 -0.309017 0.386830 0.868833 -0.309017 0.377120 0.847025 -0.374607 0.317116 0.871268 -0.374607 
0.386830 0.868833 -0.309017 0.446494 0.839733 -0.309017 0.435286 0.818655 -0.374607 0.377120 0.847025 -0.374607 
0.446494 0.839733 -0.309017 0.503983 0.806542 -0.309017 0.491333 0.786296 -0.374607 0.435286 0.818655 -0.374607 
0.503983 0.806542 -0.309017 0.559017 0.769421 -0.309017 0.544985 0.750108 -0.374607 0.491333 0.786296 -0.374607 
0.559017 0.769421 -0.309017 0.611327 0.728552 -0.309017 0.595982 0.710264 -0.374607 0.544985 0.750108 -0.374607 
0.611327 0.728552 -0.309017 0.660659 0.684133 -0.309017 0.644076 0.666960 -0.374607 0.595982 0.710264 -0.374607 
0.660659 0.684133 -0.309017 0.706773 0.636381 -0.309017 0.689032 0.620407 -0.374607 0.644076 0.666960 -0.374607 
0.706773 0.636381 -0.309017 0.749443 0.585529 -0.309017 0.730631 0.570831 -0.374607 0.689032 0.620407 -0.374607 
0.749443 0.585529 -0.309017 0.788462 0.531824 -0.309017 0.768670 0.518475 -0.374607 0.730631 0.570831 -0.374607 
0.788462 0.531824 -0.309017 0.823639 0.475528 -0.309017 0.802965 0.463592 -0.374607 0.768670 0.518475 -0.374607 
0.823639 0.475528 -0.309017 0.854804 0.416916 -0.309017 0.833347 0.406451 -0.374607 0.802965 0.463592 -0.374607 
0.854804 0.416916 -0.309017 0.881804 0.356272 -0.309017 0.859670 0.347329 -0.374607 0.833347 0.406451 -0.374607 
0.881804 0.356272 -0.309017 0.904509 0.293893 -0.309017 0.881804 0.286516 -0.374607 0.859670 0.347329 -0.374607 
0.904509 0.293893 -0.309017 0.922806 0.230081 -0.309017 0.899643 0.224306 -0.374607 0.881804 0.286516 -0.374607 
0.922806 0.230081 -0.309017 0.936608 0.165149 -0.309017 0.913098 0.161004 -0.374607 0.899643 0.224306 -0.374607 
0.936608 0.165149 -0.309017 0.945847 0.099412 -0.309017 0.922105 0.096917 -0.374607 0.913098 0.161004 -0.374607 
0.945847 0.099412 -0.309017 0.950477 0.033191 -0.309017 0.926619 0.032358 -0.374607 0.922105 0.096917 -0.374607 
0.950477 0.033191 -0.309017 0.950477 -0.033191 -0.309017 0.926619 -0.032358 -0.374607 0.926619 0.032358 -0.374607 
0.950477 -0.033191 -0.309017 0.945847 -0.099412 -0.309017 0.922105 -0.096917 -0.374607 0.926619 -0.032358 -0.374607 
0.945847 -0.099412 -0.309017 0.936608 -0.165149 -0.309017 0.913098 -0.161004 -0.374607 0.922105 -0.096917 -0.374607 
0.936608 -0.165149 -0.309017 0.922806 -0.230081 -0.309017 0.899643 -0.224306 -0.374607 0.913098 -0.161004 -0.374607 
0.922806 -0.230081 -0.309017 0.904509 -0.293893 -0.309017 0.881804 -0.286516 -0.374607 0.899643 -0.224306 -0.374607 
0.904509 -0.293893 -0.309017 0.881804 -0.356272 -0.309017 0.859670 -0.347329 -0.374607 0.881804 -0.286516 -0.374607 
0.881804 -0.356272 -0.309017 0.854804 -0.416916 -0.309017 0.833347 -0.406451 -0.374607 0.859670 -0.347329 -0.374607 
0.854804 -0.416916 -0.309017 0.823639 -0.475528 -0.309017 0.802965 -0.463592 -0.374607 0.833347 -0.406451 -0.374607 
0.823639 -0.475528 -0.309017 0.788462 -0.531824 -0.309017 0.768670 -0.518475 -0.374607 0.802965 -0.463592 -0.374607 
0.788462 -0.531824 -0.309017 0.749443 -0.585529 -0.309017 0.730631 -0.570831 -0.374607 0.768670 -0.518475 -0.374607 
0.749443 -0.585529 -0.309017 0.706773 -0.636381 -0.309017 0.689032 -0.620407 -0.374607 0.730631 -0.570831 -0.374607 
0.706773 -0.636381 -0.309017 0.660659 -0.684133 -0.309017 0.644076 -0.666960 -0.374607 0.689032 -0.620407 -0.374607 
0.660659 -0.684133 -0.309017 0.611327 -0.728552 -0.309017 0.595982 -0.710264 -0.374607 0.644076 -0.666960 -0.374607 
0.611327 -0.728552 -0.309017 0.559017 -0.769421 -0.309017 0.544985 -0.750107 -0.374607 0.595982 -0.710264 -0.374607 
0.559017 -0.769421 -0.309017 0.503983 -0.806542 -0.309017 0.491333 -0.786296 -0.374607 0.544985 -0.750108 -0.374607 
0.503983 -0.806542 -0.309017 0.446494 -0.839733 -0.309017 0.435286 -0.818655 -0.374607 0.491333 -0.786296 -0.374607 
0.446494 -0.839733 -0.309017 0.386830 -0.868833 -0.309017 0.377120 -0.847025 -0.374607 0.435286 -0.818655 -0.374607 
0.386830 -0.868833 -0.309017 0.325281 -0.893701 -0.309017 0.317116 -0.871268 -0.374607 0.377120 -0.847025 -0.374607 
0.325281 -0.893701 -0.309017 0.262147 -0.914214 -0.309017 0.255567 -0.891266 -0.374607 0.317116 -0.871268 -0.374607 
0.262147 -0.914214 -0.309017 0.197736 -0.930274 -0.309017 0.192772 -0.906923 -0.374607 0.255567 -0.891266 -0.374607 
0.197736 -0.930274 -0.309017 0.132362 -0.941801 -0.309017 0.129039 -0.918161 -0.374607 0.192772 -0.906923 -0.374607 
0.132362 -0.941801 -0.309017 0.066342 -0.948740 -0.309017 0.064677 -0.924925 -0.374607 0.129039 -0.918161 -0.374607 
0.066342 -0.948740 -0.309017 0.000000 -0.951057 -0.309017 0.000000 -0.927184 -0.374607 0.064677 -0.924925 -0.374607 
0.000000 -0.951057 -0.309017 -0.066342 -0.948740 -0.309017 -0.064677 -0.924925 -0.374607 0.000000 -0.927184 -0.374607 
-0.066342 -0.948740 -0.309017 -0.132361 -0.941801 -0.309017 -0.129039 -0.918161 -0.374607 -0.064677 -0.924925 -0.374607 
-0.132361 -0.941801 -0.309017 -0.197736 -0.930274 -0.309017 -0.192772 -0.906923 -0.374607 -0.129039 -0.918161 -0.374607 
-0.197736 -0.930274 -0.309017 -0.262147 -0.914214 -0.309017 -0.255566 -0.891266 -0.374607 -0.192772 -0.906923 -0.374607 
-0.262147 -0.914214 -0.309017 -0.325280 -0.893701 -0.309017 -0.317116 -0.871268 -0.374607 -0.255566 -0.891266 -0.374607 
-0.325280 -0.893701 -0.309017 -0.386830 -0.868833 -0.309017 -0.377120 -0.847025 -0.374607 -0.317116 -0.871268 -0.374607 
-0.386830 -0.868833 -0.309017 -0.446494 -0.839733 -0.309017 -0.435286 -0.818655 -0.374607 -0.377120 -0.847025 -0.374607 
-0.446494 -0.839733 -0.309017 -0.503983 -0.806542 -0.309017 -0.491333 -0.786297 -0.374607 -0.435286 -0.818655 -0.374607 
-0.503983 -0.806542 -0.309017 -0.559017 -0.769421 -0.309017 -0.544985 -0.750108 -0.374607 -0.491333 -0.786296 -0.374607 
-0.559017 -0.769421 -0.309017 -0.611327 -0.728552 -0.309017 -0.595982 -0.710264 -0.374607 -0.544985 -0.750108 -0.374607 
-0.611327 -0.728552 -0.309017 -0.660659 -0.684133 -0.309017 -0.644076 -0.666960 -0.374607 -0.595982 -0.710264 -0.374607 
-0.660659 -0.684133 -0.309017 -0.706773 -0.636381 -0.309017 -0.689032 -0.620407 -0.374607 -0.644076 -0.666960 -0.374607 
-0.706773 -0.636381 -0.309017 -0.749443 -0.585529 -0.309017 -0.730631 -0.570831 -0.374607 -0.689032 -0.620407 -0.374607 
-0.749443 -0.585529 -0.309017 -0.788462 -0.531824 -0.309017 -0.768670 -0.518475 -0.374607 -0.730631 -0.570831 -0.374607 
-0.788462 -0.531824 -0.309017 -0.823639 -0.475528 -0.309017 -0.802965 -0.463592 -0.374607 -0.768670 -0.518475 -0.374607 
-0.823639 -0.475528 -0.309017 -0.854804 -0.416916 -0.309017 -0.833347 -0.406451 -0.374607 -0.802965 -0.463592 -0.374607 
-0.854804 -0.416916 -0.309017 -0.881804 -0.356272 -0.309017 -0.859670 -0.347329 -0.374607 -0.833347 -0.406451 -0.374607 
-0.881804 -0.356272 -0.309017 -0.904509 -0.293893 -0.309017 -0.881804 -0.286516 -0.374607 -0.859670 -0.347329 -0.374607 
-0.904509 -0.293893 -0.309017 -0.922806 -0.230081 -0.309017 -0.899643 -0.224306 -0.374607 -0.881804 -0.286516 -0.374607 
-0.922806 -0.230081 -0.309017 -0.936608 -0.165149 -0.309017 -0.913098 -0.161004 -0.374607 -0.899643 -0.224306 -0.374607 
-0.936608 -0.165149 -0.309017 -0.945847 -0.099413 -0.309017 -0.922105 -0.096917 -0.374607 -0.913098 -0.161004 -0.374607 
-0.945847 -0.099413 -0.309017 -0.950477 -0.033191 -0.309017 -0.926619 -0.032358 -0.374607 -0.922105 -0.096917 -0.374607 
-0.950477 -0.033191 -0.309017 -0.950477 0.033191 -0.309017 -0.926619 0.032358 -0.374607 -0.926619 -0.032358 -0.374607 
-0.950477 0.033191 -0.309017 -0.945847 0.099412 -0.309017 -0.922105 0.096917 -0.374607 -0.926619 0.032358 -0.374607 
-0.945847 0.099412 -0.309017 -0.936608 0.165149 -0.309017 -0.913098 0.161004 -0.374607 -0.922105 0.096917 -0.374607 
-0.936608 0.165149 -0.309017 -0.922806 0.230081 -0.309017 -0.899643 0.224306 -0.374607 -0.913098 0.161004 -0.374607 
-0.922806 0.230081 -0.309017 -0.904509 0.293893 -0.309017 -0.881804 0.286516 -0.374607 -0.899643 0.224306 -0.374607 
-0.904509 0.293893 -0.309017 -0.881804 0.356272 -0.309017 -0.859670 0.347329 -0.374607 -0.881804 0.286516 -0.374607 
-0.881804 0.356272 -0.309017 -0.854804 0.416916 -0.309017 -0.833347 0.406451 -0.374607 -0.859670 0.347329 -0.374607 
-0.854804 0.416916 -0.309017 -0.823639 0.475528 -0.309017 -0.802965 0.463592 -0.374607 -0.833347 0.406451 -0.374607 
-0.823639 0.475528 -0.309017 -0.788462 0.531824 -0.309017 -0.768670 0.518475 -0.374607 -0.802965 0.463592 -0.374607 
-0.788462 0.531824 -0.309017 -0.749443 0.585529 -0.309017 -0.730631 0.570831 -0.374607 -0.768670 0.518475 -0.374607 
-0.749443 0.585529 -0.309017 -0.706773 0.636381 -0.309017 -0.689032 0.620407 -0.374607 -0.730631 0.570831 -0.374607 
-0.706773 0.636381 -0.309017 -0.660659 0.684133 -0.309017 -0.644076 0.666960 -0.374607 -0.689032 0.620407 -0.374607 
-0.660659 0.684133 -0.309017 -0.611327 0.728552 -0.309017 -0.595982 0.710264 -0.374607 -0.644076 0.666960 -0.374607 
-0.611327 0.728552 -0.309017 -0.559017 0.769421 -0.309017 -0.544985 0.750107 -0.374607 -0.595982 0.710264 -0.374607 
-0.559017 0.769421 -0.309017 -0.503983 0.806542 -0.309017 -0.491333 0.786296 -0.374607 -0.544985 0.750107 -0.374607 
-0.503983 0.806542 -0.309017 -0.446494 0.839733 -0.309017 -0.435286 0.818655 -0.374607 -0.491333 0.786296 -0.374607 
-0.446494 0.839733 -0.309017 -0.386830 0.868833 -0.309017 -0.377120 0.847025 -0.374607 -0.435286 0.818655 -0.374607 
-0.386830 0.868833 -0.309017 -0.325281 0.893701 -0.309017 -0.317116 0.871268 -0.374607 -0.377120 0.847025 -0.374607 
-0.325281 0.893701 -0.309017 -0.262147 0.914214 -0.309017 -0.255567 0.891266 -0.374607 -0.317116 0.871268 -0.374607 
-0.262147 0.914214 -0.309017 -0.197736 0.930274 -0.309017 -0.192772 0.906923 -0.374607 -0.255567 0.891266 -0.374607 
-0.197736 0.930274 -0.309017 -0.132362 0.941801 -0.309017 -0.129039 0.918161 -0.374607 -0.192772 0.906923 -0.374607 
-0.132362 0.941801 -0.309017 -0.066342 0.948740 -0.309017 -0.064677 0.924925 -0.374607 -0.129039 0.918161 -0.374607 
-0.066342 0.948740 -0.309017 -0.000000 0.951057 -0.309017 -0.000000 0.927184 -0.374607 -0.064677 0.924925 -0.374607 
0.000000 0.927184 -0.374607 0.064677 0.924925 -0.374607 0.062697 0.896605 -0.438371 0.000000 0.898794 -0.438371 
0.064677 0.924925 -0.374607 0.129039 0.918161 -0.374607 0.125088 0.890047 -0.438371 0.062697 0.896605 -0.438371 
0.129039 0.918161 -0.374607 0.192772 0.906923 -0.374607 0.186870 0.879153 -0.438371 0.125088 0.890047 -0.438371 
0.192772 0.906923 -0.374607 0.255567 0.891266 -0.374607 0.247741 0.863976 -0.438371 0.186870 0.879153 -0.438371 
0.255567 0.891266 -0.374607 0.317116 0.871268 -0.374607 0.307406 0.844590 -0.438371 0.247741 0.863976 -0.438371 
0.317116 0.871268 -0.374607 0.377120 0.847025 -0.374607 0.365572 0.821089 -0.438371 0.307406 0.844590 -0.438371 
0.377120 0.847025 -0.374607 0.435286 0.818655 -0.374607 0.421958 0.793588 -0.438371 0.365572 0.821089 -0.438371 
0.435286 0.818655 -0.374607 0.491333 0.786296 -0.374607 0.476288 0.762221 -0.438371 0.421958 0.793588 -0.438371 
0.491333 0.786296 -0.374607 0.544985 0.750108 -0.374607 0.528298 0.727140 -0.438371 0.476288 0.762221 -0.438371 
0.544985 0.750108 -0.374607 0.595982 0.710264 -0.374607 0.577734 0.688516 -0.438371 0.528298 0.727140 -0.438371 
0.595982 0.710264 -0.374607 0.644076 0.666960 -0.374607 0.624355 0.646538 -0.438371 0.577734 0.688516 -0.438371 
0.644076 0.666960 -0.374607 0.689032 0.620407 -0.374607 0.667934 0.601411 -0.438371 0.624355 0.646538 -0.438371 
0.689032 0.620407 -0.374607 0.730631 0.570831 -0.374607 0.708259 0.553353 -0.438371 0.667934 0.601411 -0.438371 
0.730631 0.570831 -0.374607 0.768670 0.518475 -0.374607 0.745134 0.502599 -0.438371 0.708259 0.553353 -0.438371 
0.768670 0.518475 -0.374607 0.802965 0.463592 -0.374607 0.778378 0.449397 -0.438371 0.745134 0.502599 -0.438371 
0.802965 0.463592 -0.374607 0.833347 0.406451 -0.374607 0.807831 0.394005 -0.438371 0.778378 0.449397 -0.438371 
0.833347 0.406451 -0.374607 0.859670 0.347329 -0.374607 0.833347 0.336694 -0.438371 0.807831 0.394005 -0.438371 
0.859670 0.347329 -0.374607 0.881804 0.286516 -0.374607 0.854804 0.277743 -0.438371 0.833347 0.336694 -0.438371 
0.881804 0.286516 -0.374607 0.899643 0.224306 -0.374607 0.872096 0.217438 -0.438371 0.854804 0.277743 -0.438371 
0.899643 0.224306 -0.374607 0.913098 0.161004 -0.374607 0.885139 0.156074 -0.438371 0.872096 0.217438 -0.438371 
0.913098 0.161004 -0.374607 0.922105 0.096917 -0.374607 0.893870 0.093950 -0.438371 0.885139 0.156074 -0.438371 
0.922105 0.096917 -0.374607 0.926619 0.032358 -0.374607 0.898247 0.031367 -0.438371 0.893870 0.093950 -0.438371 
0.926619 0.032358 -0.374607 0.926619 -0.032358 -0.374607 0.898247 -0.031367 -0.438371 0.898247 0.031367 -0.438371 
0.926619 -0.032358 -0.374607 0.922105 -0.096917 -0.374607 0.893870 -0.093950 -0.438371 0.898247 -0.031367 -0.438371 
0.922105 -0.096917 -0.374607 0.913098 -0.161004 -0.374607 0.885139 -0.156074 -0.438371 0.893870 -0.093950 -0.438371 
0.913098 -0.161004 -0.374607 0.899643 -0.224306 -0.374607 0.872096 -0.217438 -0.438371 0.885139 -0.156074 -0.438371 
0.899643 -0.224306 -0.374607 0.881804 -0.286516 -0.374607 0.854804 -0.277743 -0.438371 0.872096 -0.217438 -0.438371 
0.881804 -0.286516 -0.374607 0.859670 -0.347329 -0.374607 0.833347 -0.336694 -0.438371 0.854804 -0.277743 -0.438371 
0.859670 -0.347329 -0.374607 0.833347 -0.406451 -0.374607 0.807831 -0.394005 -0.438371 0.833347 -0.336694 -0.438371 
0.833347 -0.406451 -0.374607 0.802965 -0.463592 -0.374607 0.778378 -0.449397 -0.438371 0.807831 -0.394005 -0.438371 
0.802965 -0.463592 -0.374607 0.768670 -0.518475 -0.374607 0.745134 -0.502599 -0.438371 0.778378 -0.449397 -0.438371 
0.768670 -0.518475 -0.374607 0.730631 -0.570831 -0.374607 0.708259 -0.553353 -0.438371 0.745134 -0.502599 -0.438371 
0.730631 -0.570831 -0.374607 0.689032 -0.620407 -0.374607 0.667934 -0.601411 -0.438371 0.708259 -0.553353 -0.438371 
0.689032 -0.620407 -0.374607 0.644076 -0.666960 -0.374607 0.624355 -0.646538 -0.438371 0.667934 -0.601411 -0.438371 
0.644076 -0.666960 -0.374607 0.595982 -0.710264 -0.374607 0.577734 -0.688516 -0.438371 0.624355 -0.646538 -0.438371 
0.595982 -0.710264 -0.374607 0.544985 -0.750107 -0.374607 0.528298 -0.727140 -0.438371 0.577734 -0.688516 -0.438371 
0.544985 -0.750107 -0.374607 0.491333 -0.786296 -0.374607 0.476288 -0.762221 -0.438371 0.528298 -0.727140 -0.438371 
0.491333 -0.786296 -0.374607 0.435286 -0.818655 -0.374607 0.421958 -0.793588 -0.438371 0.476288 -0.762221 -0.438371 
0.435286 -0.818655 -0.374607 0.377120 -0.847025 -0.374607 0.365573 -0.821089 -0.438371 0.421958 -0.793588 -0.438371 
0.377120 -0.847025 -0.374607 0.317116 -0.871268 -0.374607 0.307406 -0.844590 -0.438371 0.365573 -0.821089 -0.438371 
0.317116 -0.871268 -0.374607 0.255567 -0.891266 -0.374607 0.247741 -0.863976 -0.438371 0.307406 -0.844590 -0.438371 
0.255567 -0.891266 -0.374607 0.192772 -0.906923 -0.374607 0.186870 -0.879153 -0.438371 0.247741 -0.863976 -0.438371 
0.192772 -0.906923 -0.374607 0.129039 -0.918161 -0.374607 0.125088 -0.890047 -0.438371 0.186870 -0.879153 -0.438371 
0.129039 -0.918161 -0.374607 0.064677 -0.924925 -0.374607 0.062697 -0.896605 -0.438371 0.125088 -0.890047 -0.438371 
0.064677 -0.924925 -0.374607 0.000000 -0.927184 -0.374607 0.000000 -0.898794 -0.438371 0.062697 -0.896605 -0.438371 
0.000000 -0.927184 -0.374607 -0.064677 -0.924925 -0.374607 -0.062697 -0.896605 -0.438371 0.000000 -0.898794 -0.438371 
-0.064677 -0.924925 -0.374607 -0.129039 -0.918161 -0.374607 -0.125088 -0.890047 -0.438371 -0.062697 -0.896605 -0.438371 
-0.129039 -0.918161 -0.374607 -0.192772 -0.906923 -0.374607 -0.186870 -0.879153 -0.438371 -0.125088 -0.890047 -0.438371 
-0.192772 -0.906923 -0.374607 -0.255566 -0.891266 -0.374607 -0.247741 -0.863976 -0.438371 -0.186870 -0.879153 -0.438371 
-0.255566 -0.891266 -0.374607 -0.317116 -0.871268 -0.374607 -0.307406 -0.844590 -0.438371 -0.247741 -0.863976 -0.438371 
-0.317116 -0.871268 -0.374607 -0.377120 -0.847025 -0.374607 -0.365572 -0.821089 -0.438371 -0.307406 -0.844590 -0.438371 
-0.377120 -0.847025 -0.374607 -0.435286 -0.818655 -0.374607 -0.421958 -0.793588 -0.438371 -0.365572 -0.821089 -0.438371 
-0.435286 -0.818655 -0.374607 -0.491333 -0.786297 -0.374607 -0.476288 -0.762221 -0.438371 -0.421958 -0.793588 -0.438371 
-0.491333 -0.786297 -0.374607 -0.544985 -0.750108 -0.374607 -0.528298 -0.727140 -0.438371 -0.476288 -0.762221 -0.438371 
-0.544985 -0.750108 -0.374607 -0.595982 -0.710264 -0.374607 -0.577734 -0.688516 -0.438371 -0.528298 -0.727140 -0.438371 
-0.595982 -0.710264 -0.374607 -0.644076 -0.666960 -0.374607 -0.624355 -0.646538 -0.438371 -0.577734 -0.688516 -0.438371 
-0.644076 -0.666960 -0.374607 -0.689032 -0.620407 -0.374607 -0.667934 -0.601411 -0.438371 -0.624355 -0.646538 -0.438371 
-0.689032 -0.620407 -0.374607 -0.730631 -0.570831 -0.374607 -0.708259 -0.553353 -0.438371 -0.667934 -0.601411 -0.438371 
-0.730631 -0.570831 -0.374607 -0.768670 -0.518475 -0.374607 -0.745134 -0.502599 -0.438371 -0.708259 -0.553353 -0.438371 
-0.768670 -0.518475 -0.374607 -0.802965 -0.463592 -0.374607 -0.778378 -0.449397 -0.438371 -0.745134 -0.502599 -0.438371 
-0.802965 -0.463592 -0.374607 -0.833347 -0.406451 -0.374607 -0.807831 -0.394005 -0.438371 -0.778378 -0.449397 -0.438371 
-0.833347 -0.406451 -0.374607 -0.859670 -0.347329 -0.374607 -0.833347 -0.336694 -0.438371 -0.807831 -0.394005 -0.438371 
-0.859670 -0.347329 -0.374607 -0.881804 -0.286516 -0.374607 -0.854804 -0.277743 -0.438371 -0.833347 -0.336694 -0.438371 
-0.881804 -0.286516 -0.374607 -0.899643 -0.224306 -0.374607 -0.872096 -0.217438 -0.438371 -0.854804 -0.277743 -0.438371 
-0.899643 -0.224306 -0.374607 -0.913098 -0.161004 -0.374607 -0.885139 -0.156074 -0.438371 -0.872096 -0.217438 -0.438371 
-0.913098 -0.161004 -0.374607 -0.922105 -0.096917 -0.374607 -0.893870 -0.093950 -0.438371 -0.885139 -0.156074 -0.438371 
-0.922105 -0.096917 -0.374607 -0.926619 -0.032358 -0.374607 -0.898247 -0.031367 -0.438371 -0.893870 -0.093950 -0.438371 
-0.926619 -0.032358 -0.374607 -0.926619 0.032358 -0.374607 -0.898247 0.031367 -0.438371 -0.898247 -0.031367 -0.438371 
-0.926619 0.032358 -0.374607 -0.922105 0.096917 -0.374607 -0.893870 0.093950 -0.438371 -0.898247 0.031367 -0.438371 
-0.922105 0.096917 -0.374607 -0.913098 0.161004 -0.374607 -0.885139 0.156074 -0.438371 -0.893870 0.093950 -0.438371 
-0.913098 0.161004 -0.374607 -0.899643 0.224306 -0.374607 -0.872096 0.217438 -0.438371 -0.885139 0.156074 -0.438371 
-0.899643 0.224306 -0.374607 -0.881804 0.286516 -0.374607 -0.854804 0.277743 -0.438371 -0.872096 0.217438 -0.438371 
-0.881804 0.286516 -0.374607 -0.859670 0.347329 -0.374607 -0.833347 0.336694 -0.438371 -0.854804 0.277743 -0.438371 
-0.859670 0.347329 -0.374607 -0.833347 0.406451 -0.374607 -0.807831 0.394005 -0.438371 -0.833347 0.336694 -0.438371 
-0.833347 0.406451 -0.374607 -0.802965 0.463592 -0.374607 -0.778379 0.449397 -0.438371 -0.807831 0.394005 -0.438371 
-0.802965 0.463592 -0.374607 -0.768670 0.518475 -0.374607 -0.745134 0.502599 -0.438371 -0.778379 0.449397 -0.438371 
-0.768670 0.518475 -0.374607 -0.730631 0.570831 -0.374607 -0.708259 0.553353 -0.438371 -0.745134 0.502599 -0.438371 
-0.730631 0.570831 -0.374607 -0.689032 0.620407 -0.374607 -0.667934 0.601411 -0.438371 -0.708259 0.553353 -0.438371 
-0.689032 0.620407 -0.374607 -0.644076 0.666960 -0.374607 -0.624355 0.646538 -0.438371 -0.667934 0.601411 -0.438371 
-0.644076 0.666960 -0.374607 -0.595982 0.710264 -0.374607 -0.577734 0.688516 -0.438371 -0.624355 0.646538 -0.438371 
-0.595982 0.710264 -0.374607 -0.544985 0.750107 -0.374607 -0.528298 0.727140 -0.438371 -0.577734 0.688516 -0.438371 
-0.544985 0.750107 -0.374607 -0.491333 0.786296 -0.374607 -0.476288 0.762221 -0.438371 -0.528298 0.727140 -0.438371 
-0.491333 0.786296 -0.374607 -0.435286 0.818655 -0.374607 -0.421958 0.793588 -0.438371 -0.476288 0.762221 -0.438371 
-0.435286 0.818655 -0.374607 -0.377120 0.847025 -0.374607 -0.365573 0.821089 -0.438371 -0.421958 0.793588 -0.438371 
-0.377120 0.847025 -0.374607 -0.317116 0.871268 -0.374607 -0.307406 0.844590 -0.438371 -0.365573 0.821089 -0.438371 
-0.317116 0.871268 -0.374607 -0.255567 0.891266 -0.374607 -0.247741 0.863976 -0.438371 -0.307406 0.844590 -0.438371 
-0.255567 0.891266 -0.374607 -0.192772 0.906923 -0.374607 -0.186870 0.879153 -0.438371 -0.247741 0.863976 -0.438371 
-0.192772 0.906923 -0.374607 -0.129039 0.918161 -0.374607 -0.125088 0.890047 -0.438371 -0.186870 0.879153 -0.438371 
-0.129039 0.918161 -0.374607 -0.064677 0.924925 -0.374607 -0.062697 0.896605 -0.438371 -0.125088 0.890047 -0.438371 
-0.064677 0.924925 -0.374607 -0.000000 0.927184 -0.374607 -0.000000 0.898794 -0.438371 -0.062697 0.896605 -0.438371 
0.000000 0.898794 -0.438371 0.062697 0.896605 -0.438371 0.060411 0.863916 -0.500000 0.000000 0.866025 -0.500000 
0.062697 0.896605 -0.438371 0.125088 0.890047 -0.438371 0.120527 0.857597 -0.500000 0.060411 0.863916 -0.500000 
0.125088 0.890047 -0.438371 0.186870 0.879153 -0.438371 0.180057 0.847101 -0.500000 0.120527 0.857597 -0.500000 
0.186870 0.879153 -0.438371 0.247741 0.863976 -0.438371 0.238709 0.832477 -0.500000 0.180057 0.847101 -0.500000 
0.247741 0.863976 -0.438371 0.307406 0.844590 -0.438371 0.296198 0.813798 -0.500000 0.238709 0.832477 -0.500000 
0.307406 0.844590 -0.438371 0.365572 0.821089 -0.438371 0.352244 0.791154 -0.500000 0.296198 0.813798 -0.500000 
0.365572 0.821089 -0.438371 0.421958 0.793588 -0.438371 0.406574 0.764655 -0.500000 0.352244 0.791154 -0.500000 
0.421958 0.793588 -0.438371 0.476288 0.762221 -0.438371 0.458924 0.734431 -0.500000 0.406574 0.764655 -0.500000 
0.476288 0.762221 -0.438371 0.528298 0.727140 -0.438371 0.509037 0.700629 -0.500000 0.458924 0.734431 -0.500000 
0.528298 0.727140 -0.438371 0.577734 0.688516 -0.438371 0.556670 0.663414 -0.500000 0.509037 0.700629 -0.500000 
0.577734 0.688516 -0.438371 0.624355 0.646538 -0.438371 0.601592 0.622967 -0.500000 0.556670 0.663414 -0.500000 
0.624355 0.646538 -0.438371 0.667934 0.601411 -0.438371 0.643582 0.579484 -0.500000 0.601592 0.622967 -0.500000 
0.667934 0.601411 -0.438371 0.708259 0.553353 -0.438371 0.682437 0.533179 -0.500000 0.643582 0.579484 -0.500000 
0.708259 0.553353 -0.438371 0.745134 0.502599 -0.438371 0.717968 0.484275 -0.500000 0.682437 0.533179 -0.500000 
0.745134 0.502599 -0.438371 0.778378 0.449397 -0.438371 0.750000 0.433013 -0.500000 0.717968 0.484275 -0.500000 
0.778378 0.449397 -0.438371 0.807831 0.394005 -0.438371 0.778379 0.379641 -0.500000 0.750000 0.433013 -0.500000 
0.807831 0.394005 -0.438371 0.833347 0.336694 -0.438371 0.802965 0.324419 -0.500000 0.778379 0.379641 -0.500000 
0.833347 0.336694 -0.438371 0.854804 0.277743 -0.438371 0.823639 0.267617 -0.500000 0.802965 0.324419 -0.500000 
0.854804 0.277743 -0.438371 0.872096 0.217438 -0.438371 0.840301 0.209511 -0.500000 0.823639 0.267617 -0.500000 
0.872096 0.217438 -0.438371 0.885139 0.156074 -0.438371 0.852869 0.150384 -0.500000 0.840301 0.209511 -0.500000 
0.885139 0.156074 -0.438371 0.893870 0.093950 -0.438371 0.861281 0.090524 -0.500000 0.852869 0.150384 -0.500000 
0.893870 0.093950 -0.438371 0.898247 0.031367 -0.438371 0.865498 0.030224 -0.500000 0.861281 0.090524 -0.500000 
0.898247 0.031367 -0.438371 0.898247 -0.031367 -0.438371 0.865498 -0.030224 -0.500000 0.865498 0.030224 -0.500000 
0.898247 -0.031367 -0.438371 0.893870 -0.093950 -0.438371 0.861281 -0.090524 -0.500000 0.865498 -0.030224 -0.500000 
0.893870 -0.093950 -0.438371 0.885139 -0.156074 -0.438371 0.852869 -0.150384 -0.500000 0.861281 -0.090524 -0.500000 
0.885139 -0.156074 -0.438371 0.872096 -0.217438 -0.438371 0.840301 -0.209511 -0.500000 0.852869 -0.150384 -0.500000 
0.872096 -0.217438 -0.438371 0.854804 -0.277743 -0.438371 0.823639 -0.267617 -0.500000 0.840301 -0.209511 -0.500000 
0.854804 -0.277743 -0.438371 0.833347 -0.336694 -0.438371 0.802965 -0.324419 -0.500000 0.823639 -0.267617 -0.500000 
0.833347 -0.336694 -0.438371 0.807831 -0.394005 -0.438371 0.778379 -0.379641 -0.500000 0.802965 -0.324419 -0.500000 
0.807831 -0.394005 -0.438371 0.778378 -0.449397 -0.438371 0.750000 -0.433013 -0.500000 0.778379 -0.379641 -0.500000 
0.778378 -0.449397 -0.438371 0.745134 -0.502599 -0.438371 0.717968 -0.484275 -0.500000 0.750000 -0.433013 -0.500000 
0.745134 -0.502599 -0.438371 0.708259 -0.553353 -0.438371 0.682437 -0.533179 -0.500000 0.717968 -0.484275 -0.500000 
0.708259 -0.553353 -0.438371 0.667934 -0.601411 -0.438371 0.643582 -0.579484 -0.500000 0.682437 -0.533178 -0.500000 
0.667934 -0.601411 -0.438371 0.624355 -0.646538 -0.438371 0.601592 -0.622967 -0.500000 0.643582 -0.579484 -0.500000 
0.624355 -0.646538 -0.438371 0.577734 -0.688516 -0.438371 0.556670 -0.663414 -0.500000 0.601592 -0.622967 -0.500000 
0.577734 -0.688516 -0.438371 0.528298 -0.727140 -0.438371 0.509037 -0.700629 -0.500000 0.556670 -0.663414 -0.500000 
0.528298 -0.727140 -0.438371 0.476288 -0.762221 -0.438371 0.458924 -0.734431 -0.500000 0.509037 -0.700629 -0.500000 
0.476288 -0.762221 -0.438371 0.421958 -0.793588 -0.438371 0.406574 -0.764655 -0.500000 0.458924 -0.734431 -0.500000 
0.421958 -0.793588 -0.438371 0.365572 -0.821089 -0.438371 0.352244 -0.791154 -0.500000 0.406574 -0.764655 -0.500000 
0.365572 -0.821089 -0.438371 0.307406 -0.844590 -0.438371 0.296198 -0.813798 -0.500000 0.352244 -0.791154 -0.500000 
0.307406 -0.844590 -0.438371 0.247741 -0.863976 -0.438371 0.238709 -0.832477 -0.500000 0.296198 -0.813798 -0.500000 
0.247741 -0.863976 -0.438371 0.186870 -0.879153 -0.438371 0.180057 -0.847101 -0.500000 0.238709 -0.832477 -0.500000 
0.186870 -0.879153 -0.438371 0.125088 -0.890047 -0.438371 0.120527 -0.857597 -0.500000 0.180057 -0.847101 -0.500000 
0.125088 -0.890047 -0.438371 0.062697 -0.896605 -0.438371 0.060411 -0.863916 -0.500000 0.120527 -0.857597 -0.500000 
0.062697 -0.896605 -0.438371 0.000000 -0.898794 -0.438371 0.000000 -0.866025 -0.500000 0.060411 -0.863916 -0.500000 
0.000000 -0.898794 -0.438371 -0.062697 -0.896605 -0.438371 -0.060411 -0.863916 -0.500000 0.000000 -0.866025 -0.500000 
-0.062697 -0.896605 -0.438371 -0.125088 -0.890047 -0.438371 -0.120527 -0.857597 -0.500000 -0.060411 -0.863916 -0.500000 
-0.125088 -0.890047 -0.438371 -0.186870 -0.879153 -0.438371 -0.180057 -0.847101 -0.500000 -0.120527 -0.857597 -0.500000 
-0.186870 -0.879153 -0.438371 -0.247741 -0.863976 -0.438371 -0.238709 -0.832477 -0.500000 -0.180057 -0.847101 -0.500000 
-0.247741 -0.863976 -0.438371 -0.307406 -0.844590 -0.438371 -0.296198 -0.813798 -0.500000 -0.238709 -0.832477 -0.500000 
-0.307406 -0.844590 -0.438371 -0.365572 -0.821089 -0.438371 -0.352244 -0.791154 -0.500000 -0.296198 -0.813798 -0.500000 
-0.365572 -0.821089 -0.438371 -0.421958 -0.793588 -0.438371 -0.406574 -0.764655 -0.500000 -0.352244 -0.791154 -0.500000 
-0.421958 -0.793588 -0.438371 -0.476288 -0.762221 -0.438371 -0.458924 -0.734431 -0.500000 -0.406574 -0.764655 -0.500000 
-0.476288 -0.762221 -0.438371 -0.528298 -0.727140 -0.438371 -0.509037 -0.700629 -0.500000 -0.458924 -0.734431 -0.500000 
-0.528298 -0.727140 -0.438371 -0.577734 -0.688516 -0.438371 -0.556670 -0.663414 -0.500000 -0.509037 -0.700629 -0.500000 
-0.577734 -0.688516 -0.438371 -0.624355 -0.646538 -0.438371 -0.601592 -0.622967 -0.500000 -0.556670 -0.663414 -0.500000 
-0.624355 -0.646538 -0.438371 -0.667934 -0.601411 -0.438371 -0.643582 -0.579484 -0.500000 -0.601592 -0.622967 -0.500000 
-0.667934 -0.601411 -0.438371 -0.708259 -0.553353 -0.438371 -0.682437 -0.533179 -0.500000 -0.643582 -0.579484 -0.500000 
-0.708259 -0.553353 -0.438371 -0.745134 -0.502599 -0.438371 -0.717968 -0.484275 -0.500000 -0.682437 -0.533179 -0.500000 
-0.745134 -0.502599 -0.438371 -0.778378 -0.449397 -0.438371 -0.750000 -0.433013 -0.500000 -0.717968 -0.484275 -0.500000 
-0.778378 -0.449397 -0.438371 -0.807831 -0.394005 -0.438371 -0.778379 -0.379641 -0.500000 -0.750000 -0.433013 -0.500000 
-0.807831 -0.394005 -0.438371 -0.833347 -0.336694 -0.438371 -0.802965 -0.324419 -0.500000 -0.778379 -0.379641 -0.500000 
-0.833347 -0.336694 -0.438371 -0.854804 -0.277743 -0.438371 -0.823639 -0.267617 -0.500000 -0.802965 -0.324419 -0.500000 
-0.854804 -0.277743 -0.438371 -0.872096 -0.217438 -0.438371 -0.840301 -0.209511 -0.500000 -0.823639 -0.267617 -0.500000 
-0.872096 -0.217438 -0.438371 -0.885139 -0.156074 -0.438371 -0.852869 -0.150384 -0.500000 -0.840301 -0.209511 -0.500000 
-0.885139 -0.156074 -0.438371 -0.893870 -0.093950 -0.438371 -0.861281 -0.090524 -0.500000 -0.852869 -0.150384 -0.500000 
-0.893870 -0.093950 -0.438371 -0.898247 -0.031367 -0.438371 -0.865498 -0.030224 -0.500000 -0.861281 -0.090524 -0.500000 
-0.898247 -0.031367 -0.438371 -0.898247 0.031367 -0.438371 -0.865498 0.030224 -0.500000 -0.865498 -0.030224 -0.500000 
-0.898247 0.031367 -0.438371 -0.893870 0.093950 -0.438371 -0.861281 0.090524 -0.500000 -0.865498 0.030224 -0.500000 
-0.893870 0.093950 -0.438371 -0.885139 0.156074 -0.438371 -0.852869 0.150384 -0.500000 -0.861281 0.090524 -0.500000 
-0.885139 0.156074 -0.438371 -0.872096 0.217438 -0.438371 -0.840301 0.209510 -0.500000 -0.852869 0.150384 -0.500000 
-0.872096 0.217438 -0.438371 -0.854804 0.277743 -0.438371 -0.823639 0.267617 -0.500000 -0.840301 0.209510 -0.500000 
-0.854804 0.277743 -0.438371 -0.833347 0.336694 -0.438371 -0.802965 0.324419 -0.500000 -0.823639 0.267617 -0.500000 
-0.833347 0.336694 -0.438371 -0.807831 0.394005 -0.438371 -0.778379 0.379641 -0.500000 -0.802965 0.324419 -0.500000 
-0.807831 0.394005 -0.438371 -0.778378 0.449397 -0.438371 -0.750000 0.433013 -0.500000 -0.778379 0.379641 -0.500000 
-0.778378 0.449397 -0.438371 -0.745134 0.502599 -0.438371 -0.717968 0.484275 -0.500000 -0.750000 0.433013 -0.500000 
-0.745134 0.502599 -0.438371 -0.708259 0.553353 -0.438371 -0.682437 0.533178 -0.500000 -0.717968 0.484275 -0.500000 
-0.708259 0.553353 -0.438371 -0.667934 0.601411 -0.438371 -0.643582 0.579484 -0.500000 -0.682437 0.533178 -0.500000 
-0.667934 0.601411 -0.438371 -0.624355 0.646538 -0.438371 -0.601592 0.622967 -0.500000 -0.643582 0.579484 -0.500000 
-0.624355 0.646538 -0.438371 -0.577734 0.688516 -0.438371 -0.556670 0.663414 -0.500000 -0.601592 0.622967 -0.500000 
-0.577734 0.688516 -0.438371 -0.528298 0.727140 -0.438371 -0.509037 0.700629 -0.500000 -0.556670 0.663414 -0.500000 
-0.528298 0.727140 -0.438371 -0.476288 0.762221 -0.438371 -0.458924 0.734431 -0.500000 -0.509037 0.700629 -0.500000 
-0.476288 0.762221 -0.438371 -0.421958 0.793588 -0.438371 -0.406574 0.764655 -0.500000 -0.458924 0.734431 -0.500000 
-0.421958 0.793588 -0.438371 -0.365573 0.821089 -0.438371 -0.352244 0.791154 -0.500000 -0.406574 0.764655 -0.500000 
-0.365573 0.821089 -0.438371 -0.307406 0.844590 -0.438371 -0.296198 0.813798 -0.500000 -0.352244 0.791154 -0.500000 
-0.307406 0.844590 -0.438371 -0.247741 0.863976 -0.438371 -0.238709 0.832477 -0.500000 -0.296198 0.813798 -0.500000 
-0.247741 0.863976 -0.438371 -0.186870 0.879153 -0.438371 -0.180057 0.847101 -0.500000 -0.238709 0.832477 -0.500000 
-0.186870 0.879153 -0.438371 -0.125088 0.890047 -0.438371 -0.120527 0.857597 -0.500000 -0.180057 0.847101 -0.500000 
-0.125088 0.890047 -0.438371 -0.062697 0.896605 -0.438371 -0.060411 0.863916 -0.500000 -0.120527 0.857597 -0.500000 
-0.062697 0.896605 -0.438371 -0.000000 0.898794 -0.438371 -0.000000 0.866025 -0.500000 -0.060411 0.863916 -0.500000 
0.000000 0.866025 -0.500000 0.060411 0.863916 -0.500000 0.057831 0.827018 -0.559193 0.000000 0.829038 -0.559193 
0.060411 0.863916 -0.500000 0.120527 0.857597 -0.500000 0.115380 0.820969 -0.559193 0.057831 0.827018 -0.559193 
0.120527 0.857597 -0.500000 0.180057 0.847101 -0.500000 0.172367 0.810921 -0.559193 0.115380 0.820969 -0.559193 
0.180057 0.847101 -0.500000 0.238709 0.832477 -0.500000 0.228514 0.796922 -0.559193 0.172367 0.810921 -0.559193 
0.238709 0.832477 -0.500000 0.296198 0.813798 -0.500000 0.283548 0.779041 -0.559193 0.228514 0.796922 -0.559193 
0.296198 0.813798 -0.500000 0.352244 0.791154 -0.500000 0.337200 0.757364 -0.559193 0.283548 0.779041 -0.559193 
0.352244 0.791154 -0.500000 0.406574 0.764655 -0.500000 0.389210 0.731997 -0.559193 0.337200 0.757363 -0.559193 
0.406574 0.764655 -0.500000 0.458924 0.734431 -0.500000 0.439323 0.703064 -0.559193 0.389210 0.731997 -0.559193 
0.458924 0.734431 -0.500000 0.509037 0.700629 -0.500000 0.487296 0.670705 -0.559193 0.439323 0.703064 -0.559193 
0.509037 0.700629 -0.500000 0.556670 0.663414 -0.500000 0.532895 0.635080 -0.559193 0.487296 0.670705 -0.559193 
0.556670 0.663414 -0.500000 0.601592 0.622967 -0.500000 0.575898 0.596360 -0.559193 0.532895 0.635080 -0.559193 
0.601592 0.622967 -0.500000 0.643582 0.579484 -0.500000 0.616095 0.554734 -0.559193 0.575898 0.596360 -0.559193 
0.643582 0.579484 -0.500000 0.682437 0.533179 -0.500000 0.653291 0.510406 -0.559193 0.616095 0.554734 -0.559193 
0.682437 0.533179 -0.500000 0.717968 0.484275 -0.500000 0.687303 0.463592 -0.559193 0.653291 0.510407 -0.559193 
0.717968 0.484275 -0.500000 0.750000 0.433013 -0.500000 0.717968 0.414519 -0.559193 0.687303 0.463592 -0.559193 
0.750000 0.433013 -0.500000 0.778378 0.379641 -0.500000 0.745134 0.363426 -0.559193 0.717968 0.414519 -0.559193 
0.778378 0.379641 -0.500000 0.802965 0.324419 -0.500000 0.768670 0.310563 -0.559193 0.745134 0.363426 -0.559193 
0.802965 0.324419 -0.500000 0.823639 0.267617 -0.500000 0.788462 0.256187 -0.559193 0.768670 0.310563 -0.559193 
0.823639 0.267617 -0.500000 0.840301 0.209511 -0.500000 0.804412 0.200562 -0.559193 0.788462 0.256187 -0.559193 
0.840301 0.209511 -0.500000 0.852869 0.150384 -0.500000 0.816443 0.143961 -0.559193 0.804412 0.200562 -0.559193 
0.852869 0.150384 -0.500000 0.861281 0.090524 -0.500000 0.824496 0.086658 -0.559193 0.816443 0.143961 -0.559193 
0.861281 0.090524 -0.500000 0.865498 0.030224 -0.500000 0.828533 0.028933 -0.559193 0.824496 0.086658 -0.559193 
0.865498 0.030224 -0.500000 0.865498 -0.030224 -0.500000 0.828533 -0.028933 -0.559193 0.828533 0.028933 -0.559193 
0.865498 -0.030224 -0.500000 0.861281 -0.090524 -0.500000 0.824496 -0.086658 -0.559193 0.828533 -0.028933 -0.559193 
0.861281 -0.090524 -0.500000 0.852869 -0.150384 -0.500000 0.816443 -0.143961 -0.559193 0.824496 -0.086658 -0.559193 
0.852869 -0.150384 -0.500000 0.840301 -0.209511 -0.500000 0.804412 -0.200562 -0.559193 0.816443 -0.143961 -0.559193 
0.840301 -0.209511 -0.500000 0.823639 -0.267617 -0.500000 0.788462 -0.256187 -0.559193 0.804412 -0.200562 -0.559193 
0.823639 -0.267617 -0.500000 0.802965 -0.324419 -0.500000 0.768670 -0.310563 -0.559193 0.788462 -0.256187 -0.559193 
0.802965 -0.324419 -0.500000 0.778379 -0.379641 -0.500000 0.745134 -0.363426 -0.559193 0.768670 -0.310563 -0.559193 
0.778379 -0.379641 -0.500000 0.750000 -0.433013 -0.500000 0.717968 -0.414519 -0.559193 0.745134 -0.363426 -0.559193 
0.750000 -0.433013 -0.500000 0.717968 -0.484275 -0.500000 0.687303 -0.463592 -0.559193 0.717968 -0.414519 -0.559193 
0.717968 -0.484275 -0.500000 0.682437 -0.533179 -0.500000 0.653291 -0.510406 -0.559193 0.687303 -0.463592 -0.559193 
0.682437 -0.533179 -0.500000 0.643582 -0.579484 -0.500000 0.616095 -0.554734 -0.559193 0.653291 -0.510406 -0.559193 
0.643582 -0.579484 -0.500000 0.601592 -0.622967 -0.500000 0.575898 -0.596360 -0.559193 0.616095 -0.554734 -0.559193 
0.601592 -0.622967 -0.500000 0.556670 -0.663414 -0.500000 0.532895 -0.635080 -0.559193 0.575898 -0.596360 -0.559193 
0.556670 -0.663414 -0.500000 0.509037 -0.700629 -0.500000 0.487296 -0.670705 -0.559193 0.532895 -0.635080 -0.559193 
0.509037 -0.700629 -0.500000 0.458924 -0.734431 -0.500000 0.439323 -0.703064 -0.559193 0.487296 -0.670705 -0.559193 
0.458924 -0.734431 -0.500000 0.406574 -0.764655 -0.500000 0.389210 -0.731997 -0.559193 0.439323 -0.703064 -0.559193 
0.406574 -0.764655 -0.500000 0.352244 -0.791154 -0.500000 0.337200 -0.757364 -0.559193 0.389210 -0.731997 -0.559193 
0.352244 -0.791154 -0.500000 0.296198 -0.813798 -0.500000 0.283548 -0.779041 -0.559193 0.337200 -0.757363 -0.559193 
0.296198 -0.813798 -0.500000 0.238709 -0.832477 -0.500000 0.228514 -0.796922 -0.559193 0.283548 -0.779041 -0.559193 
0.238709 -0.832477 -0.500000 0.180057 -0.847101 -0.500000 0.172367 -0.810921 -0.559193 0.228514 -0.796922 -0.559193 
0.180057 -0.847101 -0.500000 0.120527 -0.857597 -0.500000 0.115380 -0.820969 -0.559193 0.172367 -0.810921 -0.559193 
0.120527 -0.857597 -0.500000 0.060411 -0.863916 -0.500000 0.057831 -0.827018 -0.559193 0.115380 -0.820969 -0.559193 
0.060411 -0.863916 -0.500000 0.000000 -0.866025 -0.500000 0.000000 -0.829038 -0.559193 0.057831 -0.827018 -0.559193 
0.000000 -0.866025 -0.500000 -0.060411 -0.863916 -0.500000 -0.057831 -0.827018 -0.559193 0.000000 -0.829038 -0.559193 
-0.060411 -0.863916 -0.500000 -0.120527 -0.857597 -0.500000 -0.115380 -0.820969 -0.559193 -0.057831 -0.827018 -0.559193 
-0.120527 -0.857597 -0.500000 -0.180057 -0.847101 -0.500000 -0.172367 -0.810921 -0.559193 -0.115380 -0.820969 -0.559193 
-0.180057 -0.847101 -0.500000 -0.238709 -0.832477 -0.500000 -0.228514 -0.796922 -0.559193 -0.172367 -0.810921 -0.559193 
-0.238709 -0.832477 -0.500000 -0.296198 -0.813798 -0.500000 -0.283548 -0.779041 -0.559193 -0.228514 -0.796922 -0.559193 
-0.296198 -0.813798 -0.500000 -0.352244 -0.791154 -0.500000 -0.337200 -0.757364 -0.559193 -0.283548 -0.779041 -0.559193 
-0.352244 -0.791154 -0.500000 -0.406574 -0.764655 -0.500000 -0.389210 -0.731997 -0.559193 -0.337200 -0.757364 -0.559193 
-0.406574 -0.764655 -0.500000 -0.458924 -0.734431 -0.500000 -0.439323 -0.703064 -0.559193 -0.389210 -0.731997 -0.559193 
-0.458924 -0.734431 -0.500000 -0.509037 -0.700629 -0.500000 -0.487296 -0.670705 -0.559193 -0.439323 -0.703064 -0.559193 
-0.509037 -0.700629 -0.500000 -0.556670 -0.663414 -0.500000 -0.532895 -0.635080 -0.559193 -0.487296 -0.670705 -0.559193 
-0.556670 -0.663414 -0.500000 -0.601592 -0.622967 -0.500000 -0.575898 -0.596360 -0.559193 -0.532895 -0.635080 -0.559193 
-0.601592 -0.622967 -0.500000 -0.643582 -0.579484 -0.500000 -0.616095 -0.554734 -0.559193 -0.575898 -0.596360 -0.559193 
-0.643582 -0.579484 -0.500000 -0.682437 -0.533179 -0.500000 -0.653291 -0.510407 -0.559193 -0.616095 -0.554734 -0.559193 
-0.682437 -0.533179 -0.500000 -0.717968 -0.484275 -0.500000 -0.687303 -0.463592 -0.559193 -0.653291 -0.510407 -0.559193 
-0.717968 -0.484275 -0.500000 -0.750000 -0.433013 -0.500000 -0.717968 -0.414519 -0.559193 -0.687303 -0.463592 -0.559193 
-0.750000 -0.433013 -0.500000 -0.778378 -0.379641 -0.500000 -0.745134 -0.363426 -0.559193 -0.717968 -0.414519 -0.559193 
-0.778378 -0.379641 -0.500000 -0.802965 -0.324419 -0.500000 -0.768670 -0.310563 -0.559193 -0.745134 -0.363426 -0.559193 
-0.802965 -0.324419 -0.500000 -0.823639 -0.267617 -0.500000 -0.788462 -0.256187 -0.559193 -0.768670 -0.310563 -0.559193 
-0.823639 -0.267617 -0.500000 -0.840301 -0.209511 -0.500000 -0.804412 -0.200562 -0.559193 -0.788462 -0.256187 -0.559193 
-0.840301 -0.209511 -0.500000 -0.852869 -0.150384 -0.500000 -0.816443 -0.143961 -0.559193 -0.804412 -0.200562 -0.559193 
-0.852869 -0.150384 -0.500000 -0.861281 -0.090524 -0.500000 -0.824496 -0.086658 -0.559193 -0.816443 -0.143961 -0.559193 
-0.861281 -0.090524 -0.500000 -0.865498 -0.030224 -0.500000 -0.828533 -0.028933 -0.559193 -0.824496 -0.086658 -0.559193 
-0.865498 -0.030224 -0.500000 -0.865498 0.030224 -0.500000 -0.828533 0.028933 -0.559193 -0.828533 -0.028933 -0.559193 
-0.865498 0.030224 -0.500000 -0.861281 0.090524 -0.500000 -0.824496 0.086658 -0.559193 -0.828533 0.028933 -0.559193 
-0.861281 0.090524 -0.500000 -0.852869 0.150384 -0.500000 -0.816443 0.143961 -0.559193 -0.824496 0.086658 -0.559193 
-0.852869 0.150384 -0.500000 -0.840301 0.209510 -0.500000 -0.804412 0.200562 -0.559193 -0.816443 0.143961 -0.559193 
-0.840301 0.209510 -0.500000 -0.823639 0.267617 -0.500000 -0.788462 0.256187 -0.559193 -0.804412 0.200562 -0.559193 
-0.823639 0.267617 -0.500000 -0.802965 0.324419 -0.500000 -0.768670 0.310563 -0.559193 -0.788462 0.256187 -0.559193 
-0.802965 0.324419 -0.500000 -0.778379 0.379641 -0.500000 -0.745134 0.363426 -0.559193 -0.768670 0.310563 -0.559193 
-0.778379 0.379641 -0.500000 -0.750000 0.433013 -0.500000 -0.717968 0.414519 -0.559193 -0.745134 0.363426 -0.559193 
-0.750000 0.433013 -0.500000 -0.717968 0.484275 -0.500000 -0.687303 0.463592 -0.559193 -0.717968 0.414519 -0.559193 
-0.717968 0.484275 -0.500000 -0.682437 0.533178 -0.500000 -0.653291 0.510406 -0.559193 -0.687303 0.463592 -0.559193 
-0.682437 0.533178 -0.500000 -0.643582 0.579484 -0.500000 -0.616095 0.554734 -0.559193 -0.653291 0.510406 -0.559193 
-0.643582 0.579484 -0.500000 -0.601592 0.622967 -0.500000 -0.575898 0.596360 -0.559193 -0.616095 0.554734 -0.559193 
-0.601592 0.622967 -0.500000 -0.556670 0.663414 -0.500000 -0.532895 0.635080 -0.559193 -0.575898 0.596360 -0.559193 
-0.556670 0.663414 -0.500000 -0.509037 0.700629 -0.500000 -0.487296 0.670705 -0.559193 -0.532895 0.635080 -0.559193 
-0.509037 0.700629 -0.500000 -0.458924 0.734431 -0.500000 -0.439323 0.703064 -0.559193 -0.487296 0.670705 -0.559193 
-0.458924 0.734431 -0.500000 -0.406574 0.764655 -0.500000 -0.389210 0.731997 -0.559193 -0.439323 0.703064 -0.559193 
-0.406574 0.764655 -0.500000 -0.352244 0.791154 -0.500000 -0.337200 0.757363 -0.559193 -0.389210 0.731997 -0.559193 
-0.352244 0.791154 -0.500000 -0.296198 0.813798 -0.500000 -0.283548 0.779041 -0.559193 -0.337200 0.757363 -0.559193 
-0.296198 0.813798 -0.500000 -0.238709 0.832477 -0.500000 -0.228514 0.796922 -0.559193 -0.283548 0.779041 -0.559193 
-0.238709 0.832477 -0.500000 -0.180057 0.847101 -0.500000 -0.172367 0.810921 -0.559193 -0.228514 0.796922 -0.559193 
-0.180057 0.847101 -0.500000 -0.120527 0.857597 -0.500000 -0.115380 0.820969 -0.559193 -0.172367 0.810921 -0.559193 
-0.120527 0.857597 -0.500000 -0.060411 0.863916 -0.500000 -0.057831 0.827018 -0.559193 -0.115380 0.820969 -0.559193 
-0.060411 0.863916 -0.500000 -0.000000 0.866025 -0.500000 -0.000000 0.829038 -0.559193 -0.057831 0.827018 -0.559193 
0.000000 0.829038 -0.559193 0.057831 0.827018 -0.559193 0.054969 0.786091 -0.615661 0.000000 0.788011 -0.615661 
0.057831 0.827018 -0.559193 0.115380 0.820969 -0.559193 0.109670 0.780342 -0.615661 0.054969 0.786091 -0.615661 
0.115380 0.820969 -0.559193 0.172367 0.810921 -0.559193 0.163837 0.770791 -0.615661 0.109670 0.780342 -0.615661 
0.172367 0.810921 -0.559193 0.228514 0.796922 -0.559193 0.217205 0.757485 -0.615661 0.163837 0.770791 -0.615661 
0.228514 0.796922 -0.559193 0.283548 0.779041 -0.559193 0.269516 0.740488 -0.615661 0.217205 0.757485 -0.615661 
0.283548 0.779041 -0.559193 0.337200 0.757364 -0.559193 0.320513 0.719884 -0.615661 0.269516 0.740488 -0.615661 
0.337200 0.757364 -0.559193 0.389210 0.731997 -0.559193 0.369949 0.695772 -0.615661 0.320513 0.719884 -0.615661 
0.389210 0.731997 -0.559193 0.439323 0.703064 -0.559193 0.417582 0.668271 -0.615661 0.369949 0.695772 -0.615661 
0.439323 0.703064 -0.559193 0.487296 0.670705 -0.559193 0.463181 0.637514 -0.615661 0.417582 0.668271 -0.615661 
0.487296 0.670705 -0.559193 0.532895 0.635080 -0.559193 0.506524 0.603651 -0.615661 0.463181 0.637514 -0.615661 
0.532895 0.635080 -0.559193 0.575898 0.596360 -0.559193 0.547398 0.566848 -0.615661 0.506524 0.603651 -0.615661 
0.575898 0.596360 -0.559193 0.616095 0.554734 -0.559193 0.585606 0.527282 -0.615661 0.547398 0.566848 -0.615661 
0.616095 0.554734 -0.559193 0.653291 0.510406 -0.559193 0.620961 0.485148 -0.615661 0.585606 0.527282 -0.615661 
0.653291 0.510406 -0.559193 0.687303 0.463592 -0.559193 0.653291 0.440650 -0.615661 0.620961 0.485148 -0.615661 
0.687303 0.463592 -0.559193 0.717968 0.414519 -0.559193 0.682437 0.394005 -0.615661 0.653291 0.440650 -0.615661 
0.717968 0.414519 -0.559193 0.745134 0.363426 -0.559193 0.708259 0.345441 -0.615661 0.682437 0.394005 -0.615661 
0.745134 0.363426 -0.559193 0.768670 0.310563 -0.559193 0.730631 0.295194 -0.615661 0.708259 0.345441 -0.615661 
0.768670 0.310563 -0.559193 0.788462 0.256187 -0.559193 0.749443 0.243509 -0.615661 0.730631 0.295194 -0.615661 
0.788462 0.256187 -0.559193 0.804412 0.200562 -0.559193 0.764603 0.190637 -0.615661 0.749443 0.243509 -0.615661 
0.804412 0.200562 -0.559193 0.816443 0.143961 -0.559193 0.776039 0.136837 -0.615661 0.764603 0.190637 -0.615661 
0.816443 0.143961 -0.559193 0.824496 0.086658 -0.559193 0.783694 0.082370 -0.615661 0.776039 0.136837 -0.615661 
0.824496 0.086658 -0.559193 0.828533 0.028933 -0.559193 0.787531 0.027501 -0.615661 0.783694 0.082370 -0.615661 
0.828533 0.028933 -0.559193 0.828533 -0.028933 -0.559193 0.787531 -0.027501 -0.615661 0.787531 0.027501 -0.615661 
0.828533 -0.028933 -0.559193 0.824496 -0.086658 -0.559193 0.783694 -0.082370 -0.615661 0.787531 -0.027501 -0.615661 
0.824496 -0.086658 -0.559193 0.816443 -0.143961 -0.559193 0.776039 -0.136837 -0.615661 0.783694 -0.082370 -0.615661 
0.816443 -0.143961 -0.559193 0.804412 -0.200562 -0.559193 0.764603 -0.190637 -0.615661 0.776039 -0.136837 -0.615661 
0.804412 -0.200562 -0.559193 0.788462 -0.256187 -0.559193 0.749443 -0.243509 -0.615661 0.764603 -0.190637 -0.615661 
0.788462 -0.256187 -0.559193 0.768670 -0.310563 -0.559193 0.730631 -0.295194 -0.615661 0.749443 -0.243509 -0.615661 
0.768670 -0.310563 -0.559193 0.745134 -0.363426 -0.559193 0.708259 -0.345441 -0.615661 0.730631 -0.295194 -0.615661 
0.745134 -0.363426 -0.559193 0.717968 -0.414519 -0.559193 0.682437 -0.394005 -0.615661 0.708259 -0.345441 -0.615661 
0.717968 -0.414519 -0.559193 0.687303 -0.463592 -0.559193 0.653291 -0.440650 -0.615661 0.682437 -0.394005 -0.615661 
0.687303 -0.463592 -0.559193 0.653291 -0.510406 -0.559193 0.620961 -0.485148 -0.615661 0.653291 -0.440650 -0.615661 
0.653291 -0.510406 -0.559193 0.616095 -0.554734 -0.559193 0.585606 -0.527282 -0.615661 0.620961 -0.485148 -0.615661 
0.616095 -0.554734 -0.559193 0.575898 -0.596360 -0.559193 0.547398 -0.566848 -0.615661 0.585606 -0.527282 -0.615661 
0.575898 -0.596360 -0.559193 0.532895 -0.635080 -0.559193 0.506524 -0.603651 -0.615661 0.547398 -0.566848 -0.615661 
0.532895 -0.635080 -0.559193 0.487296 -0.670705 -0.559193 0.463181 -0.637514 -0.615661 0.506524 -0.603651 -0.615661 
0.487296 -0.670705 -0.559193 0.439323 -0.703064 -0.559193 0.417582 -0.668271 -0.615661 0.463181 -0.637514 -0.615661 
0.439323 -0.703064 -0.559193 0.389210 -0.731997 -0.559193 0.369949 -0.695772 -0.615661 0.417582 -0.668271 -0.615661 
0.389210 -0.731997 -0.559193 0.337200 -0.757364 -0.559193 0.320513 -0.719884 -0.615661 0.369949 -0.695772 -0.615661 
0.337200 -0.757364 -0.559193 0.283548 -0.779041 -0.559193 0.269516 -0.740488 -0.615661 0.320513 -0.719884 -0.615661 
0.283548 -0.779041 -0.559193 0.228514 -0.796922 -0.559193 0.217205 -0.757485 -0.615661 0.269516 -0.740488 -0.615661 
0.228514 -0.796922 -0.559193 0.172367 -0.810921 -0.559193 0.163837 -0.770791 -0.615661 0.217205 -0.757485 -0.615661 
0.172367 -0.810921 -0.559193 0.115380 -0.820969 -0.559193 0.109670 -0.780342 -0.615661 0.163837 -0.770791 -0.615661 
0.115380 -0.820969 -0.559193 0.057831 -0.827018 -0.559193 0.054969 -0.786091 -0.615661 0.109670 -0.780342 -0.615661 
0.057831 -0.827018 -0.559193 0.000000 -0.829038 -0.559193 0.000000 -0.788011 -0.615661 0.054969 -0.786091 -0.615661 
0.000000 -0.829038 -0.559193 -0.057831 -0.827018 -0.559193 -0.054969 -0.786091 -0.615661 0.000000 -0.788011 -0.615661 
-0.057831 -0.827018 -0.559193 -0.115380 -0.820969 -0.559193 -0.109670 -0.780342 -0.615661 -0.054969 -0.786091 -0.615661 
-0.115380 -0.820969 -0.559193 -0.172367 -0.810921 -0.559193 -0.163837 -0.770791 -0.615661 -0.109670 -0.780342 -0.615661 
-0.172367 -0.810921 -0.559193 -0.228514 -0.796922 -0.559193 -0.217205 -0.757485 -0.615661 -0.163837 -0.770791 -0.615661 
-0.228514 -0.796922 -0.559193 -0.283548 -0.779041 -0.559193 -0.269516 -0.740488 -0.615661 -0.217205 -0.757485 -0.615661 
-0.283548 -0.779041 -0.559193 -0.337200 -0.757364 -0.559193 -0.320513 -0.719884 -0.615661 -0.269516 -0.740488 -0.615661 
-0.337200 -0.757364 -0.559193 -0.389210 -0.731997 -0.559193 -0.369949 -0.695772 -0.615661 -0.320513 -0.719884 -0.615661 
-0.389210 -0.731997 -0.559193 -0.439323 -0.703064 -0.559193 -0.417582 -0.668271 -0.615661 -0.369949 -0.695772 -0.615661 
-0.439323 -0.703064 -0.559193 -0.487296 -0.670705 -0.559193 -0.463181 -0.637514 -0.615661 -0.417582 -0.668271 -0.615661 
-0.487296 -0.670705 -0.559193 -0.532895 -0.635080 -0.559193 -0.506524 -0.603651 -0.615661 -0.463181 -0.637514 -0.615661 
-0.532895 -0.635080 -0.559193 -0.575898 -0.596360 -0.559193 -0.547398 -0.566848 -0.615661 -0.506524 -0.603651 -0.615661 
-0.575898 -0.596360 -0.559193 -0.616095 -0.554734 -0.559193 -0.585606 -0.527282 -0.615661 -0.547398 -0.566848 -0.615661 
-0.616095 -0.554734 -0.559193 -0.653291 -0.510407 -0.559193 -0.620961 -0.485148 -0.615661 -0.585606 -0.527282 -0.615661 
-0.653291 -0.510407 -0.559193 -0.687303 -0.463592 -0.559193 -0.653291 -0.440650 -0.615661 -0.620961 -0.485148 -0.615661 
-0.687303 -0.463592 -0.559193 -0.717968 -0.414519 -0.559193 -0.682437 -0.394005 -0.615661 -0.653291 -0.440650 -0.615661 
-0.717968 -0.414519 -0.559193 -0.745134 -0.363426 -0.559193 -0.708259 -0.345441 -0.615661 -0.682437 -0.394005 -0.615661 
-0.745134 -0.363426 -0.559193 -0.768670 -0.310563 -0.559193 -0.730631 -0.295194 -0.615661 -0.708259 -0.345441 -0.615661 
-0.768670 -0.310563 -0.559193 -0.788462 -0.256187 -0.559193 -0.749443 -0.243509 -0.615661 -0.730631 -0.295194 -0.615661 
-0.788462 -0.256187 -0.559193 -0.804412 -0.200562 -0.559193 -0.764603 -0.190637 -0.615661 -0.749443 -0.243509 -0.615661 
-0.804412 -0.200562 -0.559193 -0.816443 -0.143961 -0.559193 -0.776039 -0.136837 -0.615661 -0.764603 -0.190637 -0.615661 
-0.816443 -0.143961 -0.559193 -0.824496 -0.086658 -0.559193 -0.783694 -0.082370 -0.615661 -0.776039 -0.136837 -0.615661 
-0.824496 -0.086658 -0.559193 -0.828533 -0.028933 -0.559193 -0.787531 -0.027501 -0.615661 -0.783694 -0.082370 -0.615661 
-0.828533 -0.028933 -0.559193 -0.828533 0.028933 -0.559193 -0.787531 0.027501 -0.615661 -0.787531 -0.027501 -0.615661 
-0.828533 0.028933 -0.559193 -0.824496 0.086658 -0.559193 -0.783694 0.082370 -0.615661 -0.787531 0.027501 -0.615661 
-0.824496 0.086658 -0.559193 -0.816443 0.143961 -0.559193 -0.776039 0.136837 -0.615661 -0.783694 0.082370 -0.615661 
-0.816443 0.143961 -0.559193 -0.804412 0.200562 -0.559193 -0.764603 0.190637 -0.615661 -0.776039 0.136837 -0.615661 
-0.804412 0.200562 -0.559193 -0.788462 0.256187 -0.559193 -0.749443 0.243509 -0.615661 -0.764603 0.190637 -0.615661 
-0.788462 0.256187 -0.559193 -0.768670 0.310563 -0.559193 -0.730631 0.295194 -0.615661 -0.749443 0.243509 -0.615661 
-0.768670 0.310563 -0.559193 -0.745134 0.363426 -0.559193 -0.708259 0.345441 -0.615661 -0.730631 0.295194 -0.615661 
-0.745134 0.363426 -0.559193 -0.717968 0.414519 -0.559193 -0.682437 0.394005 -0.615661 -0.708259 0.345441 -0.615661 
-0.717968 0.414519 -0.559193 -0.687303 0.463592 -0.559193 -0.653291 0.440650 -0.615661 -0.682437 0.394005 -0.615661 
-0.687303 0.463592 -0.559193 -0.653291 0.510406 -0.559193 -0.620961 0.485148 -0.615661 -0.653291 0.440650 -0.615661 
-0.653291 0.510406 -0.559193 -0.616095 0.554734 -0.559193 -0.585606 0.527282 -0.615661 -0.620961 0.485148 -0.615661 
-0.616095 0.554734 -0.559193 -0.575898 0.596360 -0.559193 -0.547398 0.566848 -0.615661 -0.585606 0.527282 -0.615661 
-0.575898 0.596360 -0.559193 -0.532895 0.635080 -0.559193 -0.506524 0.603651 -0.615661 -0.547398 0.566848 -0.615661 
-0.532895 0.635080 -0.559193 -0.487296 0.670705 -0.559193 -0.463181 0.637514 -0.615661 -0.506524 0.603651 -0.615661 
-0.487296 0.670705 -0.559193 -0.439323 0.703064 -0.559193 -0.417582 0.668271 -0.615661 -0.463181 0.637514 -0.615661 
-0.439323 0.703064 -0.559193 -0.389210 0.731997 -0.559193 -0.369949 0.695772 -0.615661 -0.417582 0.668271 -0.615661 
-0.389210 0.731997 -0.559193 -0.337200 0.757363 -0.559193 -0.320513 0.719884 -0.615661 -0.369949 0.695772 -0.615661 
-0.337200 0.757363 -0.559193 -0.283548 0.779041 -0.559193 -0.269516 0.740488 -0.615661 -0.320513 0.719884 -0.615661 
-0.283548 0.779041 -0.559193 -0.228514 0.796922 -0.559193 -0.217205 0.757485 -0.615661 -0.269516 0.740488 -0.615661 
-0.228514 0.796922 -0.559193 -0.172367 0.810921 -0.559193 -0.163837 0.770791 -0.615661 -0.217205 0.757485 -0.615661 
-0.172367 0.810921 -0.559193 -0.115380 0.820969 -0.559193 -0.109670 0.780342 -0.615661 -0.163837 0.770791 -0.615661 
-0.115380 0.820969 -0.559193 -0.057831 0.827018 -0.559193 -0.054969 0.786091 -0.615661 -0.109670 0.780342 -0.615661 
-0.057831 0.827018 -0.559193 -0.000000 0.829038 -0.559193 -0.000000 0.788011 -0.615661 -0.054969 0.786091 -0.615661 
0.000000 0.788011 -0.615661 0.054969 0.786091 -0.615661 0.051839 0.741335 -0.669131 0.000000 0.743145 -0.669131 
0.054969 0.786091 -0.615661 0.109670 0.780342 -0.615661 0.103426 0.735913 -0.669131 0.051839 0.741335 -0.669131 
0.109670 0.780342 -0.615661 0.163837 0.770791 -0.615661 0.154509 0.726905 -0.669131 0.103426 0.735913 -0.669131 
0.163837 0.770791 -0.615661 0.217205 0.757485 -0.615661 0.204838 0.714357 -0.669131 0.154509 0.726905 -0.669131 
0.217205 0.757485 -0.615661 0.269516 0.740488 -0.615661 0.254171 0.698328 -0.669131 0.204838 0.714357 -0.669131 
0.269516 0.740488 -0.615661 0.320513 0.719884 -0.615661 0.302264 0.678897 -0.669131 0.254171 0.698328 -0.669131 
0.320513 0.719884 -0.615661 0.369949 0.695772 -0.615661 0.348885 0.656158 -0.669131 0.302264 0.678897 -0.669131 
0.369949 0.695772 -0.615661 0.417582 0.668271 -0.615661 0.393807 0.630223 -0.669131 0.348885 0.656158 -0.669131 
0.417582 0.668271 -0.615661 0.463181 0.637514 -0.615661 0.436810 0.601217 -0.669131 0.393807 0.630223 -0.669131 
0.463181 0.637514 -0.615661 0.506524 0.603651 -0.615661 0.477684 0.569282 -0.669131 0.436810 0.601217 -0.669131 
0.506524 0.603651 -0.615661 0.547398 0.566848 -0.615661 0.516232 0.534574 -0.669131 0.477684 0.569282 -0.669131 
0.547398 0.566848 -0.615661 0.585606 0.527282 -0.615661 0.552264 0.497261 -0.669131 0.516232 0.534574 -0.669131 
0.585606 0.527282 -0.615661 0.620961 0.485148 -0.615661 0.585606 0.457526 -0.669131 0.552264 0.497261 -0.669131 
0.620961 0.485148 -0.615661 0.653291 0.440650 -0.615661 0.616095 0.415561 -0.669131 0.585606 0.457526 -0.669131 
0.653291 0.440650 -0.615661 0.682437 0.394005 -0.615661 0.643582 0.371572 -0.669131 0.616095 0.415561 -0.669131 
0.682437 0.394005 -0.615661 0.708259 0.345441 -0.615661 0.667934 0.325773 -0.669131 0.643582 0.371572 -0.669131 
0.708259 0.345441 -0.615661 0.730631 0.295194 -0.615661 0.689032 0.278387 -0.669131 0.667934 0.325773 -0.669131 
0.730631 0.295194 -0.615661 0.749443 0.243509 -0.615661 0.706773 0.229644 -0.669131 0.689032 0.278387 -0.669131 
0.749443 0.243509 -0.615661 0.764603 0.190637 -0.615661 0.721070 0.179783 -0.669131 0.706773 0.229644 -0.669131 
0.764603 0.190637 -0.615661 0.776039 0.136837 -0.615661 0.731855 0.129046 -0.669131 0.721070 0.179783 -0.669131 
0.776039 0.136837 -0.615661 0.783694 0.082370 -0.615661 0.739074 0.077680 -0.669131 0.731855 0.129046 -0.669131 
0.783694 0.082370 -0.615661 0.787531 0.027501 -0.615661 0.742692 0.025935 -0.669131 0.739074 0.077680 -0.669131 
0.787531 0.027501 -0.615661 0.787531 -0.027501 -0.615661 0.742692 -0.025935 -0.669131 0.742692 0.025935 -0.669131 
0.787531 -0.027501 -0.615661 0.783694 -0.082370 -0.615661 0.739074 -0.077680 -0.669131 0.742692 -0.025935 -0.669131 
0.783694 -0.082370 -0.615661 0.776039 -0.136837 -0.615661 0.731855 -0.129046 -0.669131 0.739074 -0.077680 -0.669131 
0.776039 -0.136837 -0.615661 0.764603 -0.190637 -0.615661 0.721070 -0.179783 -0.669131 0.731855 -0.129046 -0.669131 
0.764603 -0.190637 -0.615661 0.749443 -0.243509 -0.615661 0.706773 -0.229644 -0.669131 0.721070 -0.179783 -0.669131 
0.749443 -0.243509 -0.615661 0.730631 -0.295194 -0.615661 0.689032 -0.278387 -0.669131 0.706773 -0.229644 -0.669131 
0.730631 -0.295194 -0.615661 0.708259 -0.345441 -0.615661 0.667934 -0.325773 -0.669131 0.689032 -0.278387 -0.669131 
0.708259 -0.345441 -0.615661 0.682437 -0.394005 -0.615661 0.643582 -0.371572 -0.669131 0.667934 -0.325773 -0.669131 
0.682437 -0.394005 -0.615661 0.653291 -0.440650 -0.615661 0.616095 -0.415561 -0.669131 0.643582 -0.371572 -0.669131 
0.653291 -0.440650 -0.615661 0.620961 -0.485148 -0.615661 0.585606 -0.457526 -0.669131 0.616095 -0.415561 -0.669131 
0.620961 -0.485148 -0.615661 0.585606 -0.527282 -0.615661 0.552264 -0.497261 -0.669131 0.585606 -0.457526 -0.669131 
0.585606 -0.527282 -0.615661 0.547398 -0.566848 -0.615661 0.516232 -0.534574 -0.669131 0.552264 -0.497261 -0.669131 
0.547398 -0.566848 -0.615661 0.506524 -0.603651 -0.615661 0.477684 -0.569282 -0.669131 0.516232 -0.534574 -0.669131 
0.506524 -0.603651 -0.615661 0.463181 -0.637514 -0.615661 0.436810 -0.601217 -0.669131 0.477684 -0.569282 -0.669131 
0.463181 -0.637514 -0.615661 0.417582 -0.668271 -0.615661 0.393807 -0.630223 -0.669131 0.436810 -0.601217 -0.669131 
0.417582 -0.668271 -0.615661 0.369949 -0.695772 -0.615661 0.348885 -0.656158 -0.669131 0.393807 -0.630223 -0.669131 
0.369949 -0.695772 -0.615661 0.320513 -0.719884 -0.615661 0.302264 -0.678897 -0.669131 0.348885 -0.656158 -0.669131 
0.320513 -0.719884 -0.615661 0.269516 -0.740488 -0.615661 0.254171 -0.698328 -0.669131 0.302264 -0.678897 -0.669131 
0.269516 -0.740488 -0.615661 0.217205 -0.757485 -0.615661 0.204839 -0.714357 -0.669131 0.254171 -0.698328 -0.669131 
0.217205 -0.757485 -0.615661 0.163837 -0.770791 -0.615661 0.154509 -0.726905 -0.669131 0.204839 -0.714357 -0.669131 
0.163837 -0.770791 -0.615661 0.109670 -0.780342 -0.615661 0.103426 -0.735913 -0.669131 0.154509 -0.726905 -0.669131 
0.109670 -0.780342 -0.615661 0.054969 -0.786091 -0.615661 0.051839 -0.741335 -0.669131 0.103426 -0.735913 -0.669131 
0.054969 -0.786091 -0.615661 0.000000 -0.788011 -0.615661 0.000000 -0.743145 -0.669131 0.051839 -0.741335 -0.669131 
0.000000 -0.788011 -0.615661 -0.054969 -0.786091 -0.615661 -0.051839 -0.741335 -0.669131 0.000000 -0.743145 -0.669131 
-0.054969 -0.786091 -0.615661 -0.109670 -0.780342 -0.615661 -0.103426 -0.735913 -0.669131 -0.051839 -0.741335 -0.669131 
-0.109670 -0.780342 -0.615661 -0.163837 -0.770791 -0.615661 -0.154508 -0.726905 -0.669131 -0.103426 -0.735913 -0.669131 
-0.163837 -0.770791 -0.615661 -0.217205 -0.757485 -0.615661 -0.204838 -0.714357 -0.669131 -0.154508 -0.726905 -0.669131 
-0.217205 -0.757485 -0.615661 -0.269516 -0.740488 -0.615661 -0.254171 -0.698328 -0.669131 -0.204838 -0.714357 -0.669131 
-0.269516 -0.740488 -0.615661 -0.320513 -0.719884 -0.615661 -0.302264 -0.678897 -0.669131 -0.254171 -0.698328 -0.669131 
-0.320513 -0.719884 -0.615661 -0.369949 -0.695772 -0.615661 -0.348885 -0.656158 -0.669131 -0.302264 -0.678897 -0.669131 
-0.369949 -0.695772 -0.615661 -0.417582 -0.668271 -0.615661 -0.393807 -0.630223 -0.669131 -0.348885 -0.656158 -0.669131 
-0.417582 -0.668271 -0.615661 -0.463181 -0.637514 -0.615661 -0.436810 -0.601217 -0.669131 -0.393807 -0.630223 -0.669131 
-0.463181 -0.637514 -0.615661 -0.506524 -0.603651 -0.615661 -0.477684 -0.569282 -0.669131 -0.436810 -0.601217 -0.669131 
-0.506524 -0.603651 -0.615661 -0.547398 -0.566848 -0.615661 -0.516232 -0.534574 -0.669131 -0.477684 -0.569282 -0.669131 
-0.547398 -0.566848 -0.615661 -0.585606 -0.527282 -0.615661 -0.552264 -0.497261 -0.669131 -0.516232 -0.534574 -0.669131 
-0.585606 -0.527282 -0.615661 -0.620961 -0.485148 -0.615661 -0.585606 -0.457526 -0.669131 -0.552264 -0.497261 -0.669131 
-0.620961 -0.485148 -0.615661 -0.653291 -0.440650 -0.615661 -0.616095 -0.415561 -0.669131 -0.585606 -0.457526 -0.669131 
-0.653291 -0.440650 -0.615661 -0.682437 -0.394005 -0.615661 -0.643582 -0.371572 -0.669131 -0.616095 -0.415561 -0.669131 
-0.682437 -0.394005 -0.615661 -0.708259 -0.345441 -0.615661 -0.667934 -0.325773 -0.669131 -0.643582 -0.371572 -0.669131 
-0.708259 -0.345441 -0.615661 -0.730631 -0.295194 -0.615661 -0.689032 -0.278387 -0.669131 -0.667934 -0.325773 -0.669131 
-0.730631 -0.295194 -0.615661 -0.749443 -0.243509 -0.615661 -0.706773 -0.229644 -0.669131 -0.689032 -0.278387 -0.669131 
-0.749443 -0.243509 -0.615661 -0.764603 -0.190637 -0.615661 -0.721070 -0.179783 -0.669131 -0.706773 -0.229644 -0.669131 
-0.764603 -0.190637 -0.615661 -0.776039 -0.136837 -0.615661 -0.731855 -0.129046 -0.669131 -0.721070 -0.179783 -0.669131 
-0.776039 -0.136837 -0.615661 -0.783694 -0.082370 -0.615661 -0.739074 -0.077680 -0.669131 -0.731855 -0.129046 -0.669131 
-0.783694 -0.082370 -0.615661 -0.787531 -0.027501 -0.615661 -0.742692 -0.025935 -0.669131 -0.739074 -0.077680 -0.669131 
-0.787531 -0.027501 -0.615661 -0.787531 0.027501 -0.615661 -0.742692 0.025935 -0.669131 -0.742692 -0.025935 -0.669131 
-0.787531 0.027501 -0.615661 -0.783694 0.082370 -0.615661 -0.739074 0.077680 -0.669131 -0.742692 0.025935 -0.669131 
-0.783694 0.082370 -0.615661 -0.776039 0.136837 -0.615661 -0.731855 0.129046 -0.669131 -0.739074 0.077680 -0.669131 
-0.776039 0.136837 -0.615661 -0.764603 0.190637 -0.615661 -0.721070 0.179783 -0.669131 -0.731855 0.129046 -0.669131 
-0.764603 0.190637 -0.615661 -0.749443 0.243509 -0.615661 -0.706773 0.229644 -0.669131 -0.721070 0.179783 -0.669131 
-0.749443 0.243509 -0.615661 -0.730631 0.295194 -0.615661 -0.689032 0.278387 -0.669131 -0.706773 0.229644 -0.669131 
-0.730631 0.295194 -0.615661 -0.708259 0.345441 -0.615661 -0.667934 0.325773 -0.669131 -0.689032 0.278387 -0.669131 
-0.708259 0.345441 -0.615661 -0.682437 0.394005 -0.615661 -0.643582 0.371572 -0.669131 -0.667934 0.325773 -0.669131 
-0.682437 0.394005 -0.615661 -0.653291 0.440650 -0.615661 -0.616095 0.415561 -0.669131 -0.643582 0.371572 -0.669131 
-0.653291 0.440650 -0.615661 -0.620961 0.485148 -0.615661 -0.585606 0.457526 -0.669131 -0.616095 0.415561 -0.669131 
-0.620961 0.485148 -0.615661 -0.585606 0.527282 -0.615661 -0.552264 0.497261 -0.669131 -0.585606 0.457526 -0.669131 
-0.585606 0.527282 -0.615661 -0.547398 0.566848 -0.615661 -0.516232 0.534574 -0.669131 -0.552264 0.497261 -0.669131 
-0.547398 0.566848 -0.615661 -0.506524 0.603651 -0.615661 -0.477684 0.569282 -0.669131 -0.516232 0.534574 -0.669131 
-0.506524 0.603651 -0.615661 -0.463181 0.637514 -0.615661 -0.436810 0.601217 -0.669131 -0.477684 0.569282 -0.669131 
-0.463181 0.637514 -0.615661 -0.417582 0.668271 -0.615661 -0.393807 0.630223 -0.669131 -0.436810 0.601217 -0.669131 
-0.417582 0.668271 -0.615661 -0.369949 0.695772 -0.615661 -0.348885 0.656158 -0.669131 -0.393807 0.630223 -0.669131 
-0.369949 0.695772 -0.615661 -0.320513 0.719884 -0.615661 -0.302264 0.678897 -0.669131 -0.348885 0.656158 -0.669131 
-0.320513 0.719884 -0.615661 -0.269516 0.740488 -0.615661 -0.254171 0.698328 -0.669131 -0.302264 0.678897 -0.669131 
-0.269516 0.740488 -0.615661 -0.217205 0.757485 -0.615661 -0.204839 0.714357 -0.669131 -0.254171 0.698328 -0.669131 
-0.217205 0.757485 -0.615661 -0.163837 0.770791 -0.615661 -0.154509 0.726905 -0.669131 -0.204839 0.714357 -0.669131 
-0.163837 0.770791 -0.615661 -0.109670 0.780342 -0.615661 -0.103426 0.735913 -0.669131 -0.154509 0.726905 -0.669131 
-0.109670 0.780342 -0.615661 -0.054969 0.786091 -0.615661 -0.051839 0.741335 -0.669131 -0.103426 0.735913 -0.669131 
-0.054969 0.786091 -0.615661 -0.000000 0.788011 -0.615661 -0.000000 0.743145 -0.669131 -0.051839 0.741335 -0.669131 
0.000000 0.743145 -0.669131 0.051839 0.741335 -0.669131 0.048457 0.692966 -0.719340 0.000000 0.694658 -0.719340 
0.051839 0.741335 -0.669131 0.103426 0.735913 -0.669131 0.096678 0.687898 -0.719340 0.048457 0.692966 -0.719340 
0.103426 0.735913 -0.669131 0.154509 0.726905 -0.669131 0.144428 0.679478 -0.719340 0.096678 0.687898 -0.719340 
0.154509 0.726905 -0.669131 0.204838 0.714357 -0.669131 0.191474 0.667749 -0.719340 0.144428 0.679478 -0.719340 
0.204838 0.714357 -0.669131 0.254171 0.698328 -0.669131 0.237587 0.652765 -0.719340 0.191474 0.667749 -0.719340 
0.254171 0.698328 -0.669131 0.302264 0.678897 -0.669131 0.282543 0.634602 -0.719340 0.237587 0.652765 -0.719340 
0.302264 0.678897 -0.669131 0.348885 0.656158 -0.669131 0.326122 0.613347 -0.719340 0.282543 0.634602 -0.719340 
0.348885 0.656158 -0.669131 0.393807 0.630223 -0.669131 0.368113 0.589104 -0.719340 0.326122 0.613347 -0.719340 
0.393807 0.630223 -0.669131 0.436810 0.601217 -0.669131 0.408310 0.561990 -0.719340 0.368113 0.589104 -0.719340 
0.436810 0.601217 -0.669131 0.477684 0.569282 -0.669131 0.446518 0.532139 -0.719340 0.408310 0.561990 -0.719340 
0.477684 0.569282 -0.669131 0.516232 0.534574 -0.669131 0.482550 0.499695 -0.719340 0.446518 0.532139 -0.719340 
0.516232 0.534574 -0.669131 0.552264 0.497261 -0.669131 0.516232 0.464817 -0.719340 0.482550 0.499695 -0.719340 
0.552264 0.497261 -0.669131 0.585606 0.457526 -0.669131 0.547398 0.427674 -0.719340 0.516232 0.464817 -0.719340 
0.585606 0.457526 -0.669131 0.616095 0.415561 -0.669131 0.575898 0.388448 -0.719340 0.547398 0.427674 -0.719340 
0.616095 0.415561 -0.669131 0.643582 0.371572 -0.669131 0.601592 0.347329 -0.719340 0.575898 0.388448 -0.719340 
0.643582 0.371572 -0.669131 0.667934 0.325773 -0.669131 0.624355 0.304518 -0.719340 0.601592 0.347329 -0.719340 
0.667934 0.325773 -0.669131 0.689032 0.278387 -0.669131 0.644076 0.260224 -0.719340 0.624355 0.304518 -0.719340 
0.689032 0.278387 -0.669131 0.706773 0.229644 -0.669131 0.660659 0.214661 -0.719340 0.644076 0.260224 -0.719340 
0.706773 0.229644 -0.669131 0.721070 0.179783 -0.669131 0.674024 0.168053 -0.719340 0.660659 0.214661 -0.719340 
0.721070 0.179783 -0.669131 0.731855 0.129046 -0.669131 0.684105 0.120626 -0.719340 0.674024 0.168053 -0.719340 
0.731855 0.129046 -0.669131 0.739074 0.077680 -0.669131 0.690853 0.072612 -0.719340 0.684105 0.120626 -0.719340 
0.739074 0.077680 -0.669131 0.742692 0.025935 -0.669131 0.694235 0.024243 -0.719340 0.690853 0.072612 -0.719340 
0.742692 0.025935 -0.669131 0.742692 -0.025935 -0.669131 0.694235 -0.024243 -0.719340 0.694235 0.024243 -0.719340 
0.742692 -0.025935 -0.669131 0.739074 -0.077680 -0.669131 0.690853 -0.072612 -0.719340 0.694235 -0.024243 -0.719340 
0.739074 -0.077680 -0.669131 0.731855 -0.129046 -0.669131 0.684105 -0.120626 -0.719340 0.690853 -0.072612 -0.719340 
0.731855 -0.129046 -0.669131 0.721070 -0.179783 -0.669131 0.674024 -0.168053 -0.719340 0.684105 -0.120626 -0.719340 
0.721070 -0.179783 -0.669131 0.706773 -0.229644 -0.669131 0.660659 -0.214661 -0.719340 0.674024 -0.168053 -0.719340 
0.706773 -0.229644 -0.669131 0.689032 -0.278387 -0.669131 0.644076 -0.260224 -0.719340 0.660659 -0.214661 -0.719340 
0.689032 -0.278387 -0.669131 0.667934 -0.325773 -0.669131 0.624355 -0.304518 -0.719340 0.644076 -0.260224 -0.719340 
0.667934 -0.325773 -0.669131 0.643582 -0.371572 -0.669131 0.601592 -0.347329 -0.719340 0.624355 -0.304518 -0.719340 
0.643582 -0.371572 -0.669131 0.616095 -0.415561 -0.669131 0.575898 -0.388448 -0.719340 0.601592 -0.347329 -0.719340 
0.616095 -0.415561 -0.669131 0.585606 -0.457526 -0.669131 0.547398 -0.427674 -0.719340 0.575898 -0.388448 -0.719340 
0.585606 -0.457526 -0.669131 0.552264 -0.497261 -0.669131 0.516232 -0.464817 -0.719340 0.547398 -0.427674 -0.719340 
0.552264 -0.497261 -0.669131 0.516232 -0.534574 -0.669131 0.482550 -0.499695 -0.719340 0.516232 -0.464817 -0.719340 
0.516232 -0.534574 -0.669131 0.477684 -0.569282 -0.669131 0.446518 -0.532139 -0.719340 0.482550 -0.499695 -0.719340 
0.477684 -0.569282 -0.669131 0.436810 -0.601217 -0.669131 0.408310 -0.561990 -0.719340 0.446518 -0.532139 -0.719340 
0.436810 -0.601217 -0.669131 0.393807 -0.630223 -0.669131 0.368113 -0.589104 -0.719340 0.408310 -0.561990 -0.719340 
0.393807 -0.630223 -0.669131 0.348885 -0.656158 -0.669131 0.326122 -0.613347 -0.719340 0.368113 -0.589104 -0.719340 
0.348885 -0.656158 -0.669131 0.302264 -0.678897 -0.669131 0.282543 -0.634602 -0.719340 0.326122 -0.613347 -0.719340 
0.302264 -0.678897 -0.669131 0.254171 -0.698328 -0.669131 0.237587 -0.652765 -0.719340 0.282543 -0.634602 -0.719340 
0.254171 -0.698328 -0.669131 0.204838 -0.714357 -0.669131 0.191474 -0.667749 -0.719340 0.237587 -0.652765 -0.719340 
0.204838 -0.714357 -0.669131 0.154509 -0.726905 -0.669131 0.144428 -0.679478 -0.719340 0.191474 -0.667749 -0.719340 
0.154509 -0.726905 -0.669131 0.103426 -0.735913 -0.669131 0.096678 -0.687898 -0.719340 0.144428 -0.679478 -0.719340 
0.103426 -0.735913 -0.669131 0.051839 -0.741335 -0.669131 0.048457 -0.692966 -0.719340 0.096678 -0.687898 -0.719340 
0.051839 -0.741335 -0.669131 0.000000 -0.743145 -0.669131 0.000000 -0.694658 -0.719340 0.048457 -0.692966 -0.719340 
0.000000 -0.743145 -0.669131 -0.051839 -0.741335 -0.669131 -0.048457 -0.692966 -0.719340 0.000000 -0.694658 -0.719340 
-0.051839 -0.741335 -0.669131 -0.103426 -0.735913 -0.669131 -0.096678 -0.687898 -0.719340 -0.048457 -0.692966 -0.719340 
-0.103426 -0.735913 -0.669131 -0.154508 -0.726905 -0.669131 -0.144428 -0.679478 -0.719340 -0.096678 -0.687898 -0.719340 
-0.154508 -0.726905 -0.669131 -0.204838 -0.714357 -0.669131 -0.191474 -0.667749 -0.719340 -0.144428 -0.679478 -0.719340 
-0.204838 -0.714357 -0.669131 -0.254171 -0.698328 -0.669131 -0.237587 -0.652765 -0.719340 -0.191474 -0.667749 -0.719340 
-0.254171 -0.698328 -0.669131 -0.302264 -0.678897 -0.669131 -0.282543 -0.634602 -0.719340 -0.237587 -0.652765 -0.719340 
-0.302264 -0.678897 -0.669131 -0.348885 -0.656158 -0.669131 -0.326122 -0.613347 -0.719340 -0.282543 -0.634602 -0.719340 
-0.348885 -0.656158 -0.669131 -0.393807 -0.630223 -0.669131 -0.368113 -0.589104 -0.719340 -0.326122 -0.613347 -0.719340 
-0.393807 -0.630223 -0.669131 -0.436810 -0.601217 -0.669131 -0.408310 -0.561990 -0.719340 -0.368113 -0.589104 -0.719340 
-0.436810 -0.601217 -0.669131 -0.477684 -0.569282 -0.669131 -0.446518 -0.532139 -0.719340 -0.408310 -0.561990 -0.719340 
-0.477684 -0.569282 -0.669131 -0.516232 -0.534574 -0.669131 -0.482550 -0.499695 -0.719340 -0.446518 -0.532139 -0.719340 
-0.516232 -0.534574 -0.669131 -0.552264 -0.497261 -0.669131 -0.516232 -0.464817 -0.719340 -0.482550 -0.499695 -0.719340 
-0.552264 -0.497261 -0.669131 -0.585606 -0.457526 -0.669131 -0.547398 -0.427674 -0.719340 -0.516232 -0.464817 -0.719340 
-0.585606 -0.457526 -0.669131 -0.616095 -0.415561 -0.669131 -0.575898 -0.388448 -0.719340 -0.547398 -0.427674 -0.719340 
-0.616095 -0.415561 -0.669131 -0.643582 -0.371572 -0.669131 -0.601592 -0.347329 -0.719340 -0.575898 -0.388448 -0.719340 
-0.643582 -0.371572 -0.669131 -0.667934 -0.325773 -0.669131 -0.624355 -0.304518 -0.719340 -0.601592 -0.347329 -0.719340 
-0.667934 -0.325773 -0.669131 -0.689032 -0.278387 -0.669131 -0.644076 -0.260224 -0.719340 -0.624355 -0.304518 -0.719340 
-0.689032 -0.278387 -0.669131 -0.706773 -0.229644 -0.669131 -0.660659 -0.214661 -0.719340 -0.644076 -0.260224 -0.719340 
-0.706773 -0.229644 -0.669131 -0.721070 -0.179783 -0.669131 -0.674024 -0.168053 -0.719340 -0.660659 -0.214661 -0.719340 
-0.721070 -0.179783 -0.669131 -0.731855 -0.129046 -0.669131 -0.684105 -0.120626 -0.719340 -0.674024 -0.168053 -0.719340 
-0.731855 -0.129046 -0.669131 -0.739074 -0.077680 -0.669131 -0.690853 -0.072612 -0.719340 -0.684105 -0.120626 -0.719340 
-0.739074 -0.077680 -0.669131 -0.742692 -0.025935 -0.669131 -0.694235 -0.024243 -0.719340 -0.690853 -0.072612 -0.719340 
-0.742692 -0.025935 -0.669131 -0.742692 0.025935 -0.669131 -0.694235 0.024243 -0.719340 -0.694235 -0.024243 -0.719340 
-0.742692 0.025935 -0.669131 -0.739074 0.077680 -0.669131 -0.690853 0.072612 -0.719340 -0.694235 0.024243 -0.719340 
-0.739074 0.077680 -0.669131 -0.731855 0.129046 -0.669131 -0.684105 0.120626 -0.719340 -0.690853 0.072612 -0.719340 
-0.731855 0.129046 -0.669131 -0.721070 0.179783 -0.669131 -0.674024 0.168053 -0.719340 -0.684105 0.120626 -0.719340 
-0.721070 0.179783 -0.669131 -0.706773 0.229644 -0.669131 -0.660659 0.214661 -0.719340 -0.674024 0.168053 -0.719340 
-0.706773 0.229644 -0.669131 -0.689032 0.278387 -0.669131 -0.644076 0.260224 -0.719340 -0.660659 0.214661 -0.719340 
-0.689032 0.278387 -0.669131 -0.667934 0.325773 -0.669131 -0.624355 0.304518 -0.719340 -0.644076 0.260224 -0.719340 
-0.667934 0.325773 -0.669131 -0.643582 0.371572 -0.669131 -0.601592 0.347329 -0.719340 -0.624355 0.304518 -0.719340 
-0.643582 0.371572 -0.669131 -0.616095 0.415561 -0.669131 -0.575898 0.388448 -0.719340 -0.601592 0.347329 -0.719340 
-0.616095 0.415561 -0.669131 -0.585606 0.457526 -0.669131 -0.547398 0.427674 -0.719340 -0.575898 0.388448 -0.719340 
-0.585606 0.457526 -0.669131 -0.552264 0.497261 -0.669131 -0.516232 0.464817 -0.719340 -0.547398 0.427674 -0.719340 
-0.552264 0.497261 -0.669131 -0.516232 0.534574 -0.669131 -0.482550 0.499695 -0.719340 -0.516232 0.464817 -0.719340 
-0.516232 0.534574 -0.669131 -0.477684 0.569282 -0.669131 -0.446518 0.532139 -0.719340 -0.482550 0.499695 -0.719340 
-0.477684 0.569282 -0.669131 -0.436810 0.601217 -0.669131 -0.408310 0.561990 -0.719340 -0.446518 0.532139 -0.719340 
-0.436810 0.601217 -0.669131 -0.393807 0.630223 -0.669131 -0.368113 0.589104 -0.719340 -0.408310 0.561990 -0.719340 
-0.393807 0.630223 -0.669131 -0.348885 0.656158 -0.669131 -0.326122 0.613347 -0.719340 -0.368113 0.589104 -0.719340 
-0.348885 0.656158 -0.669131 -0.302264 0.678897 -0.669131 -0.282543 0.634602 -0.719340 -0.326122 0.613347 -0.719340 
-0.302264 0.678897 -0.669131 -0.254171 0.698328 -0.669131 -0.237587 0.652765 -0.719340 -0.282543 0.634602 -0.719340 
-0.254171 0.698328 -0.669131 -0.204839 0.714357 -0.669131 -0.191474 0.667749 -0.719340 -0.237587 0.652765 -0.719340 
-0.204839 0.714357 -0.669131 -0.154509 0.726905 -0.669131 -0.144428 0.679478 -0.719340 -0.191474 0.667749 -0.719340 
-0.154509 0.726905 -0.669131 -0.103426 0.735913 -0.669131 -0.096678 0.687898 -0.719340 -0.144428 0.679478 -0.719340 
-0.103426 0.735913 -0.669131 -0.051839 0.741335 -0.669131 -0.048457 0.692966 -0.719340 -0.096678 0.687898 -0.719340 
-0.051839 0.741335 -0.669131 -0.000000 0.743145 -0.669131 -0.000000 0.694658 -0.719340 -0.048457 0.692966 -0.719340 
0.000000 0.694658 -0.719340 0.048457 0.692966 -0.719340 0.044839 0.641222 -0.766044 0.000000 0.642788 -0.766044 
0.048457 0.692966 -0.719340 0.096678 0.687898 -0.719340 0.089459 0.636532 -0.766044 0.044839 0.641222 -0.766044 
0.096678 0.687898 -0.719340 0.144428 0.679478 -0.719340 0.133643 0.628741 -0.766044 0.089459 0.636532 -0.766044 
0.144428 0.679478 -0.719340 0.191474 0.667749 -0.719340 0.177176 0.617887 -0.766044 0.133643 0.628741 -0.766044 
0.191474 0.667749 -0.719340 0.237587 0.652765 -0.719340 0.219846 0.604023 -0.766044 0.177176 0.617887 -0.766044 
0.237587 0.652765 -0.719340 0.282543 0.634602 -0.719340 0.261445 0.587216 -0.766044 0.219846 0.604023 -0.766044 
0.282543 0.634602 -0.719340 0.326122 0.613347 -0.719340 0.301771 0.567548 -0.766044 0.261445 0.587216 -0.766044 
0.326122 0.613347 -0.719340 0.368113 0.589104 -0.719340 0.340626 0.545115 -0.766044 0.301771 0.567548 -0.766044 
0.368113 0.589104 -0.719340 0.408310 0.561990 -0.719340 0.377821 0.520026 -0.766044 0.340626 0.545115 -0.766044 
0.408310 0.561990 -0.719340 0.446518 0.532139 -0.719340 0.413176 0.492404 -0.766044 0.377821 0.520026 -0.766044 
0.446518 0.532139 -0.719340 0.482550 0.499695 -0.719340 0.446518 0.462383 -0.766044 0.413176 0.492404 -0.766044 
0.482550 0.499695 -0.719340 0.516232 0.464817 -0.719340 0.477684 0.430109 -0.766044 0.446518 0.462383 -0.766044 
0.516232 0.464817 -0.719340 0.547398 0.427674 -0.719340 0.506524 0.395740 -0.766044 0.477684 0.430109 -0.766044 
0.547398 0.427674 -0.719340 0.575898 0.388448 -0.719340 0.532895 0.359442 -0.766044 0.506524 0.395740 -0.766044 
0.575898 0.388448 -0.719340 0.601592 0.347329 -0.719340 0.556670 0.321394 -0.766044 0.532895 0.359442 -0.766044 
0.601592 0.347329 -0.719340 0.624355 0.304518 -0.719340 0.577734 0.281780 -0.766044 0.556670 0.321394 -0.766044 
0.624355 0.304518 -0.719340 0.644076 0.260224 -0.719340 0.595982 0.240793 -0.766044 0.577734 0.281780 -0.766044 
0.644076 0.260224 -0.719340 0.660659 0.214661 -0.719340 0.611327 0.198632 -0.766044 0.595982 0.240793 -0.766044 
0.660659 0.214661 -0.719340 0.674024 0.168053 -0.719340 0.623694 0.155504 -0.766044 0.611327 0.198632 -0.766044 
0.674024 0.168053 -0.719340 0.684105 0.120626 -0.719340 0.633022 0.111619 -0.766044 0.623694 0.155504 -0.766044 
0.684105 0.120626 -0.719340 0.690853 0.072612 -0.719340 0.639266 0.067190 -0.766044 0.633022 0.111619 -0.766044 
0.690853 0.072612 -0.719340 0.694235 0.024243 -0.719340 0.642396 0.022433 -0.766044 0.639266 0.067190 -0.766044 
0.694235 0.024243 -0.719340 0.694235 -0.024243 -0.719340 0.642396 -0.022433 -0.766044 0.642396 0.022433 -0.766044 
0.694235 -0.024243 -0.719340 0.690853 -0.072612 -0.719340 0.639266 -0.067190 -0.766044 0.642396 -0.022433 -0.766044 
0.690853 -0.072612 -0.719340 0.684105 -0.120626 -0.719340 0.633022 -0.111619 -0.766044 0.639266 -0.067190 -0.766044 
0.684105 -0.120626 -0.719340 0.674024 -0.168053 -0.719340 0.623694 -0.155504 -0.766044 0.633022 -0.111619 -0.766044 
0.674024 -0.168053 -0.719340 0.660659 -0.214661 -0.719340 0.611327 -0.198632 -0.766044 0.623694 -0.155504 -0.766044 
0.660659 -0.214661 -0.719340 0.644076 -0.260224 -0.719340 0.595982 -0.240792 -0.766044 0.611327 -0.198632 -0.766044 
0.644076 -0.260224 -0.719340 0.624355 -0.304518 -0.719340 0.577734 -0.281780 -0.766044 0.595982 -0.240792 -0.766044 
0.624355 -0.304518 -0.719340 0.601592 -0.347329 -0.719340 0.556670 -0.321394 -0.766044 0.577734 -0.281780 -0.766044 
0.601592 -0.347329 -0.719340 0.575898 -0.388448 -0.719340 0.532895 -0.359442 -0.766044 0.556670 -0.321394 -0.766044 
0.575898 -0.388448 -0.719340 0.547398 -0.427674 -0.719340 0.506524 -0.395740 -0.766044 0.532895 -0.359442 -0.766044 
0.547398 -0.427674 -0.719340 0.516232 -0.464817 -0.719340 0.477684 -0.430109 -0.766044 0.506524 -0.395740 -0.766044 
0.516232 -0.464817 -0.719340 0.482550 -0.499695 -0.719340 0.446518 -0.462383 -0.766044 0.477684 -0.430109 -0.766044 
0.482550 -0.499695 -0.719340 0.446518 -0.532139 -0.719340 0.413176 -0.492404 -0.766044 0.446518 -0.462383 -0.766044 
0.446518 -0.532139 -0.719340 0.408310 -0.561990 -0.719340 0.377821 -0.520026 -0.766044 0.413176 -0.492404 -0.766044 
0.408310 -0.561990 -0.719340 0.368113 -0.589104 -0.719340 0.340626 -0.545115 -0.766044 0.377821 -0.520026 -0.766044 
0.368113 -0.589104 -0.719340 0.326122 -0.613347 -0.719340 0.301771 -0.567548 -0.766044 0.340626 -0.545115 -0.766044 
0.326122 -0.613347 -0.719340 0.282543 -0.634602 -0.719340 0.261445 -0.587216 -0.766044 0.301771 -0.567548 -0.766044 
0.282543 -0.634602 -0.719340 0.237587 -0.652765 -0.719340 0.219846 -0.604023 -0.766044 0.261445 -0.587216 -0.766044 
0.237587 -0.652765 -0.719340 0.191474 -0.667749 -0.719340 0.177176 -0.617887 -0.766044 0.219846 -0.604023 -0.766044 
0.191474 -0.667749 -0.719340 0.144428 -0.679478 -0.719340 0.133643 -0.628741 -0.766044 0.177176 -0.617887 -0.766044 
0.144428 -0.679478 -0.719340 0.096678 -0.687898 -0.719340 0.089459 -0.636532 -0.766044 0.133643 -0.628741 -0.766044 
0.096678 -0.687898 -0.719340 0.048457 -0.692966 -0.719340 0.044839 -0.641222 -0.766044 0.089459 -0.636532 -0.766044 
0.048457 -0.692966 -0.719340 0.000000 -0.694658 -0.719340 0.000000 -0.642788 -0.766044 0.044839 -0.641222 -0.766044 
0.000000 -0.694658 -0.719340 -0.048457 -0.692966 -0.719340 -0.044839 -0.641222 -0.766044 0.000000 -0.642788 -0.766044 
-0.048457 -0.692966 -0.719340 -0.096678 -0.687898 -0.719340 -0.089459 -0.636532 -0.766044 -0.044839 -0.641222 -0.766044 
-0.096678 -0.687898 -0.719340 -0.144428 -0.679478 -0.719340 -0.133643 -0.628741 -0.766044 -0.089459 -0.636532 -0.766044 
-0.144428 -0.679478 -0.719340 -0.191474 -0.667749 -0.719340 -0.177176 -0.617887 -0.766044 -0.133643 -0.628741 -0.766044 
-0.191474 -0.667749 -0.719340 -0.237587 -0.652765 -0.719340 -0.219846 -0.604023 -0.766044 -0.177176 -0.617887 -0.766044 
-0.237587 -0.652765 -0.719340 -0.282543 -0.634602 -0.719340 -0.261445 -0.587216 -0.766044 -0.219846 -0.604023 -0.766044 
-0.282543 -0.634602 -0.719340 -0.326122 -0.613347 -0.719340 -0.301771 -0.567548 -0.766044 -0.261445 -0.587216 -0.766044 
-0.326122 -0.613347 -0.719340 -0.368113 -0.589104 -0.719340 -0.340626 -0.545115 -0.766044 -0.301771 -0.567548 -0.766044 
-0.368113 -0.589104 -0.719340 -0.408310 -0.561990 -0.719340 -0.377821 -0.520026 -0.766044 -0.340626 -0.545115 -0.766044 
-0.408310 -0.561990 -0.719340 -0.446518 -0.532139 -0.719340 -0.413176 -0.492404 -0.766044 -0.377821 -0.520026 -0.766044 
-0.446518 -0.532139 -0.719340 -0.482550 -0.499695 -0.719340 -0.446518 -0.462383 -0.766044 -0.413176 -0.492404 -0.766044 
-0.482550 -0.499695 -0.719340 -0.516232 -0.464817 -0.719340 -0.477684 -0.430109 -0.766044 -0.446518 -0.462383 -0.766044 
-0.516232 -0.464817 -0.719340 -0.547398 -0.427674 -0.719340 -0.506524 -0.395740 -0.766044 -0.477684 -0.430109 -0.766044 
-0.547398 -0.427674 -0.719340 -0.575898 -0.388448 -0.719340 -0.532895 -0.359442 -0.766044 -0.506524 -0.395740 -0.766044 
-0.575898 -0.388448 -0.719340 -0.601592 -0.347329 -0.719340 -0.556670 -0.321394 -0.766044 -0.532895 -0.359442 -0.766044 
-0.601592 -0.347329 -0.719340 -0.624355 -0.304518 -0.719340 -0.577734 -0.281780 -0.766044 -0.556670 -0.321394 -0.766044 
-0.624355 -0.304518 -0.719340 -0.644076 -0.260224 -0.719340 -0.595982 -0.240793 -0.766044 -0.577734 -0.281780 -0.766044 
-0.644076 -0.260224 -0.719340 -0.660659 -0.214661 -0.719340 -0.611327 -0.198632 -0.766044 -0.595982 -0.240793 -0.766044 
-0.660659 -0.214661 -0.719340 -0.674024 -0.168053 -0.719340 -0.623694 -0.155504 -0.766044 -0.611327 -0.198632 -0.766044 
-0.674024 -0.168053 -0.719340 -0.684105 -0.120626 -0.719340 -0.633022 -0.111619 -0.766044 -0.623694 -0.155504 -0.766044 
-0.684105 -0.120626 -0.719340 -0.690853 -0.072612 -0.719340 -0.639266 -0.067190 -0.766044 -0.633022 -0.111619 -0.766044 
-0.690853 -0.072612 -0.719340 -0.694235 -0.024243 -0.719340 -0.642396 -0.022433 -0.766044 -0.639266 -0.067190 -0.766044 
-0.694235 -0.024243 -0.719340 -0.694235 0.024243 -0.719340 -0.642396 0.022433 -0.766044 -0.642396 -0.022433 -0.766044 
-0.694235 0.024243 -0.719340 -0.690853 0.072612 -0.719340 -0.639266 0.067190 -0.766044 -0.642396 0.022433 -0.766044 
-0.690853 0.072612 -0.719340 -0.684105 0.120626 -0.719340 -0.633022 0.111619 -0.766044 -0.639266 0.067190 -0.766044 
-0.684105 0.120626 -0.719340 -0.674024 0.168053 -0.719340 -0.623694 0.155504 -0.766044 -0.633022 0.111619 -0.766044 
-0.674024 0.168053 -0.719340 -0.660659 0.214661 -0.719340 -0.611327 0.198632 -0.766044 -0.623694 0.155504 -0.766044 
-0.660659 0.214661 -0.719340 -0.644076 0.260224 -0.719340 -0.595982 0.240792 -0.766044 -0.611327 0.198632 -0.766044 
-0.644076 0.260224 -0.719340 -0.624355 0.304518 -0.719340 -0.577734 0.281780 -0.766044 -0.595982 0.240792 -0.766044 
-0.624355 0.304518 -0.719340 -0.601592 0.347329 -0.719340 -0.556670 0.321394 -0.766044 -0.577734 0.281780 -0.766044 
-0.601592 0.347329 -0.719340 -0.575898 0.388448 -0.719340 -0.532895 0.359442 -0.766044 -0.556670 0.321394 -0.766044 
-0.575898 0.388448 -0.719340 -0.547398 0.427674 -0.719340 -0.506524 0.395740 -0.766044 -0.532895 0.359442 -0.766044 
-0.547398 0.427674 -0.719340 -0.516232 0.464817 -0.719340 -0.477684 0.430109 -0.766044 -0.506524 0.395740 -0.766044 
-0.516232 0.464817 -0.719340 -0.482550 0.499695 -0.719340 -0.446518 0.462383 -0.766044 -0.477684 0.430109 -0.766044 
-0.482550 0.499695 -0.719340 -0.446518 0.532139 -0.719340 -0.413176 0.492404 -0.766044 -0.446518 0.462383 -0.766044 
-0.446518 0.532139 -0.719340 -0.408310 0.561990 -0.719340 -0.377821 0.520026 -0.766044 -0.413176 0.492404 -0.766044 
-0.408310 0.561990 -0.719340 -0.368113 0.589104 -0.719340 -0.340626 0.545115 -0.766044 -0.377821 0.520026 -0.766044 
-0.368113 0.589104 -0.719340 -0.326122 0.613347 -0.719340 -0.301771 0.567548 -0.766044 -0.340626 0.545115 -0.766044 
-0.326122 0.613347 -0.719340 -0.282543 0.634602 -0.719340 -0.261445 0.587216 -0.766044 -0.301771 0.567548 -0.766044 
-0.282543 0.634602 -0.719340 -0.237587 0.652765 -0.719340 -0.219846 0.604023 -0.766044 -0.261445 0.587216 -0.766044 
-0.237587 0.652765 -0.719340 -0.191474 0.667749 -0.719340 -0.177176 0.617887 -0.766044 -0.219846 0.604023 -0.766044 
-0.191474 0.667749 -0.719340 -0.144428 0.679478 -0.719340 -0.133643 0.628741 -0.766044 -0.177176 0.617887 -0.766044 
-0.144428 0.679478 -0.719340 -0.096678 0.687898 -0.719340 -0.089459 0.636532 -0.766044 -0.133643 0.628741 -0.766044 
-0.096678 0.687898 -0.719340 -0.048457 0.692966 -0.719340 -0.044839 0.641222 -0.766044 -0.089459 0.636532 -0.766044 
-0.048457 0.692966 -0.719340 -0.000000 0.694658 -0.719340 -0.000000 0.642788 -0.766044 -0.044839 0.641222 -0.766044 
0.000000 0.642788 -0.766044 0.044839 0.641222 -0.766044 0.041002 0.586353 -0.809017 0.000000 0.587785 -0.809017 
0.044839 0.641222 -0.766044 0.089459 0.636532 -0.766044 0.081804 0.582065 -0.809017 0.041002 0.586353 -0.809017 
0.089459 0.636532 -0.766044 0.133643 0.628741 -0.766044 0.122207 0.574941 -0.809017 0.081804 0.582065 -0.809017 
0.133643 0.628741 -0.766044 0.177176 0.617887 -0.766044 0.162016 0.565015 -0.809017 0.122207 0.574941 -0.809017 
0.177176 0.617887 -0.766044 0.219846 0.604023 -0.766044 0.201034 0.552338 -0.809017 0.162016 0.565015 -0.809017 
0.219846 0.604023 -0.766044 0.261445 0.587216 -0.766044 0.239074 0.536969 -0.809017 0.201034 0.552338 -0.809017 
0.261445 0.587216 -0.766044 0.301771 0.567548 -0.766044 0.275948 0.518984 -0.809017 0.239074 0.536969 -0.809017 
0.301771 0.567548 -0.766044 0.340626 0.545115 -0.766044 0.311479 0.498470 -0.809017 0.275948 0.518984 -0.809017 
0.340626 0.545115 -0.766044 0.377821 0.520026 -0.766044 0.345492 0.475528 -0.809017 0.311479 0.498470 -0.809017 
0.377821 0.520026 -0.766044 0.413176 0.492404 -0.766044 0.377821 0.450270 -0.809017 0.345492 0.475528 -0.809017 
0.413176 0.492404 -0.766044 0.446518 0.462383 -0.766044 0.408310 0.422817 -0.809017 0.377821 0.450270 -0.809017 
0.446518 0.462383 -0.766044 0.477684 0.430109 -0.766044 0.436810 0.393305 -0.809017 0.408310 0.422817 -0.809017 
0.477684 0.430109 -0.766044 0.506524 0.395740 -0.766044 0.463181 0.361877 -0.809017 0.436810 0.393305 -0.809017 
0.506524 0.395740 -0.766044 0.532895 0.359442 -0.766044 0.487296 0.328685 -0.809017 0.463181 0.361877 -0.809017 
0.532895 0.359442 -0.766044 0.556670 0.321394 -0.766044 0.509037 0.293893 -0.809017 0.487296 0.328685 -0.809017 
0.556670 0.321394 -0.766044 0.577734 0.281780 -0.766044 0.528298 0.257668 -0.809017 0.509037 0.293893 -0.809017 
0.577734 0.281780 -0.766044 0.595982 0.240792 -0.766044 0.544985 0.220188 -0.809017 0.528298 0.257668 -0.809017 
0.595982 0.240792 -0.766044 0.611327 0.198632 -0.766044 0.559017 0.181636 -0.809017 0.544985 0.220188 -0.809017 
0.611327 0.198632 -0.766044 0.623694 0.155504 -0.766044 0.570326 0.142198 -0.809017 0.559017 0.181636 -0.809017 
0.623694 0.155504 -0.766044 0.633022 0.111619 -0.766044 0.578856 0.102068 -0.809017 0.570326 0.142198 -0.809017 
0.633022 0.111619 -0.766044 0.639266 0.067190 -0.766044 0.584565 0.061440 -0.809017 0.578856 0.102068 -0.809017 
0.639266 0.067190 -0.766044 0.642396 0.022433 -0.766044 0.587427 0.020513 -0.809017 0.584565 0.061440 -0.809017 
0.642396 0.022433 -0.766044 0.642396 -0.022433 -0.766044 0.587427 -0.020513 -0.809017 0.587427 0.020513 -0.809017 
0.642396 -0.022433 -0.766044 0.639266 -0.067190 -0.766044 0.584565 -0.061440 -0.809017 0.587427 -0.020513 -0.809017 
0.639266 -0.067190 -0.766044 0.633022 -0.111619 -0.766044 0.578856 -0.102068 -0.809017 0.584565 -0.061440 -0.809017 
0.633022 -0.111619 -0.766044 0.623694 -0.155504 -0.766044 0.570326 -0.142198 -0.809017 0.578856 -0.102068 -0.809017 
0.623694 -0.155504 -0.766044 0.611327 -0.198632 -0.766044 0.559017 -0.181636 -0.809017 0.570326 -0.142198 -0.809017 
0.611327 -0.198632 -0.766044 0.595982 -0.240792 -0.766044 0.544985 -0.220188 -0.809017 0.559017 -0.181636 -0.809017 
0.595982 -0.240792 -0.766044 0.577734 -0.281780 -0.766044 0.528298 -0.257668 -0.809017 0.544985 -0.220188 -0.809017 
0.577734 -0.281780 -0.766044 0.556670 -0.321394 -0.766044 0.509037 -0.293893 -0.809017 0.528298 -0.257668 -0.809017 
0.556670 -0.321394 -0.766044 0.532895 -0.359442 -0.766044 0.487296 -0.328685 -0.809017 0.509037 -0.293893 -0.809017 
0.532895 -0.359442 -0.766044 0.506524 -0.395740 -0.766044 0.463181 -0.361877 -0.809017 0.487296 -0.328685 -0.809017 
0.506524 -0.395740 -0.766044 0.477684 -0.430109 -0.766044 0.436810 -0.393305 -0.809017 0.463181 -0.361877 -0.809017 
0.477684 -0.430109 -0.766044 0.446518 -0.462383 -0.766044 0.408310 -0.422817 -0.809017 0.436810 -0.393305 -0.809017 
0.446518 -0.462383 -0.766044 0.413176 -0.492404 -0.766044 0.377821 -0.450270 -0.809017 0.408310 -0.422817 -0.809017 
0.413176 -0.492404 -0.766044 0.377821 -0.520026 -0.766044 0.345492 -0.475528 -0.809017 0.377821 -0.450270 -0.809017 
0.377821 -0.520026 -0.766044 0.340626 -0.545115 -0.766044 0.311479 -0.498470 -0.809017 0.345492 -0.475528 -0.809017 
0.340626 -0.545115 -0.766044 0.301771 -0.567548 -0.766044 0.275948 -0.518984 -0.809017 0.311479 -0.498470 -0.809017 
0.301771 -0.567548 -0.766044 0.261445 -0.587216 -0.766044 0.239074 -0.536969 -0.809017 0.275948 -0.518984 -0.809017 
0.261445 -0.587216 -0.766044 0.219846 -0.604023 -0.766044 0.201034 -0.552338 -0.809017 0.239074 -0.536969 -0.809017 
0.219846 -0.604023 -0.766044 0.177176 -0.617887 -0.766044 0.162016 -0.565015 -0.809017 0.201034 -0.552338 -0.809017 
0.177176 -0.617887 -0.766044 0.133643 -0.628741 -0.766044 0.122207 -0.574941 -0.809017 0.162016 -0.565015 -0.809017 
0.133643 -0.628741 -0.766044 0.089459 -0.636532 -0.766044 0.081804 -0.582065 -0.809017 0.122207 -0.574941 -0.809017 
0.089459 -0.636532 -0.766044 0.044839 -0.641222 -0.766044 0.041002 -0.586353 -0.809017 0.081804 -0.582065 -0.809017 
0.044839 -0.641222 -0.766044 0.000000 -0.642788 -0.766044 0.000000 -0.587785 -0.809017 0.041002 -0.586353 -0.809017 
0.000000 -0.642788 -0.766044 -0.044839 -0.641222 -0.766044 -0.041002 -0.586353 -0.809017 0.000000 -0.587785 -0.809017 
-0.044839 -0.641222 -0.766044 -0.089459 -0.636532 -0.766044 -0.081804 -0.582065 -0.809017 -0.041002 -0.586353 -0.809017 
-0.089459 -0.636532 -0.766044 -0.133643 -0.628741 -0.766044 -0.122207 -0.574941 -0.809017 -0.081804 -0.582065 -0.809017 
-0.133643 -0.628741 -0.766044 -0.177176 -0.617887 -0.766044 -0.162016 -0.565015 -0.809017 -0.122207 -0.574941 -0.809017 
-0.177176 -0.617887 -0.766044 -0.219846 -0.604023 -0.766044 -0.201034 -0.552338 -0.809017 -0.162016 -0.565015 -0.809017 
-0.219846 -0.604023 -0.766044 -0.261445 -0.587216 -0.766044 -0.239074 -0.536969 -0.809017 -0.201034 -0.552338 -0.809017 
-0.261445 -0.587216 -0.766044 -0.301771 -0.567548 -0.766044 -0.275948 -0.518984 -0.809017 -0.239074 -0.536969 -0.809017 
-0.301771 -0.567548 -0.766044 -0.340626 -0.545115 -0.766044 -0.311479 -0.498470 -0.809017 -0.275948 -0.518984 -0.809017 
-0.340626 -0.545115 -0.766044 -0.377821 -0.520026 -0.766044 -0.345492 -0.475528 -0.809017 -0.311479 -0.498470 -0.809017 
-0.377821 -0.520026 -0.766044 -0.413176 -0.492404 -0.766044 -0.377821 -0.450270 -0.809017 -0.345492 -0.475528 -0.809017 
-0.413176 -0.492404 -0.766044 -0.446518 -0.462383 -0.766044 -0.408310 -0.422817 -0.809017 -0.377821 -0.450270 -0.809017 
-0.446518 -0.462383 -0.766044 -0.477684 -0.430109 -0.766044 -0.436810 -0.393305 -0.809017 -0.408310 -0.422817 -0.809017 
-0.477684 -0.430109 -0.766044 -0.506524 -0.395740 -0.766044 -0.463181 -0.361877 -0.809017 -0.436810 -0.393305 -0.809017 
-0.506524 -0.395740 -0.766044 -0.532895 -0.359442 -0.766044 -0.487296 -0.328685 -0.809017 -0.463181 -0.361877 -0.809017 
-0.532895 -0.359442 -0.766044 -0.556670 -0.321394 -0.766044 -0.509037 -0.293893 -0.809017 -0.487296 -0.328685 -0.809017 
-0.556670 -0.321394 -0.766044 -0.577734 -0.281780 -0.766044 -0.528298 -0.257668 -0.809017 -0.509037 -0.293893 -0.809017 
-0.577734 -0.281780 -0.766044 -0.595982 -0.240793 -0.766044 -0.544985 -0.220188 -0.809017 -0.528298 -0.257668 -0.809017 
-0.595982 -0.240793 -0.766044 -0.611327 -0.198632 -0.766044 -0.559017 -0.181636 -0.809017 -0.544985 -0.220188 -0.809017 
-0.611327 -0.198632 -0.766044 -0.623694 -0.155504 -0.766044 -0.570326 -0.142198 -0.809017 -0.559017 -0.181636 -0.809017 
-0.623694 -0.155504 -0.766044 -0.633022 -0.111619 -0.766044 -0.578856 -0.102068 -0.809017 -0.570326 -0.142198 -0.809017 
-0.633022 -0.111619 -0.766044 -0.639266 -0.067190 -0.766044 -0.584565 -0.061440 -0.809017 -0.578856 -0.102068 -0.809017 
-0.639266 -0.067190 -0.766044 -0.642396 -0.022433 -0.766044 -0.587427 -0.020513 -0.809017 -0.584565 -0.061440 -0.809017 
-0.642396 -0.022433 -0.766044 -0.642396 0.022433 -0.766044 -0.587427 0.020513 -0.809017 -0.587427 -0.020513 -0.809017 
-0.642396 0.022433 -0.766044 -0.639266 0.067190 -0.766044 -0.584565 0.061440 -0.809017 -0.587427 0.020513 -0.809017 
-0.639266 0.067190 -0.766044 -0.633022 0.111619 -0.766044 -0.578856 0.102068 -0.809017 -0.584565 0.061440 -0.809017 
-0.633022 0.111619 -0.766044 -0.623694 0.155504 -0.766044 -0.570326 0.142198 -0.809017 -0.578856 0.102068 -0.809017 
-0.623694 0.155504 -0.766044 -0.611327 0.198632 -0.766044 -0.559017 0.181636 -0.809017 -0.570326 0.142198 -0.809017 
-0.611327 0.198632 -0.766044 -0.595982 0.240792 -0.766044 -0.544985 0.220188 -0.809017 -0.559017 0.181636 -0.809017 
-0.595982 0.240792 -0.766044 -0.577734 0.281780 -0.766044 -0.528298 0.257668 -0.809017 -0.544985 0.220188 -0.809017 
-0.577734 0.281780 -0.766044 -0.556670 0.321394 -0.766044 -0.509037 0.293893 -0.809017 -0.528298 0.257668 -0.809017 
-0.556670 0.321394 -0.766044 -0.532895 0.359442 -0.766044 -0.487296 0.328685 -0.809017 -0.509037 0.293893 -0.809017 
-0.532895 0.359442 -0.766044 -0.506524 0.395740 -0.766044 -0.463181 0.361877 -0.809017 -0.487296 0.328685 -0.809017 
-0.506524 0.395740 -0.766044 -0.477684 0.430109 -0.766044 -0.436810 0.393305 -0.809017 -0.463181 0.361877 -0.809017 
-0.477684 0.430109 -0.766044 -0.446518 0.462383 -0.766044 -0.408310 0.422817 -0.809017 -0.436810 0.393305 -0.809017 
-0.446518 0.462383 -0.766044 -0.413176 0.492404 -0.766044 -0.377821 0.450270 -0.809017 -0.408310 0.422817 -0.809017 
-0.413176 0.492404 -0.766044 -0.377821 0.520026 -0.766044 -0.345492 0.475528 -0.809017 -0.377821 0.450270 -0.809017 
-0.377821 0.520026 -0.766044 -0.340626 0.545115 -0.766044 -0.311479 0.498470 -0.809017 -0.345492 0.475528 -0.809017 
-0.340626 0.545115 -0.766044 -0.301771 0.567548 -0.766044 -0.275948 0.518984 -0.809017 -0.311479 0.498470 -0.809017 
-0.301771 0.567548 -0.766044 -0.261445 0.587216 -0.766044 -0.239074 0.536969 -0.809017 -0.275948 0.518984 -0.809017 
-0.261445 0.587216 -0.766044 -0.219846 0.604023 -0.766044 -0.201034 0.552338 -0.809017 -0.239074 0.536969 -0.809017 
-0.219846 0.604023 -0.766044 -0.177176 0.617887 -0.766044 -0.162016 0.565015 -0.809017 -0.201034 0.552338 -0.809017 
-0.177176 0.617887 -0.766044 -0.133643 0.628741 -0.766044 -0.122207 0.574941 -0.809017 -0.162016 0.565015 -0.809017 
-0.133643 0.628741 -0.766044 -0.089459 0.636532 -0.766044 -0.081804 0.582065 -0.809017 -0.122207 0.574941 -0.809017 
-0.089459 0.636532 -0.766044 -0.044839 0.641222 -0.766044 -0.041002 0.586353 -0.809017 -0.081804 0.582065 -0.809017 
-0.044839 0.641222 -0.766044 -0.000000 0.642788 -0.766044 -0.000000 0.587785 -0.809017 -0.041002 0.586353 -0.809017 
0.000000 0.587785 -0.809017 0.041002 0.586353 -0.809017 0.036965 0.528628 -0.848048 0.000000 0.529919 -0.848048 
0.041002 0.586353 -0.809017 0.081804 0.582065 -0.809017 0.073751 0.524762 -0.848048 0.036965 0.528628 -0.848048 
0.081804 0.582065 -0.809017 0.122207 0.574941 -0.809017 0.110176 0.518339 -0.848048 0.073751 0.524762 -0.848048 
0.122207 0.574941 -0.809017 0.162016 0.565015 -0.809017 0.146066 0.509391 -0.848048 0.110176 0.518339 -0.848048 
0.162016 0.565015 -0.809017 0.201034 0.552338 -0.809017 0.181243 0.497961 -0.848048 0.146066 0.509391 -0.848048 
0.201034 0.552338 -0.809017 0.239074 0.536969 -0.809017 0.215538 0.484105 -0.848048 0.181243 0.497961 -0.848048 
0.239074 0.536969 -0.809017 0.275948 0.518984 -0.809017 0.248782 0.467891 -0.848048 0.215538 0.484105 -0.848048 
0.275948 0.518984 -0.809017 0.311479 0.498470 -0.809017 0.280814 0.449397 -0.848048 0.248782 0.467891 -0.848048 
0.311479 0.498470 -0.809017 0.345492 0.475528 -0.809017 0.311479 0.428714 -0.848048 0.280814 0.449397 -0.848048 
0.345492 0.475528 -0.809017 0.377821 0.450270 -0.809017 0.340626 0.405942 -0.848048 0.311479 0.428714 -0.848048 
0.377821 0.450270 -0.809017 0.408310 0.422817 -0.809017 0.368113 0.381192 -0.848048 0.340626 0.405942 -0.848048 
0.408310 0.422817 -0.809017 0.436810 0.393305 -0.809017 0.393807 0.354585 -0.848048 0.368113 0.381192 -0.848048 
0.436810 0.393305 -0.809017 0.463181 0.361877 -0.809017 0.417582 0.326251 -0.848048 0.393807 0.354585 -0.848048 
0.463181 0.361877 -0.809017 0.487296 0.328685 -0.809017 0.439323 0.296327 -0.848048 0.417582 0.326251 -0.848048 
0.487296 0.328685 -0.809017 0.509037 0.293893 -0.809017 0.458924 0.264960 -0.848048 0.439323 0.296327 -0.848048 
0.509037 0.293893 -0.809017 0.528298 0.257668 -0.809017 0.476288 0.232301 -0.848048 0.458924 0.264960 -0.848048 
0.528298 0.257668 -0.809017 0.544985 0.220188 -0.809017 0.491333 0.198511 -0.848048 0.476288 0.232301 -0.848048 
0.544985 0.220188 -0.809017 0.559017 0.181636 -0.809017 0.503983 0.163754 -0.848048 0.491333 0.198511 -0.848048 
0.559017 0.181636 -0.809017 0.570326 0.142198 -0.809017 0.514178 0.128199 -0.848048 0.503983 0.163754 -0.848048 
0.570326 0.142198 -0.809017 0.578856 0.102068 -0.809017 0.521869 0.092020 -0.848048 0.514178 0.128199 -0.848048 
0.578856 0.102068 -0.809017 0.584565 0.061440 -0.809017 0.527016 0.055392 -0.848048 0.521869 0.092020 -0.848048 
0.584565 0.061440 -0.809017 0.587427 0.020513 -0.809017 0.529597 0.018494 -0.848048 0.527016 0.055392 -0.848048 
0.587427 0.020513 -0.809017 0.587427 -0.020513 -0.809017 0.529597 -0.018494 -0.848048 0.529597 0.018494 -0.848048 
0.587427 -0.020513 -0.809017 0.584565 -0.061440 -0.809017 0.527016 -0.055392 -0.848048 0.529597 -0.018494 -0.848048 
0.584565 -0.061440 -0.809017 0.578856 -0.102068 -0.809017 0.521869 -0.092020 -0.848048 0.527016 -0.055392 -0.848048 
0.578856 -0.102068 -0.809017 0.570326 -0.142198 -0.809017 0.514178 -0.128199 -0.848048 0.521869 -0.092020 -0.848048 
0.570326 -0.142198 -0.809017 0.559017 -0.181636 -0.809017 0.503983 -0.163754 -0.848048 0.514178 -0.128199 -0.848048 
0.559017 -0.181636 -0.809017 0.544985 -0.220188 -0.809017 0.491333 -0.198511 -0.848048 0.503983 -0.163754 -0.848048 
0.544985 -0.220188 -0.809017 0.528298 -0.257668 -0.809017 0.476288 -0.232301 -0.848048 0.491333 -0.198511 -0.848048 
0.528298 -0.257668 -0.809017 0.509037 -0.293893 -0.809017 0.458924 -0.264960 -0.848048 0.476288 -0.232301 -0.848048 
0.509037 -0.293893 -0.809017 0.487296 -0.328685 -0.809017 0.439323 -0.296327 -0.848048 0.458924 -0.264960 -0.848048 
0.487296 -0.328685 -0.809017 0.463181 -0.361877 -0.809017 0.417582 -0.326251 -0.848048 0.439323 -0.296327 -0.848048 
0.463181 -0.361877 -0.809017 0.436810 -0.393305 -0.809017 0.393807 -0.354585 -0.848048 0.417582 -0.326251 -0.848048 
0.436810 -0.393305 -0.809017 0.408310 -0.422817 -0.809017 0.368113 -0.381192 -0.848048 0.393807 -0.354585 -0.848048 
0.408310 -0.422817 -0.809017 0.377821 -0.450270 -0.809017 0.340626 -0.405942 -0.848048 0.368113 -0.381192 -0.848048 
0.377821 -0.450270 -0.809017 0.345492 -0.475528 -0.809017 0.311479 -0.428714 -0.848048 0.340626 -0.405942 -0.848048 
0.345492 -0.475528 -0.809017 0.311479 -0.498470 -0.809017 0.280814 -0.449397 -0.848048 0.311479 -0.428714 -0.848048 
0.311479 -0.498470 -0.809017 0.275948 -0.518984 -0.809017 0.248782 -0.467891 -0.848048 0.280814 -0.449397 -0.848048 
0.275948 -0.518984 -0.809017 0.239074 -0.536969 -0.809017 0.215538 -0.484105 -0.848048 0.248782 -0.467891 -0.848048 
0.239074 -0.536969 -0.809017 0.201034 -0.552338 -0.809017 0.181243 -0.497961 -0.848048 0.215538 -0.484105 -0.848048 
0.201034 -0.552338 -0.809017 0.162016 -0.565015 -0.809017 0.146066 -0.509391 -0.848048 0.181243 -0.497961 -0.848048 
0.162016 -0.565015 -0.809017 0.122207 -0.574941 -0.809017 0.110176 -0.518339 -0.848048 0.146066 -0.509391 -0.848048 
0.122207 -0.574941 -0.809017 0.081804 -0.582065 -0.809017 0.073751 -0.524762 -0.848048 0.110176 -0.518339 -0.848048 
0.081804 -0.582065 -0.809017 0.041002 -0.586353 -0.809017 0.036965 -0.528628 -0.848048 0.073751 -0.524762 -0.848048 
0.041002 -0.586353 -0.809017 0.000000 -0.587785 -0.809017 0.000000 -0.529919 -0.848048 0.036965 -0.528628 -0.848048 
0.000000 -0.587785 -0.809017 -0.041002 -0.586353 -0.809017 -0.036965 -0.528628 -0.848048 0.000000 -0.529919 -0.848048 
-0.041002 -0.586353 -0.809017 -0.081804 -0.582065 -0.809017 -0.073751 -0.524762 -0.848048 -0.036965 -0.528628 -0.848048 
-0.081804 -0.582065 -0.809017 -0.122207 -0.574941 -0.809017 -0.110176 -0.518339 -0.848048 -0.073751 -0.524762 -0.848048 
-0.122207 -0.574941 -0.809017 -0.162016 -0.565015 -0.809017 -0.146066 -0.509391 -0.848048 -0.110176 -0.518339 -0.848048 
-0.162016 -0.565015 -0.809017 -0.201034 -0.552338 -0.809017 -0.181243 -0.497961 -0.848048 -0.146066 -0.509391 -0.848048 
-0.201034 -0.552338 -0.809017 -0.239074 -0.536969 -0.809017 -0.215538 -0.484105 -0.848048 -0.181243 -0.497961 -0.848048 
-0.239074 -0.536969 -0.809017 -0.275948 -0.518984 -0.809017 -0.248782 -0.467891 -0.848048 -0.215538 -0.484105 -0.848048 
-0.275948 -0.518984 -0.809017 -0.311479 -0.498470 -0.809017 -0.280814 -0.449397 -0.848048 -0.248782 -0.467891 -0.848048 
-0.311479 -0.498470 -0.809017 -0.345492 -0.475528 -0.809017 -0.311479 -0.428714 -0.848048 -0.280814 -0.449397 -0.848048 
-0.345492 -0.475528 -0.809017 -0.377821 -0.450270 -0.809017 -0.340626 -0.405942 -0.848048 -0.311479 -0.428714 -0.848048 
-0.377821 -0.450270 -0.809017 -0.408310 -0.422817 -0.809017 -0.368113 -0.381192 -0.848048 -0.340626 -0.405942 -0.848048 
-0.408310 -0.422817 -0.809017 -0.436810 -0.393305 -0.809017 -0.393807 -0.354585 -0.848048 -0.368113 -0.381192 -0.848048 
-0.436810 -0.393305 -0.809017 -0.463181 -0.361877 -0.809017 -0.417582 -0.326251 -0.848048 -0.393807 -0.354585 -0.848048 
-0.463181 -0.361877 -0.809017 -0.487296 -0.328685 -0.809017 -0.439323 -0.296327 -0.848048 -0.417582 -0.326251 -0.848048 
-0.487296 -0.328685 -0.809017 -0.509037 -0.293893 -0.809017 -0.458924 -0.264960 -0.848048 -0.439323 -0.296327 -0.848048 
-0.509037 -0.293893 -0.809017 -0.528298 -0.257668 -0.809017 -0.476288 -0.232301 -0.848048 -0.458924 -0.264960 -0.848048 
-0.528298 -0.257668 -0.809017 -0.544985 -0.220188 -0.809017 -0.491333 -0.198511 -0.848048 -0.476288 -0.232301 -0.848048 
-0.544985 -0.220188 -0.809017 -0.559017 -0.181636 -0.809017 -0.503983 -0.163754 -0.848048 -0.491333 -0.198511 -0.848048 
-0.559017 -0.181636 -0.809017 -0.570326 -0.142198 -0.809017 -0.514178 -0.128199 -0.848048 -0.503983 -0.163754 -0.848048 
-0.570326 -0.142198 -0.809017 -0.578856 -0.102068 -0.809017 -0.521869 -0.092020 -0.848048 -0.514178 -0.128199 -0.848048 
-0.578856 -0.102068 -0.809017 -0.584565 -0.061440 -0.809017 -0.527016 -0.055392 -0.848048 -0.521869 -0.092020 -0.848048 
-0.584565 -0.061440 -0.809017 -0.587427 -0.020513 -0.809017 -0.529597 -0.018494 -0.848048 -0.527016 -0.055392 -0.848048 
-0.587427 -0.020513 -0.809017 -0.587427 0.020513 -0.809017 -0.529597 0.018494 -0.848048 -0.529597 -0.018494 -0.848048 
-0.587427 0.020513 -0.809017 -0.584565 0.061440 -0.809017 -0.527016 0.055392 -0.848048 -0.529597 0.018494 -0.848048 
-0.584565 0.061440 -0.809017 -0.578856 0.102068 -0.809017 -0.521869 0.092020 -0.848048 -0.527016 0.055392 -0.848048 
-0.578856 0.102068 -0.809017 -0.570326 0.142198 -0.809017 -0.514178 0.128199 -0.848048 -0.521869 0.092020 -0.848048 
-0.570326 0.142198 -0.809017 -0.559017 0.181636 -0.809017 -0.503983 0.163754 -0.848048 -0.514178 0.128199 -0.848048 
-0.559017 0.181636 -0.809017 -0.544985 0.220188 -0.809017 -0.491333 0.198511 -0.848048 -0.503983 0.163754 -0.848048 
-0.544985 0.220188 -0.809017 -0.528298 0.257668 -0.809017 -0.476288 0.232301 -0.848048 -0.491333 0.198511 -0.848048 
-0.528298 0.257668 -0.809017 -0.509037 0.293893 -0.809017 -0.458924 0.264960 -0.848048 -0.476288 0.232301 -0.848048 
-0.509037 0.293893 -0.809017 -0.487296 0.328685 -0.809017 -0.439323 0.296327 -0.848048 -0.458924 0.264960 -0.848048 
-0.487296 0.328685 -0.809017 -0.463181 0.361877 -0.809017 -0.417582 0.326251 -0.848048 -0.439323 0.296327 -0.848048 
-0.463181 0.361877 -0.809017 -0.436810 0.393305 -0.809017 -0.393807 0.354585 -0.848048 -0.417582 0.326251 -0.848048 
-0.436810 0.393305 -0.809017 -0.408310 0.422817 -0.809017 -0.368113 0.381192 -0.848048 -0.393807 0.354585 -0.848048 
-0.408310 0.422817 -0.809017 -0.377821 0.450270 -0.809017 -0.340626 0.405942 -0.848048 -0.368113 0.381192 -0.848048 
-0.377821 0.450270 -0.809017 -0.345492 0.475528 -0.809017 -0.311479 0.428714 -0.848048 -0.340626 0.405942 -0.848048 
-0.345492 0.475528 -0.809017 -0.311479 0.498470 -0.809017 -0.280814 0.449397 -0.848048 -0.311479 0.428714 -0.848048 
-0.311479 0.498470 -0.809017 -0.275948 0.518984 -0.809017 -0.248782 0.467891 -0.848048 -0.280814 0.449397 -0.848048 
-0.275948 0.518984 -0.809017 -0.239074 0.536969 -0.809017 -0.215538 0.484105 -0.848048 -0.248782 0.467891 -0.848048 
-0.239074 0.536969 -0.809017 -0.201034 0.552338 -0.809017 -0.181243 0.497961 -0.848048 -0.215538 0.484105 -0.848048 
-0.201034 0.552338 -0.809017 -0.162016 0.565015 -0.809017 -0.146066 0.509391 -0.848048 -0.181243 0.497961 -0.848048 
-0.162016 0.565015 -0.809017 -0.122207 0.574941 -0.809017 -0.110176 0.518339 -0.848048 -0.146066 0.509391 -0.848048 
-0.122207 0.574941 -0.809017 -0.081804 0.582065 -0.809017 -0.073751 0.524762 -0.848048 -0.110176 0.518339 -0.848048 
-0.081804 0.582065 -0.809017 -0.041002 0.586353 -0.809017 -0.036965 0.528628 -0.848048 -0.073751 0.524762 -0.848048 
-0.041002 0.586353 -0.809017 -0.000000 0.587785 -0.809017 -0.000000 0.529919 -0.848048 -0.036965 0.528628 -0.848048 
0.000000 0.529919 -0.848048 0.036965 0.528628 -0.848048 0.032749 0.468328 -0.882948 0.000000 0.469472 -0.882948 
0.036965 0.528628 -0.848048 0.073751 0.524762 -0.848048 0.065338 0.464903 -0.882948 0.032749 0.468328 -0.882948 
0.073751 0.524762 -0.848048 0.110176 0.518339 -0.848048 0.097609 0.459212 -0.882948 0.065338 0.464903 -0.882948 
0.110176 0.518339 -0.848048 0.146066 0.509391 -0.848048 0.129404 0.451285 -0.882948 0.097609 0.459213 -0.882948 
0.146066 0.509391 -0.848048 0.181243 0.497961 -0.848048 0.160569 0.441159 -0.882948 0.129404 0.451285 -0.882948 
0.181243 0.497961 -0.848048 0.215538 0.484105 -0.848048 0.190951 0.428884 -0.882948 0.160569 0.441159 -0.882948 
0.215538 0.484105 -0.848048 0.248782 0.467891 -0.848048 0.220404 0.414519 -0.882948 0.190951 0.428884 -0.882948 
0.248782 0.467891 -0.848048 0.280814 0.449397 -0.848048 0.248782 0.398134 -0.882948 0.220404 0.414519 -0.882948 
0.280814 0.449397 -0.848048 0.311479 0.428714 -0.848048 0.275948 0.379810 -0.882948 0.248782 0.398134 -0.882948 
0.311479 0.428714 -0.848048 0.340626 0.405942 -0.848048 0.301771 0.359636 -0.882948 0.275948 0.379810 -0.882948 
0.340626 0.405942 -0.848048 0.368113 0.381192 -0.848048 0.326122 0.337710 -0.882948 0.301771 0.359636 -0.882948 
0.368113 0.381192 -0.848048 0.393807 0.354585 -0.848048 0.348885 0.314138 -0.882948 0.326122 0.337710 -0.882948 
0.393807 0.354585 -0.848048 0.417582 0.326251 -0.848048 0.369949 0.289036 -0.882948 0.348885 0.314138 -0.882948 
0.417582 0.326251 -0.848048 0.439323 0.296327 -0.848048 0.389210 0.262525 -0.882948 0.369949 0.289036 -0.882948 
0.439323 0.296327 -0.848048 0.458924 0.264960 -0.848048 0.406574 0.234736 -0.882948 0.389210 0.262525 -0.882948 
0.458924 0.264960 -0.848048 0.476288 0.232301 -0.848048 0.421958 0.205803 -0.882948 0.406574 0.234736 -0.882948 
0.476288 0.232301 -0.848048 0.491333 0.198511 -0.848048 0.435286 0.175867 -0.882948 0.421958 0.205803 -0.882948 
0.491333 0.198511 -0.848048 0.503983 0.163754 -0.848048 0.446494 0.145075 -0.882948 0.435286 0.175867 -0.882948 
0.503983 0.163754 -0.848048 0.514178 0.128199 -0.848048 0.455526 0.113575 -0.882948 0.446494 0.145075 -0.882948 
0.514178 0.128199 -0.848048 0.521869 0.092020 -0.848048 0.462339 0.081523 -0.882948 0.455526 0.113575 -0.882948 
0.521869 0.092020 -0.848048 0.527016 0.055392 -0.848048 0.466900 0.049073 -0.882948 0.462339 0.081523 -0.882948 
0.527016 0.055392 -0.848048 0.529596 0.018494 -0.848048 0.469186 0.016384 -0.882948 0.466900 0.049073 -0.882948 
0.529596 0.018494 -0.848048 0.529596 -0.018494 -0.848048 0.469186 -0.016384 -0.882948 0.469186 0.016384 -0.882948 
0.529596 -0.018494 -0.848048 0.527016 -0.055392 -0.848048 0.466900 -0.049073 -0.882948 0.469186 -0.016384 -0.882948 
0.527016 -0.055392 -0.848048 0.521869 -0.092020 -0.848048 0.462339 -0.081523 -0.882948 0.466900 -0.049073 -0.882948 
0.521869 -0.092020 -0.848048 0.514178 -0.128199 -0.848048 0.455526 -0.113575 -0.882948 0.462339 -0.081523 -0.882948 
0.514178 -0.128199 -0.848048 0.503983 -0.163754 -0.848048 0.446494 -0.145075 -0.882948 0.455526 -0.113575 -0.882948 
0.503983 -0.163754 -0.848048 0.491333 -0.198511 -0.848048 0.435286 -0.175867 -0.882948 0.446494 -0.145075 -0.882948 
0.491333 -0.198511 -0.848048 0.476288 -0.232301 -0.848048 0.421958 -0.205803 -0.882948 0.435286 -0.175867 -0.882948 
0.476288 -0.232301 -0.848048 0.458924 -0.264960 -0.848048 0.406574 -0.234736 -0.882948 0.421958 -0.205803 -0.882948 
0.458924 -0.264960 -0.848048 0.439323 -0.296327 -0.848048 0.389210 -0.262525 -0.882948 0.406574 -0.234736 -0.882948 
0.439323 -0.296327 -0.848048 0.417582 -0.326251 -0.848048 0.369949 -0.289036 -0.882948 0.389210 -0.262525 -0.882948 
0.417582 -0.326251 -0.848048 0.393807 -0.354585 -0.848048 0.348885 -0.314138 -0.882948 0.369949 -0.289036 -0.882948 
0.393807 -0.354585 -0.848048 0.368113 -0.381192 -0.848048 0.326122 -0.337710 -0.882948 0.348885 -0.314138 -0.882948 
0.368113 -0.381192 -0.848048 0.340626 -0.405942 -0.848048 0.301771 -0.359636 -0.882948 0.326122 -0.337710 -0.882948 
0.340626 -0.405942 -0.848048 0.311479 -0.428714 -0.848048 0.275948 -0.379810 -0.882948 0.301771 -0.359636 -0.882948 
0.311479 -0.428714 -0.848048 0.280814 -0.449397 -0.848048 0.248782 -0.398134 -0.882948 0.275948 -0.379810 -0.882948 
0.280814 -0.449397 -0.848048 0.248782 -0.467891 -0.848048 0.220404 -0.414519 -0.882948 0.248782 -0.398134 -0.882948 
0.248782 -0.467891 -0.848048 0.215538 -0.484105 -0.848048 0.190951 -0.428884 -0.882948 0.220404 -0.414519 -0.882948 
0.215538 -0.484105 -0.848048 0.181243 -0.497961 -0.848048 0.160569 -0.441159 -0.882948 0.190951 -0.428884 -0.882948 
0.181243 -0.497961 -0.848048 0.146066 -0.509391 -0.848048 0.129404 -0.451285 -0.882948 0.160569 -0.441159 -0.882948 
0.146066 -0.509391 -0.848048 0.110176 -0.518339 -0.848048 0.097609 -0.459212 -0.882948 0.129404 -0.451285 -0.882948 
0.110176 -0.518339 -0.848048 0.073751 -0.524762 -0.848048 0.065338 -0.464903 -0.882948 0.097609 -0.459212 -0.882948 
0.073751 -0.524762 -0.848048 0.036965 -0.528628 -0.848048 0.032749 -0.468328 -0.882948 0.065338 -0.464903 -0.882948 
0.036965 -0.528628 -0.848048 0.000000 -0.529919 -0.848048 0.000000 -0.469472 -0.882948 0.032749 -0.468328 -0.882948 
0.000000 -0.529919 -0.848048 -0.036965 -0.528628 -0.848048 -0.032749 -0.468328 -0.882948 0.000000 -0.469472 -0.882948 
-0.036965 -0.528628 -0.848048 -0.073750 -0.524762 -0.848048 -0.065338 -0.464903 -0.882948 -0.032749 -0.468328 -0.882948 
-0.073750 -0.524762 -0.848048 -0.110176 -0.518339 -0.848048 -0.097609 -0.459212 -0.882948 -0.065338 -0.464903 -0.882948 
-0.110176 -0.518339 -0.848048 -0.146066 -0.509391 -0.848048 -0.129404 -0.451285 -0.882948 -0.097609 -0.459213 -0.882948 
-0.146066 -0.509391 -0.848048 -0.181243 -0.497961 -0.848048 -0.160569 -0.441159 -0.882948 -0.129404 -0.451285 -0.882948 
-0.181243 -0.497961 -0.848048 -0.215538 -0.484105 -0.848048 -0.190951 -0.428884 -0.882948 -0.160569 -0.441159 -0.882948 
-0.215538 -0.484105 -0.848048 -0.248782 -0.467891 -0.848048 -0.220404 -0.414519 -0.882948 -0.190951 -0.428884 -0.882948 
-0.248782 -0.467891 -0.848048 -0.280814 -0.449397 -0.848048 -0.248782 -0.398134 -0.882948 -0.220404 -0.414519 -0.882948 
-0.280814 -0.449397 -0.848048 -0.311479 -0.428714 -0.848048 -0.275948 -0.379810 -0.882948 -0.248782 -0.398134 -0.882948 
-0.311479 -0.428714 -0.848048 -0.340626 -0.405942 -0.848048 -0.301771 -0.359636 -0.882948 -0.275948 -0.379810 -0.882948 
-0.340626 -0.405942 -0.848048 -0.368113 -0.381192 -0.848048 -0.326122 -0.337710 -0.882948 -0.301771 -0.359636 -0.882948 
-0.368113 -0.381192 -0.848048 -0.393807 -0.354585 -0.848048 -0.348885 -0.314138 -0.882948 -0.326122 -0.337710 -0.882948 
-0.393807 -0.354585 -0.848048 -0.417582 -0.326251 -0.848048 -0.369949 -0.289036 -0.882948 -0.348885 -0.314138 -0.882948 
-0.417582 -0.326251 -0.848048 -0.439323 -0.296327 -0.848048 -0.389210 -0.262525 -0.882948 -0.369949 -0.289036 -0.882948 
-0.439323 -0.296327 -0.848048 -0.458924 -0.264960 -0.848048 -0.406574 -0.234736 -0.882948 -0.389210 -0.262525 -0.882948 
-0.458924 -0.264960 -0.848048 -0.476288 -0.232301 -0.848048 -0.421958 -0.205803 -0.882948 -0.406574 -0.234736 -0.882948 
-0.476288 -0.232301 -0.848048 -0.491333 -0.198511 -0.848048 -0.435286 -0.175867 -0.882948 -0.421958 -0.205803 -0.882948 
-0.491333 -0.198511 -0.848048 -0.503983 -0.163754 -0.848048 -0.446494 -0.145075 -0.882948 -0.435286 -0.175867 -0.882948 
-0.503983 -0.163754 -0.848048 -0.514178 -0.128199 -0.848048 -0.455526 -0.113575 -0.882948 -0.446494 -0.145075 -0.882948 
-0.514178 -0.128199 -0.848048 -0.521869 -0.092020 -0.848048 -0.462339 -0.081523 -0.882948 -0.455526 -0.113575 -0.882948 
-0.521869 -0.092020 -0.848048 -0.527016 -0.055392 -0.848048 -0.466900 -0.049073 -0.882948 -0.462339 -0.081523 -0.882948 
-0.527016 -0.055392 -0.848048 -0.529596 -0.018494 -0.848048 -0.469186 -0.016384 -0.882948 -0.466900 -0.049073 -0.882948 
-0.529596 -0.018494 -0.848048 -0.529596 0.018494 -0.848048 -0.469186 0.016384 -0.882948 -0.469186 -0.016384 -0.882948 
-0.529596 0.018494 -0.848048 -0.527016 0.055392 -0.848048 -0.466900 0.049073 -0.882948 -0.469186 0.016384 -0.882948 
-0.527016 0.055392 -0.848048 -0.521869 0.092019 -0.848048 -0.462339 0.081523 -0.882948 -0.466900 0.049073 -0.882948 
-0.521869 0.092019 -0.848048 -0.514178 0.128199 -0.848048 -0.455526 0.113575 -0.882948 -0.462339 0.081523 -0.882948 
-0.514178 0.128199 -0.848048 -0.503983 0.163754 -0.848048 -0.446494 0.145075 -0.882948 -0.455526 0.113575 -0.882948 
-0.503983 0.163754 -0.848048 -0.491333 0.198511 -0.848048 -0.435286 0.175867 -0.882948 -0.446494 0.145075 -0.882948 
-0.491333 0.198511 -0.848048 -0.476288 0.232301 -0.848048 -0.421958 0.205803 -0.882948 -0.435286 0.175867 -0.882948 
-0.476288 0.232301 -0.848048 -0.458924 0.264960 -0.848048 -0.406574 0.234736 -0.882948 -0.421958 0.205803 -0.882948 
-0.458924 0.264960 -0.848048 -0.439323 0.296327 -0.848048 -0.389210 0.262525 -0.882948 -0.406574 0.234736 -0.882948 
-0.439323 0.296327 -0.848048 -0.417582 0.326251 -0.848048 -0.369949 0.289036 -0.882948 -0.389210 0.262525 -0.882948 
-0.417582 0.326251 -0.848048 -0.393807 0.354585 -0.848048 -0.348885 0.314138 -0.882948 -0.369949 0.289036 -0.882948 
-0.393807 0.354585 -0.848048 -0.368113 0.381192 -0.848048 -0.326122 0.337710 -0.882948 -0.348885 0.314138 -0.882948 
-0.368113 0.381192 -0.848048 -0.340626 0.405942 -0.848048 -0.301771 0.359636 -0.882948 -0.326122 0.337710 -0.882948 
-0.340626 0.405942 -0.848048 -0.311479 0.428714 -0.848048 -0.275948 0.379810 -0.882948 -0.301771 0.359636 -0.882948 
-0.311479 0.428714 -0.848048 -0.280814 0.449397 -0.848048 -0.248782 0.398134 -0.882948 -0.275948 0.379810 -0.882948 
-0.280814 0.449397 -0.848048 -0.248782 0.467891 -0.848048 -0.220404 0.414519 -0.882948 -0.248782 0.398134 -0.882948 
-0.248782 0.467891 -0.848048 -0.215538 0.484105 -0.848048 -0.190951 0.428884 -0.882948 -0.220404 0.414519 -0.882948 
-0.215538 0.484105 -0.848048 -0.181243 0.497961 -0.848048 -0.160569 0.441159 -0.882948 -0.190951 0.428884 -0.882948 
-0.181243 0.497961 -0.848048 -0.146066 0.509391 -0.848048 -0.129404 0.451285 -0.882948 -0.160569 0.441159 -0.882948 
-0.146066 0.509391 -0.848048 -0.110176 0.518339 -0.848048 -0.097609 0.459212 -0.882948 -0.129404 0.451285 -0.882948 
-0.110176 0.518339 -0.848048 -0.073751 0.524762 -0.848048 -0.065338 0.464903 -0.882948 -0.097609 0.459212 -0.882948 
-0.073751 0.524762 -0.848048 -0.036965 0.528628 -0.848048 -0.032749 0.468328 -0.882948 -0.065338 0.464903 -0.882948 
-0.036965 0.528628 -0.848048 -0.000000 0.529919 -0.848048 -0.000000 0.469472 -0.882948 -0.032749 0.468328 -0.882948 
0.000000 0.469472 -0.882948 0.032749 0.468328 -0.882948 0.028373 0.405746 -0.913545 0.000000 0.406737 -0.913545 
0.032749 0.468328 -0.882948 0.065338 0.464903 -0.882948 0.056607 0.402778 -0.913545 0.028373 0.405746 -0.913545 
0.065338 0.464903 -0.882948 0.097609 0.459213 -0.882948 0.084565 0.397849 -0.913545 0.056607 0.402778 -0.913545 
0.097609 0.459213 -0.882948 0.129404 0.451285 -0.882948 0.112112 0.390980 -0.913545 0.084565 0.397849 -0.913545 
0.129404 0.451285 -0.882948 0.160569 0.441159 -0.882948 0.139112 0.382207 -0.913545 0.112112 0.390980 -0.913545 
0.160569 0.441159 -0.882948 0.190951 0.428884 -0.882948 0.165435 0.371572 -0.913545 0.139112 0.382207 -0.913545 
0.190951 0.428884 -0.882948 0.220404 0.414519 -0.882948 0.190951 0.359127 -0.913545 0.165435 0.371572 -0.913545 
0.220404 0.414519 -0.882948 0.248782 0.398134 -0.882948 0.215538 0.344932 -0.913545 0.190951 0.359127 -0.913545 
0.248782 0.398134 -0.882948 0.275948 0.379811 -0.882948 0.239074 0.329057 -0.913545 0.215538 0.344932 -0.913545 
0.275948 0.379811 -0.882948 0.301771 0.359636 -0.882948 0.261445 0.311578 -0.913545 0.239074 0.329057 -0.913545 
0.301771 0.359636 -0.882948 0.326122 0.337710 -0.882948 0.282543 0.292582 -0.913545 0.261445 0.311578 -0.913545 
0.326122 0.337710 -0.882948 0.348885 0.314138 -0.882948 0.302264 0.272160 -0.913545 0.282543 0.292582 -0.913545 
0.348885 0.314138 -0.882948 0.369949 0.289036 -0.882948 0.320513 0.250412 -0.913545 0.302264 0.272160 -0.913545 
0.369949 0.289036 -0.882948 0.389210 0.262525 -0.882948 0.337200 0.227444 -0.913545 0.320513 0.250412 -0.913545 
0.389210 0.262525 -0.882948 0.406574 0.234736 -0.882948 0.352244 0.203368 -0.913545 0.337200 0.227444 -0.913545 
0.406574 0.234736 -0.882948 0.421958 0.205803 -0.882948 0.365573 0.178302 -0.913545 0.352244 0.203368 -0.913545 
0.421958 0.205803 -0.882948 0.435286 0.175867 -0.882948 0.377120 0.152366 -0.913545 0.365573 0.178302 -0.913545 
0.435286 0.175867 -0.882948 0.446494 0.145075 -0.882948 0.386830 0.125689 -0.913545 0.377120 0.152366 -0.913545 
0.446494 0.145075 -0.882948 0.455526 0.113575 -0.882948 0.394655 0.098399 -0.913545 0.386830 0.125689 -0.913545 
0.455526 0.113575 -0.882948 0.462339 0.081523 -0.882948 0.400557 0.070629 -0.913545 0.394655 0.098399 -0.913545 
0.462339 0.081523 -0.882948 0.466900 0.049073 -0.882948 0.404509 0.042516 -0.913545 0.400557 0.070629 -0.913545 
0.466900 0.049073 -0.882948 0.469186 0.016384 -0.882948 0.406489 0.014195 -0.913545 0.404509 0.042516 -0.913545 
0.469186 0.016384 -0.882948 0.469186 -0.016384 -0.882948 0.406489 -0.014195 -0.913545 0.406489 0.014195 -0.913545 
0.469186 -0.016384 -0.882948 0.466900 -0.049073 -0.882948 0.404509 -0.042516 -0.913545 0.406489 -0.014195 -0.913545 
0.466900 -0.049073 -0.882948 0.462339 -0.081523 -0.882948 0.400557 -0.070629 -0.913545 0.404509 -0.042516 -0.913545 
0.462339 -0.081523 -0.882948 0.455526 -0.113575 -0.882948 0.394655 -0.098399 -0.913545 0.400557 -0.070629 -0.913545 
0.455526 -0.113575 -0.882948 0.446494 -0.145075 -0.882948 0.386830 -0.125689 -0.913545 0.394655 -0.098399 -0.913545 
0.446494 -0.145075 -0.882948 0.435286 -0.175867 -0.882948 0.377120 -0.152366 -0.913545 0.386830 -0.125689 -0.913545 
0.435286 -0.175867 -0.882948 0.421958 -0.205803 -0.882948 0.365573 -0.178302 -0.913545 0.377120 -0.152366 -0.913545 
0.421958 -0.205803 -0.882948 0.406574 -0.234736 -0.882948 0.352244 -0.203368 -0.913545 0.365573 -0.178302 -0.913545 
0.406574 -0.234736 -0.882948 0.389210 -0.262525 -0.882948 0.337200 -0.227444 -0.913545 0.352244 -0.203368 -0.913545 
0.389210 -0.262525 -0.882948 0.369949 -0.289036 -0.882948 0.320513 -0.250412 -0.913545 0.337200 -0.227444 -0.913545 
0.369949 -0.289036 -0.882948 0.348885 -0.314138 -0.882948 0.302264 -0.272160 -0.913545 0.320513 -0.250412 -0.913545 
0.348885 -0.314138 -0.882948 0.326122 -0.337710 -0.882948 0.282543 -0.292582 -0.913545 0.302264 -0.272160 -0.913545 
0.326122 -0.337710 -0.882948 0.301771 -0.359636 -0.882948 0.261445 -0.311578 -0.913545 0.282543 -0.292582 -0.913545 
0.301771 -0.359636 -0.882948 0.275948 -0.379811 -0.882948 0.239074 -0.329057 -0.913545 0.261445 -0.311578 -0.913545 
0.275948 -0.379811 -0.882948 0.248782 -0.398134 -0.882948 0.215538 -0.344932 -0.913545 0.239074 -0.329057 -0.913545 
0.248782 -0.398134 -0.882948 0.220404 -0.414519 -0.882948 0.190951 -0.359127 -0.913545 0.215538 -0.344932 -0.913545 
0.220404 -0.414519 -0.882948 0.190951 -0.428884 -0.882948 0.165435 -0.371572 -0.913545 0.190951 -0.359127 -0.913545 
0.190951 -0.428884 -0.882948 0.160569 -0.441159 -0.882948 0.139112 -0.382207 -0.913545 0.165435 -0.371572 -0.913545 
0.160569 -0.441159 -0.882948 0.129404 -0.451285 -0.882948 0.112112 -0.390980 -0.913545 0.139112 -0.382207 -0.913545 
0.129404 -0.451285 -0.882948 0.097609 -0.459213 -0.882948 0.084565 -0.397849 -0.913545 0.112112 -0.390980 -0.913545 
0.097609 -0.459213 -0.882948 0.065338 -0.464903 -0.882948 0.056607 -0.402778 -0.913545 0.084565 -0.397849 -0.913545 
0.065338 -0.464903 -0.882948 0.032749 -0.468328 -0.882948 0.028373 -0.405746 -0.913545 0.056607 -0.402778 -0.913545 
0.032749 -0.468328 -0.882948 0.000000 -0.469472 -0.882948 0.000000 -0.406737 -0.913545 0.028373 -0.405746 -0.913545 
0.000000 -0.469472 -0.882948 -0.032749 -0.468328 -0.882948 -0.028373 -0.405746 -0.913545 0.000000 -0.406737 -0.913545 
-0.032749 -0.468328 -0.882948 -0.065338 -0.464903 -0.882948 -0.056607 -0.402778 -0.913545 -0.028373 -0.405746 -0.913545 
-0.065338 -0.464903 -0.882948 -0.097609 -0.459213 -0.882948 -0.084565 -0.397849 -0.913545 -0.056607 -0.402778 -0.913545 
-0.097609 -0.459213 -0.882948 -0.129404 -0.451285 -0.882948 -0.112112 -0.390980 -0.913545 -0.084565 -0.397849 -0.913545 
-0.129404 -0.451285 -0.882948 -0.160569 -0.441159 -0.882948 -0.139112 -0.382207 -0.913545 -0.112112 -0.390980 -0.913545 
-0.160569 -0.441159 -0.882948 -0.190951 -0.428884 -0.882948 -0.165435 -0.371572 -0.913545 -0.139112 -0.382207 -0.913545 
-0.190951 -0.428884 -0.882948 -0.220404 -0.414519 -0.882948 -0.190951 -0.359127 -0.913545 -0.165435 -0.371572 -0.913545 
-0.220404 -0.414519 -0.882948 -0.248782 -0.398134 -0.882948 -0.215538 -0.344932 -0.913545 -0.190951 -0.359127 -0.913545 
-0.248782 -0.398134 -0.882948 -0.275948 -0.379811 -0.882948 -0.239074 -0.329057 -0.913545 -0.215538 -0.344932 -0.913545 
-0.275948 -0.379811 -0.882948 -0.301771 -0.359636 -0.882948 -0.261445 -0.311578 -0.913545 -0.239074 -0.329057 -0.913545 
-0.301771 -0.359636 -0.882948 -0.326122 -0.337710 -0.882948 -0.282543 -0.292582 -0.913545 -0.261445 -0.311578 -0.913545 
-0.326122 -0.337710 -0.882948 -0.348885 -0.314138 -0.882948 -0.302264 -0.272160 -0.913545 -0.282543 -0.292582 -0.913545 
-0.348885 -0.314138 -0.882948 -0.369949 -0.289036 -0.882948 -0.320513 -0.250412 -0.913545 -0.302264 -0.272160 -0.913545 
-0.369949 -0.289036 -0.882948 -0.389210 -0.262525 -0.882948 -0.337200 -0.227444 -0.913545 -0.320513 -0.250412 -0.913545 
-0.389210 -0.262525 -0.882948 -0.406574 -0.234736 -0.882948 -0.352244 -0.203368 -0.913545 -0.337200 -0.227444 -0.913545 
-0.406574 -0.234736 -0.882948 -0.421958 -0.205803 -0.882948 -0.365573 -0.178302 -0.913545 -0.352244 -0.203368 -0.913545 
-0.421958 -0.205803 -0.882948 -0.435286 -0.175867 -0.882948 -0.377120 -0.152366 -0.913545 -0.365573 -0.178302 -0.913545 
-0.435286 -0.175867 -0.882948 -0.446494 -0.145075 -0.882948 -0.386830 -0.125689 -0.913545 -0.377120 -0.152366 -0.913545 
-0.446494 -0.145075 -0.882948 -0.455526 -0.113575 -0.882948 -0.394655 -0.098399 -0.913545 -0.386830 -0.125689 -0.913545 
-0.455526 -0.113575 -0.882948 -0.462339 -0.081523 -0.882948 -0.400557 -0.070629 -0.913545 -0.394655 -0.098399 -0.913545 
-0.462339 -0.081523 -0.882948 -0.466900 -0.049073 -0.882948 -0.404509 -0.042516 -0.913545 -0.400557 -0.070629 -0.913545 
-0.466900 -0.049073 -0.882948 -0.469186 -0.016384 -0.882948 -0.406489 -0.014195 -0.913545 -0.404509 -0.042516 -0.913545 
-0.469186 -0.016384 -0.882948 -0.469186 0.016384 -0.882948 -0.406489 0.014195 -0.913545 -0.406489 -0.014195 -0.913545 
-0.469186 0.016384 -0.882948 -0.466900 0.049073 -0.882948 -0.404509 0.042516 -0.913545 -0.406489 0.014195 -0.913545 
-0.466900 0.049073 -0.882948 -0.462339 0.081523 -0.882948 -0.400557 0.070629 -0.913545 -0.404509 0.042516 -0.913545 
-0.462339 0.081523 -0.882948 -0.455526 0.113575 -0.882948 -0.394655 0.098398 -0.913545 -0.400557 0.070629 -0.913545 
-0.455526 0.113575 -0.882948 -0.446494 0.145075 -0.882948 -0.386830 0.125689 -0.913545 -0.394655 0.098398 -0.913545 
-0.446494 0.145075 -0.882948 -0.435286 0.175867 -0.882948 -0.377120 0.152366 -0.913545 -0.386830 0.125689 -0.913545 
-0.435286 0.175867 -0.882948 -0.421958 0.205803 -0.882948 -0.365573 0.178302 -0.913545 -0.377120 0.152366 -0.913545 
-0.421958 0.205803 -0.882948 -0.406574 0.234736 -0.882948 -0.352244 0.203368 -0.913545 -0.365573 0.178302 -0.913545 
-0.406574 0.234736 -0.882948 -0.389210 0.262525 -0.882948 -0.337200 0.227444 -0.913545 -0.352244 0.203368 -0.913545 
-0.389210 0.262525 -0.882948 -0.369949 0.289036 -0.882948 -0.320513 0.250412 -0.913545 -0.337200 0.227444 -0.913545 
-0.369949 0.289036 -0.882948 -0.348885 0.314138 -0.882948 -0.302264 0.272160 -0.913545 -0.320513 0.250412 -0.913545 
-0.348885 0.314138 -0.882948 -0.326122 0.337710 -0.882948 -0.282543 0.292582 -0.913545 -0.302264 0.272160 -0.913545 
-0.326122 0.337710 -0.882948 -0.301771 0.359636 -0.882948 -0.261445 0.311578 -0.913545 -0.282543 0.292582 -0.913545 
-0.301771 0.359636 -0.882948 -0.275948 0.379810 -0.882948 -0.239074 0.329057 -0.913545 -0.261445 0.311578 -0.913545 
-0.275948 0.379810 -0.882948 -0.248782 0.398134 -0.882948 -0.215538 0.344932 -0.913545 -0.239074 0.329057 -0.913545 
-0.248782 0.398134 -0.882948 -0.220404 0.414519 -0.882948 -0.190951 0.359127 -0.913545 -0.215538 0.344932 -0.913545 
-0.220404 0.414519 -0.882948 -0.190951 0.428884 -0.882948 -0.165435 0.371572 -0.913545 -0.190951 0.359127 -0.913545 
-0.190951 0.428884 -0.882948 -0.160569 0.441159 -0.882948 -0.139112 0.382207 -0.913545 -0.165435 0.371572 -0.913545 
-0.160569 0.441159 -0.882948 -0.129404 0.451285 -0.882948 -0.112112 0.390980 -0.913545 -0.139112 0.382207 -0.913545 
-0.129404 0.451285 -0.882948 -0.097609 0.459213 -0.882948 -0.084565 0.397849 -0.913545 -0.112112 0.390980 -0.913545 
-0.097609 0.459213 -0.882948 -0.065338 0.464903 -0.882948 -0.056607 0.402778 -0.913545 -0.084565 0.397849 -0.913545 
-0.065338 0.464903 -0.882948 -0.032749 0.468328 -0.882948 -0.028373 0.405746 -0.913545 -0.056607 0.402778 -0.913545 
-0.032749 0.468328 -0.882948 -0.000000 0.469472 -0.882948 -0.000000 0.406737 -0.913545 -0.028373 0.405746 -0.913545 
0.000000 0.406737 -0.913545 0.028373 0.405746 -0.913545 0.023858 0.341187 -0.939693 0.000000 0.342020 -0.939693 
0.028373 0.405746 -0.913545 0.056607 0.402778 -0.913545 0.047600 0.338692 -0.939693 0.023858 0.341187 -0.939693 
0.056607 0.402778 -0.913545 0.084565 0.397849 -0.913545 0.071110 0.334546 -0.939693 0.047600 0.338692 -0.939693 
0.084565 0.397849 -0.913545 0.112112 0.390980 -0.913545 0.094274 0.328771 -0.939693 0.071110 0.334546 -0.939693 
0.112112 0.390980 -0.913545 0.139112 0.382208 -0.913545 0.116978 0.321394 -0.939693 0.094274 0.328771 -0.939693 
0.139112 0.382208 -0.913545 0.165435 0.371572 -0.913545 0.139112 0.312451 -0.939693 0.116978 0.321394 -0.939693 
0.165435 0.371572 -0.913545 0.190951 0.359127 -0.913545 0.160569 0.301986 -0.939693 0.139112 0.312451 -0.939693 
0.190951 0.359127 -0.913545 0.215538 0.344932 -0.913545 0.181243 0.290050 -0.939693 0.160569 0.301986 -0.939693 
0.215538 0.344932 -0.913545 0.239074 0.329057 -0.913545 0.201034 0.276700 -0.939693 0.181243 0.290050 -0.939693 
0.239074 0.329057 -0.913545 0.261445 0.311578 -0.913545 0.219846 0.262003 -0.939693 0.201034 0.276700 -0.939693 
0.261445 0.311578 -0.913545 0.282543 0.292582 -0.913545 0.237587 0.246029 -0.939693 0.219846 0.262003 -0.939693 
0.282543 0.292582 -0.913545 0.302264 0.272160 -0.913545 0.254171 0.228856 -0.939693 0.237587 0.246029 -0.939693 
0.302264 0.272160 -0.913545 0.320513 0.250412 -0.913545 0.269516 0.210569 -0.939693 0.254171 0.228856 -0.939693 
0.320513 0.250412 -0.913545 0.337200 0.227444 -0.913545 0.283548 0.191255 -0.939693 0.269516 0.210569 -0.939693 
0.337200 0.227444 -0.913545 0.352244 0.203368 -0.913545 0.296198 0.171010 -0.939693 0.283548 0.191255 -0.939693 
0.352244 0.203368 -0.913545 0.365573 0.178302 -0.913545 0.307406 0.149932 -0.939693 0.296198 0.171010 -0.939693 
0.365573 0.178302 -0.913545 0.377120 0.152366 -0.913545 0.317116 0.128123 -0.939693 0.307406 0.149932 -0.939693 
0.377120 0.152366 -0.913545 0.386830 0.125689 -0.913545 0.325281 0.105690 -0.939693 0.317116 0.128123 -0.939693 
0.386830 0.125689 -0.913545 0.394655 0.098399 -0.913545 0.331861 0.082742 -0.939693 0.325281 0.105690 -0.939693 
0.394655 0.098399 -0.913545 0.400557 0.070629 -0.913545 0.336824 0.059391 -0.939693 0.331861 0.082742 -0.939693 
0.400557 0.070629 -0.913545 0.404509 0.042516 -0.913545 0.340147 0.035751 -0.939693 0.336824 0.059391 -0.939693 
0.404509 0.042516 -0.913545 0.406489 0.014195 -0.913545 0.341812 0.011936 -0.939693 0.340147 0.035751 -0.939693 
0.406489 0.014195 -0.913545 0.406489 -0.014195 -0.913545 0.341812 -0.011936 -0.939693 0.341812 0.011936 -0.939693 
0.406489 -0.014195 -0.913545 0.404509 -0.042516 -0.913545 0.340147 -0.035751 -0.939693 0.341812 -0.011936 -0.939693 
0.404509 -0.042516 -0.913545 0.400557 -0.070629 -0.913545 0.336824 -0.059391 -0.939693 0.340147 -0.035751 -0.939693 
0.400557 -0.070629 -0.913545 0.394655 -0.098399 -0.913545 0.331861 -0.082742 -0.939693 0.336824 -0.059391 -0.939693 
0.394655 -0.098399 -0.913545 0.386830 -0.125689 -0.913545 0.325281 -0.105690 -0.939693 0.331861 -0.082742 -0.939693 
0.386830 -0.125689 -0.913545 0.377120 -0.152366 -0.913545 0.317116 -0.128123 -0.939693 0.325281 -0.105690 -0.939693 
0.377120 -0.152366 -0.913545 0.365573 -0.178302 -0.913545 0.307406 -0.149932 -0.939693 0.317116 -0.128123 -0.939693 
0.365573 -0.178302 -0.913545 0.352244 -0.203368 -0.913545 0.296198 -0.171010 -0.939693 0.307406 -0.149932 -0.939693 
0.352244 -0.203368 -0.913545 0.337200 -0.227444 -0.913545 0.283548 -0.191255 -0.939693 0.296198 -0.171010 -0.939693 
0.337200 -0.227444 -0.913545 0.320513 -0.250412 -0.913545 0.269516 -0.210569 -0.939693 0.283548 -0.191255 -0.939693 
0.320513 -0.250412 -0.913545 0.302264 -0.272160 -0.913545 0.254171 -0.228856 -0.939693 0.269516 -0.210569 -0.939693 
0.302264 -0.272160 -0.913545 0.282543 -0.292582 -0.913545 0.237587 -0.246029 -0.939693 0.254171 -0.228856 -0.939693 
0.282543 -0.292582 -0.913545 0.261445 -0.311578 -0.913545 0.219846 -0.262003 -0.939693 0.237587 -0.246029 -0.939693 
0.261445 -0.311578 -0.913545 0.239074 -0.329057 -0.913545 0.201034 -0.276700 -0.939693 0.219846 -0.262003 -0.939693 
0.239074 -0.329057 -0.913545 0.215538 -0.344932 -0.913545 0.181243 -0.290050 -0.939693 0.201034 -0.276700 -0.939693 
0.215538 -0.344932 -0.913545 0.190951 -0.359127 -0.913545 0.160569 -0.301986 -0.939693 0.181243 -0.290050 -0.939693 
0.190951 -0.359127 -0.913545 0.165435 -0.371572 -0.913545 0.139112 -0.312451 -0.939693 0.160569 -0.301986 -0.939693 
0.165435 -0.371572 -0.913545 0.139112 -0.382208 -0.913545 0.116978 -0.321394 -0.939693 0.139112 -0.312451 -0.939693 
0.139112 -0.382208 -0.913545 0.112112 -0.390980 -0.913545 0.094274 -0.328771 -0.939693 0.116978 -0.321394 -0.939693 
0.112112 -0.390980 -0.913545 0.084565 -0.397849 -0.913545 0.071110 -0.334546 -0.939693 0.094274 -0.328771 -0.939693 
0.084565 -0.397849 -0.913545 0.056607 -0.402778 -0.913545 0.047600 -0.338692 -0.939693 0.071110 -0.334546 -0.939693 
0.056607 -0.402778 -0.913545 0.028373 -0.405746 -0.913545 0.023858 -0.341187 -0.939693 0.047600 -0.338692 -0.939693 
0.028373 -0.405746 -0.913545 0.000000 -0.406737 -0.913545 0.000000 -0.342020 -0.939693 0.023858 -0.341187 -0.939693 
0.000000 -0.406737 -0.913545 -0.028373 -0.405746 -0.913545 -0.023858 -0.341187 -0.939693 0.000000 -0.342020 -0.939693 
-0.028373 -0.405746 -0.913545 -0.056607 -0.402778 -0.913545 -0.047600 -0.338692 -0.939693 -0.023858 -0.341187 -0.939693 
-0.056607 -0.402778 -0.913545 -0.084565 -0.397849 -0.913545 -0.071110 -0.334546 -0.939693 -0.047600 -0.338692 -0.939693 
-0.084565 -0.397849 -0.913545 -0.112112 -0.390980 -0.913545 -0.094274 -0.328771 -0.939693 -0.071110 -0.334546 -0.939693 
-0.112112 -0.390980 -0.913545 -0.139112 -0.382208 -0.913545 -0.116978 -0.321394 -0.939693 -0.094274 -0.328771 -0.939693 
-0.139112 -0.382208 -0.913545 -0.165435 -0.371572 -0.913545 -0.139112 -0.312451 -0.939693 -0.116978 -0.321394 -0.939693 
-0.165435 -0.371572 -0.913545 -0.190951 -0.359127 -0.913545 -0.160569 -0.301986 -0.939693 -0.139112 -0.312451 -0.939693 
-0.190951 -0.359127 -0.913545 -0.215538 -0.344932 -0.913545 -0.181243 -0.290050 -0.939693 -0.160569 -0.301986 -0.939693 
-0.215538 -0.344932 -0.913545 -0.239074 -0.329057 -0.913545 -0.201034 -0.276700 -0.939693 -0.181243 -0.290050 -0.939693 
-0.239074 -0.329057 -0.913545 -0.261445 -0.311578 -0.913545 -0.219846 -0.262003 -0.939693 -0.201034 -0.276700 -0.939693 
-0.261445 -0.311578 -0.913545 -0.282543 -0.292582 -0.913545 -0.237587 -0.246029 -0.939693 -0.219846 -0.262003 -0.939693 
-0.282543 -0.292582 -0.913545 -0.302264 -0.272160 -0.913545 -0.254171 -0.228856 -0.939693 -0.237587 -0.246029 -0.939693 
-0.302264 -0.272160 -0.913545 -0.320513 -0.250412 -0.913545 -0.269516 -0.210569 -0.939693 -0.254171 -0.228856 -0.939693 
-0.320513 -0.250412 -0.913545 -0.337200 -0.227444 -0.913545 -0.283548 -0.191255 -0.939693 -0.269516 -0.210569 -0.939693 
-0.337200 -0.227444 -0.913545 -0.352244 -0.203368 -0.913545 -0.296198 -0.171010 -0.939693 -0.283548 -0.191255 -0.939693 
-0.352244 -0.203368 -0.913545 -0.365573 -0.178302 -0.913545 -0.307406 -0.149932 -0.939693 -0.296198 -0.171010 -0.939693 
-0.365573 -0.178302 -0.913545 -0.377120 -0.152366 -0.913545 -0.317116 -0.128123 -0.939693 -0.307406 -0.149932 -0.939693 
-0.377120 -0.152366 -0.913545 -0.386830 -0.125689 -0.913545 -0.325281 -0.105690 -0.939693 -0.317116 -0.128123 -0.939693 
-0.386830 -0.125689 -0.913545 -0.394655 -0.098399 -0.913545 -0.331861 -0.082742 -0.939693 -0.325281 -0.105690 -0.939693 
-0.394655 -0.098399 -0.913545 -0.400557 -0.070629 -0.913545 -0.336824 -0.059391 -0.939693 -0.331861 -0.082742 -0.939693 
-0.400557 -0.070629 -0.913545 -0.404509 -0.042516 -0.913545 -0.340147 -0.035751 -0.939693 -0.336824 -0.059391 -0.939693 
-0.404509 -0.042516 -0.913545 -0.406489 -0.014195 -0.913545 -0.341812 -0.011936 -0.939693 -0.340147 -0.035751 -0.939693 
-0.406489 -0.014195 -0.913545 -0.406489 0.014195 -0.913545 -0.341812 0.011936 -0.939693 -0.341812 -0.011936 -0.939693 
-0.406489 0.014195 -0.913545 -0.404509 0.042516 -0.913545 -0.340147 0.035751 -0.939693 -0.341812 0.011936 -0.939693 
-0.404509 0.042516 -0.913545 -0.400557 0.070629 -0.913545 -0.336824 0.059391 -0.939693 -0.340147 0.035751 -0.939693 
-0.400557 0.070629 -0.913545 -0.394655 0.098399 -0.913545 -0.331861 0.082742 -0.939693 -0.336824 0.059391 -0.939693 
-0.394655 0.098399 -0.913545 -0.386830 0.125689 -0.913545 -0.325281 0.105690 -0.939693 -0.331861 0.082742 -0.939693 
-0.386830 0.125689 -0.913545 -0.377120 0.152366 -0.913545 -0.317116 0.128123 -0.939693 -0.325281 0.105690 -0.939693 
-0.377120 0.152366 -0.913545 -0.365573 0.178302 -0.913545 -0.307406 0.149932 -0.939693 -0.317116 0.128123 -0.939693 
-0.365573 0.178302 -0.913545 -0.352244 0.203368 -0.913545 -0.296198 0.171010 -0.939693 -0.307406 0.149932 -0.939693 
-0.352244 0.203368 -0.913545 -0.337200 0.227444 -0.913545 -0.283548 0.191255 -0.939693 -0.296198 0.171010 -0.939693 
-0.337200 0.227444 -0.913545 -0.320513 0.250412 -0.913545 -0.269516 0.210569 -0.939693 -0.283548 0.191255 -0.939693 
-0.320513 0.250412 -0.913545 -0.302264 0.272160 -0.913545 -0.254171 0.228856 -0.939693 -0.269516 0.210569 -0.939693 
-0.302264 0.272160 -0.913545 -0.282543 0.292582 -0.913545 -0.237587 0.246029 -0.939693 -0.254171 0.228856 -0.939693 
-0.282543 0.292582 -0.913545 -0.261445 0.311578 -0.913545 -0.219846 0.262003 -0.939693 -0.237587 0.246029 -0.939693 
-0.261445 0.311578 -0.913545 -0.239074 0.329057 -0.913545 -0.201034 0.276700 -0.939693 -0.219846 0.262003 -0.939693 
-0.239074 0.329057 -0.913545 -0.215538 0.344932 -0.913545 -0.181243 0.290050 -0.939693 -0.201034 0.276700 -0.939693 
-0.215538 0.344932 -0.913545 -0.190951 0.359127 -0.913545 -0.160569 0.301986 -0.939693 -0.181243 0.290050 -0.939693 
-0.190951 0.359127 -0.913545 -0.165435 0.371572 -0.913545 -0.139112 0.312451 -0.939693 -0.160569 0.301986 -0.939693 
-0.165435 0.371572 -0.913545 -0.139112 0.382208 -0.913545 -0.116978 0.321394 -0.939693 -0.139112 0.312451 -0.939693 
-0.139112 0.382208 -0.913545 -0.112112 0.390980 -0.913545 -0.094274 0.328771 -0.939693 -0.116978 0.321394 -0.939693 
-0.112112 0.390980 -0.913545 -0.084565 0.397849 -0.913545 -0.071110 0.334546 -0.939693 -0.094274 0.328771 -0.939693 
-0.084565 0.397849 -0.913545 -0.056607 0.402778 -0.913545 -0.047600 0.338692 -0.939693 -0.071110 0.334546 -0.939693 
-0.056607 0.402778 -0.913545 -0.028373 0.405746 -0.913545 -0.023858 0.341187 -0.939693 -0.047600 0.338692 -0.939693 
-0.028373 0.405746 -0.913545 -0.000000 0.406737 -0.913545 -0.000000 0.342020 -0.939693 -0.023858 0.341187 -0.939693 
0.000000 0.342020 -0.939693 0.023858 0.341187 -0.939693 0.019227 0.274966 -0.961262 0.000000 0.275637 -0.961262 
0.023858 0.341187 -0.939693 0.047600 0.338692 -0.939693 0.038361 0.272955 -0.961262 0.019227 0.274966 -0.961262 
0.047600 0.338692 -0.939693 0.071110 0.334546 -0.939693 0.057308 0.269614 -0.961262 0.038361 0.272955 -0.961262 
0.071110 0.334546 -0.939693 0.094274 0.328771 -0.939693 0.075976 0.264960 -0.961262 0.057308 0.269614 -0.961262 
0.094274 0.328771 -0.939693 0.116978 0.321394 -0.939693 0.094274 0.259014 -0.961262 0.075976 0.264960 -0.961262 
0.116978 0.321394 -0.939693 0.139112 0.312451 -0.939693 0.112112 0.251807 -0.961262 0.094274 0.259014 -0.961262 
0.139112 0.312451 -0.939693 0.160569 0.301986 -0.939693 0.129404 0.243373 -0.961262 0.112112 0.251807 -0.961262 
0.160569 0.301986 -0.939693 0.181243 0.290050 -0.939693 0.146066 0.233754 -0.961262 0.129404 0.243373 -0.961262 
0.181243 0.290050 -0.939693 0.201034 0.276700 -0.939693 0.162016 0.222995 -0.961262 0.146066 0.233754 -0.961262 
0.201034 0.276700 -0.939693 0.219846 0.262003 -0.939693 0.177176 0.211150 -0.961262 0.162016 0.222995 -0.961262 
0.219846 0.262003 -0.939693 0.237587 0.246029 -0.939693 0.191474 0.198277 -0.961262 0.177176 0.211150 -0.961262 
0.237587 0.246029 -0.939693 0.254171 0.228856 -0.939693 0.204838 0.184437 -0.961262 0.191474 0.198277 -0.961262 
0.254171 0.228856 -0.939693 0.269516 0.210569 -0.939693 0.217205 0.169699 -0.961262 0.204838 0.184437 -0.961262 
0.269516 0.210569 -0.939693 0.283548 0.191255 -0.939693 0.228514 0.154134 -0.961262 0.217205 0.169699 -0.961262 
0.283548 0.191255 -0.939693 0.296198 0.171010 -0.939693 0.238709 0.137819 -0.961262 0.228514 0.154134 -0.961262 
0.296198 0.171010 -0.939693 0.307406 0.149932 -0.939693 0.247741 0.120831 -0.961262 0.238709 0.137819 -0.961262 
0.307406 0.149932 -0.939693 0.317116 0.128123 -0.939693 0.255567 0.103256 -0.961262 0.247741 0.120831 -0.961262 
0.317116 0.128123 -0.939693 0.325280 0.105690 -0.939693 0.262147 0.085177 -0.961262 0.255567 0.103256 -0.961262 
0.325280 0.105690 -0.939693 0.331861 0.082742 -0.939693 0.267450 0.066683 -0.961262 0.262147 0.085177 -0.961262 
0.331861 0.082742 -0.939693 0.336824 0.059391 -0.939693 0.271450 0.047864 -0.961262 0.267450 0.066683 -0.961262 
0.336824 0.059391 -0.939693 0.340147 0.035751 -0.939693 0.274127 0.028812 -0.961262 0.271450 0.047864 -0.961262 
0.340147 0.035751 -0.939693 0.341812 0.011936 -0.939693 0.275469 0.009620 -0.961262 0.274127 0.028812 -0.961262 
0.341812 0.011936 -0.939693 0.341812 -0.011936 -0.939693 0.275469 -0.009620 -0.961262 0.275469 0.009620 -0.961262 
0.341812 -0.011936 -0.939693 0.340147 -0.035751 -0.939693 0.274127 -0.028812 -0.961262 0.275469 -0.009620 -0.961262 
0.340147 -0.035751 -0.939693 0.336824 -0.059391 -0.939693 0.271450 -0.047864 -0.961262 0.274127 -0.028812 -0.961262 
0.336824 -0.059391 -0.939693 0.331861 -0.082742 -0.939693 0.267450 -0.066683 -0.961262 0.271450 -0.047864 -0.961262 
0.331861 -0.082742 -0.939693 0.325280 -0.105690 -0.939693 0.262147 -0.085177 -0.961262 0.267450 -0.066683 -0.961262 
0.325280 -0.105690 -0.939693 0.317116 -0.128123 -0.939693 0.255567 -0.103256 -0.961262 0.262147 -0.085177 -0.961262 
0.317116 -0.128123 -0.939693 0.307406 -0.149932 -0.939693 0.247741 -0.120831 -0.961262 0.255567 -0.103256 -0.961262 
0.307406 -0.149932 -0.939693 0.296198 -0.171010 -0.939693 0.238709 -0.137819 -0.961262 0.247741 -0.120831 -0.961262 
0.296198 -0.171010 -0.939693 0.283548 -0.191255 -0.939693 0.228514 -0.154134 -0.961262 0.238709 -0.137819 -0.961262 
0.283548 -0.191255 -0.939693 0.269516 -0.210569 -0.939693 0.217205 -0.169699 -0.961262 0.228514 -0.154134 -0.961262 
0.269516 -0.210569 -0.939693 0.254171 -0.228856 -0.939693 0.204838 -0.184437 -0.961262 0.217205 -0.169699 -0.961262 
0.254171 -0.228856 -0.939693 0.237587 -0.246029 -0.939693 0.191474 -0.198277 -0.961262 0.204838 -0.184437 -0.961262 
0.237587 -0.246029 -0.939693 0.219846 -0.262003 -0.939693 0.177176 -0.211150 -0.961262 0.191474 -0.198277 -0.961262 
0.219846 -0.262003 -0.939693 0.201034 -0.276700 -0.939693 0.162016 -0.222995 -0.961262 0.177176 -0.211150 -0.961262 
0.201034 -0.276700 -0.939693 0.181243 -0.290050 -0.939693 0.146066 -0.233754 -0.961262 0.162016 -0.222995 -0.961262 
0.181243 -0.290050 -0.939693 0.160569 -0.301986 -0.939693 0.129404 -0.243373 -0.961262 0.146066 -0.233754 -0.961262 
0.160569 -0.301986 -0.939693 0.139112 -0.312451 -0.939693 0.112112 -0.251807 -0.961262 0.129404 -0.243373 -0.961262 
0.139112 -0.312451 -0.939693 0.116978 -0.321394 -0.939693 0.094274 -0.259014 -0.961262 0.112112 -0.251807 -0.961262 
0.116978 -0.321394 -0.939693 0.094274 -0.328771 -0.939693 0.075976 -0.264960 -0.961262 0.094274 -0.259014 -0.961262 
0.094274 -0.328771 -0.939693 0.071110 -0.334546 -0.939693 0.057308 -0.269614 -0.961262 0.075976 -0.264960 -0.961262 
0.071110 -0.334546 -0.939693 0.047600 -0.338692 -0.939693 0.038361 -0.272955 -0.961262 0.057308 -0.269614 -0.961262 
0.047600 -0.338692 -0.939693 0.023858 -0.341187 -0.939693 0.019227 -0.274966 -0.961262 0.038361 -0.272955 -0.961262 
0.023858 -0.341187 -0.939693 0.000000 -0.342020 -0.939693 0.000000 -0.275637 -0.961262 0.019227 -0.274966 -0.961262 
0.000000 -0.342020 -0.939693 -0.023858 -0.341187 -0.939693 -0.019227 -0.274966 -0.961262 0.000000 -0.275637 -0.961262 
-0.023858 -0.341187 -0.939693 -0.047600 -0.338692 -0.939693 -0.038361 -0.272955 -0.961262 -0.019227 -0.274966 -0.961262 
-0.047600 -0.338692 -0.939693 -0.071110 -0.334546 -0.939693 -0.057308 -0.269614 -0.961262 -0.038361 -0.272955 -0.961262 
-0.071110 -0.334546 -0.939693 -0.094274 -0.328771 -0.939693 -0.075976 -0.264960 -0.961262 -0.057308 -0.269614 -0.961262 
-0.094274 -0.328771 -0.939693 -0.116978 -0.321394 -0.939693 -0.094274 -0.259014 -0.961262 -0.075976 -0.264960 -0.961262 
-0.116978 -0.321394 -0.939693 -0.139112 -0.312451 -0.939693 -0.112112 -0.251807 -0.961262 -0.094274 -0.259014 -0.961262 
-0.139112 -0.312451 -0.939693 -0.160569 -0.301986 -0.939693 -0.129404 -0.243373 -0.961262 -0.112112 -0.251807 -0.961262 
-0.160569 -0.301986 -0.939693 -0.181243 -0.290050 -0.939693 -0.146066 -0.233754 -0.961262 -0.129404 -0.243373 -0.961262 
-0.181243 -0.290050 -0.939693 -0.201034 -0.276700 -0.939693 -0.162016 -0.222995 -0.961262 -0.146066 -0.233754 -0.961262 
-0.201034 -0.276700 -0.939693 -0.219846 -0.262003 -0.939693 -0.177176 -0.211150 -0.961262 -0.162016 -0.222995 -0.961262 
-0.219846 -0.262003 -0.939693 -0.237587 -0.246029 -0.939693 -0.191474 -0.198277 -0.961262 -0.177176 -0.211150 -0.961262 
-0.237587 -0.246029 -0.939693 -0.254171 -0.228856 -0.939693 -0.204838 -0.184437 -0.961262 -0.191474 -0.198277 -0.961262 
-0.254171 -0.228856 -0.939693 -0.269516 -0.210569 -0.939693 -0.217205 -0.169699 -0.961262 -0.204838 -0.184437 -0.961262 
-0.269516 -0.210569 -0.939693 -0.283548 -0.191255 -0.939693 -0.228514 -0.154134 -0.961262 -0.217205 -0.169699 -0.961262 
-0.283548 -0.191255 -0.939693 -0.296198 -0.171010 -0.939693 -0.238709 -0.137819 -0.961262 -0.228514 -0.154134 -0.961262 
-0.296198 -0.171010 -0.939693 -0.307406 -0.149932 -0.939693 -0.247741 -0.120831 -0.961262 -0.238709 -0.137819 -0.961262 
-0.307406 -0.149932 -0.939693 -0.317116 -0.128123 -0.939693 -0.255567 -0.103256 -0.961262 -0.247741 -0.120831 -0.961262 
-0.317116 -0.128123 -0.939693 -0.325280 -0.105690 -0.939693 -0.262147 -0.085177 -0.961262 -0.255567 -0.103256 -0.961262 
-0.325280 -0.105690 -0.939693 -0.331861 -0.082742 -0.939693 -0.267450 -0.066683 -0.961262 -0.262147 -0.085177 -0.961262 
-0.331861 -0.082742 -0.939693 -0.336824 -0.059391 -0.939693 -0.271450 -0.047864 -0.961262 -0.267450 -0.066683 -0.961262 
-0.336824 -0.059391 -0.939693 -0.340147 -0.035751 -0.939693 -0.274127 -0.028812 -0.961262 -0.271450 -0.047864 -0.961262 
-0.340147 -0.035751 -0.939693 -0.341812 -0.011936 -0.939693 -0.275469 -0.009620 -0.961262 -0.274127 -0.028812 -0.961262 
-0.341812 -0.011936 -0.939693 -0.341812 0.011936 -0.939693 -0.275469 0.009620 -0.961262 -0.275469 -0.009620 -0.961262 
-0.341812 0.011936 -0.939693 -0.340147 0.035751 -0.939693 -0.274127 0.028812 -0.961262 -0.275469 0.009620 -0.961262 
-0.340147 0.035751 -0.939693 -0.336824 0.059391 -0.939693 -0.271450 0.047864 -0.961262 -0.274127 0.028812 -0.961262 
-0.336824 0.059391 -0.939693 -0.331861 0.082742 -0.939693 -0.267450 0.066683 -0.961262 -0.271450 0.047864 -0.961262 
-0.331861 0.082742 -0.939693 -0.325280 0.105690 -0.939693 -0.262147 0.085177 -0.961262 -0.267450 0.066683 -0.961262 
-0.325280 0.105690 -0.939693 -0.317116 0.128123 -0.939693 -0.255567 0.103256 -0.961262 -0.262147 0.085177 -0.961262 
-0.317116 0.128123 -0.939693 -0.307406 0.149932 -0.939693 -0.247741 0.120831 -0.961262 -0.255567 0.103256 -0.961262 
-0.307406 0.149932 -0.939693 -0.296198 0.171010 -0.939693 -0.238709 0.137819 -0.961262 -0.247741 0.120831 -0.961262 
-0.296198 0.171010 -0.939693 -0.283548 0.191255 -0.939693 -0.228514 0.154134 -0.961262 -0.238709 0.137819 -0.961262 
-0.283548 0.191255 -0.939693 -0.269516 0.210569 -0.939693 -0.217205 0.169699 -0.961262 -0.228514 0.154134 -0.961262 
-0.269516 0.210569 -0.939693 -0.254171 0.228856 -0.939693 -0.204838 0.184437 -0.961262 -0.217205 0.169699 -0.961262 
-0.254171 0.228856 -0.939693 -0.237587 0.246029 -0.939693 -0.191474 0.198277 -0.961262 -0.204838 0.184437 -0.961262 
-0.237587 0.246029 -0.939693 -0.219846 0.262003 -0.939693 -0.177176 0.211150 -0.961262 -0.191474 0.198277 -0.961262 
-0.219846 0.262003 -0.939693 -0.201034 0.276700 -0.939693 -0.162016 0.222995 -0.961262 -0.177176 0.211150 -0.961262 
-0.201034 0.276700 -0.939693 -0.181243 0.290050 -0.939693 -0.146066 0.233754 -0.961262 -0.162016 0.222995 -0.961262 
-0.181243 0.290050 -0.939693 -0.160569 0.301986 -0.939693 -0.129404 0.243373 -0.961262 -0.146066 0.233754 -0.961262 
-0.160569 0.301986 -0.939693 -0.139112 0.312451 -0.939693 -0.112112 0.251807 -0.961262 -0.129404 0.243373 -0.961262 
-0.139112 0.312451 -0.939693 -0.116978 0.321394 -0.939693 -0.094274 0.259014 -0.961262 -0.112112 0.251807 -0.961262 
-0.116978 0.321394 -0.939693 -0.094274 0.328771 -0.939693 -0.075976 0.264960 -0.961262 -0.094274 0.259014 -0.961262 
-0.094274 0.328771 -0.939693 -0.071110 0.334546 -0.939693 -0.057308 0.269614 -0.961262 -0.075976 0.264960 -0.961262 
-0.071110 0.334546 -0.939693 -0.047600 0.338692 -0.939693 -0.038361 0.272955 -0.961262 -0.057308 0.269614 -0.961262 
-0.047600 0.338692 -0.939693 -0.023858 0.341187 -0.939693 -0.019228 0.274966 -0.961262 -0.038361 0.272955 -0.961262 
-0.023858 0.341187 -0.939693 -0.000000 0.342020 -0.939693 -0.000000 0.275637 -0.961262 -0.019228 0.274966 -0.961262 
0.000000 0.275637 -0.961262 0.019227 0.274966 -0.961262 0.014503 0.207405 -0.978148 0.000000 0.207912 -0.978148 
0.019227 0.274966 -0.961262 0.038361 0.272955 -0.961262 0.028936 0.205888 -0.978148 0.014503 0.207405 -0.978148 
0.038361 0.272955 -0.961262 0.057308 0.269614 -0.961262 0.043227 0.203368 -0.978148 0.028936 0.205888 -0.978148 
0.057308 0.269614 -0.961262 0.075976 0.264960 -0.961262 0.057308 0.199858 -0.978148 0.043227 0.203368 -0.978148 
0.075976 0.264960 -0.961262 0.094274 0.259014 -0.961262 0.071110 0.195373 -0.978148 0.057308 0.199858 -0.978148 
0.094274 0.259014 -0.961262 0.112112 0.251807 -0.961262 0.084565 0.189937 -0.978148 0.071110 0.195373 -0.978148 
0.112112 0.251807 -0.961262 0.129404 0.243373 -0.961262 0.097609 0.183575 -0.978148 0.084565 0.189937 -0.978148 
0.129404 0.243373 -0.961262 0.146066 0.233754 -0.961262 0.110176 0.176319 -0.978148 0.097609 0.183575 -0.978148 
0.146066 0.233754 -0.961262 0.162016 0.222995 -0.961262 0.122207 0.168204 -0.978148 0.110176 0.176319 -0.978148 
0.162016 0.222995 -0.961262 0.177176 0.211150 -0.961262 0.133643 0.159270 -0.978148 0.122207 0.168204 -0.978148 
0.177176 0.211150 -0.961262 0.191474 0.198277 -0.961262 0.144428 0.149559 -0.978148 0.133643 0.159270 -0.978148 
0.191474 0.198277 -0.961262 0.204838 0.184437 -0.961262 0.154509 0.139120 -0.978148 0.144428 0.149559 -0.978148 
0.204838 0.184437 -0.961262 0.217205 0.169699 -0.961262 0.163837 0.128003 -0.978148 0.154509 0.139120 -0.978148 
0.217205 0.169699 -0.961262 0.228514 0.154134 -0.961262 0.172367 0.116263 -0.978148 0.163837 0.128003 -0.978148 
0.228514 0.154134 -0.961262 0.238709 0.137819 -0.961262 0.180057 0.103956 -0.978148 0.172367 0.116263 -0.978148 
0.238709 0.137819 -0.961262 0.247741 0.120831 -0.961262 0.186870 0.091143 -0.978148 0.180057 0.103956 -0.978148 
0.247741 0.120831 -0.961262 0.255567 0.103256 -0.961262 0.192772 0.077885 -0.978148 0.186870 0.091143 -0.978148 
0.255567 0.103256 -0.961262 0.262147 0.085177 -0.961262 0.197736 0.064248 -0.978148 0.192772 0.077885 -0.978148 
0.262147 0.085177 -0.961262 0.267450 0.066683 -0.961262 0.201736 0.050298 -0.978148 0.197736 0.064248 -0.978148 
0.267450 0.066683 -0.961262 0.271450 0.047864 -0.961262 0.204753 0.036103 -0.978148 0.201736 0.050298 -0.978148 
0.271450 0.047864 -0.961262 0.274127 0.028812 -0.961262 0.206773 0.021733 -0.978148 0.204753 0.036103 -0.978148 
0.274127 0.028812 -0.961262 0.275469 0.009620 -0.961262 0.207785 0.007256 -0.978148 0.206773 0.021733 -0.978148 
0.275469 0.009620 -0.961262 0.275469 -0.009620 -0.961262 0.207785 -0.007256 -0.978148 0.207785 0.007256 -0.978148 
0.275469 -0.009620 -0.961262 0.274127 -0.028812 -0.961262 0.206773 -0.021733 -0.978148 0.207785 -0.007256 -0.978148 
0.274127 -0.028812 -0.961262 0.271450 -0.047864 -0.961262 0.204753 -0.036103 -0.978148 0.206773 -0.021733 -0.978148 
0.271450 -0.047864 -0.961262 0.267450 -0.066683 -0.961262 0.201736 -0.050298 -0.978148 0.204753 -0.036103 -0.978148 
0.267450 -0.066683 -0.961262 0.262147 -0.085177 -0.961262 0.197736 -0.064248 -0.978148 0.201736 -0.050298 -0.978148 
0.262147 -0.085177 -0.961262 0.255567 -0.103256 -0.961262 0.192772 -0.077885 -0.978148 0.197736 -0.064248 -0.978148 
0.255567 -0.103256 -0.961262 0.247741 -0.120831 -0.961262 0.186870 -0.091142 -0.978148 0.192772 -0.077885 -0.978148 
0.247741 -0.120831 -0.961262 0.238709 -0.137819 -0.961262 0.180057 -0.103956 -0.978148 0.186870 -0.091142 -0.978148 
0.238709 -0.137819 -0.961262 0.228514 -0.154134 -0.961262 0.172367 -0.116263 -0.978148 0.180057 -0.103956 -0.978148 
0.228514 -0.154134 -0.961262 0.217205 -0.169699 -0.961262 0.163837 -0.128003 -0.978148 0.172367 -0.116263 -0.978148 
0.217205 -0.169699 -0.961262 0.204838 -0.184437 -0.961262 0.154509 -0.139120 -0.978148 0.163837 -0.128003 -0.978148 
0.204838 -0.184437 -0.961262 0.191474 -0.198277 -0.961262 0.144428 -0.149559 -0.978148 0.154509 -0.139120 -0.978148 
0.191474 -0.198277 -0.961262 0.177176 -0.211150 -0.961262 0.133643 -0.159270 -0.978148 0.144428 -0.149559 -0.978148 
0.177176 -0.211150 -0.961262 0.162016 -0.222995 -0.961262 0.122207 -0.168204 -0.978148 0.133643 -0.159270 -0.978148 
0.162016 -0.222995 -0.961262 0.146066 -0.233754 -0.961262 0.110176 -0.176319 -0.978148 0.122207 -0.168204 -0.978148 
0.146066 -0.233754 -0.961262 0.129404 -0.243373 -0.961262 0.097609 -0.183575 -0.978148 0.110176 -0.176319 -0.978148 
0.129404 -0.243373 -0.961262 0.112112 -0.251807 -0.961262 0.084565 -0.189937 -0.978148 0.097609 -0.183575 -0.978148 
0.112112 -0.251807 -0.961262 0.094274 -0.259014 -0.961262 0.071110 -0.195373 -0.978148 0.084565 -0.189937 -0.978148 
0.094274 -0.259014 -0.961262 0.075976 -0.264960 -0.961262 0.057308 -0.199858 -0.978148 0.071110 -0.195373 -0.978148 
0.075976 -0.264960 -0.961262 0.057308 -0.269614 -0.961262 0.043227 -0.203368 -0.978148 0.057308 -0.199858 -0.978148 
0.057308 -0.269614 -0.961262 0.038361 -0.272955 -0.961262 0.028936 -0.205888 -0.978148 0.043227 -0.203368 -0.978148 
0.038361 -0.272955 -0.961262 0.019227 -0.274966 -0.961262 0.014503 -0.207405 -0.978148 0.028936 -0.205888 -0.978148 
0.019227 -0.274966 -0.961262 0.000000 -0.275637 -0.961262 0.000000 -0.207912 -0.978148 0.014503 -0.207405 -0.978148 
0.000000 -0.275637 -0.961262 -0.019227 -0.274966 -0.961262 -0.014503 -0.207405 -0.978148 0.000000 -0.207912 -0.978148 
-0.019227 -0.274966 -0.961262 -0.038361 -0.272955 -0.961262 -0.028936 -0.205888 -0.978148 -0.014503 -0.207405 -0.978148 
-0.038361 -0.272955 -0.961262 -0.057308 -0.269614 -0.961262 -0.043227 -0.203368 -0.978148 -0.028936 -0.205888 -0.978148 
-0.057308 -0.269614 -0.961262 -0.075976 -0.264960 -0.961262 -0.057308 -0.199858 -0.978148 -0.043227 -0.203368 -0.978148 
-0.075976 -0.264960 -0.961262 -0.094274 -0.259014 -0.961262 -0.071110 -0.195373 -0.978148 -0.057308 -0.199858 -0.978148 
-0.094274 -0.259014 -0.961262 -0.112112 -0.251807 -0.961262 -0.084565 -0.189937 -0.978148 -0.071110 -0.195373 -0.978148 
-0.112112 -0.251807 -0.961262 -0.129404 -0.243373 -0.961262 -0.097609 -0.183575 -0.978148 -0.084565 -0.189937 -0.978148 
-0.129404 -0.243373 -0.961262 -0.146066 -0.233754 -0.961262 -0.110176 -0.176319 -0.978148 -0.097609 -0.183575 -0.978148 
-0.146066 -0.233754 -0.961262 -0.162016 -0.222995 -0.961262 -0.122207 -0.168204 -0.978148 -0.110176 -0.176319 -0.978148 
-0.162016 -0.222995 -0.961262 -0.177176 -0.211150 -0.961262 -0.133643 -0.159270 -0.978148 -0.122207 -0.168204 -0.978148 
-0.177176 -0.211150 -0.961262 -0.191474 -0.198277 -0.961262 -0.144428 -0.149559 -0.978148 -0.133643 -0.159270 -0.978148 
-0.191474 -0.198277 -0.961262 -0.204838 -0.184437 -0.961262 -0.154509 -0.139120 -0.978148 -0.144428 -0.149559 -0.978148 
-0.204838 -0.184437 -0.961262 -0.217205 -0.169699 -0.961262 -0.163837 -0.128003 -0.978148 -0.154509 -0.139120 -0.978148 
-0.217205 -0.169699 -0.961262 -0.228514 -0.154134 -0.961262 -0.172367 -0.116263 -0.978148 -0.163837 -0.128003 -0.978148 
-0.228514 -0.154134 -0.961262 -0.238709 -0.137819 -0.961262 -0.180057 -0.103956 -0.978148 -0.172367 -0.116263 -0.978148 
-0.238709 -0.137819 -0.961262 -0.247741 -0.120831 -0.961262 -0.186870 -0.091143 -0.978148 -0.180057 -0.103956 -0.978148 
-0.247741 -0.120831 -0.961262 -0.255567 -0.103256 -0.961262 -0.192772 -0.077885 -0.978148 -0.186870 -0.091143 -0.978148 
-0.255567 -0.103256 -0.961262 -0.262147 -0.085177 -0.961262 -0.197736 -0.064248 -0.978148 -0.192772 -0.077885 -0.978148 
-0.262147 -0.085177 -0.961262 -0.267450 -0.066683 -0.961262 -0.201736 -0.050298 -0.978148 -0.197736 -0.064248 -0.978148 
-0.267450 -0.066683 -0.961262 -0.271450 -0.047864 -0.961262 -0.204753 -0.036104 -0.978148 -0.201736 -0.050298 -0.978148 
-0.271450 -0.047864 -0.961262 -0.274127 -0.028812 -0.961262 -0.206773 -0.021733 -0.978148 -0.204753 -0.036103 -0.978148 
-0.274127 -0.028812 -0.961262 -0.275469 -0.009620 -0.961262 -0.207785 -0.007256 -0.978148 -0.206773 -0.021733 -0.978148 
-0.275469 -0.009620 -0.961262 -0.275469 0.009620 -0.961262 -0.207785 0.007256 -0.978148 -0.207785 -0.007256 -0.978148 
-0.275469 0.009620 -0.961262 -0.274127 0.028812 -0.961262 -0.206773 0.021733 -0.978148 -0.207785 0.007256 -0.978148 
-0.274127 0.028812 -0.961262 -0.271450 0.047864 -0.961262 -0.204753 0.036103 -0.978148 -0.206773 0.021733 -0.978148 
-0.271450 0.047864 -0.961262 -0.267450 0.066683 -0.961262 -0.201736 0.050298 -0.978148 -0.204753 0.036103 -0.978148 
-0.267450 0.066683 -0.961262 -0.262147 0.085177 -0.961262 -0.197736 0.064248 -0.978148 -0.201736 0.050298 -0.978148 
-0.262147 0.085177 -0.961262 -0.255567 0.103256 -0.961262 -0.192772 0.077885 -0.978148 -0.197736 0.064248 -0.978148 
-0.255567 0.103256 -0.961262 -0.247741 0.120831 -0.961262 -0.186870 0.091142 -0.978148 -0.192772 0.077885 -0.978148 
-0.247741 0.120831 -0.961262 -0.238709 0.137819 -0.961262 -0.180057 0.103956 -0.978148 -0.186870 0.091142 -0.978148 
-0.238709 0.137819 -0.961262 -0.228514 0.154134 -0.961262 -0.172367 0.116263 -0.978148 -0.180057 0.103956 -0.978148 
-0.228514 0.154134 -0.961262 -0.217205 0.169699 -0.961262 -0.163837 0.128003 -0.978148 -0.172367 0.116263 -0.978148 
-0.217205 0.169699 -0.961262 -0.204838 0.184437 -0.961262 -0.154509 0.139120 -0.978148 -0.163837 0.128003 -0.978148 
-0.204838 0.184437 -0.961262 -0.191474 0.198277 -0.961262 -0.144428 0.149559 -0.978148 -0.154509 0.139120 -0.978148 
-0.191474 0.198277 -0.961262 -0.177176 0.211150 -0.961262 -0.133643 0.159270 -0.978148 -0.144428 0.149559 -0.978148 
-0.177176 0.211150 -0.961262 -0.162016 0.222995 -0.961262 -0.122207 0.168204 -0.978148 -0.133643 0.159270 -0.978148 
-0.162016 0.222995 -0.961262 -0.146066 0.233754 -0.961262 -0.110176 0.176319 -0.978148 -0.122207 0.168204 -0.978148 
-0.146066 0.233754 -0.961262 -0.129404 0.243373 -0.961262 -0.097609 0.183575 -0.978148 -0.110176 0.176319 -0.978148 
-0.129404 0.243373 -0.961262 -0.112112 0.251807 -0.961262 -0.084565 0.189937 -0.978148 -0.097609 0.183575 -0.978148 
-0.112112 0.251807 -0.961262 -0.094274 0.259014 -0.961262 -0.071110 0.195373 -0.978148 -0.084565 0.189937 -0.978148 
-0.094274 0.259014 -0.961262 -0.075976 0.264960 -0.961262 -0.057308 0.199858 -0.978148 -0.071110 0.195373 -0.978148 
-0.075976 0.264960 -0.961262 -0.057308 0.269614 -0.961262 -0.043227 0.203368 -0.978148 -0.057308 0.199858 -0.978148 
-0.057308 0.269614 -0.961262 -0.038361 0.272955 -0.961262 -0.028936 0.205888 -0.978148 -0.043227 0.203368 -0.978148 
-0.038361 0.272955 -0.961262 -0.019228 0.274966 -0.961262 -0.014503 0.207405 -0.978148 -0.028936 0.205888 -0.978148 
-0.019228 0.274966 -0.961262 -0.000000 0.275637 -0.961262 -0.000000 0.207912 -0.978148 -0.014503 0.207405 -0.978148 
0.000000 0.207912 -0.978148 0.014503 0.207405 -0.978148 0.009708 0.138834 -0.990268 0.000000 0.139173 -0.990268 
0.014503 0.207405 -0.978148 0.028936 0.205888 -0.978148 0.019369 0.137819 -0.990268 0.009708 0.138834 -0.990268 
0.028936 0.205888 -0.978148 0.043227 0.203368 -0.978148 0.028936 0.136132 -0.990268 0.019369 0.137819 -0.990268 
0.043227 0.203368 -0.978148 0.057308 0.199858 -0.978148 0.038361 0.133782 -0.990268 0.028936 0.136132 -0.990268 
0.057308 0.199858 -0.978148 0.071110 0.195373 -0.978148 0.047600 0.130780 -0.990268 0.038361 0.133782 -0.990268 
0.071110 0.195373 -0.978148 0.084565 0.189937 -0.978148 0.056607 0.127141 -0.990268 0.047600 0.130780 -0.990268 
0.084565 0.189937 -0.978148 0.097609 0.183575 -0.978148 0.065338 0.122883 -0.990268 0.056607 0.127141 -0.990268 
0.097609 0.183575 -0.978148 0.110176 0.176319 -0.978148 0.073751 0.118026 -0.990268 0.065338 0.122883 -0.990268 
0.110176 0.176319 -0.978148 0.122207 0.168204 -0.978148 0.081804 0.112593 -0.990268 0.073751 0.118026 -0.990268 
0.122207 0.168204 -0.978148 0.133643 0.159270 -0.978148 0.089459 0.106613 -0.990268 0.081804 0.112593 -0.990268 
0.133643 0.159270 -0.978148 0.144428 0.149559 -0.978148 0.096678 0.100113 -0.990268 0.089459 0.106613 -0.990268 
0.144428 0.149559 -0.978148 0.154509 0.139120 -0.978148 0.103426 0.093125 -0.990268 0.096678 0.100113 -0.990268 
0.154509 0.139120 -0.978148 0.163837 0.128003 -0.978148 0.109670 0.085684 -0.990268 0.103426 0.093125 -0.990268 
0.163837 0.128003 -0.978148 0.172367 0.116263 -0.978148 0.115380 0.077825 -0.990268 0.109670 0.085684 -0.990268 
0.172367 0.116263 -0.978148 0.180057 0.103956 -0.978148 0.120528 0.069587 -0.990268 0.115380 0.077825 -0.990268 
0.180057 0.103956 -0.978148 0.186870 0.091143 -0.978148 0.125088 0.061010 -0.990268 0.120528 0.069587 -0.990268 
0.186870 0.091143 -0.978148 0.192772 0.077885 -0.978148 0.129039 0.052135 -0.990268 0.125088 0.061010 -0.990268 
0.192772 0.077885 -0.978148 0.197736 0.064248 -0.978148 0.132362 0.043007 -0.990268 0.129039 0.052135 -0.990268 
0.197736 0.064248 -0.978148 0.201736 0.050298 -0.978148 0.135039 0.033669 -0.990268 0.132362 0.043007 -0.990268 
0.201736 0.050298 -0.978148 0.204753 0.036104 -0.978148 0.137059 0.024167 -0.990268 0.135039 0.033669 -0.990268 
0.204753 0.036104 -0.978148 0.206773 0.021733 -0.978148 0.138411 0.014548 -0.990268 0.137059 0.024167 -0.990268 
0.206773 0.021733 -0.978148 0.207785 0.007256 -0.978148 0.139088 0.004857 -0.990268 0.138411 0.014548 -0.990268 
0.207785 0.007256 -0.978148 0.207785 -0.007256 -0.978148 0.139088 -0.004857 -0.990268 0.139088 0.004857 -0.990268 
0.207785 -0.007256 -0.978148 0.206773 -0.021733 -0.978148 0.138411 -0.014548 -0.990268 0.139088 -0.004857 -0.990268 
0.206773 -0.021733 -0.978148 0.204753 -0.036103 -0.978148 0.137059 -0.024167 -0.990268 0.138411 -0.014548 -0.990268 
0.204753 -0.036103 -0.978148 0.201736 -0.050298 -0.978148 0.135039 -0.033669 -0.990268 0.137059 -0.024167 -0.990268 
0.201736 -0.050298 -0.978148 0.197736 -0.064248 -0.978148 0.132362 -0.043007 -0.990268 0.135039 -0.033669 -0.990268 
0.197736 -0.064248 -0.978148 0.192772 -0.077885 -0.978148 0.129039 -0.052135 -0.990268 0.132362 -0.043007 -0.990268 
0.192772 -0.077885 -0.978148 0.186870 -0.091143 -0.978148 0.125088 -0.061010 -0.990268 0.129039 -0.052135 -0.990268 
0.186870 -0.091143 -0.978148 0.180057 -0.103956 -0.978148 0.120528 -0.069587 -0.990268 0.125088 -0.061010 -0.990268 
0.180057 -0.103956 -0.978148 0.172367 -0.116263 -0.978148 0.115380 -0.077825 -0.990268 0.120528 -0.069587 -0.990268 
0.172367 -0.116263 -0.978148 0.163837 -0.128003 -0.978148 0.109670 -0.085684 -0.990268 0.115380 -0.077825 -0.990268 
0.163837 -0.128003 -0.978148 0.154509 -0.139120 -0.978148 0.103426 -0.093125 -0.990268 0.109670 -0.085684 -0.990268 
0.154509 -0.139120 -0.978148 0.144428 -0.149559 -0.978148 0.096678 -0.100113 -0.990268 0.103426 -0.093125 -0.990268 
0.144428 -0.149559 -0.978148 0.133643 -0.159270 -0.978148 0.089459 -0.106613 -0.990268 0.096678 -0.100113 -0.990268 
0.133643 -0.159270 -0.978148 0.122207 -0.168204 -0.978148 0.081804 -0.112593 -0.990268 0.089459 -0.106613 -0.990268 
0.122207 -0.168204 -0.978148 0.110176 -0.176319 -0.978148 0.073751 -0.118026 -0.990268 0.081804 -0.112593 -0.990268 
0.110176 -0.176319 -0.978148 0.097609 -0.183575 -0.978148 0.065338 -0.122883 -0.990268 0.073751 -0.118026 -0.990268 
0.097609 -0.183575 -0.978148 0.084565 -0.189937 -0.978148 0.056607 -0.127141 -0.990268 0.065338 -0.122883 -0.990268 
0.084565 -0.189937 -0.978148 0.071110 -0.195373 -0.978148 0.047600 -0.130780 -0.990268 0.056607 -0.127141 -0.990268 
0.071110 -0.195373 -0.978148 0.057308 -0.199858 -0.978148 0.038361 -0.133782 -0.990268 0.047600 -0.130780 -0.990268 
0.057308 -0.199858 -0.978148 0.043227 -0.203368 -0.978148 0.028936 -0.136132 -0.990268 0.038361 -0.133782 -0.990268 
0.043227 -0.203368 -0.978148 0.028936 -0.205888 -0.978148 0.019369 -0.137819 -0.990268 0.028936 -0.136132 -0.990268 
0.028936 -0.205888 -0.978148 0.014503 -0.207405 -0.978148 0.009708 -0.138834 -0.990268 0.019369 -0.137819 -0.990268 
0.014503 -0.207405 -0.978148 0.000000 -0.207912 -0.978148 0.000000 -0.139173 -0.990268 0.009708 -0.138834 -0.990268 
0.000000 -0.207912 -0.978148 -0.014503 -0.207405 -0.978148 -0.009708 -0.138834 -0.990268 0.000000 -0.139173 -0.990268 
-0.014503 -0.207405 -0.978148 -0.028936 -0.205888 -0.978148 -0.019369 -0.137819 -0.990268 -0.009708 -0.138834 -0.990268 
-0.028936 -0.205888 -0.978148 -0.043227 -0.203368 -0.978148 -0.028936 -0.136132 -0.990268 -0.019369 -0.137819 -0.990268 
-0.043227 -0.203368 -0.978148 -0.057308 -0.199858 -0.978148 -0.038361 -0.133782 -0.990268 -0.028936 -0.136132 -0.990268 
-0.057308 -0.199858 -0.978148 -0.071110 -0.195373 -0.978148 -0.047600 -0.130780 -0.990268 -0.038361 -0.133782 -0.990268 
-0.071110 -0.195373 -0.978148 -0.084565 -0.189937 -0.978148 -0.056607 -0.127141 -0.990268 -0.047600 -0.130780 -0.990268 
-0.084565 -0.189937 -0.978148 -0.097609 -0.183575 -0.978148 -0.065338 -0.122883 -0.990268 -0.056607 -0.127141 -0.990268 
-0.097609 -0.183575 -0.978148 -0.110176 -0.176319 -0.978148 -0.073751 -0.118026 -0.990268 -0.065338 -0.122883 -0.990268 
-0.110176 -0.176319 -0.978148 -0.122207 -0.168204 -0.978148 -0.081804 -0.112593 -0.990268 -0.073751 -0.118026 -0.990268 
-0.122207 -0.168204 -0.978148 -0.133643 -0.159270 -0.978148 -0.089459 -0.106613 -0.990268 -0.081804 -0.112593 -0.990268 
-0.133643 -0.159270 -0.978148 -0.144428 -0.149559 -0.978148 -0.096678 -0.100113 -0.990268 -0.089459 -0.106613 -0.990268 
-0.144428 -0.149559 -0.978148 -0.154509 -0.139120 -0.978148 -0.103426 -0.093125 -0.990268 -0.096678 -0.100113 -0.990268 
-0.154509 -0.139120 -0.978148 -0.163837 -0.128003 -0.978148 -0.109670 -0.085684 -0.990268 -0.103426 -0.093125 -0.990268 
-0.163837 -0.128003 -0.978148 -0.172367 -0.116263 -0.978148 -0.115380 -0.077825 -0.990268 -0.109670 -0.085684 -0.990268 
-0.172367 -0.116263 -0.978148 -0.180057 -0.103956 -0.978148 -0.120528 -0.069587 -0.990268 -0.115380 -0.077825 -0.990268 
-0.180057 -0.103956 -0.978148 -0.186870 -0.091143 -0.978148 -0.125088 -0.061010 -0.990268 -0.120528 -0.069587 -0.990268 
-0.186870 -0.091143 -0.978148 -0.192772 -0.077885 -0.978148 -0.129039 -0.052135 -0.990268 -0.125088 -0.061010 -0.990268 
-0.192772 -0.077885 -0.978148 -0.197736 -0.064248 -0.978148 -0.132362 -0.043007 -0.990268 -0.129039 -0.052135 -0.990268 
-0.197736 -0.064248 -0.978148 -0.201736 -0.050298 -0.978148 -0.135039 -0.033669 -0.990268 -0.132362 -0.043007 -0.990268 
-0.201736 -0.050298 -0.978148 -0.204753 -0.036104 -0.978148 -0.137059 -0.024167 -0.990268 -0.135039 -0.033669 -0.990268 
-0.204753 -0.036104 -0.978148 -0.206773 -0.021733 -0.978148 -0.138411 -0.014548 -0.990268 -0.137059 -0.024167 -0.990268 
-0.206773 -0.021733 -0.978148 -0.207785 -0.007256 -0.978148 -0.139088 -0.004857 -0.990268 -0.138411 -0.014548 -0.990268 
-0.207785 -0.007256 -0.978148 -0.207785 0.007256 -0.978148 -0.139088 0.004857 -0.990268 -0.139088 -0.004857 -0.990268 
-0.207785 0.007256 -0.978148 -0.206773 0.021733 -0.978148 -0.138411 0.014548 -0.990268 -0.139088 0.004857 -0.990268 
-0.206773 0.021733 -0.978148 -0.204753 0.036103 -0.978148 -0.137059 0.024167 -0.990268 -0.138411 0.014548 -0.990268 
-0.204753 0.036103 -0.978148 -0.201736 0.050298 -0.978148 -0.135039 0.033669 -0.990268 -0.137059 0.024167 -0.990268 
-0.201736 0.050298 -0.978148 -0.197736 0.064248 -0.978148 -0.132362 0.043007 -0.990268 -0.135039 0.033669 -0.990268 
-0.197736 0.064248 -0.978148 -0.192772 0.077885 -0.978148 -0.129039 0.052135 -0.990268 -0.132362 0.043007 -0.990268 
-0.192772 0.077885 -0.978148 -0.186870 0.091143 -0.978148 -0.125088 0.061010 -0.990268 -0.129039 0.052135 -0.990268 
-0.186870 0.091143 -0.978148 -0.180057 0.103956 -0.978148 -0.120528 0.069587 -0.990268 -0.125088 0.061010 -0.990268 
-0.180057 0.103956 -0.978148 -0.172367 0.116263 -0.978148 -0.115380 0.077825 -0.990268 -0.120528 0.069587 -0.990268 
-0.172367 0.116263 -0.978148 -0.163837 0.128003 -0.978148 -0.109670 0.085684 -0.990268 -0.115380 0.077825 -0.990268 
-0.163837 0.128003 -0.978148 -0.154509 0.139120 -0.978148 -0.103426 0.093125 -0.990268 -0.109670 0.085684 -0.990268 
-0.154509 0.139120 -0.978148 -0.144428 0.149559 -0.978148 -0.096678 0.100113 -0.990268 -0.103426 0.093125 -0.990268 
-0.144428 0.149559 -0.978148 -0.133643 0.159270 -0.978148 -0.089459 0.106613 -0.990268 -0.096678 0.100113 -0.990268 
-0.133643 0.159270 -0.978148 -0.122207 0.168204 -0.978148 -0.081804 0.112593 -0.990268 -0.089459 0.106613 -0.990268 
-0.122207 0.168204 -0.978148 -0.110176 0.176319 -0.978148 -0.073751 0.118026 -0.990268 -0.081804 0.112593 -0.990268 
-0.110176 0.176319 -0.978148 -0.097609 0.183575 -0.978148 -0.065338 0.122883 -0.990268 -0.073751 0.118026 -0.990268 
-0.097609 0.183575 -0.978148 -0.084565 0.189937 -0.978148 -0.056607 0.127141 -0.990268 -0.065338 0.122883 -0.990268 
-0.084565 0.189937 -0.978148 -0.071110 0.195373 -0.978148 -0.047600 0.130780 -0.990268 -0.056607 0.127141 -0.990268 
-0.071110 0.195373 -0.978148 -0.057308 0.199858 -0.978148 -0.038361 0.133782 -0.990268 -0.047600 0.130780 -0.990268 
-0.057308 0.199858 -0.978148 -0.043227 0.203368 -0.978148 -0.028936 0.136132 -0.990268 -0.038361 0.133782 -0.990268 
-0.043227 0.203368 -0.978148 -0.028936 0.205888 -0.978148 -0.019369 0.137819 -0.990268 -0.028936 0.136132 -0.990268 
-0.028936 0.205888 -0.978148 -0.014503 0.207405 -0.978148 -0.009708 0.138834 -0.990268 -0.019369 0.137819 -0.990268 
-0.014503 0.207405 -0.978148 -0.000000 0.207912 -0.978148 -0.000000 0.139173 -0.990268 -0.009708 0.138834 -0.990268 
0.000000 0.139173 -0.990268 0.009708 0.138834 -0.990268 0.004866 0.069587 -0.997564 0.000000 0.069757 -0.997564 
0.009708 0.138834 -0.990268 0.019369 0.137819 -0.990268 0.009708 0.069078 -0.997564 0.004866 0.069587 -0.997564 
0.019369 0.137819 -0.990268 0.028936 0.136132 -0.990268 0.014503 0.068232 -0.997564 0.009708 0.069078 -0.997564 
0.028936 0.136132 -0.990268 0.038361 0.133782 -0.990268 0.019228 0.067054 -0.997564 0.014503 0.068232 -0.997564 
0.038361 0.133782 -0.990268 0.047600 0.130780 -0.990268 0.023858 0.065550 -0.997564 0.019228 0.067054 -0.997564 
0.047600 0.130780 -0.990268 0.056607 0.127141 -0.990268 0.028373 0.063726 -0.997564 0.023858 0.065550 -0.997564 
0.056607 0.127141 -0.990268 0.065338 0.122883 -0.990268 0.032749 0.061591 -0.997564 0.028373 0.063726 -0.997564 
0.065338 0.122883 -0.990268 0.073751 0.118026 -0.990268 0.036965 0.059157 -0.997564 0.032749 0.061591 -0.997564 
0.073751 0.118026 -0.990268 0.081804 0.112594 -0.990268 0.041002 0.056434 -0.997564 0.036965 0.059157 -0.997564 
0.081804 0.112594 -0.990268 0.089459 0.106613 -0.990268 0.044839 0.053437 -0.997564 0.041002 0.056434 -0.997564 
0.089459 0.106613 -0.990268 0.096678 0.100113 -0.990268 0.048457 0.050179 -0.997564 0.044839 0.053437 -0.997564 
0.096678 0.100113 -0.990268 0.103426 0.093125 -0.990268 0.051839 0.046676 -0.997564 0.048457 0.050179 -0.997564 
0.103426 0.093125 -0.990268 0.109670 0.085684 -0.990268 0.054969 0.042946 -0.997564 0.051839 0.046676 -0.997564 
0.109670 0.085684 -0.990268 0.115380 0.077825 -0.990268 0.057831 0.039007 -0.997564 0.054969 0.042946 -0.997564 
0.115380 0.077825 -0.990268 0.120528 0.069587 -0.990268 0.060411 0.034878 -0.997564 0.057831 0.039007 -0.997564 
0.120528 0.069587 -0.990268 0.125088 0.061010 -0.990268 0.062697 0.030579 -0.997564 0.060411 0.034878 -0.997564 
0.125088 0.061010 -0.990268 0.129039 0.052135 -0.990268 0.064677 0.026131 -0.997564 0.062697 0.030579 -0.997564 
0.129039 0.052135 -0.990268 0.132362 0.043007 -0.990268 0.066342 0.021556 -0.997564 0.064677 0.026131 -0.997564 
0.132362 0.043007 -0.990268 0.135039 0.033669 -0.990268 0.067685 0.016876 -0.997564 0.066342 0.021556 -0.997564 
0.135039 0.033669 -0.990268 0.137059 0.024167 -0.990268 0.068697 0.012113 -0.997564 0.067685 0.016876 -0.997564 
0.137059 0.024167 -0.990268 0.138411 0.014548 -0.990268 0.069374 0.007292 -0.997564 0.068697 0.012113 -0.997564 
0.138411 0.014548 -0.990268 0.139088 0.004857 -0.990268 0.069714 0.002434 -0.997564 0.069374 0.007292 -0.997564 
0.139088 0.004857 -0.990268 0.139088 -0.004857 -0.990268 0.069714 -0.002434 -0.997564 0.069714 0.002434 -0.997564 
0.139088 -0.004857 -0.990268 0.138411 -0.014548 -0.990268 0.069374 -0.007292 -0.997564 0.069714 -0.002434 -0.997564 
0.138411 -0.014548 -0.990268 0.137059 -0.024167 -0.990268 0.068697 -0.012113 -0.997564 0.069374 -0.007292 -0.997564 
0.137059 -0.024167 -0.990268 0.135039 -0.033669 -0.990268 0.067685 -0.016876 -0.997564 0.068697 -0.012113 -0.997564 
0.135039 -0.033669 -0.990268 0.132362 -0.043007 -0.990268 0.066342 -0.021556 -0.997564 0.067685 -0.016876 -0.997564 
0.132362 -0.043007 -0.990268 0.129039 -0.052135 -0.990268 0.064677 -0.026131 -0.997564 0.066342 -0.021556 -0.997564 
0.129039 -0.052135 -0.990268 0.125088 -0.061010 -0.990268 0.062697 -0.030579 -0.997564 0.064677 -0.026131 -0.997564 
0.125088 -0.061010 -0.990268 0.120528 -0.069587 -0.990268 0.060411 -0.034878 -0.997564 0.062697 -0.030579 -0.997564 
0.120528 -0.069587 -0.990268 0.115380 -0.077825 -0.990268 0.057831 -0.039007 -0.997564 0.060411 -0.034878 -0.997564 
0.115380 -0.077825 -0.990268 0.109670 -0.085684 -0.990268 0.054969 -0.042946 -0.997564 0.057831 -0.039007 -0.997564 
0.109670 -0.085684 -0.990268 0.103426 -0.093125 -0.990268 0.051839 -0.046676 -0.997564 0.054969 -0.042946 -0.997564 
0.103426 -0.093125 -0.990268 0.096678 -0.100113 -0.990268 0.048457 -0.050179 -0.997564 0.051839 -0.046676 -0.997564 
0.096678 -0.100113 -0.990268 0.089459 -0.106613 -0.990268 0.044839 -0.053437 -0.997564 0.048457 -0.050179 -0.997564 
0.089459 -0.106613 -0.990268 0.081804 -0.112594 -0.990268 0.041002 -0.056434 -0.997564 0.044839 -0.053437 -0.997564 
0.081804 -0.112594 -0.990268 0.073751 -0.118026 -0.990268 0.036965 -0.059157 -0.997564 0.041002 -0.056434 -0.997564 
0.073751 -0.118026 -0.990268 0.065338 -0.122883 -0.990268 0.032749 -0.061591 -0.997564 0.036965 -0.059157 -0.997564 
0.065338 -0.122883 -0.990268 0.056607 -0.127141 -0.990268 0.028373 -0.063726 -0.997564 0.032749 -0.061591 -0.997564 
0.056607 -0.127141 -0.990268 0.047600 -0.130780 -0.990268 0.023858 -0.065550 -0.997564 0.028373 -0.063726 -0.997564 
0.047600 -0.130780 -0.990268 0.038361 -0.133782 -0.990268 0.019228 -0.067054 -0.997564 0.023858 -0.065550 -0.997564 
0.038361 -0.133782 -0.990268 0.028936 -0.136132 -0.990268 0.014503 -0.068232 -0.997564 0.019228 -0.067054 -0.997564 
0.028936 -0.136132 -0.990268 0.019369 -0.137819 -0.990268 0.009708 -0.069078 -0.997564 0.014503 -0.068232 -0.997564 
0.019369 -0.137819 -0.990268 0.009708 -0.138834 -0.990268 0.004866 -0.069587 -0.997564 0.009708 -0.069078 -0.997564 
0.009708 -0.138834 -0.990268 0.000000 -0.139173 -0.990268 0.000000 -0.069757 -0.997564 0.004866 -0.069587 -0.997564 
0.000000 -0.139173 -0.990268 -0.009708 -0.138834 -0.990268 -0.004866 -0.069587 -0.997564 0.000000 -0.069757 -0.997564 
-0.009708 -0.138834 -0.990268 -0.019369 -0.137819 -0.990268 -0.009708 -0.069078 -0.997564 -0.004866 -0.069587 -0.997564 
-0.019369 -0.137819 -0.990268 -0.028936 -0.136132 -0.990268 -0.014503 -0.068232 -0.997564 -0.009708 -0.069078 -0.997564 
-0.028936 -0.136132 -0.990268 -0.038361 -0.133782 -0.990268 -0.019228 -0.067054 -0.997564 -0.014503 -0.068232 -0.997564 
-0.038361 -0.133782 -0.990268 -0.047600 -0.130780 -0.990268 -0.023858 -0.065550 -0.997564 -0.019228 -0.067054 -0.997564 
-0.047600 -0.130780 -0.990268 -0.056607 -0.127141 -0.990268 -0.028373 -0.063726 -0.997564 -0.023858 -0.065550 -0.997564 
-0.056607 -0.127141 -0.990268 -0.065338 -0.122883 -0.990268 -0.032749 -0.061591 -0.997564 -0.028373 -0.063726 -0.997564 
-0.065338 -0.122883 -0.990268 -0.073751 -0.118026 -0.990268 -0.036965 -0.059157 -0.997564 -0.032749 -0.061591 -0.997564 
-0.073751 -0.118026 -0.990268 -0.081804 -0.112594 -0.990268 -0.041002 -0.056434 -0.997564 -0.036965 -0.059157 -0.997564 
-0.081804 -0.112594 -0.990268 -0.089459 -0.106613 -0.990268 -0.044839 -0.053437 -0.997564 -0.041002 -0.056434 -0.997564 
-0.089459 -0.106613 -0.990268 -0.096678 -0.100113 -0.990268 -0.048457 -0.050179 -0.997564 -0.044839 -0.053437 -0.997564 
-0.096678 -0.100113 -0.990268 -0.103426 -0.093125 -0.990268 -0.051839 -0.046676 -0.997564 -0.048457 -0.050179 -0.997564 
-0.103426 -0.093125 -0.990268 -0.109670 -0.085684 -0.990268 -0.054969 -0.042946 -0.997564 -0.051839 -0.046676 -0.997564 
-0.109670 -0.085684 -0.990268 -0.115380 -0.077825 -0.990268 -0.057831 -0.039007 -0.997564 -0.054969 -0.042946 -0.997564 
-0.115380 -0.077825 -0.990268 -0.120528 -0.069587 -0.990268 -0.060411 -0.034878 -0.997564 -0.057831 -0.039007 -0.997564 
-0.120528 -0.069587 -0.990268 -0.125088 -0.061010 -0.990268 -0.062697 -0.030579 -0.997564 -0.060411 -0.034878 -0.997564 
-0.125088 -0.061010 -0.990268 -0.129039 -0.052135 -0.990268 -0.064677 -0.026131 -0.997564 -0.062697 -0.030579 -0.997564 
-0.129039 -0.052135 -0.990268 -0.132362 -0.043007 -0.990268 -0.066342 -0.021556 -0.997564 -0.064677 -0.026131 -0.997564 
-0.132362 -0.043007 -0.990268 -0.135039 -0.033669 -0.990268 -0.067685 -0.016876 -0.997564 -0.066342 -0.021556 -0.997564 
-0.135039 -0.033669 -0.990268 -0.137059 -0.024167 -0.990268 -0.068697 -0.012113 -0.997564 -0.067685 -0.016876 -0.997564 
-0.137059 -0.024167 -0.990268 -0.138411 -0.014548 -0.990268 -0.069374 -0.007292 -0.997564 -0.068697 -0.012113 -0.997564 
-0.138411 -0.014548 -0.990268 -0.139088 -0.004857 -0.990268 -0.069714 -0.002434 -0.997564 -0.069374 -0.007292 -0.997564 
-0.139088 -0.004857 -0.990268 -0.139088 0.004857 -0.990268 -0.069714 0.002434 -0.997564 -0.069714 -0.002434 -0.997564 
-0.139088 0.004857 -0.990268 -0.138411 0.014548 -0.990268 -0.069374 0.007292 -0.997564 -0.069714 0.002434 -0.997564 
-0.138411 0.014548 -0.990268 -0.137059 0.024167 -0.990268 -0.068697 0.012113 -0.997564 -0.069374 0.007292 -0.997564 
-0.137059 0.024167 -0.990268 -0.135039 0.033669 -0.990268 -0.067685 0.016876 -0.997564 -0.068697 0.012113 -0.997564 
-0.135039 0.033669 -0.990268 -0.132362 0.043007 -0.990268 -0.066342 0.021556 -0.997564 -0.067685 0.016876 -0.997564 
-0.132362 0.043007 -0.990268 -0.129039 0.052135 -0.990268 -0.064677 0.026131 -0.997564 -0.066342 0.021556 -0.997564 
-0.129039 0.052135 -0.990268 -0.125088 0.061010 -0.990268 -0.062697 0.030579 -0.997564 -0.064677 0.026131 -0.997564 
-0.125088 0.061010 -0.990268 -0.120528 0.069587 -0.990268 -0.060411 0.034878 -0.997564 -0.062697 0.030579 -0.997564 
-0.120528 0.069587 -0.990268 -0.115380 0.077825 -0.990268 -0.057831 0.039007 -0.997564 -0.060411 0.034878 -0.997564 
-0.115380 0.077825 -0.990268 -0.109670 0.085684 -0.990268 -0.054969 0.042946 -0.997564 -0.057831 0.039007 -0.997564 
-0.109670 0.085684 -0.990268 -0.103426 0.093125 -0.990268 -0.051839 0.046676 -0.997564 -0.054969 0.042946 -0.997564 
-0.103426 0.093125 -0.990268 -0.096678 0.100113 -0.990268 -0.048457 0.050179 -0.997564 -0.051839 0.046676 -0.997564 
-0.096678 0.100113 -0.990268 -0.089459 0.106613 -0.990268 -0.044839 0.053437 -0.997564 -0.048457 0.050179 -0.997564 
-0.089459 0.106613 -0.990268 -0.081804 0.112594 -0.990268 -0.041002 0.056434 -0.997564 -0.044839 0.053437 -0.997564 
-0.081804 0.112594 -0.990268 -0.073751 0.118026 -0.990268 -0.036965 0.059157 -0.997564 -0.041002 0.056434 -0.997564 
-0.073751 0.118026 -0.990268 -0.065338 0.122883 -0.990268 -0.032749 0.061591 -0.997564 -0.036965 0.059157 -0.997564 
-0.065338 0.122883 -0.990268 -0.056607 0.127141 -0.990268 -0.028373 0.063726 -0.997564 -0.032749 0.061591 -0.997564 
-0.056607 0.127141 -0.990268 -0.047600 0.130780 -0.990268 -0.023858 0.065550 -0.997564 -0.028373 0.063726 -0.997564 
-0.047600 0.130780 -0.990268 -0.038361 0.133782 -0.990268 -0.019228 0.067054 -0.997564 -0.023858 0.065550 -0.997564 
-0.038361 0.133782 -0.990268 -0.028936 0.136132 -0.990268 -0.014503 0.068232 -0.997564 -0.019228 0.067054 -0.997564 
-0.028936 0.136132 -0.990268 -0.019369 0.137819 -0.990268 -0.009708 0.069078 -0.997564 -0.014503 0.068232 -0.997564 
-0.019369 0.137819 -0.990268 -0.009708 0.138834 -0.990268 -0.004866 0.069587 -0.997564 -0.009708 0.069078 -0.997564 
-0.009708 0.138834 -0.990268 -0.000000 0.139173 -0.990268 -0.000000 0.069757 -0.997564 -0.004866 0.069587 -0.997564 
0.000000 0.069757 -0.997564 0.004866 0.069587 -0.997564 0.000000 0.000000 -1.000000 0.000000 0.000000 -1.000000 
0.004866 0.069587 -0.997564 0.009708 0.069078 -0.997564 0.000000 0.000000 -1.000000 0.000000 0.000000 -1.000000 
0.009708 0.069078 -0.997564 0.014503 0.068232 -0.997564 0.000000 0.000000 -1.000000 0.000000 0.000000 -1.000000 
0.014503 0.068232 -0.997564 0.019227 0.067054 -0.997564 0.000000 0.000000 -1.000000 0.000000 0.000000 -1.000000 
0.019227 0.067054 -0.997564 0.023858 0.065550 -0.997564 0.000000 0.000000 -1.000000 0.000000 0.000000 -1.000000 
0.023858 0.065550 -0.997564 0.028373 0.063726 -0.997564 0.000000 0.000000 -1.000000 0.000000 0.000000 -1.000000 
0.028373 0.063726 -0.997564 0.032749 0.061591 -0.997564 0.000000 0.000000 -1.000000 0.000000 0.000000 -1.000000 
0.032749 0.061591 -0.997564 0.036965 0.059157 -0.997564 0.000000 0.000000 -1.000000 0.000000 0.000000 -1.000000 
0.036965 0.059157 -0.997564 0.041002 0.056434 -0.997564 0.000000 0.000000 -1.000000 0.000000 0.000000 -1.000000 
0.041002 0.056434 -0.997564 0.044839 0.053437 -0.997564 0.000000 0.000000 -1.000000 0.000000 0.000000 -1.000000 
0.044839 0.053437 -0.997564 0.048457 0.050179 -0.997564 0.000000 0.000000 -1.000000 0.000000 0.000000 -1.000000 
0.048457 0.050179 -0.997564 0.051839 0.046676 -0.997564 0.000000 0.000000 -1.000000 0.000000 0.000000 -1.000000 
0.051839 0.046676 -0.997564 0.054969 0.042946 -0.997564 0.000000 0.000000 -1.000000 0.000000 0.000000 -1.000000 
0.054969 0.042946 -0.997564 0.057831 0.039007 -0.997564 0.000000 0.000000 -1.000000 0.000000 0.000000 -1.000000 
0.057831 0.039007 -0.997564 0.060411 0.034878 -0.997564 0.000000 0.000000 -1.000000 0.000000 0.000000 -1.000000 
0.060411 0.034878 -0.997564 0.062697 0.030579 -0.997564 0.000000 0.000000 -1.000000 0.000000 0.000000 -1.000000 
0.062697 0.030579 -0.997564 0.064677 0.026131 -0.997564 0.000000 0.000000 -1.000000 0.000000 0.000000 -1.000000 
0.064677 0.026131 -0.997564 0.066342 0.021556 -0.997564 0.000000 0.000000 -1.000000 0.000000 0.000000 -1.000000 
0.066342 0.021556 -0.997564 0.067684 0.016876 -0.997564 0.000000 0.000000 -1.000000 0.000000 0.000000 -1.000000 
0.067684 0.016876 -0.997564 0.068697 0.012113 -0.997564 0.000000 0.000000 -1.000000 0.000000 0.000000 -1.000000 
0.068697 0.012113 -0.997564 0.069374 0.007292 -0.997564 0.000000 0.000000 -1.000000 0.000000 0.000000 -1.000000 
0.069374 0.007292 -0.997564 0.069714 0.002434 -0.997564 0.000000 0.000000 -1.000000 0.000000 0.000000 -1.000000 
0.069714 0.002434 -0.997564 0.069714 -0.002434 -0.997564 0.000000 -0.000000 -1.000000 0.000000 0.000000 -1.000000 
0.069714 -0.002434 -0.997564 0.069374 -0.007292 -0.997564 0.000000 -0.000000 -1.000000 0.000000 -0.000000 -1.000000 
0.069374 -0.007292 -0.997564 0.068697 -0.012113 -0.997564 0.000000 -0.000000 -1.000000 0.000000 -0.000000 -1.000000 
0.068697 -0.012113 -0.997564 0.067684 -0.016876 -0.997564 0.000000 -0.000000 -1.000000 0.000000 -0.000000 -1.000000 
0.067684 -0.016876 -0.997564 0.066342 -0.021556 -0.997564 0.000000 -0.000000 -1.000000 0.000000 -0.000000 -1.000000 
0.066342 -0.021556 -0.997564 0.064677 -0.026131 -0.997564 0.000000 -0.000000 -1.000000 0.000000 -0.000000 -1.000000 
0.064677 -0.026131 -0.997564 0.062697 -0.030579 -0.997564 0.000000 -0.000000 -1.000000 0.000000 -0.000000 -1.000000 
0.062697 -0.030579 -0.997564 0.060411 -0.034878 -0.997564 0.000000 -0.000000 -1.000000 0.000000 -0.000000 -1.000000 
0.060411 -0.034878 -0.997564 0.057831 -0.039007 -0.997564 0.000000 -0.000000 -1.000000 0.000000 -0.000000 -1.000000 
0.057831 -0.039007 -0.997564 0.054969 -0.042946 -0.997564 0.000000 -0.000000 -1.000000 0.000000 -0.000000 -1.000000 
0.054969 -0.042946 -0.997564 0.051839 -0.046676 -0.997564 0.000000 -0.000000 -1.000000 0.000000 -0.000000 -1.000000 
0.051839 -0.046676 -0.997564 0.048457 -0.050179 -0.997564 0.000000 -0.000000 -1.000000 0.000000 -0.000000 -1.000000 
0.048457 -0.050179 -0.997564 0.044839 -0.053437 -0.997564 0.000000 -0.000000 -1.000000 0.000000 -0.000000 -1.000000 
0.044839 -0.053437 -0.997564 0.041002 -0.056434 -0.997564 0.000000 -0.000000 -1.000000 0.000000 -0.000000 -1.000000 
0.041002 -0.056434 -0.997564 0.036965 -0.059157 -0.997564 0.000000 -0.000000 -1.000000 0.000000 -0.000000 -1.000000 
0.036965 -0.059157 -0.997564 0.032749 -0.061591 -0.997564 0.000000 -0.000000 -1.000000 0.000000 -0.000000 -1.000000 
0.032749 -0.061591 -0.997564 0.028373 -0.063726 -0.997564 0.000000 -0.000000 -1.000000 0.000000 -0.000000 -1.000000 
0.028373 -0.063726 -0.997564 0.023858 -0.065550 -0.997564 0.000000 -0.000000 -1.000000 0.000000 -0.000000 -1.000000 
0.023858 -0.065550 -0.997564 0.019228 -0.067054 -0.997564 0.000000 -0.000000 -1.000000 0.000000 -0.000000 -1.000000 
0.019228 -0.067054 -0.997564 0.014503 -0.068232 -0.997564 0.000000 -0.000000 -1.000000 0.000000 -0.000000 -1.000000 
0.014503 -0.068232 -0.997564 0.009708 -0.069078 -0.997564 0.000000 -0.000000 -1.000000 0.000000 -0.000000 -1.000000 
0.009708 -0.069078 -0.997564 0.004866 -0.069587 -0.997564 0.000000 -0.000000 -1.000000 0.000000 -0.000000 -1.000000 
0.004866 -0.069587 -0.997564 0.000000 -0.069757 -0.997564 0.000000 -0.000000 -1.000000 0.000000 -0.000000 -1.000000 
0.000000 -0.069757 -0.997564 -0.004866 -0.069587 -0.997564 -0.000000 -0.000000 -1.000000 0.000000 -0.000000 -1.000000 
-0.004866 -0.069587 -0.997564 -0.009708 -0.069078 -0.997564 -0.000000 -0.000000 -1.000000 -0.000000 -0.000000 -1.000000 
-0.009708 -0.069078 -0.997564 -0.014503 -0.068232 -0.997564 -0.000000 -0.000000 -1.000000 -0.000000 -0.000000 -1.000000 
-0.014503 -0.068232 -0.997564 -0.019227 -0.067054 -0.997564 -0.000000 -0.000000 -1.000000 -0.000000 -0.000000 -1.000000 
-0.019227 -0.067054 -0.997564 -0.023858 -0.065550 -0.997564 -0.000000 -0.000000 -1.000000 -0.000000 -0.000000 -1.000000 
-0.023858 -0.065550 -0.997564 -0.028373 -0.063726 -0.997564 -0.000000 -0.000000 -1.000000 -0.000000 -0.000000 -1.000000 
-0.028373 -0.063726 -0.997564 -0.032749 -0.061591 -0.997564 -0.000000 -0.000000 -1.000000 -0.000000 -0.000000 -1.000000 
-0.032749 -0.061591 -0.997564 -0.036965 -0.059157 -0.997564 -0.000000 -0.000000 -1.000000 -0.000000 -0.000000 -1.000000 
-0.036965 -0.059157 -0.997564 -0.041002 -0.056434 -0.997564 -0.000000 -0.000000 -1.000000 -0.000000 -0.000000 -1.000000 
-0.041002 -0.056434 -0.997564 -0.044839 -0.053437 -0.997564 -0.000000 -0.000000 -1.000000 -0.000000 -0.000000 -1.000000 
-0.044839 -0.053437 -0.997564 -0.048457 -0.050179 -0.997564 -0.000000 -0.000000 -1.000000 -0.000000 -0.000000 -1.000000 
-0.048457 -0.050179 -0.997564 -0.051839 -0.046676 -0.997564 -0.000000 -0.000000 -1.000000 -0.000000 -0.000000 -1.000000 
-0.051839 -0.046676 -0.997564 -0.054969 -0.042946 -0.997564 -0.000000 -0.000000 -1.000000 -0.000000 -0.000000 -1.000000 
-0.054969 -0.042946 -0.997564 -0.057831 -0.039007 -0.997564 -0.000000 -0.000000 -1.000000 -0.000000 -0.000000 -1.000000 
-0.057831 -0.039007 -0.997564 -0.060411 -0.034878 -0.997564 -0.000000 -0.000000 -1.000000 -0.000000 -0.000000 -1.000000 
-0.060411 -0.034878 -0.997564 -0.062697 -0.030579 -0.997564 -0.000000 -0.000000 -1.000000 -0.000000 -0.000000 -1.000000 
-0.062697 -0.030579 -0.997564 -0.064677 -0.026131 -0.997564 -0.000000 -0.000000 -1.000000 -0.000000 -0.000000 -1.000000 
-0.064677 -0.026131 -0.997564 -0.066342 -0.021556 -0.997564 -0.000000 -0.000000 -1.000000 -0.000000 -0.000000 -1.000000 
-0.066342 -0.021556 -0.997564 -0.067684 -0.016876 -0.997564 -0.000000 -0.000000 -1.000000 -0.000000 -0.000000 -1.000000 
-0.067684 -0.016876 -0.997564 -0.068697 -0.012113 -0.997564 -0.000000 -0.000000 -1.000000 -0.000000 -0.000000 -1.000000 
-0.068697 -0.012113 -0.997564 -0.069374 -0.007292 -0.997564 -0.000000 -0.000000 -1.000000 -0.000000 -0.000000 -1.000000 
-0.069374 -0.007292 -0.997564 -0.069714 -0.002434 -0.997564 -0.000000 -0.000000 -1.000000 -0.000000 -0.000000 -1.000000 
-0.069714 -0.002434 -0.997564 -0.069714 0.002434 -0.997564 -0.000000 0.000000 -1.000000 -0.000000 -0.000000 -1.000000 
-0.069714 0.002434 -0.997564 -0.069374 0.007292 -0.997564 -0.000000 0.000000 -1.000000 -0.000000 0.000000 -1.000000 
-0.069374 0.007292 -0.997564 -0.068697 0.012113 -0.997564 -0.000000 0.000000 -1.000000 -0.000000 0.000000 -1.000000 
-0.068697 0.012113 -0.997564 -0.067684 0.016876 -0.997564 -0.000000 0.000000 -1.000000 -0.000000 0.000000 -1.000000 
-0.067684 0.016876 -0.997564 -0.066342 0.021556 -0.997564 -0.000000 0.000000 -1.000000 -0.000000 0.000000 -1.000000 
-0.066342 0.021556 -0.997564 -0.064677 0.026131 -0.997564 -0.000000 0.000000 -1.000000 -0.000000 0.000000 -1.000000 
-0.064677 0.026131 -0.997564 -0.062697 0.030579 -0.997564 -0.000000 0.000000 -1.000000 -0.000000 0.000000 -1.000000 
-0.062697 0.030579 -0.997564 -0.060411 0.034878 -0.997564 -0.000000 0.000000 -1.000000 -0.000000 0.000000 -1.000000 
-0.060411 0.034878 -0.997564 -0.057831 0.039007 -0.997564 -0.000000 0.000000 -1.000000 -0.000000 0.000000 -1.000000 
-0.057831 0.039007 -0.997564 -0.054969 0.042946 -0.997564 -0.000000 0.000000 -1.000000 -0.000000 0.000000 -1.000000 
-0.054969 0.042946 -0.997564 -0.051839 0.046676 -0.997564 -0.000000 0.000000 -1.000000 -0.000000 0.000000 -1.000000 
-0.051839 0.046676 -0.997564 -0.048457 0.050179 -0.997564 -0.000000 0.000000 -1.000000 -0.000000 0.000000 -1.000000 
-0.048457 0.050179 -0.997564 -0.044839 0.053437 -0.997564 -0.000000 0.000000 -1.000000 -0.000000 0.000000 -1.000000 
-0.044839 0.053437 -0.997564 -0.041002 0.056434 -0.997564 -0.000000 0.000000 -1.000000 -0.000000 0.000000 -1.000000 
-0.041002 0.056434 -0.997564 -0.036965 0.059157 -0.997564 -0.000000 0.000000 -1.000000 -0.000000 0.000000 -1.000000 
-0.036965 0.059157 -0.997564 -0.032749 0.061591 -0.997564 -0.000000 0.000000 -1.000000 -0.000000 0.000000 -1.000000 
-0.032749 0.061591 -0.997564 -0.028373 0.063726 -0.997564 -0.000000 0.000000 -1.000000 -0.000000 0.000000 -1.000000 
-0.028373 0.063726 -0.997564 -0.023858 0.065550 -0.997564 -0.000000 0.000000 -1.000000 -0.000000 0.000000 -1.000000 
-0.023858 0.065550 -0.997564 -0.019228 0.067054 -0.997564 -0.000000 0.000000 -1.000000 -0.000000 0.000000 -1.000000 
-0.019228 0.067054 -0.997564 -0.014503 0.068232 -0.997564 -0.000000 0.000000 -1.000000 -0.000000 0.000000 -1.000000 
-0.014503 0.068232 -0.997564 -0.009708 0.069078 -0.997564 -0.000000 0.000000 -1.000000 -0.000000 0.000000 -1.000000 
-0.009708 0.069078 -0.997564 -0.004866 0.069587 -0.997564 -0.000000 0.000000 -1.000000 -0.000000 0.000000 -1.000000 
-0.004866 0.069587 -0.997564 -0.000000 0.069757 -0.997564 -0.000000 0.000000 -1.000000 -0.000000 0.000000 -1.000000 

 0 
0 

 0 
